Ngày đăng bài,Năm SX,Tên xe,Giá,Xuất xứ,Địa điểm,Kiểu dáng,Số km đã đi,Hộp số,Tình trạng,Nhiên liệu
2025-10-23,2018,Mercedes Benz C class C200,739000000.0,Nội địa,TP HCM,Sedan,69000.0,Tự động,Đã sử dụng,Xăng
2025-10-23,2024,VinFast VF6 Plus,640000000.0,Nội địa,Hà Nội,SUV,29000.0,Tự động,Đã sử dụng,Điện
2025-10-23,2024,VinFast VF6 Plus,640000000.0,Nội địa,Hà Nội,SUV,28000.0,Tự động,Đã sử dụng,Điện
2025-10-23,2021,Hyundai Tucson 2.0 AT Tiêu chuẩn,635000000.0,Nội địa,Hà Nội,Crossover,47000.0,Tự động,Đã sử dụng,Xăng
2025-10-23,2019,Kia Morning Luxury,295000000.0,Nội địa,Hà Nội,Hatchback,68000.0,Tự động,Đã sử dụng,Xăng
2025-10-23,2019,Audi Q2 1.4 TFSI,858000000.0,Nhập khẩu,TP HCM,Crossover,66000.0,Tự động,Đã sử dụng,Xăng
2025-10-23,2024,Hyundai Stargazer X 1.5 AT,499000000.0,Nhập khẩu,TP HCM,Van/Minivan,23000.0,Tự động,Đã sử dụng,Xăng
2025-10-23,2020,Mercedes Benz GLC 300 4Matic,1000000000.0,Nội địa,Hà Nội,SUV,54000.0,Tự động,Đã sử dụng,Xăng
2025-10-23,2019,Honda Jazz RS,398000000.0,Nhập khẩu,TP HCM,Hatchback,32000.0,Tự động,Đã sử dụng,Xăng
2025-10-23,2015,Kia Rio 1.4 AT,318000000.0,Nhập khẩu,TP HCM,Hatchback,46000.0,Tự động,Đã sử dụng,Xăng
2025-10-23,2022,Mitsubishi Outlander 2.0 CVT,695000000.0,Nội địa,TP HCM,SUV,14000.0,Tự động,Đã sử dụng,Xăng
2025-10-23,2023,Mazda 3 1.5L Luxury,588000000.0,Nội địa,Hà Nội,Sedan,30000.0,Tự động,Đã sử dụng,Xăng
2025-10-23,2024,Hyundai Accent Cao cấp 1.5 AT,525000000.0,Nội địa,Hà Nội,Sedan,9000.0,Tự động,Đã sử dụng,Xăng
2025-10-23,2022,Kia Seltos Premium 1.6 AT,610000000.0,Nội địa,Hà Nội,Crossover,54000.0,Tự động,Đã sử dụng,Xăng
2025-10-23,2024,Ford Everest Titanium Plus 2.0L 4x4 AT,1000000000.0,Nhập khẩu,Hà Nội,SUV,9000.0,Tự động,Đã sử dụng,Dầu diesel
2025-10-23,2022,Nissan Almera VL 1.0 CVT Cao cấp,440000000.0,Nhập khẩu,Hà Nội,Sedan,53000.0,Tự động,Đã sử dụng,Xăng
2025-10-23,2012,Mazda 6 2.0 AT,330000000.0,Nhập khẩu,Hà Nội,Sedan,150000.0,Tự động,Đã sử dụng,Xăng
2025-10-23,2017,Kia Sorento GAT,438000000.0,Nội địa,Hà Nội,SUV,98000.0,Tự động,Đã sử dụng,Xăng
2025-10-23,2016,Lexus RX 350,2000000000.0,Nhập khẩu,Hà Nội,SUV,78000.0,Tự động,Đã sử dụng,Xăng
2025-10-23,2015,Lexus LX 570,3000000000.0,Nhập khẩu,Hà Nội,SUV,100000.0,Tự động,Đã sử dụng,Xăng
2025-10-23,2023,Ford Everest Titanium 2.0L 4x2 AT,1000000000.0,Nhập khẩu,TP HCM,SUV,4500.0,Tự động,Đã sử dụng,Dầu diesel
2025-10-23,2015,Lexus LX 570,3000000000.0,Nhập khẩu,Hà Nội,SUV,110000.0,Tự động,Đã sử dụng,Xăng
2025-10-23,2024,Hyundai SantaFe Prestige 2.5L HTRAC,1000000000.0,Nội địa,Hà Nội,SUV,15000.0,Tự động,Đã sử dụng,Xăng
2025-10-23,2022,LandRover Range Rover Sport Dynamic SE P400 3.0 AT,5000000000.0,Nhập khẩu,Hà Nội,SUV,14000.0,Tự động,Đã sử dụng,Xăng
2025-10-23,2017,Porsche Macan 2.0,1000000000.0,Nhập khẩu,Hà Nội,SUV,69000.0,Tự động,Đã sử dụng,Xăng
2025-10-23,2015,Porsche Panamera 3.6 V6,1000000000.0,Nhập khẩu,Hà Nội,Sedan,48000.0,Tự động,Đã sử dụng,Xăng
2025-10-23,2022,Lexus RX 300,2000000000.0,Nhập khẩu,Hà Nội,SUV,21000.0,Tự động,Đã sử dụng,Xăng
2025-10-23,2025,Lexus LM 500h,7000000000.0,Nhập khẩu,Hà Nội,Van/Minivan,0.0,Tự động,Xe mới,Hybrid
2025-10-23,2019,Mazda 2 Sport Luxury,359000000.0,Nhập khẩu,Hà Nội,Hatchback,70000.0,Tự động,Đã sử dụng,Xăng
2025-10-23,2015,Ford Focus S 2.0 AT,315000000.0,Nội địa,Hà Nội,Hatchback,100000.0,Tự động,Đã sử dụng,Xăng
2025-10-23,2021,VinFast Lux A 2.0 Base 2.0 AT,479000000.0,Nội địa,Hà Nội,Sedan,65000.0,Tự động,Đã sử dụng,Xăng
2025-10-23,2016,Ford Everest Titanium 2.2L 4x2 AT,725000000.0,Nhập khẩu,TP HCM,SUV,74000.0,Tự động,Đã sử dụng,Dầu diesel
2025-10-23,2025,Gaz Gazelle Next Van 2.8 MT,630000000.0,Nội địa,TP HCM,Van/Minivan,0.0,Số Tay,Xe mới,Dầu diesel
2025-10-23,2025,Gaz Sobol NN Van 2.8 MT,535000000.0,Nội địa,TP HCM,Van/Minivan,0.0,Số Tay,Xe mới,Dầu diesel
2025-10-23,2025,Gaz Gazelle NN 2.5 MT,850000000.0,Nội địa,TP HCM,Van/Minivan,0.0,Số Tay,Xe mới,Dầu diesel
2025-10-23,2025,Gaz Gazelle NN Van 2.5 MT,710000000.0,Nội địa,TP HCM,Van/Minivan,0.0,Số Tay,Xe mới,Dầu diesel
2025-10-23,2021,Ford Everest Titanium 2.0L 4x2 AT,910000000.0,Nhập khẩu,TP HCM,SUV,54000.0,Tự động,Đã sử dụng,Dầu diesel
2025-10-23,2009,Nissan Teana 2.0 AT,235000000.0,Nhập khẩu,Hà Nội,Sedan,130000.0,Tự động,Đã sử dụng,Xăng
2025-10-23,2021,VinFast Fadil 1.4 AT,299000000.0,Nội địa,Hà Nội,Hatchback,40000.0,Tự động,Đã sử dụng,Xăng
2025-10-23,2022,Honda City RS 1.5 AT,465000000.0,Nội địa,Hà Nội,Sedan,40000.0,Tự động,Đã sử dụng,Xăng
2025-10-23,2016,Renault Duster 2.0 AT,235000000.0,Nhập khẩu,Hà Nội,SUV,100000.0,Tự động,Đã sử dụng,Xăng
2025-10-23,2022,Peugeot 3008 GT,798000000.0,Nội địa,Hà Nội,Crossover,37000.0,Tự động,Đã sử dụng,Xăng
2025-10-23,2024,VinFast VF3 Plus,268000000.0,Nội địa,Hà Nội,Hatchback,4000.0,Tự động,Đã sử dụng,Điện
2025-10-23,2020,Mercedes Benz GLC 200 4Matic,1000000000.0,Nội địa,Hà Nội,SUV,70000.0,Tự động,Đã sử dụng,Xăng
2025-10-23,2016,Toyota Camry 2.5Q,595000000.0,Nội địa,Hà Nội,Sedan,120000.0,Tự động,Đã sử dụng,Xăng
2025-10-23,2023,Volkswagen T,779000000.0,Nhập khẩu,Hà Nội,Crossover,5000.0,Tự động,Đã sử dụng,Xăng
2025-10-23,2025,Ford Everest Platinum 2.0L 4x4 AT,1000000000.0,Nhập khẩu,TP HCM,SUV,0.0,Tự động,Xe mới,Dầu diesel
2025-10-23,2025,Mercedes Benz V class V300 Avantgarde,3000000000.0,Nhập khẩu,Hà Nội,Van/Minivan,0.0,Tự động,Xe mới,Xăng
2025-10-23,2025,Mercedes Benz GLS 450 4Matic,5000000000.0,Nhập khẩu,Hà Nội,SUV,0.0,Tự động,Xe mới,Xăng
2025-10-23,2015,BMW 7 Series 750Li,886000000.0,Nhập khẩu,Hà Nội,Sedan,1234.0,Tự động,Đã sử dụng,Xăng
2025-10-23,2025,Mercedes Benz E class E200 Exclusive,2000000000.0,Nội địa,Hà Nội,Sedan,0.0,Tự động,Xe mới,Hybrid
2025-10-23,2023,Mercedes Benz E class E300 AMG,2000000000.0,Nội địa,Hà Nội,Sedan,0.0,Tự động,Xe mới,Xăng
2025-10-23,2022,Kia Morning GT,365000000.0,Nội địa,Hà Nội,Hatchback,11000.0,Tự động,Đã sử dụng,Xăng
2025-10-23,2023,Mercedes Benz C class C200 Avantgarde,1000000000.0,Nội địa,Hà Nội,Sedan,19000.0,Tự động,Đã sử dụng,Xăng
2025-10-23,2015,Hyundai i20 Active 1.4 AT,305000000.0,Nhập khẩu,Hà Nội,Crossover,110000.0,Tự động,Đã sử dụng,Xăng
2025-10-23,2018,Porsche Panamera 4 Executive,3000000000.0,Nhập khẩu,Hà Nội,Sedan,48000.0,Tự động,Đã sử dụng,Xăng
2025-10-23,2022,Mercedes Benz GLS 450 4Matic,4000000000.0,Nhập khẩu,Hà Nội,SUV,9700.0,Tự động,Đã sử dụng,Xăng
2025-10-23,2020,Mercedes Benz C class C180,798000000.0,Nội địa,TP HCM,Sedan,44000.0,Tự động,Đã sử dụng,Xăng
2025-10-23,2023,BMW X7 xDrive40i,4000000000.0,Nhập khẩu,Hà Nội,SUV,0.0,Tự động,Xe mới,Xăng
2025-10-23,2015,Mercedes Benz S class S400L,1000000000.0,Nội địa,Hà Nội,Sedan,60000.0,Tự động,Đã sử dụng,Xăng
2025-10-23,2018,Porsche 718 Cayman 2.0 AT,2000000000.0,Nhập khẩu,Hà Nội,Coupe,24000.0,Tự động,Đã sử dụng,Xăng
2025-10-23,2020,Porsche 718 Boxster 2.0 AT,3000000000.0,Nhập khẩu,Hà Nội,Convertible/Cabriolet,18000.0,Tự động,Đã sử dụng,Xăng
2025-10-23,2019,BMW X4 xDrive20i,1000000000.0,Nhập khẩu,Hà Nội,SUV,30000.0,Tự động,Đã sử dụng,Xăng
2025-10-23,2024,Ford Transit Van,729000000.0,Nội địa,TP HCM,Van/Minivan,64900.0,Số Tay,Đã sử dụng,Dầu diesel
2025-10-23,2021,Toyota Fortuner 2.8V 4x4 AT Legender,1000000000.0,Nội địa,Hà Nội,SUV,72000.0,Tự động,Đã sử dụng,Dầu diesel
2025-10-23,2022,Mazda 6 Premium 2.0 AT,636000000.0,Nội địa,Hải Phòng,Sedan,39000.0,Tự động,Đã sử dụng,Xăng
2025-10-23,2021,Ford EcoSport Titanium 1.5 AT,435000000.0,Nội địa,Hà Nội,SUV,65000.0,Tự động,Đã sử dụng,Xăng
2025-10-23,2020,Hyundai Accent 1.4 MT Base,283000000.0,Nội địa,Hà Nội,Sedan,10000.0,Số Tay,Đã sử dụng,Xăng
2025-10-23,2025,Kia Sportage Signature 2.0G,940000000.0,Nội địa,Hà Nội,Crossover,12000.0,Tự động,Đã sử dụng,Xăng
2025-10-23,2022,Mitsubishi Outlander Premium 2.0 CVT,735000000.0,Nội địa,Hà Nội,SUV,27000.0,Tự động,Đã sử dụng,Xăng
2025-10-23,2022,Toyota Corolla Cross 1.8V,699000000.0,Nhập khẩu,Hà Nội,SUV,45000.0,Tự động,Đã sử dụng,Xăng
2025-10-23,2025,Mazda 2 Deluxe,428000000.0,Nhập khẩu,Hà Nội,Sedan,3000.0,Tự động,Đã sử dụng,Xăng
2025-10-23,2023,Kia Seltos Premium 1.4 AT,645000000.0,Nội địa,Hà Nội,Crossover,19000.0,Tự động,Đã sử dụng,Xăng
2025-10-23,2023,Ford Everest Titanium 2.0L 4x2 AT,1000000000.0,Nhập khẩu,TP HCM,SUV,51000.0,Tự động,Đã sử dụng,Dầu diesel
2025-10-23,2021,Ford Everest Titanium 2.0L 4x4 AT,865000000.0,Nhập khẩu,TP HCM,SUV,102000.0,Tự động,Đã sử dụng,Dầu diesel
2025-10-23,2024,Ford Everest Titanium 2.0L 4x2 AT,1000000000.0,Nhập khẩu,TP HCM,SUV,5600.0,Tự động,Đã sử dụng,Dầu diesel
2025-10-23,2022,Ford Everest Titanium 2.0L 4x2 AT,1000000000.0,Nhập khẩu,TP HCM,SUV,47000.0,Tự động,Đã sử dụng,Dầu diesel
2025-10-23,2023,Ford Everest Sport 2.0L 4x2 AT,1000000000.0,Nhập khẩu,TP HCM,SUV,39000.0,Tự động,Đã sử dụng,Dầu diesel
2025-10-23,2024,Kia Carnival Signature 2.2D,1000000000.0,Nội địa,Hải Phòng,Van/Minivan,30000.0,Tự động,Đã sử dụng,Dầu diesel
2025-10-23,2020,Mercedes Benz C class C300 AMG,1000000000.0,Nội địa,Hải Phòng,Sedan,29999.0,Tự động,Đã sử dụng,Xăng
2025-10-23,2024,Ford Territory Titanium 1.5 AT,795000000.0,Nội địa,Hải Phòng,SUV,6000.0,Tự động,Đã sử dụng,Xăng
2025-10-23,2023,Hyundai Tucson 2.0 AT Đặc biệt,799000000.0,Nội địa,Hải Phòng,Crossover,10000.0,Tự động,Đã sử dụng,Xăng
2025-10-23,2021,Ford Explorer Limited 2.3L EcoBoost,1000000000.0,Nhập khẩu,TP HCM,SUV,59700.0,Tự động,Đã sử dụng,Xăng
2025-10-23,2025,Hyundai Palisade Prestige 2.2 AT HTRAC,1000000000.0,Nội địa,Hải Phòng,SUV,700.0,Tự động,Đã sử dụng,Dầu diesel
2025-10-23,2020,Hyundai Kona 2.0 ATH,512000000.0,Nội địa,Hải Phòng,Crossover,29000.0,Tự động,Đã sử dụng,Xăng
2025-10-23,2018,Ford EcoSport Titanium 1.5L AT,405000000.0,Nội địa,TP HCM,SUV,74000.0,Tự động,Đã sử dụng,Xăng
2025-10-23,2023,Mazda 2 Luxury,462000000.0,Nhập khẩu,Hải Phòng,Sedan,9000.0,Tự động,Đã sử dụng,Xăng
2025-10-23,2021,Mazda 3 1.5L Deluxe,496000000.0,Nội địa,Hải Phòng,Sedan,60000.0,Tự động,Đã sử dụng,Xăng
2025-10-23,2021,Honda City RS 1.5 AT,448000000.0,Nội địa,Hà Nội,Sedan,55000.0,Tự động,Đã sử dụng,Xăng
2025-10-23,2012,Lexus GS 350,845000000.0,Nhập khẩu,Hà Nội,Sedan,142000.0,Tự động,Đã sử dụng,Xăng
2025-10-23,2025,Lexus LX 600 Urban,8000000000.0,Nhập khẩu,Hà Nội,SUV,0.0,Tự động,Xe mới,Xăng
2025-10-23,2022,Mercedes Benz E class E200 Exclusive,1000000000.0,Nội địa,Hà Nội,Sedan,16500.0,Tự động,Đã sử dụng,Xăng
2025-10-23,2023,BMW 3 Series 320i Sport Line,1000000000.0,Nội địa,Hà Nội,Sedan,18000.0,Tự động,Đã sử dụng,Xăng
2025-10-23,2022,Mercedes Benz E class E180,1000000000.0,Nội địa,Hà Nội,Sedan,2300.0,Tự động,Đã sử dụng,Xăng
2025-10-23,2022,Mercedes Benz S class S450 Luxury,3000000000.0,Nhập khẩu,Hà Nội,Sedan,33000.0,Tự động,Đã sử dụng,Xăng
2025-10-23,2022,BMW X5 xDrive40i M Sport,2000000000.0,Nội địa,Hà Nội,SUV,31000.0,Tự động,Đã sử dụng,Xăng
2025-10-23,2023,Mini Cooper S 5 Door,1000000000.0,Nhập khẩu,Hà Nội,Hatchback,9300.0,Tự động,Đã sử dụng,Xăng
2025-10-23,2024,BMW X3 sDrive20i M Sport,1000000000.0,Nội địa,Hà Nội,SUV,6000.0,Tự động,Đã sử dụng,Xăng
2025-10-23,2024,BMW X3 sDrive20i,1000000000.0,Nội địa,Hà Nội,SUV,16000.0,Tự động,Đã sử dụng,Xăng
2025-10-23,2021,Mercedes Benz GLC 200 4Matic,1000000000.0,Nội địa,Hà Nội,SUV,26000.0,Tự động,Đã sử dụng,Xăng
2025-10-23,2021,Toyota Corolla altis 1.8G AT,610000000.0,Nội địa,Hà Nội,Sedan,40000.0,Tự động,Đã sử dụng,Xăng
2025-10-23,2023,Porsche Cayenne 3.0 V6,6000000000.0,Nhập khẩu,Hà Nội,SUV,2900.0,Tự động,Đã sử dụng,Xăng
2025-10-23,2020,Mercedes Benz A class A35 AMG 4Matic,1000000000.0,Nhập khẩu,Hà Nội,Sedan,23000.0,Tự động,Đã sử dụng,Xăng
2025-10-23,2022,Mitsubishi Outlander 2.0 CVT,680000000.0,Nội địa,Hà Nội,SUV,20000.0,Tự động,Đã sử dụng,Xăng
2025-10-23,2021,Mercedes Benz V class V250 Luxury,1000000000.0,Nhập khẩu,Hà Nội,Van/Minivan,69000.0,Tự động,Đã sử dụng,Xăng
2025-10-23,2022,Peugeot 2008 GT Line 1.2 AT,625000000.0,Nội địa,Hà Nội,Crossover,40000.0,Tự động,Đã sử dụng,Xăng
2025-10-23,2024,Mazda CX5 Luxury 2.0 AT,755000000.0,Nội địa,Hà Nội,SUV,20000.0,Tự động,Đã sử dụng,Xăng
2025-10-23,2023,Hyundai Tucson 2.0 AT Tiêu chuẩn,750000000.0,Nội địa,Hà Nội,Crossover,9000.0,Tự động,Đã sử dụng,Xăng
2025-10-23,2025,Mazda CX5 Premium Exclusive 2.0 AT,865000000.0,Nội địa,Hà Nội,SUV,10000.0,Tự động,Đã sử dụng,Xăng
2025-10-23,2022,Kia Sorento Signature 2.2 AT AWD,969000000.0,Nội địa,Hà Nội,SUV,43000.0,Tự động,Đã sử dụng,Dầu diesel
2025-10-23,2022,Audi A6 45 TFSI,1000000000.0,Nhập khẩu,Hà Nội,Sedan,21000.0,Tự động,Đã sử dụng,Xăng
2025-10-23,2016,Audi Q7 3.0 AT,1000000000.0,Nhập khẩu,Hà Nội,SUV,140000.0,Tự động,Đã sử dụng,Xăng
2025-10-23,2022,Mini Cooper S 3 Door,1000000000.0,Nhập khẩu,Hà Nội,Hatchback,13000.0,Tự động,Đã sử dụng,Xăng
2025-10-23,2023,Mercedes Benz GLC 200 4Matic,1000000000.0,Nội địa,Hà Nội,SUV,2100.0,Tự động,Đã sử dụng,Hybrid
2025-10-23,2023,Lexus NX 350 F,2000000000.0,Nhập khẩu,TP HCM,SUV,38000.0,Tự động,Đã sử dụng,Xăng
2025-10-23,2009,Toyota Corolla altis 1.8G MT,210000000.0,Nội địa,Hà Nội,Sedan,90000.0,Số Tay,Đã sử dụng,Xăng
2025-10-23,2019,Lexus ES 250,1000000000.0,Nhập khẩu,Hà Nội,Sedan,40000.0,Tự động,Đã sử dụng,Xăng
2025-10-23,2018,Mercedes Benz Maybach S450 4Matic,3000000000.0,Nhập khẩu,Hà Nội,Sedan,46400.0,Tự động,Đã sử dụng,Xăng
2025-10-23,2020,LandRover Range Rover Autobiography LWB 5.0 V8,6000000000.0,Nhập khẩu,Hà Nội,SUV,34000.0,Tự động,Đã sử dụng,Xăng
2025-10-23,2023,BMW X7 xDrive40i M Sport,4000000000.0,Nhập khẩu,Hà Nội,SUV,6000.0,Tự động,Đã sử dụng,Xăng
2025-10-23,2021,Mercedes Benz E class E300 AMG,1000000000.0,Nội địa,Hà Nội,Sedan,8046.0,Tự động,Đã sử dụng,Xăng
2025-10-23,2022,Mercedes Benz GLC 200,1000000000.0,Nội địa,TP HCM,SUV,39000.0,Tự động,Đã sử dụng,Xăng
2025-10-23,2016,Mitsubishi Attrage 1.2CVT,236000000.0,Nhập khẩu,Hà Nội,Sedan,95000.0,Tự động,Đã sử dụng,Xăng
2025-10-23,2021,Mercedes Benz GLC 300 4Matic,1000000000.0,Nội địa,Hà Nội,SUV,35000.0,Tự động,Đã sử dụng,Xăng
2025-10-23,2020,Lexus RX 300,2000000000.0,Nhập khẩu,Hà Nội,SUV,59000.0,Tự động,Đã sử dụng,Xăng
2025-10-23,2020,Mercedes Benz C class C200 Exclusive,999000000.0,Nội địa,Hà Nội,Sedan,28000.0,Tự động,Đã sử dụng,Xăng
2025-10-23,2020,Mercedes Benz G class G63 AMG,7000000000.0,Nhập khẩu,Hà Nội,SUV,40000.0,Tự động,Đã sử dụng,Xăng
2025-10-23,2021,Mercedes Benz G class G63 AMG,8000000000.0,Nhập khẩu,Hà Nội,SUV,24000.0,Tự động,Đã sử dụng,Xăng
2025-10-23,2020,BMW X4 xDrive20i M Sport,1000000000.0,Nhập khẩu,Hà Nội,SUV,25000.0,Tự động,Đã sử dụng,Xăng
2025-10-23,2019,Porsche Panamera 3.0 V6,3000000000.0,Nhập khẩu,Hà Nội,Sedan,35200.0,Tự động,Đã sử dụng,Xăng
2025-10-23,2016,LandRover Range Rover HSE 3.0,2000000000.0,Nhập khẩu,Hà Nội,SUV,8000.0,Tự động,Đã sử dụng,Xăng
2025-10-23,2022,Mercedes Benz GLC 300 4Matic Coupe,2000000000.0,Nhập khẩu,Hà Nội,SUV,12000.0,Tự động,Đã sử dụng,Xăng
2025-10-23,2018,LandRover Range Rover Sport HSE Dynamic,2000000000.0,Nhập khẩu,Hà Nội,SUV,64000.0,Tự động,Đã sử dụng,Xăng
2025-10-23,2022,Mercedes Benz Maybach S450 4Matic,6000000000.0,Nhập khẩu,Hà Nội,Sedan,22000.0,Tự động,Đã sử dụng,Xăng
2025-10-23,2022,BMW Z4 sDrive30i M Sport,2000000000.0,Nhập khẩu,Hà Nội,Convertible/Cabriolet,18000.0,Tự động,Đã sử dụng,Xăng
2025-10-23,2021,Lexus RX 350L,3000000000.0,Nhập khẩu,Hà Nội,SUV,80000.0,Tự động,Đã sử dụng,Xăng
2025-10-23,2022,Mercedes Benz GLC 200,1000000000.0,Nội địa,Hà Nội,SUV,6000.0,Tự động,Đã sử dụng,Xăng
2025-10-23,2023,BMW 4 Series 430i Convertible M Sport,2000000000.0,Nhập khẩu,Hà Nội,Convertible/Cabriolet,5000.0,Tự động,Đã sử dụng,Xăng
2025-10-23,2023,Porsche 718 Boxster T 2.0 AT,4000000000.0,Nhập khẩu,Hà Nội,Convertible/Cabriolet,1287.0,Tự động,Đã sử dụng,Xăng
2025-10-23,2015,LandRover Range Rover Autobiography LWB 5.0,2000000000.0,Nhập khẩu,Hà Nội,SUV,40000.0,Tự động,Đã sử dụng,Xăng
2025-10-23,2022,Mercedes Benz GLE Class GLE 450 4Matic,3000000000.0,Nhập khẩu,Hà Nội,SUV,14000.0,Tự động,Đã sử dụng,Xăng
2025-10-23,2021,Lexus ES 250,2000000000.0,Nhập khẩu,Hà Nội,Sedan,40000.0,Tự động,Đã sử dụng,Xăng
2025-10-23,2021,Lexus RX 350L,3000000000.0,Nhập khẩu,Hà Nội,SUV,30000.0,Tự động,Đã sử dụng,Xăng
2025-10-23,2023,BMW 4 Series 430i Convertible M Sport,2000000000.0,Nhập khẩu,Hà Nội,Convertible/Cabriolet,2000.0,Tự động,Đã sử dụng,Xăng
2025-10-23,2021,Mercedes Benz S class S450,3000000000.0,Nhập khẩu,Hà Nội,Sedan,29000.0,Tự động,Đã sử dụng,Xăng
2025-10-23,2022,Mercedes Benz E class E300 AMG,2000000000.0,Nội địa,Hà Nội,Sedan,6000.0,Tự động,Đã sử dụng,Xăng
2025-10-23,2022,Mercedes Benz Maybach S450 4Matic,7000000000.0,Nhập khẩu,Hà Nội,Sedan,6000.0,Tự động,Đã sử dụng,Xăng
2025-10-23,2016,Mercedes Benz S class S500L,1000000000.0,Nội địa,Hà Nội,Sedan,40000.0,Tự động,Đã sử dụng,Xăng
2025-10-23,2022,Mercedes Benz GLS 450 4Matic,4000000000.0,Nhập khẩu,Hà Nội,SUV,12000.0,Tự động,Đã sử dụng,Xăng
2025-10-23,2023,BMW 7 Series 735i M Sport,3000000000.0,Nhập khẩu,Hà Nội,Sedan,20000.0,Tự động,Đã sử dụng,Xăng
2025-10-23,2025,BMW X3 xDrive20i,2000000000.0,Nội địa,Hà Nội,SUV,1000.0,Tự động,Đã sử dụng,Hybrid
2025-10-23,2018,Mercedes Benz Maybach S450 4Matic,3000000000.0,Nhập khẩu,Hà Nội,Sedan,63000.0,Tự động,Đã sử dụng,Xăng
2025-10-23,2022,BMW X6 xDrive40i M Sport,3000000000.0,Nhập khẩu,Hà Nội,SUV,24000.0,Tự động,Đã sử dụng,Xăng
2025-10-23,2017,Mercedes Benz GLC 300 Coupe 4Matic,1000000000.0,Nhập khẩu,Hà Nội,SUV,14600.0,Tự động,Đã sử dụng,Xăng
2025-10-23,2021,Lexus ES 250,2000000000.0,Nhập khẩu,Hà Nội,Sedan,19000.0,Tự động,Đã sử dụng,Xăng
2025-10-23,2018,BMW X4 xDrive20i,1000000000.0,Nhập khẩu,Hà Nội,SUV,96000.0,Tự động,Đã sử dụng,Xăng
2025-10-23,2022,Mercedes Benz GLE Class GLE 450 4Matic,3000000000.0,Nhập khẩu,Hà Nội,SUV,36800.0,Tự động,Đã sử dụng,Xăng
2025-10-23,2025,Porsche Macan 4 EV,3000000000.0,Nhập khẩu,Hà Nội,Crossover,3000.0,Tự động,Đã sử dụng,Điện
2025-10-23,2018,Mercedes Benz S class S450L Luxury,2000000000.0,Nội địa,Hà Nội,Sedan,40000.0,Tự động,Đã sử dụng,Xăng
2025-10-23,2015,LandRover Range Rover HSE 3.0,2000000000.0,Nhập khẩu,Hà Nội,SUV,50000.0,Tự động,Đã sử dụng,Xăng
2025-10-23,2021,Mercedes Benz S class S450,3000000000.0,Nhập khẩu,Hà Nội,Sedan,40000.0,Tự động,Đã sử dụng,Xăng
2025-10-23,2018,Porsche Panamera 3.0 V6,3000000000.0,Nhập khẩu,Hà Nội,Sedan,46000.0,Tự động,Đã sử dụng,Xăng
2025-10-23,2016,Mercedes Benz S class S400L,1000000000.0,Nội địa,Hà Nội,Sedan,50000.0,Tự động,Đã sử dụng,Xăng
2025-10-23,2022,Mercedes Benz GLC 300 4Matic,1000000000.0,Nội địa,Hà Nội,SUV,16000.0,Tự động,Đã sử dụng,Xăng
2025-10-23,2019,Mercedes Benz E class E300 AMG,1000000000.0,Nội địa,Hà Nội,Sedan,23000.0,Tự động,Đã sử dụng,Xăng
2025-10-23,2019,BMW X7 xDrive40i,3000000000.0,Nhập khẩu,Hà Nội,SUV,30000.0,Tự động,Đã sử dụng,Xăng
2025-10-23,2022,Mercedes Benz GLE Class GLE 450 4Matic,3000000000.0,Nhập khẩu,Hà Nội,SUV,18000.0,Tự động,Đã sử dụng,Xăng
2025-10-23,2015,Cadillac Escalade ESV Platinum,2000000000.0,Nhập khẩu,Hà Nội,SUV,40000.0,Tự động,Đã sử dụng,Xăng
2025-10-23,2020,Mercedes Benz GLC 300 4Matic,1000000000.0,Nội địa,Hà Nội,SUV,35000.0,Tự động,Đã sử dụng,Xăng
2025-10-23,2023,BMW X7 xDrive40i M Sport,4000000000.0,Nhập khẩu,Hà Nội,SUV,40000.0,Tự động,Đã sử dụng,Xăng
2025-10-23,2022,Mercedes Benz E class E300 AMG,2000000000.0,Nội địa,Hà Nội,Sedan,8000.0,Tự động,Đã sử dụng,Xăng
2025-10-23,2021,BMW 4 Series 430i Convertible M Sport,2000000000.0,Nhập khẩu,Hà Nội,Convertible/Cabriolet,19000.0,Tự động,Đã sử dụng,Xăng
2025-10-23,2019,Mercedes Benz C class C300 AMG,1000000000.0,Nội địa,Hà Nội,Sedan,17000.0,Tự động,Đã sử dụng,Xăng
2025-10-23,2021,Mercedes Benz GLS 450 4Matic,3000000000.0,Nhập khẩu,Hà Nội,SUV,33000.0,Tự động,Đã sử dụng,Xăng
2025-10-23,2016,Lexus LX 570 Super Sport,4000000000.0,Nhập khẩu,Hà Nội,SUV,100000.0,Tự động,Đã sử dụng,Xăng
2025-10-23,2018,Mercedes Benz S class S450L,1000000000.0,Nội địa,Hà Nội,Sedan,42000.0,Tự động,Đã sử dụng,Xăng
2025-10-23,2015,LandRover Range Rover HSE 3.0,2000000000.0,Nhập khẩu,Hà Nội,SUV,45000.0,Tự động,Đã sử dụng,Xăng
2025-10-23,2022,Mercedes Benz S class S450 Luxury,4000000000.0,Nhập khẩu,Hà Nội,Sedan,14400.0,Tự động,Đã sử dụng,Xăng
2025-10-23,2020,Mercedes Benz E class E200 Exclusive,1000000000.0,Nội địa,Hà Nội,Sedan,26000.0,Tự động,Đã sử dụng,Xăng
2025-10-23,2022,Mercedes Benz GLE Class GLE 450 4Matic,3000000000.0,Nhập khẩu,Hà Nội,SUV,6000.0,Tự động,Đã sử dụng,Xăng
2025-10-23,2019,Lexus ES 250,1000000000.0,Nhập khẩu,Hà Nội,Sedan,60000.0,Tự động,Đã sử dụng,Xăng
2025-10-23,2019,Mercedes Benz E class E300 AMG,1000000000.0,Nội địa,Hà Nội,Sedan,22000.0,Tự động,Đã sử dụng,Xăng
2025-10-23,2022,Porsche Macan 2.0,3000000000.0,Nhập khẩu,Hà Nội,SUV,6000.0,Tự động,Đã sử dụng,Xăng
2025-10-23,2019,Porsche Macan 2.0,2000000000.0,Nhập khẩu,Hà Nội,SUV,9000.0,Tự động,Đã sử dụng,Xăng
2025-10-23,2020,BMW X6 xDrive40i M Sport,2000000000.0,Nhập khẩu,Hà Nội,SUV,34000.0,Tự động,Đã sử dụng,Xăng
2025-10-23,2020,Mercedes Benz GLC 200 4Matic,1000000000.0,Nội địa,Hà Nội,SUV,22000.0,Tự động,Đã sử dụng,Xăng
2025-10-23,2020,Mercedes Benz GLE Class GLE 450 4Matic,2000000000.0,Nhập khẩu,Hà Nội,SUV,18000.0,Tự động,Đã sử dụng,Xăng
2025-10-23,2015,LandRover Range Rover Autobiography 3.0,2000000000.0,Nhập khẩu,Hà Nội,SUV,60000.0,Tự động,Đã sử dụng,Xăng
2025-10-23,2021,Mercedes Benz S class S450,4000000000.0,Nhập khẩu,Hà Nội,Sedan,0.0,Tự động,Xe mới,Xăng
2025-10-23,2019,Mercedes Benz S class S450L,2000000000.0,Nội địa,Hà Nội,Sedan,18000.0,Tự động,Đã sử dụng,Xăng
2025-10-23,2021,BMW Z4 sDrive30i M Sport,2000000000.0,Nhập khẩu,Hà Nội,Convertible/Cabriolet,30000.0,Tự động,Đã sử dụng,Xăng
2025-10-23,2018,Mercedes Benz S class S450L Luxury,2000000000.0,Nội địa,Hà Nội,Sedan,24000.0,Tự động,Đã sử dụng,Xăng
2025-10-23,2017,Porsche Panamera 3.0 V6,2000000000.0,Nhập khẩu,Hà Nội,Sedan,40000.0,Tự động,Đã sử dụng,Xăng
2025-10-23,2017,Mercedes Benz E class E300 AMG CBU,1000000000.0,Nhập khẩu,Hà Nội,Sedan,62000.0,Tự động,Đã sử dụng,Xăng
2025-10-23,2021,Mercedes Benz GLC 300 4Matic,1000000000.0,Nội địa,Hà Nội,SUV,9000.0,Tự động,Đã sử dụng,Xăng
2025-10-23,2021,Mercedes Benz E class E300 AMG,1000000000.0,Nội địa,Hà Nội,Sedan,12000.0,Tự động,Đã sử dụng,Xăng
2025-10-23,2016,Lexus RX 200t,1000000000.0,Nhập khẩu,Hà Nội,SUV,90000.0,Tự động,Đã sử dụng,Xăng
2025-10-23,2015,LandRover Range Rover Autobiography LWB 5.0,2000000000.0,Nhập khẩu,Hà Nội,SUV,50000.0,Tự động,Đã sử dụng,Xăng
2025-10-23,2014,Cadillac Escalade ESV Premium,2000000000.0,Nhập khẩu,Hà Nội,SUV,60000.0,Tự động,Đã sử dụng,Xăng
2025-10-23,2022,Lexus ES 250 F Sport,2000000000.0,Nhập khẩu,Hà Nội,Sedan,10000.0,Tự động,Đã sử dụng,Xăng
2025-10-23,2016,Lexus LX 570,4000000000.0,Nhập khẩu,Hà Nội,SUV,100000.0,Tự động,Đã sử dụng,Xăng
2025-10-23,2016,Mercedes Benz S class S400L,1000000000.0,Nội địa,Hà Nội,Sedan,31000.0,Tự động,Đã sử dụng,Xăng
2025-10-23,2022,Mercedes Benz E class E200 Exclusive,1000000000.0,Nội địa,Hà Nội,Sedan,7000.0,Tự động,Đã sử dụng,Xăng
2025-10-23,2022,Mercedes Benz GLS 450 4Matic,4000000000.0,Nhập khẩu,Hà Nội,SUV,26000.0,Tự động,Đã sử dụng,Xăng
2025-10-23,2023,BMW Z4 sDrive20i M Sport,2000000000.0,Nhập khẩu,Hà Nội,Convertible/Cabriolet,4800.0,Tự động,Đã sử dụng,Xăng
2025-10-23,2020,Mercedes Benz S class S450L,2000000000.0,Nội địa,Hà Nội,Sedan,8000.0,Tự động,Đã sử dụng,Xăng
2025-10-23,2020,Mercedes Benz GLC 200 4Matic,1000000000.0,Nội địa,Hà Nội,SUV,25000.0,Tự động,Đã sử dụng,Xăng
2025-10-23,2015,Mercedes Benz S class S400L,1000000000.0,Nội địa,Hà Nội,Sedan,42000.0,Tự động,Đã sử dụng,Xăng
2025-10-23,2021,Mercedes Benz GLC 200 4Matic,1000000000.0,Nội địa,Hà Nội,SUV,20000.0,Tự động,Đã sử dụng,Xăng
2025-10-23,2022,Mercedes Benz GLS 450 4Matic,4000000000.0,Nhập khẩu,Hà Nội,SUV,42000.0,Tự động,Đã sử dụng,Xăng
2025-10-23,2023,Mercedes Benz E class E200 Exclusive,1000000000.0,Nội địa,Hà Nội,Sedan,800.0,Tự động,Đã sử dụng,Xăng
2025-10-23,2021,Mercedes Benz GLS 450 4Matic,3000000000.0,Nhập khẩu,Hà Nội,SUV,39000.0,Tự động,Đã sử dụng,Xăng
2025-10-23,2025,Toyota Camry 2.5 HEV Mid,1000000000.0,Nhập khẩu,TP HCM,Sedan,0.0,Tự động,Xe mới,Hybrid
2025-10-23,2015,LandRover Range Rover HSE 3.0,2000000000.0,Nhập khẩu,Hà Nội,SUV,56000.0,Tự động,Đã sử dụng,Xăng
2025-10-23,2021,Lexus RX 350,3000000000.0,Nhập khẩu,Hà Nội,SUV,30000.0,Tự động,Đã sử dụng,Xăng
2025-10-23,2015,BMW i8 1.5L Hybrid,2000000000.0,Nhập khẩu,Hà Nội,Coupe,30000.0,Tự động,Đã sử dụng,Hybrid
2025-10-23,2017,Porsche 718 Cayman 2.0 AT,2000000000.0,Nhập khẩu,Hà Nội,Coupe,25600.0,Tự động,Đã sử dụng,Xăng
2025-10-23,2016,Lexus RX 350,2000000000.0,Nhập khẩu,Hà Nội,SUV,30000.0,Tự động,Đã sử dụng,Xăng
2025-10-23,2019,Lexus ES 250,1000000000.0,Nhập khẩu,Hà Nội,Sedan,50000.0,Tự động,Đã sử dụng,Xăng
2025-10-23,2023,BMW X5 xDrive40i xLine,3000000000.0,Nội địa,Hà Nội,SUV,3200.0,Tự động,Đã sử dụng,Xăng
2025-10-23,2007,Mercedes Benz S class S600,580000000.0,Nhập khẩu,Hà Nội,Sedan,1238.0,Tự động,Đã sử dụng,Xăng
2025-10-23,2020,Mercedes Benz GLC 300 4Matic Coupe,1000000000.0,Nhập khẩu,Hà Nội,SUV,44000.0,Tự động,Đã sử dụng,Xăng
2025-10-23,2016,Mercedes Benz Maybach S400,2000000000.0,Nhập khẩu,Hà Nội,Sedan,40000.0,Tự động,Đã sử dụng,Xăng
2025-10-23,2021,Mercedes Benz S class S450,3000000000.0,Nhập khẩu,Hà Nội,Sedan,18000.0,Tự động,Đã sử dụng,Xăng
2025-10-23,2022,Mercedes Benz S class S450 4Matic Luxury,4000000000.0,Nhập khẩu,Hà Nội,Sedan,20000.0,Tự động,Đã sử dụng,Xăng
2025-10-23,2016,Lexus RX 200t,1000000000.0,Nhập khẩu,Hà Nội,SUV,70000.0,Tự động,Đã sử dụng,Xăng
2025-10-23,2021,Mercedes Benz GLC 200,1000000000.0,Nội địa,Hà Nội,SUV,14400.0,Tự động,Đã sử dụng,Xăng
2025-10-23,2020,BMW X5 xDrive40i xLine,2000000000.0,Nhập khẩu,Hà Nội,SUV,64000.0,Tự động,Đã sử dụng,Xăng
2025-10-23,2018,Mercedes Benz S class S450L,1000000000.0,Nội địa,Hà Nội,Sedan,23000.0,Tự động,Đã sử dụng,Xăng
2025-10-23,2023,Lexus RX 350 Premium,3000000000.0,Nhập khẩu,Hà Nội,SUV,10000.0,Tự động,Đã sử dụng,Xăng
2025-10-23,2022,Mercedes Benz S class S450 4Matic,3000000000.0,Nhập khẩu,Hà Nội,Sedan,18000.0,Tự động,Đã sử dụng,Xăng
2025-10-23,2017,Mercedes Benz S class S400L,1000000000.0,Nội địa,Hà Nội,Sedan,55000.0,Tự động,Đã sử dụng,Xăng
2025-10-23,2021,Lexus RX 350L,3000000000.0,Nhập khẩu,Hà Nội,SUV,60000.0,Tự động,Đã sử dụng,Xăng
2025-10-23,2025,Ford Ranger Raptor 2.0L 4x4 AT,1000000000.0,Nhập khẩu,TP HCM,Bán tải / Pickup,0.0,Tự động,Xe mới,Dầu diesel
2025-10-23,2025,Ford Ranger Stormtrak 2.0L 4x4 AT,1000000000.0,Nhập khẩu,TP HCM,Bán tải / Pickup,0.0,Tự động,Xe mới,Dầu diesel
2025-10-23,2025,Hyundai Tucson 1.6 AT Turbo HTRAC Đặc biệt,922000000.0,Nội địa,TP HCM,Crossover,0.0,Tự động,Xe mới,Xăng
2025-10-23,2019,Lexus RX 300,2000000000.0,Nhập khẩu,Hà Nội,SUV,25000.0,Tự động,Đã sử dụng,Xăng
2025-10-23,2023,LandRover Range Rover Evoque R,2000000000.0,Nhập khẩu,Hà Nội,SUV,6400.0,Tự động,Đã sử dụng,Xăng
2025-10-23,2018,Lexus ES 250,1000000000.0,Nhập khẩu,Hà Nội,Sedan,59000.0,Tự động,Đã sử dụng,Xăng
2025-10-23,2023,BMW 7 Series 735i Pure Excellence,4000000000.0,Nhập khẩu,Hà Nội,Sedan,25000.0,Tự động,Đã sử dụng,Xăng
2025-10-23,2020,Mercedes Benz S class S450L,2000000000.0,Nội địa,Hà Nội,Sedan,22000.0,Tự động,Đã sử dụng,Xăng
2025-10-23,2022,Mercedes Benz GLC 300 4Matic Coupe,2000000000.0,Nhập khẩu,Hà Nội,SUV,30000.0,Tự động,Đã sử dụng,Xăng
2025-10-23,2016,Mercedes Benz S class S400L,1000000000.0,Nội địa,Hà Nội,Sedan,15000.0,Tự động,Đã sử dụng,Xăng
2025-10-23,2017,Lexus RX 200t,1000000000.0,Nhập khẩu,Hà Nội,SUV,80000.0,Tự động,Đã sử dụng,Xăng
2025-10-23,2022,Lexus ES 250,2000000000.0,Nhập khẩu,Hà Nội,Sedan,29000.0,Tự động,Đã sử dụng,Xăng
2025-10-23,2020,Mercedes Benz GLC 300 4Matic,1000000000.0,Nhập khẩu,Hà Nội,SUV,18000.0,Tự động,Đã sử dụng,Xăng
2025-10-23,2023,BMW 4 Series 430i Convertible M Sport,2000000000.0,Nhập khẩu,Hà Nội,Convertible/Cabriolet,6000.0,Tự động,Đã sử dụng,Xăng
2025-10-23,2017,Porsche Macan 2.0,1000000000.0,Nhập khẩu,Hà Nội,SUV,68000.0,Tự động,Đã sử dụng,Xăng
2025-10-23,2019,Porsche Macan 2.0,2000000000.0,Nhập khẩu,Hà Nội,SUV,30000.0,Tự động,Đã sử dụng,Xăng
2025-10-23,2020,Mercedes Benz GLC 300 4Matic,1000000000.0,Nội địa,Hà Nội,SUV,19200.0,Tự động,Đã sử dụng,Xăng
2025-10-23,2018,Lexus RX 300,2000000000.0,Nhập khẩu,Hà Nội,SUV,80000.0,Tự động,Đã sử dụng,Xăng
2025-10-23,2019,Mercedes Benz E class E300 AMG,1000000000.0,Nội địa,Hà Nội,Sedan,32000.0,Tự động,Đã sử dụng,Xăng
2025-10-23,2022,Mercedes Benz GLC 200 4Matic,1000000000.0,Nội địa,Hà Nội,SUV,22000.0,Tự động,Đã sử dụng,Xăng
2025-10-23,2023,Mercedes Benz S class S450 4Matic Luxury,4000000000.0,Nhập khẩu,Hà Nội,Sedan,12000.0,Tự động,Đã sử dụng,Xăng
2025-10-23,2016,Lexus RX 200t,1000000000.0,Nhập khẩu,Hà Nội,SUV,80000.0,Tự động,Đã sử dụng,Xăng
2025-10-23,2020,Mercedes Benz GLC 300 4Matic,1000000000.0,Nội địa,Hà Nội,SUV,6000.0,Tự động,Đã sử dụng,Xăng
2025-10-23,2018,Lexus RX 300,2000000000.0,Nhập khẩu,Hà Nội,SUV,70000.0,Tự động,Đã sử dụng,Xăng
2025-10-23,2022,Mercedes Benz GLC 200 4Matic,1000000000.0,Nội địa,Hà Nội,SUV,3200.0,Tự động,Đã sử dụng,Xăng
2025-10-23,2016,Toyota Innova 2.0G,370000000.0,Nội địa,Hà Nội,Crossover,180000.0,Tự động,Đã sử dụng,Xăng
2025-10-23,2020,Ford Ranger XLS 2.2L 4x2 MT,445000000.0,Nhập khẩu,Hà Nội,Bán tải / Pickup,81000.0,Số Tay,Đã sử dụng,Dầu diesel
2025-10-23,2022,Mazda 3 1.5L Deluxe,495000000.0,Nội địa,Hà Nội,Sedan,42000.0,Tự động,Đã sử dụng,Xăng
2025-10-23,2023,VinFast VF8 Eco AWD,650000000.0,Nội địa,Hà Nội,SUV,42000.0,Tự động,Đã sử dụng,Điện
2025-10-23,2022,Mercedes Benz S class S450 4Matic Luxury,3000000000.0,Nhập khẩu,TP HCM,Sedan,23000.0,Tự động,Đã sử dụng,Xăng
2025-10-23,2025,Mitsubishi Triton GLX 2WD AT,584000000.0,Nhập khẩu,Hà Nội,Bán tải / Pickup,0.0,Tự động,Xe mới,Dầu diesel
2025-10-23,2025,Toyota Wigo G 1.2 AT,373000000.0,Nhập khẩu,Hà Nội,Hatchback,0.0,Tự động,Xe mới,Xăng
2025-10-23,2019,Mazda 3 2.0L Sport Signature Premium,485000000.0,Nội địa,Hà Nội,Hatchback,36500.0,Tự động,Đã sử dụng,Xăng
2025-10-23,2025,Ford Ranger Wildtrak 2.0L 4x4 AT,845000000.0,Nội địa,Hà Nội,Bán tải / Pickup,0.0,Tự động,Xe mới,Dầu diesel
2025-10-23,2024,Ford Ranger Raptor 2.0L 4x4 AT,1000000000.0,Nhập khẩu,Hà Nội,Bán tải / Pickup,0.0,Tự động,Xe mới,Dầu diesel
2025-10-23,2024,Ford Everest Sport 2.0L 4x2 AT,1000000000.0,Nhập khẩu,Hà Nội,SUV,0.0,Tự động,Xe mới,Dầu diesel
2025-10-23,2014,Mercedes Benz CLA class CLA 200,395000000.0,Nhập khẩu,Hà Nội,Sedan,65000.0,Tự động,Đã sử dụng,Xăng
2025-10-23,2023,Porsche Panamera 4 Executive,6000000000.0,Nhập khẩu,TP HCM,Sedan,13333.0,Tự động,Đã sử dụng,Xăng
2025-10-23,2019,Mercedes Benz S class S450L Luxury,2000000000.0,Nội địa,TP HCM,Sedan,51000.0,Tự động,Đã sử dụng,Xăng
2025-10-23,2020,Ford Everest Titanium 2.0L 4x2 AT,855000000.0,Nhập khẩu,Hà Nội,SUV,72000.0,Tự động,Đã sử dụng,Dầu diesel
2025-10-23,2023,Kia Carnival Signature 2.2D,1000000000.0,Nội địa,Hà Nội,Van/Minivan,60000.0,Tự động,Đã sử dụng,Dầu diesel
2025-10-23,2024,VinFast VF3 Plus,225000000.0,Nội địa,Hà Nội,Hatchback,10012.0,Tự động,Đã sử dụng,Điện
2025-10-23,2018,Ford EcoSport Titanium 1.0 EcoBoost,395000000.0,Nội địa,Hà Nội,SUV,98238.0,Tự động,Đã sử dụng,Xăng
2025-10-23,2022,Hyundai Tucson 1.6 AT Turbo HTRAC Đặc biệt,858000000.0,Nội địa,TP HCM,Crossover,27000.0,Tự động,Đã sử dụng,Xăng
2025-10-23,2024,Hyundai Stargazer X Cao cấp 1.5 AT,535000000.0,Nhập khẩu,TP HCM,Van/Minivan,29000.0,Tự động,Đã sử dụng,Xăng
2025-10-23,2025,Ford Everest Sport 2.0L 4x2 AT,1000000000.0,Nhập khẩu,Hà Nội,SUV,0.0,Tự động,Xe mới,Dầu diesel
2025-10-23,2022,Mercedes Benz C class C200 Avantgarde,1000000000.0,Nội địa,TP HCM,Sedan,18000.0,Tự động,Đã sử dụng,Xăng
2025-10-23,2018,Mazda CX5 2.0 AT,559000000.0,Nội địa,Hà Nội,SUV,80000.0,Tự động,Đã sử dụng,Xăng
2025-10-23,2019,Nissan X trail V Series 2.5 SV Luxury 4WD,599000000.0,Nội địa,Hà Nội,SUV,50000.0,Tự động,Đã sử dụng,Xăng
2025-10-23,2024,Toyota Vios G 1.5 CVT,488000000.0,Nội địa,Hà Nội,Sedan,13000.0,Tự động,Đã sử dụng,Xăng
2025-10-23,2023,Mitsubishi Outlander 2.0 CVT,728000000.0,Nội địa,Hà Nội,SUV,20000.0,Tự động,Đã sử dụng,Xăng
2025-10-23,2025,Mazda CX5 Premium Exclusive 2.0 AT,868000000.0,Nội địa,Hà Nội,SUV,900.0,Tự động,Đã sử dụng,Xăng
2025-10-23,2023,Subaru Forester 2.0i,815000000.0,Nhập khẩu,Hà Nội,SUV,26000.0,Tự động,Đã sử dụng,Xăng
2025-10-23,2023,Toyota Raize G 1.0 CVT,479000000.0,Nhập khẩu,Hà Nội,SUV,18000.0,Tự động,Đã sử dụng,Xăng
2025-10-23,2021,Mitsubishi Xpander 1.5 AT,485000000.0,Nhập khẩu,Hà Nội,SUV,50000.0,Tự động,Đã sử dụng,Xăng
2025-10-23,2023,Ford Everest Titanium Plus 2.0L 4x4 AT,1000000000.0,Nhập khẩu,Hà Nội,SUV,29000.0,Tự động,Đã sử dụng,Dầu diesel
2025-10-23,2022,Mitsubishi Outlander 2.0 CVT,695000000.0,Nội địa,TP HCM,SUV,15000.0,Tự động,Đã sử dụng,Xăng
2025-10-23,2020,Toyota Corolla Cross 1.8V,648000000.0,Nhập khẩu,TP HCM,SUV,71000.0,Tự động,Đã sử dụng,Xăng
2025-10-23,2019,Honda HRV L,545000000.0,Nhập khẩu,TP HCM,Crossover,66000.0,Tự động,Đã sử dụng,Xăng
2025-10-23,2022,Mazda 3 1.5L Premium,599000000.0,Nội địa,TP HCM,Sedan,26000.0,Tự động,Đã sử dụng,Xăng
2025-10-23,2014,Mercedes Benz S class S500L,1000000000.0,Nội địa,Hà Nội,Sedan,90000.0,Tự động,Đã sử dụng,Xăng
2025-10-23,2022,Ford Everest Titanium Plus 2.0L 4x4 AT,1000000000.0,Nhập khẩu,Hà Nội,SUV,45000.0,Tự động,Đã sử dụng,Dầu diesel
2025-10-23,2021,Hyundai Tucson 2.0 AT Đặc biệt,695000000.0,Nội địa,Hà Nội,Crossover,29000.0,Tự động,Đã sử dụng,Xăng
2025-10-23,2016,Mercedes Benz GLS 400 4Matic,1000000000.0,Nhập khẩu,Hà Nội,SUV,79000.0,Tự động,Đã sử dụng,Xăng
2025-10-23,2016,Audi A4 2.0 TFSI,660000000.0,Nhập khẩu,Hà Nội,Sedan,95000.0,Tự động,Đã sử dụng,Xăng
2025-10-23,2015,Lexus ES 350,950000000.0,Nhập khẩu,Hà Nội,Sedan,110000.0,Tự động,Đã sử dụng,Xăng
2025-10-23,2025,Ford Everest Platinum 2.0L 4x4 AT,1000000000.0,Nhập khẩu,Hà Nội,SUV,19000.0,Tự động,Đã sử dụng,Dầu diesel
2025-10-23,2014,Mercedes Benz C class C200,465000000.0,Nội địa,Hà Nội,Sedan,130000.0,Tự động,Đã sử dụng,Xăng
2025-10-23,2022,Ford Everest Titanium 2.0L 4x2 AT,1000000000.0,Nhập khẩu,Hà Nội,SUV,38000.0,Tự động,Đã sử dụng,Dầu diesel
2025-10-23,2021,Lexus RX 300,2000000000.0,Nhập khẩu,Hà Nội,SUV,46000.0,Tự động,Đã sử dụng,Xăng
2025-10-23,2019,Hyundai Kona 1.6 Turbo,475000000.0,Nội địa,Hà Nội,Crossover,77000.0,Tự động,Đã sử dụng,Xăng
2025-10-23,2019,Mercedes Benz C class C200 Exclusive,850000000.0,Nội địa,Hải Phòng,Sedan,58000.0,Tự động,Đã sử dụng,Xăng
2025-10-23,2017,Mazda CX5 2.5 AT AWD,490000000.0,Nội địa,Hà Nội,SUV,90000.0,Tự động,Đã sử dụng,Xăng
2025-10-23,2015,Hyundai SantaFe 2.4L 4WD,495000000.0,Nội địa,Hà Nội,SUV,130000.0,Tự động,Đã sử dụng,Xăng
2025-10-23,2025,Toyota Veloz Cross 1.5 CVT,580000000.0,Nội địa,TP HCM,SUV,0.0,Tự động,Xe mới,Xăng
2025-10-23,2024,Hyundai SantaFe Prestige 2.5L HTRAC,1000000000.0,Nội địa,Hà Nội,SUV,7000.0,Tự động,Đã sử dụng,Xăng
2025-10-23,2023,Mazda 3 1.5L Luxury,568000000.0,Nội địa,Hà Nội,Sedan,20000.0,Tự động,Đã sử dụng,Xăng
2025-10-23,2024,Ford Everest Titanium 2.0L 4x2 AT,1000000000.0,Nhập khẩu,TP HCM,SUV,13700.0,Tự động,Đã sử dụng,Dầu diesel
2025-10-23,2025,Ford Everest Titanium Plus 2.0L 4x4 AT,1000000000.0,Nhập khẩu,TP HCM,SUV,0.0,Tự động,Xe mới,Dầu diesel
2025-10-23,2025,Toyota Yaris Cross 1.5 D,589000000.0,Nhập khẩu,Hà Nội,SUV,0.0,Tự động,Xe mới,Xăng
2025-10-23,2015,Mazda 6 2.0 AT,380000000.0,Nội địa,Hà Nội,Sedan,70000.0,Tự động,Đã sử dụng,Xăng
2025-10-23,2024,Hyundai Tucson 2.0 AT Đặc biệt,805000000.0,Nội địa,Hà Nội,Crossover,20000.0,Tự động,Đã sử dụng,Xăng
2025-10-23,2023,Subaru Forester 2.0i,735000000.0,Nhập khẩu,Hà Nội,SUV,30000.0,Tự động,Đã sử dụng,Xăng
2025-10-23,2022,Hyundai Elantra 1.6 AT Tiêu chuẩn,498000000.0,Nội địa,Hà Nội,Sedan,13000.0,Tự động,Đã sử dụng,Xăng
2025-10-23,2025,Toyota Yaris Cross 1.5 D,645000000.0,Nhập khẩu,Hà Nội,SUV,3000.0,Tự động,Đã sử dụng,Xăng
2025-10-23,2022,Kia Sonet Premium 1.5 AT,518000000.0,Nội địa,Hà Nội,Crossover,38000.0,Tự động,Đã sử dụng,Xăng
2025-10-23,2021,Hyundai SantaFe Cao cấp 2.2L HTRAC,890000000.0,Nội địa,Hà Nội,SUV,63000.0,Tự động,Đã sử dụng,Dầu diesel
2025-10-23,2023,Subaru Forester 2.0i,745000000.0,Nhập khẩu,Hà Nội,SUV,40000.0,Tự động,Đã sử dụng,Xăng
2025-10-23,2023,Mitsubishi Outlander Premium 2.0 CVT,755000000.0,Nội địa,Hà Nội,SUV,30000.0,Tự động,Đã sử dụng,Xăng
2025-10-23,2018,Mercedes Benz S class S450L,1000000000.0,Nội địa,Hà Nội,Sedan,70000.0,Tự động,Đã sử dụng,Xăng
2025-10-23,2019,VinFast Lux A 2.0 Plus 2.0 AT,462000000.0,Nội địa,Hà Nội,Sedan,1.0,Tự động,Đã sử dụng,Xăng
2025-10-23,2020,Kia Sedona 2.2 DAT Signature,798000000.0,Nội địa,Hà Nội,Van/Minivan,94000.0,Tự động,Đã sử dụng,Dầu diesel
2025-10-23,2022,BMW 5 Series 530i M Sport,2000000000.0,Nhập khẩu,Hà Nội,Sedan,0.0,Tự động,Xe mới,Xăng
2025-10-23,2022,Mazda 3 1.5L Luxury,565000000.0,Nội địa,TP HCM,Sedan,20000.0,Tự động,Đã sử dụng,Xăng
2025-10-23,2020,Mazda 3 Luxury,459000000.0,Nội địa,Hà Nội,Sedan,1.0,Tự động,Đã sử dụng,Xăng
2025-10-23,2025,Toyota Corolla Cross 1.8HEV,842000000.0,Nhập khẩu,Hà Nội,SUV,0.0,Tự động,Xe mới,Hybrid
2025-10-23,2018,Kia Cerato 1.6 AT,399000000.0,Nội địa,Hậu Giang,Sedan,77000.0,Tự động,Đã sử dụng,Xăng
2025-10-23,2023,Hyundai Accent 1.4 AT,439000000.0,Nội địa,Hậu Giang,Sedan,25000.0,Tự động,Đã sử dụng,Xăng
2025-10-23,2022,Mercedes Benz GLE Class GLE 450 4Matic Coupe,3000000000.0,Nhập khẩu,Khánh Hòa,Coupe,700.0,Tự động,Đã sử dụng,Hybrid
2025-10-23,2019,Honda City 1.5,395000000.0,Nội địa,Hậu Giang,Sedan,65000.0,Tự động,Đã sử dụng,Xăng
2025-10-23,2012,Toyota Fortuner 2.5G,419000000.0,Nội địa,Hà Nội,SUV,140000.0,Số Tay,Đã sử dụng,Dầu diesel
2025-10-23,2020,Mitsubishi Xpander Cross 1.5 AT,505000000.0,Nhập khẩu,Hậu Giang,SUV,14000.0,Tự động,Đã sử dụng,Xăng
2025-10-23,2022,Toyota Corolla Cross 1.8G,675000000.0,Nhập khẩu,Hà Nội,SUV,29000.0,Tự động,Đã sử dụng,Xăng
2025-10-23,2022,Toyota Fortuner 2.4L 4x2 AT,920000000.0,Nội địa,Hậu Giang,SUV,76000.0,Tự động,Đã sử dụng,Dầu diesel
2025-10-23,2024,Ford Territory Titanium 1.5 AT,795000000.0,Nội địa,Hà Nội,SUV,19000.0,Tự động,Đã sử dụng,Xăng
2025-10-23,2019,Mitsubishi Outlander 2.0 CVT,520000000.0,Nội địa,Hậu Giang,SUV,62000.0,Tự động,Đã sử dụng,Xăng
2025-10-23,2019,Hyundai Kona 2.0 ATH,455000000.0,Nội địa,Hà Nội,Crossover,62000.0,Tự động,Đã sử dụng,Xăng
2025-10-23,2016,Lexus ES 350,990000000.0,Nhập khẩu,Hà Nội,Sedan,73000.0,Tự động,Đã sử dụng,Xăng
2025-10-23,2025,Ford Everest Sport Special Edition 2.0L 4x2 AT,1000000000.0,Nhập khẩu,Hà Nội,SUV,0.0,Tự động,Xe mới,Dầu diesel
2025-10-23,2023,Ford Everest Titanium Plus 2.0L 4x4 AT,1000000000.0,Nhập khẩu,Hà Nội,SUV,46.0,Tự động,Đã sử dụng,Dầu diesel
2025-10-23,2022,Peugeot 5008 AL 1.6 AT,819000000.0,Nội địa,TP HCM,SUV,30000.0,Tự động,Đã sử dụng,Xăng
2025-10-23,2025,Ford Ranger XLS 2.0L 4x2 AT,707000000.0,Nội địa,TP HCM,Bán tải / Pickup,0.0,Tự động,Xe mới,Dầu diesel
2025-10-23,2016,Chevrolet Aveo LT 1.5 MT,135000000.0,Nội địa,Phú Thọ,Sedan,85000.0,Số Tay,Đã sử dụng,Xăng
2025-10-23,2022,MG 5 Luxury 1.5 AT,395000000.0,Nhập khẩu,Hà Nội,Sedan,32000.0,Tự động,Đã sử dụng,Xăng
2025-10-23,2022,VinFast Lux A 2.0 Nâng cao,545000000.0,Nội địa,Hà Nội,Sedan,68000.0,Tự động,Đã sử dụng,Xăng
2025-10-23,2019,Hyundai Tucson 2.0 AT CRDi,630000000.0,Nội địa,Hà Nội,Crossover,93000.0,Tự động,Đã sử dụng,Dầu diesel
2025-10-23,2017,Mazda 3 2.0 AT,375000000.0,Nội địa,Hà Nội,Sedan,60000.0,Tự động,Đã sử dụng,Xăng
2025-10-23,2024,BMW X3 sDrive20i M Sport,1000000000.0,Nội địa,Hà Nội,SUV,4500.0,Tự động,Đã sử dụng,Xăng
2025-10-23,2021,VinFast Lux A 2.0 Base 2.0 AT,495000000.0,Nội địa,Hà Nội,Sedan,60000.0,Tự động,Đã sử dụng,Xăng
2025-10-23,2025,VinFast VF3 Plus,268000000.0,Nội địa,Hà Nội,Hatchback,0.0,Tự động,Xe mới,Điện
2025-10-23,2022,Toyota Camry 2.5Q,1000000000.0,Nhập khẩu,Hà Nội,Sedan,10000.0,Tự động,Đã sử dụng,Xăng
2025-10-23,2021,VinFast Fadil 1.4 AT,299000000.0,Nội địa,Hà Nội,Hatchback,58000.0,Tự động,Đã sử dụng,Xăng
2025-10-23,2025,Mercedes Benz E class E300 AMG,3000000000.0,Nội địa,TP HCM,Sedan,0.0,Tự động,Xe mới,Hybrid
2025-10-23,2023,Ford Everest Titanium Plus 2.0L 4x4 AT,1000000000.0,Nhập khẩu,Hà Nội,SUV,45.0,Tự động,Đã sử dụng,Dầu diesel
2025-10-23,2018,Lexus NX 300,1000000000.0,Nhập khẩu,TP HCM,SUV,39999.0,Tự động,Đã sử dụng,Xăng
2025-10-23,2023,Mercedes Benz C class C300 AMG,1000000000.0,Nội địa,TP HCM,Sedan,6000.0,Tự động,Đã sử dụng,Xăng
2025-10-23,2025,Volkswagen Viloran Luxury,2000000000.0,Nhập khẩu,TP HCM,Van/Minivan,9000.0,Tự động,Đã sử dụng,Xăng
2025-10-23,2024,Mercedes Benz C class C200 Avantgarde,1000000000.0,Nội địa,TP HCM,Sedan,3000.0,Tự động,Đã sử dụng,Xăng
2025-10-23,2017,Honda City 1.5TOP,350000000.0,Nội địa,Hà Nội,Sedan,70000.0,Tự động,Đã sử dụng,Xăng
2025-10-23,2016,Ford EcoSport Titanium 1.5L AT,278000000.0,Nội địa,Hà Nội,SUV,90000.0,Tự động,Đã sử dụng,Xăng
2025-10-23,2020,Mercedes Benz C class C180,839000000.0,Nội địa,TP HCM,Sedan,29999.0,Tự động,Đã sử dụng,Xăng
2025-10-23,2017,Mitsubishi Mirage 1.2CVT,250000000.0,Nhập khẩu,Hà Nội,Hatchback,90000.0,Tự động,Đã sử dụng,Xăng
2025-10-23,2014,Suzuki Swift 1.4 AT,240000000.0,Nội địa,Hà Nội,Hatchback,99000.0,Tự động,Đã sử dụng,Xăng
2025-10-23,2019,Mercedes Benz GLC 250 4Matic,1000000000.0,Nội địa,TP HCM,SUV,14000.0,Tự động,Đã sử dụng,Xăng
2025-10-23,2025,Hyundai Stargazer X Cao cấp 1.5 AT,549000000.0,Nhập khẩu,TP HCM,Van/Minivan,0.0,Tự động,Xe mới,Xăng
2025-10-23,2019,Mercedes Benz GLC 300 4Matic,1000000000.0,Nhập khẩu,TP HCM,SUV,40000.0,Tự động,Đã sử dụng,Xăng
2025-10-23,2022,BMW 3 Series 330i M Sport,1000000000.0,Nhập khẩu,TP HCM,Sedan,25999.0,Tự động,Đã sử dụng,Xăng
2025-10-23,2025,Hyundai Palisade Exclusive 2.2 AT,1000000000.0,Nội địa,TP HCM,SUV,0.0,Tự động,Xe mới,Dầu diesel
2025-10-23,2025,VinFast Limo Green AT,710000000.0,Nội địa,TP HCM,SUV,0.0,Tự động,Xe mới,Điện
2025-10-23,2024,Mercedes Benz E class E300 AMG,2000000000.0,Nội địa,TP HCM,Sedan,0.0,Tự động,Xe mới,Xăng
2025-10-23,2025,Lexus GX 550 Luxury,6000000000.0,Nhập khẩu,Hà Nội,SUV,0.0,Tự động,Xe mới,Xăng
2025-10-23,2018,Hyundai i10 Grand 1.2 AT,265000000.0,Nội địa,TP HCM,Hatchback,90000.0,Tự động,Đã sử dụng,Xăng
2025-10-23,2019,Nissan Navara EL Premium R,435000000.0,Nhập khẩu,Hà Nội,Bán tải / Pickup,98000.0,Tự động,Đã sử dụng,Dầu diesel
2025-10-23,2020,Hyundai Tucson 2.0 AT CRDi,675000000.0,Nội địa,Hà Nội,Crossover,88927.0,Tự động,Đã sử dụng,Dầu diesel
2025-10-23,2015,Kia K3 1.6 AT,335000000.0,Nội địa,Hà Nội,Sedan,130000.0,Tự động,Đã sử dụng,Xăng
2025-10-23,2025,Volkswagen Teramont President 2.0 AT,2000000000.0,Nhập khẩu,Hà Nội,SUV,0.0,Tự động,Xe mới,Xăng
2025-10-23,2025,Ford Territory Titanium 1.5 AT,765000000.0,Nội địa,Hà Nội,SUV,0.0,Tự động,Xe mới,Xăng
2025-10-23,2025,BYD Sealion 6 Dynamic,799000000.0,Nhập khẩu,TP HCM,Crossover,0.0,Tự động,Xe mới,Hybrid
2025-10-23,2025,VinFast VF5 Plus,485000000.0,Nội địa,TP HCM,SUV,0.0,Tự động,Xe mới,Điện
2025-10-23,2025,Toyota Hilux 2.4L 4x2 AT,635000000.0,Nhập khẩu,Hà Nội,Bán tải / Pickup,0.0,Tự động,Xe mới,Dầu diesel
2025-10-23,2023,BMW X7 xDrive40i M Sport,5000000000.0,Nhập khẩu,Hà Nội,SUV,0.0,Tự động,Xe mới,Xăng
2025-10-23,2021,LandRover Range Rover Velar R,5000000000.0,Nhập khẩu,TP HCM,SUV,0.0,Tự động,Xe mới,Xăng
2025-10-23,2025,Ford Territory Trend 1.5 AT,722000000.0,Nội địa,Hà Nội,SUV,0.0,Tự động,Xe mới,Xăng
2025-10-23,2025,Ford Ranger XLS 2.0L 4x2 AT,657000000.0,Nội địa,TP HCM,Bán tải / Pickup,0.0,Tự động,Xe mới,Dầu diesel
2025-10-23,2020,Hyundai SantaFe Premium 2.2L HTRAC,875000000.0,Nội địa,Hà Nội,SUV,60000.0,Tự động,Đã sử dụng,Dầu diesel
2025-10-23,2015,BMW 5 Series 535i,885000000.0,Nhập khẩu,Hà Nội,Sedan,120000.0,Tự động,Đã sử dụng,Xăng
2025-10-23,2016,Mini Cooper S 5Dr,750000000.0,Nhập khẩu,Hà Nội,Hatchback,87000.0,Tự động,Đã sử dụng,Xăng
2025-10-23,2016,Mercedes Benz CLA class CLA 200,550000000.0,Nhập khẩu,Hà Nội,Sedan,70000.0,Tự động,Đã sử dụng,Xăng
2025-10-23,2016,Mercedes Benz C class C200,545000000.0,Nội địa,Hà Nội,Sedan,112000.0,Tự động,Đã sử dụng,Xăng
2025-10-23,2025,Ford Ranger Wildtrak 2.0L 4x4 AT,879000000.0,Nội địa,TP HCM,Bán tải / Pickup,0.0,Tự động,Xe mới,Dầu diesel
2025-10-23,2025,Mazda 2 1.5 AT,398000000.0,Nhập khẩu,Hà Nội,Sedan,0.0,Tự động,Xe mới,Xăng
2025-10-23,2020,VinFast Lux A 2.0 Premium 2.0 AT,555000000.0,Nội địa,Hà Nội,Sedan,70000.0,Tự động,Đã sử dụng,Xăng
2025-10-23,2017,Kia Sorento GAT,450000000.0,Nội địa,Hà Nội,SUV,88000.0,Tự động,Đã sử dụng,Xăng
2025-10-23,2021,Mitsubishi Triton Athlete 4x4 AT Mivec,630000000.0,Nhập khẩu,Hà Nội,Bán tải / Pickup,90000.0,Tự động,Đã sử dụng,Dầu diesel
2025-10-23,2018,Peugeot 5008 1.6 AT,595000000.0,Nội địa,Hà Nội,SUV,120000.0,Tự động,Đã sử dụng,Xăng
2025-10-23,2017,Honda CRV 2.4 AT,550000000.0,Nội địa,Hà Nội,SUV,86000.0,Tự động,Đã sử dụng,Xăng
2025-10-23,2025,Lexus RX 350h Premium,3000000000.0,Nhập khẩu,Hà Nội,SUV,0.0,Tự động,Xe mới,Hybrid
2025-10-23,2025,Ford Mustang Mach,2000000000.0,Nhập khẩu,Hà Nội,SUV,0.0,Tự động,Xe mới,Điện
2025-10-23,2025,Volvo XC60 Ultra B6 AWD,2000000000.0,Nhập khẩu,Hà Nội,SUV,4100.0,Tự động,Đã sử dụng,Xăng
2025-10-23,2023,Lexus LX 600 F,8000000000.0,Nhập khẩu,Hà Nội,SUV,35000.0,Tự động,Đã sử dụng,Xăng
2025-10-23,2022,Mazda 3 1.5L Luxury,550000000.0,Nội địa,Hà Nội,Sedan,60000.0,Tự động,Đã sử dụng,Xăng
2025-10-23,2007,Lexus GX 470,650000000.0,Nhập khẩu,Hà Nội,SUV,160000.0,Tự động,Đã sử dụng,Xăng
2025-10-23,2014,Mercedes Benz GLA class GLA 250 4Matic,520000000.0,Nhập khẩu,Hà Nội,SUV,100000.0,Tự động,Đã sử dụng,Xăng
2025-10-23,2023,Honda City RS 1.5 AT,485000000.0,Nội địa,Hà Nội,Sedan,40000.0,Tự động,Đã sử dụng,Xăng
2025-10-23,2024,Mitsubishi Attrage 1.2 MT,325000000.0,Nhập khẩu,Hà Nội,Sedan,10000.0,Số Tay,Đã sử dụng,Xăng
2025-10-23,2022,Toyota Camry 2.0Q,1000000000.0,Nhập khẩu,TP HCM,Sedan,30000.0,Tự động,Đã sử dụng,Xăng
2025-10-23,2025,Peugeot 3008 Allure,835000000.0,Nội địa,Hải Phòng,Crossover,7000.0,Tự động,Đã sử dụng,Xăng
2025-10-23,2024,Kia Sportage Signature 2.0D,955000000.0,Nội địa,Hà Nội,Crossover,28000.0,Tự động,Đã sử dụng,Dầu diesel
2025-10-23,2024,Mazda CX5 Premium Exclusive 2.0 AT,849000000.0,Nội địa,Hà Nội,SUV,16000.0,Tự động,Đã sử dụng,Xăng
2025-10-23,2017,Mercedes Benz S class S450L,1000000000.0,Nội địa,TP HCM,Sedan,45000.0,Tự động,Đã sử dụng,Xăng
2025-10-23,2019,LandRover Discovery Sport HSE,1000000000.0,Nhập khẩu,TP HCM,SUV,52000.0,Tự động,Đã sử dụng,Xăng
2025-10-23,2012,Mercedes Benz E class E250,355000000.0,Nội địa,Hà Nội,Sedan,120000.0,Tự động,Đã sử dụng,Xăng
2025-10-23,2014,Toyota Prado TXL 2.7L,915000000.0,Nhập khẩu,Hà Nội,SUV,135000.0,Tự động,Đã sử dụng,Xăng
2025-10-23,2010,Lexus RX 350 AWD,735000000.0,Nhập khẩu,Hà Nội,SUV,91000.0,Tự động,Đã sử dụng,Xăng
2025-10-23,2007,Lexus LS 460L,525000000.0,Nhập khẩu,Hà Nội,Sedan,91000.0,Tự động,Đã sử dụng,Xăng
2025-10-23,2017,Toyota Camry 2.5G,615000000.0,Nội địa,Hà Nội,Sedan,81000.0,Tự động,Đã sử dụng,Xăng
2025-10-23,2025,Hyundai Tucson 1.6 AT Turbo HTRAC Đặc biệt,931000000.0,Nội địa,Hà Nội,Crossover,0.0,Tự động,Xe mới,Xăng
2025-10-23,2019,Toyota Yaris 1.5G,415000000.0,Nhập khẩu,Hà Nội,Hatchback,60000.0,Tự động,Đã sử dụng,Xăng
2025-10-23,2017,Hyundai i10 Grand 1.2 AT,265000000.0,Nội địa,TP HCM,Sedan,96000.0,Tự động,Đã sử dụng,Xăng
2025-10-23,2018,Chevrolet Trailblazer LTZ 2.5L VGT 4x4 AT,565000000.0,Nhập khẩu,TP HCM,SUV,70000.0,Tự động,Đã sử dụng,Dầu diesel
2025-10-23,2022,Hyundai Tucson 2.0 AT Đặc biệt,679000000.0,Nội địa,Hà Nội,Crossover,70000.0,Tự động,Đã sử dụng,Xăng
2025-10-23,2014,Chevrolet Spark LTZ 1.0 AT Zest,195000000.0,Nội địa,TP HCM,Hatchback,38000.0,Tự động,Đã sử dụng,Xăng
2025-10-23,2016,Chevrolet Cruze LTZ 1.8 AT,315000000.0,Nội địa,TP HCM,Sedan,28000.0,Tự động,Đã sử dụng,Xăng
2025-10-23,2021,VinFast Lux A 2.0 Premium 2.0 AT,595000000.0,Nội địa,TP HCM,Sedan,48000.0,Tự động,Đã sử dụng,Xăng
2025-10-23,2022,Toyota Vios GR,495000000.0,Nội địa,TP HCM,Sedan,40000.0,Tự động,Đã sử dụng,Xăng
2025-10-23,2017,Ford Focus Trend 1.5L,335000000.0,Nội địa,TP HCM,Sedan,54000.0,Tự động,Đã sử dụng,Xăng
2025-10-23,2022,Audi A6 45 TFSI,1000000000.0,Nhập khẩu,Hà Nội,Sedan,20000.0,Tự động,Đã sử dụng,Xăng
2025-10-23,2022,Kia Sorento Signature 1.6 AT AWD Hybrid,1000000000.0,Nội địa,Hà Nội,SUV,10000.0,Tự động,Đã sử dụng,Hybrid
2025-10-23,2025,Toyota Raize G 1.0 CVT,474000000.0,Nhập khẩu,Hà Nội,SUV,0.0,Tự động,Xe mới,Xăng
2025-10-23,2021,VinFast Lux A 2.0 Premium 2.0 AT,520000000.0,Nội địa,Ninh Bình,Sedan,30000.0,Tự động,Đã sử dụng,Xăng
2025-10-23,2022,VinFast Lux A 2.0 Tiêu chuẩn,555000000.0,Nội địa,Ninh Bình,Sedan,40000.0,Tự động,Đã sử dụng,Xăng
2025-10-23,2021,Peugeot 2008 GT Line 1.2 AT,550000000.0,Nội địa,Ninh Bình,Crossover,38000.0,Tự động,Đã sử dụng,Xăng
2025-10-23,2018,Hyundai i10 Grand 1.2 AT,295000000.0,Nội địa,Ninh Bình,Hatchback,70000.0,Tự động,Đã sử dụng,Xăng
2025-10-23,2018,LandRover Range Rover Velar R,2000000000.0,Nhập khẩu,Hà Nội,SUV,63000.0,Tự động,Đã sử dụng,Xăng
2025-10-23,2014,Toyota Corolla altis 1.8G AT,420000000.0,Nội địa,Hà Nội,Sedan,90000.0,Tự động,Đã sử dụng,Xăng
2025-10-23,2022,Lexus RX 350 Premium,3000000000.0,Nhập khẩu,TP HCM,SUV,28000.0,Tự động,Đã sử dụng,Xăng
2025-10-23,2020,Kia Sedona 2.2 DAT Luxury,795000000.0,Nội địa,TP HCM,Van/Minivan,69000.0,Tự động,Đã sử dụng,Dầu diesel
2025-10-23,2015,Chevrolet Captiva LTZ 2.4 AT,355000000.0,Nội địa,TP HCM,SUV,67000.0,Tự động,Đã sử dụng,Xăng
2025-10-23,2022,Mitsubishi Outlander 2.0 CVT,645000000.0,Nội địa,Hà Nội,SUV,53000.0,Tự động,Đã sử dụng,Xăng
2025-10-23,2021,Toyota Rush 1.5S AT,530000000.0,Nhập khẩu,TP HCM,SUV,67000.0,Tự động,Đã sử dụng,Xăng
2025-10-23,2024,Lexus LX 600 Urban,8000000000.0,Nhập khẩu,TP HCM,SUV,15000.0,Tự động,Đã sử dụng,Xăng
2025-10-23,2022,Ford Everest Titanium 2.0L 4x4 AT,1000000000.0,Nhập khẩu,Hà Nội,SUV,40000.0,Tự động,Đã sử dụng,Dầu diesel
2025-10-23,2020,Mazda CX8 Luxury,675000000.0,Nội địa,TP HCM,SUV,100000.0,Tự động,Đã sử dụng,Xăng
2025-10-23,2021,VinFast Fadil 1.4 AT Plus,315000000.0,Nội địa,Hải Phòng,Hatchback,28000.0,Tự động,Đã sử dụng,Xăng
2025-10-23,2025,Mercedes Benz GLC 300 4Matic,2000000000.0,Nội địa,Hà Nội,SUV,0.0,Tự động,Xe mới,Xăng
2025-10-23,2025,VinFast VF6 Eco,661000000.0,Nội địa,Hà Nội,SUV,0.0,Tự động,Xe mới,Điện
2025-10-23,2022,VinFast Fadil Tiêu chuẩn 1.4 AT,318000000.0,Nội địa,Thái Nguyên,Hatchback,53000.0,Tự động,Đã sử dụng,Xăng
2025-10-23,2025,Toyota Yaris Cross 1.5 D,617000000.0,Nhập khẩu,Khánh Hòa,SUV,0.0,Tự động,Xe mới,Xăng
2025-10-23,2020,Suzuki Swift GLX 1.2 AT,425000000.0,Nhập khẩu,Hà Nội,Hatchback,70000.0,Tự động,Đã sử dụng,Xăng
2025-10-23,2024,Hyundai SantaFe Cao cấp 2.5L HTRAC,1000000000.0,Nội địa,Hà Nội,SUV,10000.0,Tự động,Đã sử dụng,Xăng
2025-10-23,2018,Ford Explorer Limited 2.3L EcoBoost,890000000.0,Nhập khẩu,Hà Nội,SUV,120000.0,Tự động,Đã sử dụng,Xăng
2025-10-23,2017,BMW 5 Series 528i GT,863000000.0,Nhập khẩu,TP HCM,Sedan,60000.0,Tự động,Đã sử dụng,Xăng
2025-10-23,2019,Toyota Yaris 1.5G,470000000.0,Nhập khẩu,Ninh Bình,Hatchback,121000.0,Tự động,Đã sử dụng,Xăng
2025-10-23,2014,Mercedes Benz C class C200,385000000.0,Nội địa,Hà Nội,Sedan,110000.0,Tự động,Đã sử dụng,Xăng
2025-10-23,2018,Mazda BT50 2.2L 4x4 MT,395000000.0,Nhập khẩu,Hà Nội,Bán tải / Pickup,90000.0,Số Tay,Đã sử dụng,Dầu diesel
2025-10-23,2025,Toyota Innova Cross 2.0 CVT,800000000.0,Nhập khẩu,Hà Nội,Crossover,0.0,Tự động,Xe mới,Xăng
2025-10-23,2022,Volvo XC60 Inscription B6 AWD,1000000000.0,Nhập khẩu,Hà Nội,SUV,30000.0,Tự động,Đã sử dụng,Xăng
2025-10-23,2014,Ford Focus Trend 1.6 AT,245000000.0,Nội địa,Hà Nội,Sedan,90000.0,Tự động,Đã sử dụng,Xăng
2025-10-23,2022,Kia Sonet Premium 1.5 AT,510000000.0,Nội địa,Hà Nội,Crossover,23000.0,Tự động,Đã sử dụng,Xăng
2025-10-23,2022,Kia Carnival Signature 3.5G,1000000000.0,Nội địa,TP HCM,Van/Minivan,50000.0,Tự động,Đã sử dụng,Xăng
2025-10-23,2022,Mitsubishi Outlander 2.0 CVT,660000000.0,Nội địa,Hà Nội,SUV,58000.0,Tự động,Đã sử dụng,Xăng
2025-10-23,2025,Mazda CX5 Luxury 2.0 AT,744000000.0,Nội địa,Hà Nội,SUV,0.0,Tự động,Xe mới,Xăng
2025-10-23,2010,BMW 3 Series 325i,262000000.0,Nhập khẩu,Hà Nội,Sedan,68000.0,Tự động,Đã sử dụng,Xăng
2025-10-23,2025,Mazda 2 1.5 AT,403000000.0,Nhập khẩu,Hà Nội,Sedan,0.0,Tự động,Xe mới,Xăng
2025-10-23,2022,Toyota Corolla Cross 1.8V,720000000.0,Nhập khẩu,Hải Phòng,SUV,30000.0,Tự động,Đã sử dụng,Xăng
2025-10-23,2016,Hyundai Tucson 2.0 ATH,568000000.0,Nhập khẩu,Hà Nội,Crossover,80000.0,Tự động,Đã sử dụng,Xăng
2025-10-23,2015,Porsche Macan 2.0,1000000000.0,Nhập khẩu,Hà Nội,SUV,50000.0,Tự động,Đã sử dụng,Xăng
2025-10-23,2022,Mercedes Benz GLC 300 4Matic Coupe,1000000000.0,Nhập khẩu,TP HCM,SUV,60000.0,Tự động,Đã sử dụng,Xăng
2025-10-23,2025,BYD Atto 2 AT,669000000.0,Nhập khẩu,Hải Dương,SUV,0.0,Tự động,Xe mới,Điện
2025-10-23,2025,Ford Territory Titanium 1.5 AT,795000000.0,Nội địa,Hà Nội,SUV,0.0,Tự động,Xe mới,Xăng
2025-10-23,2020,Volvo S90 Inscription T6,1000000000.0,Nhập khẩu,TP HCM,Sedan,33796.0,Tự động,Đã sử dụng,Xăng
2025-10-23,2024,Mazda 2 Sport Luxury,515000000.0,Nhập khẩu,Hà Nội,Hatchback,8500.0,Tự động,Đã sử dụng,Xăng
2025-10-23,2019,Mercedes Benz GLC 200,939000000.0,Nội địa,TP HCM,SUV,42000.0,Tự động,Đã sử dụng,Xăng
2025-10-23,2020,Mazda 3 1.5L Luxury,535000000.0,Nội địa,Hà Nội,Sedan,30000.0,Tự động,Đã sử dụng,Xăng
2025-10-23,2019,VinFast Lux A 2.0 Premium 2.0 AT,520000000.0,Nội địa,Hà Nội,Sedan,60000.0,Tự động,Đã sử dụng,Xăng
2025-10-23,2021,Kia Cerato 1.6 AT Luxury,495000000.0,Nội địa,Hà Nội,Sedan,54000.0,Tự động,Đã sử dụng,Xăng
2025-10-23,2012,Mercedes Benz GLK Class GLK300 4Matic,425000000.0,Nội địa,Hà Nội,SUV,120000.0,Tự động,Đã sử dụng,Xăng
2025-10-23,2015,Toyota Fortuner 2.7V 4x2 AT,480000000.0,Nội địa,TP HCM,SUV,136000.0,Tự động,Đã sử dụng,Xăng
2025-10-23,2021,Hyundai Elantra 1.6 MT,399000000.0,Nội địa,Hà Nội,Sedan,70000.0,Số Tay,Đã sử dụng,Xăng
2025-10-23,2018,Mazda 3 1.5 AT,435000000.0,Nội địa,Hà Nội,Sedan,47000.0,Tự động,Đã sử dụng,Xăng
2025-10-23,2013,Audi A6 2.0T,445000000.0,Nhập khẩu,Hà Nội,Sedan,98000.0,Tự động,Đã sử dụng,Xăng
2025-10-23,2013,BMW 3 Series 320i,365000000.0,Nhập khẩu,Hà Nội,Sedan,92000.0,Tự động,Đã sử dụng,Xăng
2025-10-23,2025,VinFast VF3 Plus,240000000.0,Nội địa,Hà Nội,Hatchback,1340.0,Tự động,Đã sử dụng,Điện
2025-10-23,2019,Mercedes Benz C class C300 AMG,1000000000.0,Nội địa,TP HCM,Sedan,39000.0,Tự động,Đã sử dụng,Xăng
2025-10-23,2021,Porsche 911 Carrera S,7000000000.0,Nhập khẩu,TP HCM,Coupe,15000.0,Tự động,Đã sử dụng,Xăng
2025-10-23,2020,Mercedes Benz S class Maybach S450 4Matic,4000000000.0,Nhập khẩu,TP HCM,Sedan,20000.0,Tự động,Đã sử dụng,Xăng
2025-10-23,2022,Mercedes Benz GLS 450 4Matic,3000000000.0,Nhập khẩu,TP HCM,SUV,32000.0,Tự động,Đã sử dụng,Xăng
2025-10-23,2018,Mitsubishi Outlander 2.0 CVT Premium,510000000.0,Nội địa,Hà Nội,SUV,69000.0,Tự động,Đã sử dụng,Xăng
2025-10-23,2023,Hyundai SantaFe Cao cấp 2.5L HTRAC,1000000000.0,Nội địa,TP HCM,SUV,75000.0,Tự động,Đã sử dụng,Xăng
2025-10-23,2025,Hyundai SantaFe Exclusive 2.5L,945000000.0,Nội địa,TP HCM,SUV,0.0,Tự động,Xe mới,Xăng
2025-10-23,2016,Mercedes Benz S class S400L,1000000000.0,Nội địa,Hà Nội,Sedan,80000.0,Tự động,Đã sử dụng,Xăng
2025-10-23,2023,Kia Carnival Signature 2.2D,1000000000.0,Nội địa,Hà Nội,Van/Minivan,29000.0,Tự động,Đã sử dụng,Dầu diesel
2025-10-23,2022,Kia Carnival Signature 2.2D,1000000000.0,Nội địa,Hà Nội,Van/Minivan,35000.0,Tự động,Đã sử dụng,Dầu diesel
2025-10-23,2023,Kia Carnival Signature 2.2D,1000000000.0,Nội địa,Hà Nội,Van/Minivan,28600.0,Tự động,Đã sử dụng,Dầu diesel
2025-10-23,2023,Kia Carnival Signature 2.2D,1000000000.0,Nội địa,Hà Nội,Van/Minivan,35000.0,Tự động,Đã sử dụng,Dầu diesel
2025-10-23,2021,VinFast Lux A 2.0 Base 2.0 AT,515000000.0,Nội địa,Hà Nội,Sedan,39000.0,Tự động,Đã sử dụng,Xăng
2025-10-23,2018,Ford Focus Titanium 1.5L,330000000.0,Nội địa,Hà Nội,Sedan,130000.0,Tự động,Đã sử dụng,Xăng
2025-10-23,2018,Ford Everest Trend 2.0L 4x2 AT,675000000.0,Nhập khẩu,Hà Nội,SUV,119000.0,Tự động,Đã sử dụng,Dầu diesel
2025-10-23,2020,VinFast Lux SA 2.0 Premium 2.0 AT,685000000.0,Nội địa,Hà Nội,SUV,73000.0,Tự động,Đã sử dụng,Xăng
2025-10-23,2019,Mercedes Benz E class E200 Sport,1000000000.0,Nội địa,Hà Nội,Sedan,79000.0,Tự động,Đã sử dụng,Xăng
2025-10-23,2018,Hyundai i10 Grand 1.2 MT,189000000.0,Nội địa,Hà Nội,Sedan,12010.0,Số Tay,Đã sử dụng,Xăng
2025-10-23,2020,BMW X4 xDrive20i M Sport,1000000000.0,Nhập khẩu,Hà Nội,SUV,75000.0,Tự động,Đã sử dụng,Xăng
2025-10-23,2016,Porsche Macan 2.0,1000000000.0,Nhập khẩu,Hà Nội,SUV,96000.0,Tự động,Đã sử dụng,Xăng
2025-10-23,2017,Mercedes Benz GLC 300 4Matic,979000000.0,Nội địa,Hà Nội,SUV,70000.0,Tự động,Đã sử dụng,Xăng
2025-10-23,2019,Mercedes Benz C class C200,799000000.0,Nội địa,Hà Nội,Sedan,43000.0,Tự động,Đã sử dụng,Xăng
2025-10-23,2022,Mercedes Benz GLS 450 4Matic,3000000000.0,Nhập khẩu,Hà Nội,SUV,80000.0,Tự động,Đã sử dụng,Xăng
2025-10-23,2020,Hyundai SantaFe Premium 2.2L HTRAC,810000000.0,Nội địa,Hà Nội,SUV,100000.0,Tự động,Đã sử dụng,Dầu diesel
2025-10-23,2008,Honda Civic 1.8 AT,210000000.0,Nội địa,Hà Nội,Sedan,150000.0,Tự động,Đã sử dụng,Xăng
2025-10-23,2007,Honda Civic 2.0 AT,158000000.0,Nội địa,Hải Dương,Sedan,22000.0,Tự động,Đã sử dụng,Xăng
2025-10-23,2025,Ford Transit Premium,890000000.0,Nội địa,Hà Nội,Van/Minivan,0.0,Số Tay,Xe mới,Dầu diesel
2025-10-23,2025,Ford Territory Titanium X 1.5 AT,889000000.0,Nội địa,TP HCM,SUV,0.0,Tự động,Xe mới,Xăng
2025-10-23,2025,Toyota Veloz Cross Top 1.5 CVT,548000000.0,Nội địa,Hà Nội,SUV,0.0,Tự động,Xe mới,Xăng
2025-10-23,2025,Ford Everest Ambiente 2.0L 4x2 AT,1000000000.0,Nhập khẩu,Hà Nội,SUV,0.0,Tự động,Xe mới,Dầu diesel
2025-10-23,2023,Ford Everest Titanium 2.0L 4x2 AT,1000000000.0,Nhập khẩu,TP HCM,SUV,14000.0,Tự động,Đã sử dụng,Dầu diesel
2025-10-23,2025,Toyota Innova Cross HEV 2.0 CVT,1000000000.0,Nhập khẩu,Khánh Hòa,Crossover,0.0,Tự động,Xe mới,Hybrid
2025-10-23,2021,Lexus RX 300,2000000000.0,Nhập khẩu,Hà Nội,SUV,50000.0,Tự động,Đã sử dụng,Xăng
2025-10-23,2014,Lexus LX 570,3000000000.0,Nhập khẩu,Hà Nội,SUV,160000.0,Tự động,Đã sử dụng,Xăng
2025-10-23,2010,Lexus RX 450h,840000000.0,Nhập khẩu,TP HCM,SUV,61000.0,Tự động,Đã sử dụng,Hybrid
2025-10-23,2023,VinFast VF8 Eco AWD,620000000.0,Nội địa,Hà Nội,SUV,61000.0,Tự động,Đã sử dụng,Điện
2025-10-23,2021,Volvo S90 Inscription LWB B6 AWD,1000000000.0,Nhập khẩu,Hà Nội,Sedan,40000.0,Tự động,Đã sử dụng,Xăng
2025-10-23,2009,Volkswagen New Beetle 1.6 AT,479000000.0,Nhập khẩu,TP HCM,Coupe,60000.0,Tự động,Đã sử dụng,Xăng
2025-10-23,2025,Ford Transit Trend,844000000.0,Nội địa,Hà Nội,Van/Minivan,0.0,Số Tay,Xe mới,Dầu diesel
2025-10-23,2024,Kia Carnival Signature 2.2D,1000000000.0,Nội địa,TP HCM,Van/Minivan,56000.0,Tự động,Đã sử dụng,Dầu diesel
2025-10-23,2009,Volkswagen New Beetle 1.6 AT,479000000.0,Nhập khẩu,TP HCM,Coupe,97000.0,Tự động,Đã sử dụng,Xăng
2025-10-23,2022,Kia Carnival Signature 2.2D,1000000000.0,Nội địa,Hà Nội,Van/Minivan,90000.0,Tự động,Đã sử dụng,Dầu diesel
2025-10-23,2025,Toyota Fortuner Legender 2.8L 4x4 AT,1000000000.0,Nội địa,Hà Nội,SUV,0.0,Tự động,Xe mới,Dầu diesel
2025-10-23,2022,Kia Carnival Premium 2.2D,1000000000.0,Nội địa,Hà Nội,Van/Minivan,60000.0,Tự động,Đã sử dụng,Dầu diesel
2025-10-23,2019,VinFast Lux SA 2.0 Premium 2.0 AT,615000000.0,Nội địa,Hà Nội,SUV,73000.0,Tự động,Đã sử dụng,Xăng
2025-10-23,2021,Hyundai Tucson 2.0 AT Đặc biệt,699000000.0,Nội địa,Hà Nội,Crossover,52000.0,Tự động,Đã sử dụng,Xăng
2025-10-23,2022,Kia Carnival Signature 2.2D,1000000000.0,Nội địa,Hà Nội,Van/Minivan,70000.0,Tự động,Đã sử dụng,Dầu diesel
2025-10-23,2020,Hyundai Accent 1.4 MT Base,279000000.0,Nội địa,Hà Nội,Sedan,70000.0,Số Tay,Đã sử dụng,Xăng
2025-10-23,2021,Suzuki Swift GLX 1.2 AT,460000000.0,Nhập khẩu,Hà Nội,Hatchback,19000.0,Tự động,Đã sử dụng,Xăng
2025-10-23,2021,Toyota Fortuner 2.8V 4x4 AT Legender,1000000000.0,Nội địa,Hà Nội,SUV,55000.0,Tự động,Đã sử dụng,Dầu diesel
2025-10-23,2021,Hyundai SantaFe Cao cấp 2.2L HTRAC,890000000.0,Nội địa,Hà Nội,SUV,60000.0,Tự động,Đã sử dụng,Dầu diesel
2025-10-23,2020,Mazda CX5 2.5 Signature Premium 2WD,675000000.0,Nội địa,Hà Nội,SUV,45000.0,Tự động,Đã sử dụng,Xăng
2025-10-23,2022,Ford Everest Titanium 2.0L 4x4 AT,1000000000.0,Nhập khẩu,Hà Nội,SUV,41000.0,Tự động,Đã sử dụng,Dầu diesel
2025-10-23,2020,Kia Sedona 2.2 DAT Luxury,799000000.0,Nội địa,Hà Nội,Van/Minivan,90000.0,Tự động,Đã sử dụng,Dầu diesel
2025-10-23,2025,Hyundai Venue 1.0 T,8000000000.0,Nội địa,Hà Nội,SUV,0.0,Tự động,Xe mới,Xăng
2025-10-23,2019,Mazda 3 1.5L Sport Luxury,445000000.0,Nội địa,TP HCM,Hatchback,45000.0,Tự động,Đã sử dụng,Xăng
2025-10-23,2024,VinFast VF8 S,825000000.0,Nội địa,TP HCM,SUV,15000.0,Tự động,Đã sử dụng,Điện
2025-10-23,2023,VinFast VF8 Plus AWD,700000000.0,Nội địa,Hà Nội,SUV,40000.0,Tự động,Đã sử dụng,Điện
2025-10-23,2025,Hyundai Tucson 1.6 AT Turbo HTRAC Đặc biệt,950000000.0,Nội địa,Thái Bình,Crossover,2000.0,Tự động,Đã sử dụng,Xăng
2025-10-23,2019,Mercedes Benz C class C300 AMG,999000000.0,Nội địa,TP HCM,Sedan,62000.0,Tự động,Đã sử dụng,Xăng
2025-10-23,2025,Toyota Vios G 1.5 CVT,475000000.0,Nội địa,Hà Nội,Sedan,0.0,Tự động,Xe mới,Xăng
2025-10-23,2024,Mercedes Benz EQB 250,2000000000.0,Nhập khẩu,Hà Nội,SUV,0.0,Tự động,Xe mới,Điện
2025-10-23,2025,VinFast VF7 Eco,767000000.0,Nội địa,Hà Nội,SUV,0.0,Tự động,Xe mới,Điện
2025-10-23,2010,Audi A1 1.4 TFSI,338000000.0,Nhập khẩu,Hà Nội,Hatchback,120000.0,Tự động,Đã sử dụng,Xăng
2025-10-23,2025,VinFast VF5 Plus,495000000.0,Nội địa,TP HCM,SUV,0.0,Tự động,Xe mới,Điện
2025-10-23,2025,Toyota Corolla altis 1.8V,735000000.0,Nhập khẩu,Hà Nội,Sedan,0.0,Tự động,Xe mới,Xăng
2025-10-23,2015,Mercedes Benz GLE Class GLE 400 4Matic,980000000.0,Nhập khẩu,Hà Nội,SUV,90000.0,Tự động,Đã sử dụng,Xăng
2025-10-23,2024,BYD Seal Performance,1000000000.0,Nhập khẩu,Đồng Nai,Sedan,0.0,Tự động,Xe mới,Điện
2025-10-23,2020,Hyundai Accent 1.4 ATH,395000000.0,Nội địa,Hà Nội,Sedan,80000.0,Tự động,Đã sử dụng,Xăng
2025-10-23,2005,Lexus GX 470,520000000.0,Nhập khẩu,Hà Nội,SUV,100000.0,Tự động,Đã sử dụng,Xăng
2025-10-23,2022,Porsche Cayenne Coupe,5000000000.0,Nhập khẩu,Hà Nội,SUV,10000.0,Tự động,Đã sử dụng,Xăng
2025-10-23,2015,Mercedes Benz CLA class CLA 45 AMG 4Matic,619000000.0,Nhập khẩu,TP HCM,Sedan,42000.0,Tự động,Đã sử dụng,Xăng
2025-10-23,2014,Toyota Corolla altis 2.0V,358000000.0,Nội địa,Hà Nội,Sedan,80000.0,Tự động,Đã sử dụng,Xăng
2025-10-23,2014,Toyota Innova 2.0E,238000000.0,Nội địa,Hà Nội,Crossover,90000.0,Số Tay,Đã sử dụng,Xăng
2025-10-23,2018,Ford Transit SVP,410000000.0,Nội địa,Hà Nội,Van/Minivan,100000.0,Số Tay,Đã sử dụng,Dầu diesel
2025-10-23,2016,Ford EcoSport Titanium Black 1.5L AT,320000000.0,Nội địa,Hà Nội,SUV,70000.0,Tự động,Đã sử dụng,Xăng
2025-10-23,2018,Ford EcoSport Titanium 1.5L AT,365000000.0,Nội địa,Hà Nội,SUV,68000.0,Tự động,Đã sử dụng,Xăng
2025-10-23,2024,MG ZS Comfort 1.5 AT 2WD,465000000.0,Nhập khẩu,Hà Nội,Crossover,23000.0,Tự động,Đã sử dụng,Xăng
2025-10-23,2016,Mazda 2 1.5 AT,325000000.0,Nội địa,Hà Nội,Sedan,73000.0,Tự động,Đã sử dụng,Xăng
2025-10-23,2021,Mazda 3 1.5L Sport Luxury,550000000.0,Nội địa,Hà Nội,Hatchback,27000.0,Tự động,Đã sử dụng,Xăng
2025-10-23,2021,Kia Seltos Premium 1.4 AT,575000000.0,Nội địa,Hà Nội,Crossover,60000.0,Tự động,Đã sử dụng,Xăng
2025-10-23,2013,Mazda 3 S 1.6 AT,270000000.0,Nội địa,Hà Nội,Sedan,90000.0,Tự động,Đã sử dụng,Xăng
2025-10-23,2015,Mercedes Benz G class G63 AMG,5000000000.0,Nhập khẩu,Hà Nội,SUV,50000.0,Tự động,Đã sử dụng,Xăng
2025-10-23,2024,Mazda CX5 Deluxe 2.0 AT,725000000.0,Nội địa,Hà Nội,SUV,8000.0,Tự động,Đã sử dụng,Xăng
2025-10-23,2018,BMW 3 Series 320i,765000000.0,Nhập khẩu,Hà Nội,Sedan,69000.0,Tự động,Đã sử dụng,Xăng
2025-10-23,2020,Hyundai SantaFe Premium 2.4L HTRAC,770000000.0,Nội địa,Hà Nội,SUV,100000.0,Tự động,Đã sử dụng,Xăng
2025-10-23,2025,VinFast VF3 Plus,281000000.0,Nội địa,TP HCM,Hatchback,0.0,Tự động,Xe mới,Điện
2025-10-23,2021,Lexus RX 350L,3000000000.0,Nhập khẩu,Hà Nội,SUV,40000.0,Tự động,Đã sử dụng,Xăng
2025-10-23,2025,Ford Territory Titanium X 1.5 AT,845000000.0,Nội địa,Thái Bình,SUV,3000.0,Tự động,Đã sử dụng,Xăng
2025-10-23,2021,VinFast Lux A 2.0 Plus 2.0 AT,539000000.0,Nội địa,Hải Phòng,Sedan,61000.0,Tự động,Đã sử dụng,Xăng
2025-10-23,2014,LandRover Range Rover Autobiography 5.0,2000000000.0,Nhập khẩu,Hà Nội,SUV,86000.0,Tự động,Đã sử dụng,Xăng
2025-10-23,2025,Toyota Corolla Cross 1.8V,760000000.0,Nhập khẩu,Hà Nội,SUV,0.0,Tự động,Xe mới,Xăng
2025-10-23,2025,Ford Transit Premium,939000000.0,Nội địa,TP HCM,Van/Minivan,0.0,Số Tay,Xe mới,Dầu diesel
2025-10-23,2021,Volvo XC90 Recharge T8 AWD,3000000000.0,Nhập khẩu,Hà Nội,SUV,35000.0,Tự động,Đã sử dụng,Hybrid
2025-10-23,2025,Toyota Avanza Premio 1.5 AT,528000000.0,Nội địa,TP HCM,SUV,0.0,Tự động,Xe mới,Xăng
2025-10-23,2024,Honda CRV G,979000000.0,Nội địa,Hải Phòng,SUV,0.0,Tự động,Xe mới,Xăng
2025-10-23,2023,Mercedes Benz GLC 200 4Matic,1000000000.0,Nội địa,TP HCM,SUV,17000.0,Tự động,Đã sử dụng,Hybrid
2025-10-23,2018,Mercedes Benz S class S450L,1000000000.0,Nội địa,TP HCM,Sedan,92800.0,Tự động,Đã sử dụng,Xăng
2025-10-23,2021,Mercedes Benz GLC 300 4Matic,1000000000.0,Nội địa,TP HCM,SUV,59000.0,Tự động,Đã sử dụng,Xăng
2025-10-23,2017,Mercedes Benz S class Maybach S450,3000000000.0,Nhập khẩu,TP HCM,Sedan,66000.0,Tự động,Đã sử dụng,Xăng
2025-10-23,2016,Mercedes Benz E class E200,799000000.0,Nội địa,TP HCM,Sedan,105600.0,Tự động,Đã sử dụng,Xăng
2025-10-23,2018,Mercedes Benz C class C200,799000000.0,Nội địa,TP HCM,Sedan,59000.0,Tự động,Đã sử dụng,Hybrid
2025-10-23,2021,Porsche Macan 2.0,2000000000.0,Nhập khẩu,TP HCM,SUV,57000.0,Tự động,Đã sử dụng,Xăng
2025-10-23,2019,Mercedes Benz E class E200 Sport,1000000000.0,Nội địa,TP HCM,Sedan,68000.0,Tự động,Đã sử dụng,Xăng
2025-10-23,2019,Mercedes Benz E class E200 Sport,1000000000.0,Nội địa,TP HCM,Sedan,41000.0,Tự động,Đã sử dụng,Xăng
2025-10-23,2021,Mitsubishi Xpander 1.5 MT,410000000.0,Nhập khẩu,Lâm Đồng,SUV,67000.0,Số Tay,Đã sử dụng,Xăng
2025-10-23,2025,Ford Everest Titanium 2.0L 4x2 AT,1000000000.0,Nhập khẩu,Hà Nội,SUV,0.0,Tự động,Xe mới,Dầu diesel
2025-10-23,2025,Ford Transit Premium,889000000.0,Nội địa,Hà Nội,Van/Minivan,0.0,Số Tay,Xe mới,Dầu diesel
2025-10-23,2025,Ford Ranger XLS 2.0L 4x2 AT,611000000.0,Nội địa,Hà Nội,Bán tải / Pickup,0.0,Tự động,Xe mới,Dầu diesel
2025-10-23,2025,Ford Territory Titanium X 1.5 AT,816000000.0,Nội địa,Hà Nội,SUV,0.0,Tự động,Xe mới,Xăng
2025-10-23,2025,Mazda CX8 Premium 2.5 AT,999000000.0,Nội địa,Hà Nội,SUV,0.0,Tự động,Xe mới,Xăng
2025-10-23,2025,Mazda CX5 Premium 2.0 AT,784000000.0,Nội địa,Hà Nội,SUV,0.0,Tự động,Xe mới,Xăng
2025-10-23,2020,Mazda 3 1.5L Luxury,515000000.0,Nội địa,Hà Nội,Sedan,64000.0,Tự động,Đã sử dụng,Xăng
2025-10-23,2025,VinFast Limo Green AT,719000000.0,Nội địa,TP HCM,SUV,0.0,Tự động,Xe mới,Điện
2025-10-23,2022,Kia K3 Premium 1.6 AT,560000000.0,Nội địa,Đăk Lăk,Sedan,21000.0,Tự động,Đã sử dụng,Xăng
2025-10-23,2023,Mazda CX8 Premium,925000000.0,Nội địa,Hà Nội,SUV,30000.0,Tự động,Đã sử dụng,Xăng
2025-10-23,2024,Ford Ranger Sport 2.0L 4x4 AT,795000000.0,Nội địa,Đăk Lăk,Bán tải / Pickup,24000.0,Tự động,Đã sử dụng,Dầu diesel
2025-10-23,2017,Ford Ranger XLS 2.2L 4x2 AT,425000000.0,Nhập khẩu,Hà Nội,Bán tải / Pickup,120000.0,Tự động,Đã sử dụng,Dầu diesel
2025-10-23,2019,Suzuki Swift GLX 1.2 AT,379000000.0,Nhập khẩu,Hà Nội,Hatchback,80000.0,Tự động,Đã sử dụng,Xăng
2025-10-23,2022,Volvo XC60 Inscription B6 AWD,1000000000.0,Nhập khẩu,Hà Nội,SUV,45000.0,Tự động,Đã sử dụng,Xăng
2025-10-23,2019,Kia Sedona 3.3 GAT Premium,698000000.0,Nội địa,TP HCM,Van/Minivan,62000.0,Tự động,Đã sử dụng,Xăng
2025-10-23,2025,Ford Territory Titanium X 1.5 AT,851000000.0,Nội địa,Hà Nội,SUV,0.0,Tự động,Xe mới,Xăng
2025-10-23,2025,MG G50 1.5 MT Com,559000000.0,Nhập khẩu,Thanh Hóa,Van/Minivan,0.0,Số Tay,Xe mới,Xăng
2025-10-23,2022,Mercedes Benz S class S450 4Matic Luxury,4000000000.0,Nhập khẩu,Hà Nội,Sedan,20.0,Tự động,Đã sử dụng,Xăng
2025-10-23,2025,Toyota Yaris Cross 1.5 D,604000000.0,Nhập khẩu,Hà Nội,SUV,0.0,Tự động,Xe mới,Xăng
2025-10-23,2022,Toyota Innova G 2.0 AT,705000000.0,Nội địa,Hà Nội,Crossover,100000.0,Tự động,Đã sử dụng,Xăng
2025-10-23,2025,Ford Ranger XLS 2.0L 4x2 AT,662000000.0,Nội địa,TP HCM,Bán tải / Pickup,0.0,Tự động,Xe mới,Dầu diesel
2025-10-23,2023,VinFast VF8 Eco AWD,650000000.0,Nội địa,Hà Nội,SUV,52000.0,Tự động,Đã sử dụng,Điện
2025-10-23,2021,Ford Ranger XLS 2.2L 4x2 AT,565000000.0,Nhập khẩu,Hà Nội,Bán tải / Pickup,100000.0,Tự động,Đã sử dụng,Dầu diesel
2025-10-23,2022,Lexus ES 250,2000000000.0,Nhập khẩu,TP HCM,Sedan,28000.0,Tự động,Đã sử dụng,Xăng
2025-10-23,2015,Peugeot 208 1.6 AT,319000000.0,Nhập khẩu,Hà Nội,Hatchback,50000.0,Tự động,Đã sử dụng,Xăng
2025-10-23,2010,BMW 5 Series 535i GT,499000000.0,Nhập khẩu,Hà Nội,Sedan,90000.0,Tự động,Đã sử dụng,Xăng
2025-10-23,2021,Toyota Camry 2.5Q,1000000000.0,Nhập khẩu,TP HCM,Sedan,56000.0,Tự động,Đã sử dụng,Xăng
2025-10-23,2025,Ford Transit Premium+,1000000000.0,Nội địa,TP HCM,Van/Minivan,0.0,Số Tay,Xe mới,Dầu diesel
2025-10-23,2019,Toyota Vios 1.5E CVT,379000000.0,Nội địa,Đăk Lăk,Sedan,24000.0,Tự động,Đã sử dụng,Xăng
2025-10-23,2025,Hyundai Tucson 2.0 AT Đặc biệt,803000000.0,Nội địa,Hà Nội,Crossover,0.0,Tự động,Xe mới,Xăng
2025-10-23,2023,VinFast VF8 Plus AWD,780000000.0,Nội địa,Hà Nội,SUV,29000.0,Tự động,Đã sử dụng,Điện
2025-10-23,2023,Mercedes Benz GLC 300 4Matic,2000000000.0,Nội địa,Hà Nội,SUV,28000.0,Tự động,Đã sử dụng,Hybrid
2025-10-23,2025,Hyundai Accent Đặc biệt 1.5 AT,465000000.0,Nội địa,Hà Nội,Sedan,0.0,Tự động,Xe mới,Xăng
2025-10-23,2023,VinFast VF8 Plus AWD,770000000.0,Nội địa,Hà Nội,SUV,36000.0,Tự động,Đã sử dụng,Điện
2025-10-23,2021,Jeep Wrangler Sport 2.0 4x4 AT,2000000000.0,Nhập khẩu,Hà Nội,SUV,48000.0,Tự động,Đã sử dụng,Xăng
2025-10-23,2019,LandRover Range Rover Velar R,2000000000.0,Nhập khẩu,Hà Nội,SUV,80000.0,Tự động,Đã sử dụng,Xăng
2025-10-23,2020,Audi A6 45 TFSI,1000000000.0,Nhập khẩu,Hà Nội,Sedan,84000.0,Tự động,Đã sử dụng,Xăng
2025-10-23,2019,Mercedes Benz C class C200,860000000.0,Nội địa,Hà Nội,Sedan,60000.0,Tự động,Đã sử dụng,Xăng
2025-10-23,2025,Ford Territory Trend 1.5 AT,712000000.0,Nội địa,Hà Nội,SUV,0.0,Tự động,Xe mới,Xăng
2025-10-23,2025,Toyota Yaris Cross HEV 1.5 CVT,710000000.0,Nhập khẩu,Hà Nội,SUV,0.0,Tự động,Xe mới,Hybrid
2025-10-23,2023,VinFast VF8 Plus AWD,830000000.0,Nội địa,Hà Nội,SUV,30000.0,Tự động,Đã sử dụng,Điện
2025-10-23,2025,Honda Civic RS 1.5 AT,839000000.0,Nhập khẩu,Đồng Nai,Sedan,0.0,Tự động,Xe mới,Xăng
2025-10-23,2025,Mercedes Benz E class E300 AMG,2000000000.0,Nội địa,Quảng Ninh,Sedan,0.0,Tự động,Xe mới,Xăng
2025-10-23,2019,Hyundai Elantra Sport 1.6 AT,486000000.0,Nội địa,TP HCM,Sedan,44000.0,Tự động,Đã sử dụng,Xăng
2025-10-23,2025,Toyota Camry 2.0Q,1000000000.0,Nhập khẩu,TP HCM,Sedan,0.0,Tự động,Xe mới,Xăng
2025-10-23,2022,Mercedes Benz GLC 300 4Matic,1000000000.0,Nội địa,TP HCM,SUV,48000.0,Tự động,Đã sử dụng,Xăng
2025-10-23,2021,Mercedes Benz C class C200 Exclusive,999000000.0,Nội địa,TP HCM,Sedan,48000.0,Tự động,Đã sử dụng,Xăng
2025-10-23,2021,Mercedes Benz C class C200 Exclusive,999000000.0,Nội địa,TP HCM,Sedan,77232.0,Tự động,Đã sử dụng,Xăng
2025-10-23,2020,Mercedes Benz C class C300 AMG,999000000.0,Nội địa,TP HCM,Sedan,77000.0,Tự động,Đã sử dụng,Xăng
2025-10-23,2022,Mercedes Benz GLC 200 4Matic,1000000000.0,Nội địa,TP HCM,SUV,41000.0,Tự động,Đã sử dụng,Xăng
2025-10-23,2019,Mercedes Benz C class C300 AMG,999000000.0,Nội địa,TP HCM,Sedan,41000.0,Tự động,Đã sử dụng,Xăng
2025-10-23,2013,BMW X3 xDrive20i,559000000.0,Nhập khẩu,TP HCM,SUV,67000.0,Tự động,Đã sử dụng,Xăng
2025-10-23,2019,Mercedes Benz E class E200,1000000000.0,Nội địa,TP HCM,Sedan,42000.0,Tự động,Đã sử dụng,Xăng
2025-10-23,2021,Mercedes Benz GLC 200,1000000000.0,Nội địa,TP HCM,SUV,54000.0,Tự động,Đã sử dụng,Xăng
2025-10-23,2008,BMW X6 xDrive35i,499000000.0,Nhập khẩu,TP HCM,SUV,110000.0,Tự động,Đã sử dụng,Xăng
2025-10-23,2014,Audi A4 1.8 TFSI,489000000.0,Nhập khẩu,TP HCM,Sedan,42000.0,Tự động,Đã sử dụng,Xăng
2025-10-23,2019,Mercedes Benz S class S450L,2000000000.0,Nội địa,TP HCM,Sedan,48000.0,Tự động,Đã sử dụng,Xăng
2025-10-23,2022,Porsche Cayenne Coupe Platinum Edition,4000000000.0,Nhập khẩu,TP HCM,SUV,32000.0,Tự động,Đã sử dụng,Xăng
2025-10-23,2021,Mercedes Benz C class C200 Avantgarde Plus,1000000000.0,Nội địa,TP HCM,Sedan,48000.0,Tự động,Đã sử dụng,Xăng
2025-10-23,2018,Mercedes Benz E class E200,999000000.0,Nội địa,TP HCM,Sedan,42000.0,Tự động,Đã sử dụng,Xăng
2025-10-23,2018,Mercedes Benz E class E200,999000000.0,Nội địa,TP HCM,Sedan,67000.0,Tự động,Đã sử dụng,Xăng
2025-10-23,2022,Mercedes Benz C class C300 AMG,1000000000.0,Nội địa,Hà Nội,Sedan,20000.0,Tự động,Đã sử dụng,Xăng
2025-10-23,2020,Mercedes Benz GLE Class GLE 450 4Matic,2000000000.0,Nhập khẩu,Hà Nội,SUV,38000.0,Tự động,Đã sử dụng,Hybrid
2025-10-23,2025,BYD M6 Standard,756000000.0,Nhập khẩu,TP HCM,Van/Minivan,0.0,Tự động,Xe mới,Điện
2025-10-23,2022,Volvo XC60 Inscription B6 AWD,1000000000.0,Nhập khẩu,Hà Nội,SUV,40000.0,Tự động,Đã sử dụng,Xăng
2025-10-23,2014,Mercedes Benz A class A45 AMG,580000000.0,Nhập khẩu,TP HCM,Hatchback,60000.0,Tự động,Đã sử dụng,Xăng
2025-10-23,2024,VinFast VF8 Lux Plus,999000000.0,Nội địa,Hà Nội,SUV,0.0,Tự động,Xe mới,Điện
2025-10-23,2025,Mazda CX3 1.5 AT,522000000.0,Nhập khẩu,Hà Nội,Crossover,0.0,Tự động,Xe mới,Xăng
2025-10-23,2013,Peugeot 208 1.6 AT,310000000.0,Nhập khẩu,Hà Nội,Hatchback,50000.0,Tự động,Đã sử dụng,Xăng
2025-10-23,2025,VinFast VF7 Eco,736000000.0,Nội địa,Hà Nội,SUV,0.0,Tự động,Xe mới,Điện
2025-10-23,2023,VinFast VF8 Eco AWD,660000000.0,Nội địa,Hà Nội,SUV,43000.0,Tự động,Đã sử dụng,Điện
2025-10-23,2019,Mercedes Benz C class C200 Exclusive,799000000.0,Nội địa,TP HCM,Sedan,37000.0,Tự động,Đã sử dụng,Xăng
2025-10-23,2015,Porsche Macan 2.0,1000000000.0,Nhập khẩu,TP HCM,SUV,68000.0,Tự động,Đã sử dụng,Xăng
2025-10-23,2011,BMW 5 Series 523i,449000000.0,Nhập khẩu,Hà Nội,Sedan,140000.0,Tự động,Đã sử dụng,Xăng
2025-10-23,2013,LandRover Range Rover HSE LWB 5.0,1000000000.0,Nhập khẩu,Hà Nội,SUV,100000.0,Tự động,Đã sử dụng,Xăng
2025-10-23,2023,Toyota Corolla Cross 1.8G,675000000.0,Nhập khẩu,Hà Nội,SUV,27000.0,Tự động,Đã sử dụng,Xăng
2025-10-23,2024,Ford Ranger Raptor 2.0L 4x4 AT,1000000000.0,Nhập khẩu,Hà Nội,Bán tải / Pickup,39900.0,Tự động,Đã sử dụng,Dầu diesel
2025-10-23,2016,Toyota Fortuner 2.7V 4X2 AT,495000000.0,Nội địa,TP HCM,SUV,96000.0,Tự động,Đã sử dụng,Xăng
2025-10-23,2023,VinFast VF8 Eco AWD,660000000.0,Nội địa,Hà Nội,SUV,40000.0,Tự động,Đã sử dụng,Điện
2025-10-23,2025,Ford Territory Trend 1.5 AT,699000000.0,Nội địa,Hà Nội,SUV,0.0,Tự động,Xe mới,Xăng
2025-10-23,2025,Ford Ranger XL 2.0L 4x4 MT,669000000.0,Nội địa,TP HCM,Bán tải / Pickup,0.0,Số Tay,Xe mới,Dầu diesel
2025-10-23,2014,Kia K3 1.6 AT,309000000.0,Nội địa,Hải Phòng,Sedan,120000.0,Tự động,Đã sử dụng,Xăng
2025-10-23,2021,Mercedes Benz GLE Class GLE 450 4Matic,2000000000.0,Nhập khẩu,Hà Nội,SUV,63000.0,Tự động,Đã sử dụng,Xăng
2025-10-23,2020,Toyota Innova 2.0E,495000000.0,Nội địa,TP HCM,Crossover,117000.0,Số Tay,Đã sử dụng,Xăng
2025-10-23,2016,Mazda 6 2.0 AT,438000000.0,Nội địa,Hà Nội,Sedan,37000.0,Tự động,Đã sử dụng,Xăng
2025-10-23,2025,Honda HRV e:HEV RS,869000000.0,Nhập khẩu,TP HCM,Crossover,0.0,Tự động,Xe mới,Hybrid
2025-10-23,2022,Ford Explorer Limited 2.3L EcoBoost,1000000000.0,Nhập khẩu,Hà Nội,SUV,50000.0,Tự động,Đã sử dụng,Xăng
2025-10-23,2025,VinFast Limo Green AT,718000000.0,Nội địa,Hà Nội,SUV,0.0,Tự động,Xe mới,Điện
2025-10-23,2021,Kia Carnival Signature 2.2D,1000000000.0,Nội địa,TP HCM,Van/Minivan,55000.0,Tự động,Đã sử dụng,Dầu diesel
2025-10-23,2021,Mercedes Benz E class E200 Exclusive,1000000000.0,Nội địa,TP HCM,Sedan,50000.0,Tự động,Đã sử dụng,Hybrid
2025-10-23,2014,BMW 4 Series 428i Convertible,1000000000.0,Nhập khẩu,TP HCM,Convertible/Cabriolet,32000.0,Tự động,Đã sử dụng,Xăng
2025-10-23,2022,Kia Carnival Signature 2.2D,1000000000.0,Nội địa,TP HCM,Van/Minivan,69000.0,Tự động,Đã sử dụng,Dầu diesel
2025-10-23,2022,Kia Carnival Signature 2.2D,1000000000.0,Nội địa,TP HCM,Van/Minivan,45000.0,Tự động,Đã sử dụng,Dầu diesel
2025-10-23,2019,Mercedes Benz C class C200 Exclusive,825000000.0,Nội địa,TP HCM,Sedan,42000.0,Tự động,Đã sử dụng,Xăng
2025-10-23,2025,Mitsubishi Xforce Ultimate,618000000.0,Nhập khẩu,Hà Nội,SUV,0.0,Tự động,Xe mới,Xăng
2025-10-23,2025,Toyota Alphard HEV 2.5 AT,4000000000.0,Nhập khẩu,TP HCM,Van/Minivan,0.0,Tự động,Xe mới,Hybrid
2025-10-23,2025,Hyundai SantaFe Calligraphy 2.5L HTRAC 7S,1000000000.0,Nội địa,Hà Nội,SUV,0.0,Tự động,Xe mới,Xăng
2025-10-23,2025,Lexus RX 350 Premium,3000000000.0,Nhập khẩu,Hà Nội,SUV,0.0,Tự động,Xe mới,Xăng
2025-10-23,2022,Toyota Vios E CVT,405000000.0,Nội địa,Hà Nội,Sedan,61000.0,Tự động,Đã sử dụng,Xăng
2025-10-23,2022,Peugeot 5008 AL 1.6 AT,819000000.0,Nội địa,TP HCM,SUV,36000.0,Tự động,Đã sử dụng,Xăng
2025-10-23,2015,Peugeot 3008 1.6 AT,345000000.0,Nội địa,Hà Nội,Crossover,115000.0,Tự động,Đã sử dụng,Xăng
2025-10-23,2022,Mercedes Benz C class C200 Avantgarde Plus,1000000000.0,Nội địa,TP HCM,Sedan,47000.0,Tự động,Đã sử dụng,Xăng
2025-10-23,2023,BMW 3 Series 320i Sport Line,1000000000.0,Nội địa,TP HCM,Sedan,24000.0,Tự động,Đã sử dụng,Xăng
2025-10-23,2022,Kia Carnival Signature 2.2D,1000000000.0,Nội địa,Hà Nội,Van/Minivan,67000.0,Tự động,Đã sử dụng,Dầu diesel
2025-10-23,2024,Honda CRV e:HEV RS,1000000000.0,Nhập khẩu,Hà Nội,SUV,35000.0,Tự động,Đã sử dụng,Hybrid
2025-10-23,2021,VinFast Fadil 1.4 AT Plus,315000000.0,Nội địa,Hà Nội,Hatchback,45000.0,Tự động,Đã sử dụng,Xăng
2025-10-23,2025,Toyota Fortuner Legender 2.4L 4x2 AT,1000000000.0,Nội địa,Hà Nội,SUV,0.0,Tự động,Xe mới,Dầu diesel
2025-10-23,2020,LandRover Range Rover Autobiography LWB 3.0 I6,6000000000.0,Nhập khẩu,Hà Nội,SUV,80000.0,Tự động,Đã sử dụng,Xăng
2025-10-23,2008,Porsche Cayenne GTS,399000000.0,Nhập khẩu,Hà Nội,SUV,120000.0,Tự động,Đã sử dụng,Xăng
2025-10-23,2022,VinFast Lux A 2.0 Nâng cao,550000000.0,Nội địa,Hà Nội,Sedan,68000.0,Tự động,Đã sử dụng,Xăng
2025-10-23,2025,VinFast Limo Green AT,704000000.0,Nội địa,Hà Nội,SUV,0.0,Tự động,Xe mới,Điện
2025-10-23,2025,Ford Ranger XLS 2.0L 4x4 AT,690000000.0,Nội địa,Hà Nội,Bán tải / Pickup,0.0,Tự động,Xe mới,Dầu diesel
2025-10-23,2018,Mercedes Benz C class C300 AMG,799000000.0,Nội địa,TP HCM,Sedan,96000.0,Tự động,Đã sử dụng,Xăng
2025-10-23,2025,Toyota Vios G 1.5 CVT,491000000.0,Nội địa,Khánh Hòa,Sedan,0.0,Tự động,Xe mới,Xăng
2025-10-23,2021,LandRover Range Rover Sport HSE 3.0 I6,7000000000.0,Nhập khẩu,TP HCM,SUV,0.0,Tự động,Xe mới,Xăng
2025-10-23,2016,Mercedes Benz C class C300 AMG,595000000.0,Nội địa,Hà Nội,Sedan,110000.0,Tự động,Đã sử dụng,Xăng
2025-10-23,2020,Toyota Innova 2.0E,458000000.0,Nội địa,Hà Nội,Crossover,76295.0,Số Tay,Đã sử dụng,Xăng
2025-10-23,2025,Toyota Corolla Cross 1.8HEV,848000000.0,Nhập khẩu,TP HCM,SUV,0.0,Tự động,Xe mới,Hybrid
2025-10-23,2019,BMW 5 Series 530i Luxury Line,1000000000.0,Nhập khẩu,Hà Nội,Sedan,50000.0,Tự động,Đã sử dụng,Xăng
2025-10-23,2025,Toyota Land Cruiser 3.5 V6,4000000000.0,Nhập khẩu,TP HCM,SUV,0.0,Tự động,Xe mới,Xăng
2025-10-23,2019,LandRover Range Rover Vogue LWB 3.0 I6,5000000000.0,Nhập khẩu,Hà Nội,SUV,64000.0,Tự động,Đã sử dụng,Xăng
2025-10-23,2025,Hyundai Palisade Prestige 2.2 AT HTRAC,1000000000.0,Nội địa,TP HCM,SUV,0.0,Tự động,Xe mới,Dầu diesel
2025-10-23,2014,Mercedes Benz G class G63 AMG,4000000000.0,Nhập khẩu,Hà Nội,SUV,140000.0,Tự động,Đã sử dụng,Xăng
2025-10-23,2015,Toyota Yaris 1.3G,325000000.0,Nhập khẩu,Hà Nội,Hatchback,113295.0,Tự động,Đã sử dụng,Xăng
2025-10-23,2024,Suzuki XL7 Hybrid 1.5 AT,608000000.0,Nhập khẩu,Hà Nội,SUV,0.0,Tự động,Xe mới,Hybrid
2025-10-23,2023,Ford Ranger Raptor 2.0L 4x4 AT,1000000000.0,Nhập khẩu,TP HCM,Bán tải / Pickup,26900.0,Tự động,Đã sử dụng,Dầu diesel
2025-10-23,2014,Mitsubishi Pajero Sport D 4x2 AT,380000000.0,Nội địa,Hà Nội,SUV,160000.0,Tự động,Đã sử dụng,Dầu diesel
2025-10-23,2018,Suzuki Swift GLX 1.2 AT,395000000.0,Nhập khẩu,Hà Nội,Hatchback,60000.0,Tự động,Đã sử dụng,Xăng
2025-10-23,2023,Porsche Panamera Platinum Edition,5000000000.0,Nhập khẩu,Hà Nội,Sedan,9200.0,Tự động,Đã sử dụng,Xăng
2025-10-23,2025,Mazda 3 1.5L Luxury,617000000.0,Nội địa,Thanh Hóa,Sedan,0.0,Tự động,Xe mới,Xăng
2025-10-23,2024,Toyota Yaris Cross 1.5 D,625000000.0,Nhập khẩu,Hà Nội,SUV,19000.0,Tự động,Đã sử dụng,Xăng
2025-10-23,2024,Mitsubishi Xpander Cross 1.5 AT,610000000.0,Nhập khẩu,Hà Nội,SUV,38000.0,Tự động,Đã sử dụng,Xăng
2025-10-23,2022,Honda CRV L,880000000.0,Nội địa,Hà Nội,SUV,31000.0,Tự động,Đã sử dụng,Xăng
2025-10-23,2025,Toyota Corolla Cross 1.8V,755000000.0,Nhập khẩu,Hà Nội,SUV,0.0,Tự động,Xe mới,Xăng
2025-10-23,2017,Mercedes Benz C class C250 Exclusive,670000000.0,Nội địa,Hà Nội,Sedan,70000.0,Tự động,Đã sử dụng,Xăng
2025-10-23,2020,Toyota Yaris 1.5G,505000000.0,Nhập khẩu,Hà Nội,Hatchback,62000.0,Tự động,Đã sử dụng,Xăng
2025-10-23,2016,BMW 7 Series 730Li,1000000000.0,Nhập khẩu,Hà Nội,Sedan,14500.0,Tự động,Đã sử dụng,Xăng
2025-10-23,2023,VinFast VF8 Eco AWD,660000000.0,Nội địa,Hà Nội,SUV,38000.0,Tự động,Đã sử dụng,Điện
2025-10-23,2016,Mercedes Benz GLS 350d 4Matic,1000000000.0,Nhập khẩu,Hà Nội,SUV,88000.0,Tự động,Đã sử dụng,Dầu diesel
2025-10-23,2009,Hyundai Accent 1.4 AT,155000000.0,Nhập khẩu,Phú Thọ,Sedan,12000.0,Tự động,Đã sử dụng,Xăng
2025-10-23,2025,Mitsubishi Xpander Premium 1.5 AT,659000000.0,Nhập khẩu,TP HCM,SUV,0.0,Tự động,Xe mới,Xăng
2025-10-23,2019,Mazda 3 1.5L Luxury,450000000.0,Nội địa,Hà Nội,Sedan,67899.0,Tự động,Đã sử dụng,Xăng
2025-10-23,2016,Hyundai SantaFe 2.4L 4WD,565000000.0,Nội địa,Hà Nội,SUV,85689.0,Tự động,Đã sử dụng,Xăng
2025-10-23,2021,Kia Seltos Luxury 1.4 AT,520000000.0,Nội địa,Hà Nội,Crossover,73000.0,Tự động,Đã sử dụng,Xăng
2025-10-23,2021,Mitsubishi Outlander Premium 2.0 CVT,675000000.0,Nội địa,Hà Nội,SUV,65000.0,Tự động,Đã sử dụng,Xăng
2025-10-23,2017,Toyota Innova 2.0E,375000000.0,Nội địa,TP HCM,Crossover,105.0,Số Tay,Đã sử dụng,Xăng
2025-10-23,2016,Mazda 3 1.5 AT,345000000.0,Nội địa,Hà Nội,Sedan,79000.0,Tự động,Đã sử dụng,Xăng
2025-10-23,2016,Audi Q7 3.0 AT,1000000000.0,Nhập khẩu,Hà Nội,SUV,138000.0,Tự động,Đã sử dụng,Xăng
2025-10-23,2022,Mazda CX8 Premium AWD,880000000.0,Nội địa,Hà Nội,SUV,70000.0,Tự động,Đã sử dụng,Xăng
2025-10-23,2021,Mercedes Benz C class C300 AMG,1000000000.0,Nhập khẩu,Hà Nội,Sedan,42000.0,Tự động,Đã sử dụng,Xăng
2025-10-23,2025,MG 5 Luxury 1.5 AT,455000000.0,Nhập khẩu,Thanh Hóa,Sedan,0.0,Tự động,Xe mới,Xăng
2025-10-23,2021,Kia Morning Deluxe,312000000.0,Nội địa,Thái Nguyên,Hatchback,50000.0,Tự động,Đã sử dụng,Xăng
2025-10-23,2014,BMW 4 Series 428i Gran Coupe,699000000.0,Nhập khẩu,TP HCM,Sedan,65000.0,Tự động,Đã sử dụng,Xăng
2025-10-23,2024,Mercedes Benz C class C200 Avantgarde,1000000000.0,Nội địa,TP HCM,Sedan,0.0,Tự động,Xe mới,Xăng
2025-10-23,2019,Hyundai Tucson 2.0 ATH,630000000.0,Nội địa,Hà Nội,Crossover,79000.0,Tự động,Đã sử dụng,Xăng
2025-10-23,2021,Porsche Macan 2.0,2000000000.0,Nhập khẩu,TP HCM,SUV,48000.0,Tự động,Đã sử dụng,Xăng
2025-10-23,2020,Mercedes Benz E class E300 AMG,1000000000.0,Nội địa,TP HCM,Sedan,22000.0,Tự động,Đã sử dụng,Hybrid
2025-10-23,2018,BMW 5 Series 520i,935000000.0,Nhập khẩu,Hà Nội,Sedan,47000.0,Tự động,Đã sử dụng,Xăng
2025-10-23,2021,Cadillac Escalade Premium Luxury ESV AWD,8000000000.0,Nhập khẩu,Hà Nội,SUV,50000.0,Tự động,Đã sử dụng,Xăng
2025-10-23,2008,Porsche Cayenne GTS,290000000.0,Nhập khẩu,Hà Nội,SUV,140000.0,Tự động,Đã sử dụng,Xăng
2025-10-23,2025,Ford Ranger XLS 2.0L 4x2 AT,612000000.0,Nội địa,Hà Nội,Bán tải / Pickup,0.0,Tự động,Xe mới,Dầu diesel
2025-10-23,2021,VinFast Fadil 1.4 AT,309000000.0,Nội địa,Hà Nội,Hatchback,60000.0,Tự động,Đã sử dụng,Xăng
2025-10-23,2010,BMW 5 Series 535i GT,445000000.0,Nhập khẩu,Hà Nội,Sedan,160000.0,Tự động,Đã sử dụng,Xăng
2025-10-23,2022,Mercedes Benz E class E200 Exclusive,1000000000.0,Nội địa,TP HCM,Sedan,25000.0,Tự động,Đã sử dụng,Hybrid
2025-10-23,2015,BMW 3 Series 320i GT,580000000.0,Nhập khẩu,Hà Nội,Sedan,80000.0,Tự động,Đã sử dụng,Xăng
2025-10-23,2021,Mercedes Benz GLB 35 4Matic,1000000000.0,Nhập khẩu,Hà Nội,SUV,67000.0,Tự động,Đã sử dụng,Xăng
2025-10-23,2012,BMW 3 Series 328i,438000000.0,Nhập khẩu,Hà Nội,Sedan,130000.0,Tự động,Đã sử dụng,Xăng
2025-10-23,2025,Toyota Raize G 1.0 CVT,487000000.0,Nhập khẩu,Hà Nội,SUV,0.0,Tự động,Xe mới,Xăng
2025-10-23,2013,Mercedes Benz GLK Class GLK220 CDI 4Matic,535000000.0,Nội địa,Hà Nội,SUV,110000.0,Tự động,Đã sử dụng,Dầu diesel
2025-10-23,2023,VinFast VF8 Eco AWD,630000000.0,Nội địa,Hà Nội,SUV,52000.0,Tự động,Đã sử dụng,Điện
2025-10-23,2017,Hyundai i10 Grand 1.2 MT Base,170000000.0,Nhập khẩu,Hà Nội,Sedan,80000.0,Số Tay,Đã sử dụng,Xăng
2025-10-23,2025,Ford Territory Titanium X 1.5 AT,819000000.0,Nội địa,Hà Nội,SUV,0.0,Tự động,Xe mới,Xăng
2025-10-23,2022,VinFast VF8 Eco AWD,610000000.0,Nội địa,Hà Nội,SUV,43000.0,Tự động,Đã sử dụng,Điện
2025-10-23,2025,Mercedes Benz C class C300 AMG,1000000000.0,Nội địa,TP HCM,Sedan,0.0,Tự động,Xe mới,Xăng
2025-10-23,2019,Kia Sedona 3.3 GAT Premium,635000000.0,Nội địa,TP HCM,Van/Minivan,82000.0,Tự động,Đã sử dụng,Xăng
2025-10-23,2022,Honda CRV L,875000000.0,Nội địa,TP HCM,SUV,27000.0,Tự động,Đã sử dụng,Xăng
2025-10-23,2015,BMW 3 Series 320i,535000000.0,Nhập khẩu,TP HCM,Sedan,70000.0,Tự động,Đã sử dụng,Xăng
2025-10-23,2021,Hyundai Kona 2.0 ATH,525000000.0,Nội địa,Hà Nội,Crossover,39000.0,Tự động,Đã sử dụng,Xăng
2025-10-23,2024,Mitsubishi Xpander Premium 1.5 AT,590000000.0,Nhập khẩu,TP HCM,SUV,4500.0,Tự động,Đã sử dụng,Xăng
2025-10-23,2024,Mitsubishi Xpander Cross 1.5 AT,626000000.0,Nhập khẩu,TP HCM,SUV,45000.0,Tự động,Đã sử dụng,Xăng
2025-10-23,2022,Mitsubishi Outlander Premium 2.0 CVT,710000000.0,Nội địa,Hà Nội,SUV,59000.0,Tự động,Đã sử dụng,Xăng
2025-10-23,2025,Mazda CX5 Deluxe 2.0 AT,699000000.0,Nội địa,Hà Nội,SUV,0.0,Tự động,Xe mới,Xăng
2025-10-23,2020,Kia Sorento 2.2 DAT Premium,568000000.0,Nội địa,TP HCM,SUV,52000.0,Tự động,Đã sử dụng,Dầu diesel
2025-10-23,2024,Toyota Corolla Cross 1.8HEV,900000000.0,Nhập khẩu,Hà Nội,SUV,7000.0,Tự động,Đã sử dụng,Hybrid
2025-10-23,2018,Mercedes Benz GLC 300 4Matic,1000000000.0,Nội địa,TP HCM,SUV,54000.0,Tự động,Đã sử dụng,Xăng
2025-10-23,2022,Mercedes Benz E class E200 Exclusive,1000000000.0,Nội địa,Hà Nội,Sedan,26000.0,Tự động,Đã sử dụng,Hybrid
2025-10-23,2023,Nissan Almera VL 1.0 CVT Cao cấp,485000000.0,Nhập khẩu,TP HCM,Sedan,62000.0,Tự động,Đã sử dụng,Xăng
2025-10-23,2025,Volkswagen Golf 2.0 TSI R Performance 4Motion,1000000000.0,Nhập khẩu,TP HCM,Hatchback,0.0,Tự động,Xe mới,Xăng
2025-10-23,2024,VinFast VF5 Plus,429000000.0,Nội địa,Hà Nội,SUV,20000.0,Tự động,Đã sử dụng,Điện
2025-10-23,2025,Ford Ranger XLS 2.0L 4x2 AT,642000000.0,Nội địa,Hà Nội,Bán tải / Pickup,0.0,Tự động,Xe mới,Dầu diesel
2025-10-23,2017,Mercedes Benz E class E300 AMG,1000000000.0,Nội địa,Hà Nội,Sedan,59000.0,Tự động,Đã sử dụng,Xăng
2025-10-23,2025,Ford Transit Mobihome,1000000000.0,Nội địa,TP HCM,Van/Minivan,0.0,Số Tay,Xe mới,Dầu diesel
2025-10-23,2025,Toyota Prado LC250 2.4L,3000000000.0,Nhập khẩu,Hà Nội,SUV,0.0,Tự động,Xe mới,Xăng
2025-10-23,2007,Toyota Innova G,165000000.0,Nội địa,Hà Nội,Crossover,20000.0,Số Tay,Đã sử dụng,Xăng
2025-10-23,2020,Lexus GX 460,4000000000.0,Nhập khẩu,Hà Nội,SUV,40000.0,Tự động,Đã sử dụng,Xăng
2025-10-23,2022,Suzuki XL7 1.5 AT,465000000.0,Nhập khẩu,Hà Nội,SUV,60000.0,Tự động,Đã sử dụng,Xăng
2025-10-23,2021,Mitsubishi Xpander 1.5 MT,410000000.0,Nhập khẩu,Hà Nội,SUV,80000.0,Số Tay,Đã sử dụng,Xăng
2025-10-23,2020,Thaco IVECO Premium Limoss,760000000.0,Nội địa,Thái Bình,SUV,80000.0,Số Tay,Đã sử dụng,Dầu diesel
2025-10-23,2023,Mercedes Benz C class C200 Avantgarde Plus,1000000000.0,Nội địa,TP HCM,Sedan,15.0,Tự động,Đã sử dụng,Xăng
2025-10-23,2015,Porsche Macan 2.0,1000000000.0,Nhập khẩu,Hà Nội,SUV,88000.0,Tự động,Đã sử dụng,Xăng
2025-10-23,2019,Suzuki Swift GLX 1.2 AT,380000000.0,Nhập khẩu,Hà Nội,Hatchback,65000.0,Tự động,Đã sử dụng,Xăng
2025-10-23,2022,Kia Carnival Royal 2.2D,1000000000.0,Nội địa,Hà Nội,Van/Minivan,20000.0,Tự động,Đã sử dụng,Dầu diesel
2025-10-23,2022,Mercedes Benz S class S450 4Matic,3000000000.0,Nhập khẩu,Hà Nội,Sedan,33333.0,Tự động,Đã sử dụng,Xăng
2025-10-23,2022,Subaru Forester 2.0i,675000000.0,Nhập khẩu,Hà Nội,SUV,60000.0,Tự động,Đã sử dụng,Xăng
2025-10-23,2018,Ford Ranger XLS 2.2L 4x2 MT,410000000.0,Nhập khẩu,Hà Nội,Bán tải / Pickup,13000.0,Số Tay,Đã sử dụng,Dầu diesel
2025-10-23,2017,Mercedes Benz GLC 250 4Matic,799000000.0,Nội địa,TP HCM,SUV,81000.0,Tự động,Đã sử dụng,Xăng
2025-10-23,2018,Toyota Vios 1.5E CVT,355000000.0,Nội địa,Hà Nội,Sedan,12000.0,Tự động,Đã sử dụng,Xăng
2025-10-23,2022,Ford Everest Titanium 2.0L 4x4 AT,1000000000.0,Nhập khẩu,Hà Nội,SUV,40900.0,Tự động,Đã sử dụng,Dầu diesel
2025-10-23,2019,Toyota Corolla altis 1.8G AT,525000000.0,Nội địa,Hà Nội,Sedan,40000.0,Tự động,Đã sử dụng,Xăng
2025-10-23,2022,Mercedes Benz GLC 300 4Matic,1000000000.0,Nội địa,TP HCM,SUV,80000.0,Tự động,Đã sử dụng,Xăng
2025-10-23,2023,BMW 5 Series 520i,1000000000.0,Nội địa,Khánh Hòa,Sedan,0.0,Tự động,Xe mới,Xăng
2025-10-23,2014,Toyota Corolla altis 1.8G AT,399000000.0,Nội địa,Hà Nội,Sedan,85000.0,Tự động,Đã sử dụng,Xăng
2025-10-23,2022,Mazda CX5 Premium 2.0 AT,710000000.0,Nội địa,Hà Nội,SUV,52000.0,Tự động,Đã sử dụng,Xăng
2025-10-23,2025,Mini Cooper S 5 Door,2000000000.0,Nhập khẩu,Hà Nội,Hatchback,0.0,Tự động,Xe mới,Xăng
2025-10-23,2022,Mercedes Benz S class S450 4Matic Luxury,4000000000.0,Nhập khẩu,TP HCM,Sedan,50.0,Tự động,Đã sử dụng,Xăng
2025-10-23,2023,Volkswagen Touareg Luxury 2.0 TSI,2000000000.0,Nhập khẩu,TP HCM,SUV,0.0,Tự động,Xe mới,Xăng
2025-10-23,2025,Volvo XC90 Plug,4000000000.0,Nhập khẩu,Hà Nội,SUV,0.0,Tự động,Xe mới,Hybrid
2025-10-23,2023,Hyundai Custin Cao Cấp 2.0T,885000000.0,Nội địa,TP HCM,Van/Minivan,20000.0,Tự động,Đã sử dụng,Xăng
2025-10-23,2021,Ford Ranger Wildtrak 2.0L 4x4 AT,750000000.0,Nội địa,TP HCM,Bán tải / Pickup,60000.0,Tự động,Đã sử dụng,Dầu diesel
2025-10-23,2025,VinFast VF9 Plus,1000000000.0,Nội địa,TP HCM,SUV,0.0,Tự động,Xe mới,Điện
2025-10-23,2018,BMW 3 Series 320i,770000000.0,Nhập khẩu,Hà Nội,Sedan,70000.0,Tự động,Đã sử dụng,Xăng
2025-10-23,2009,Kia Carens SX 2.0 AT,235000000.0,Nội địa,Phú Thọ,Crossover,120000.0,Tự động,Đã sử dụng,Xăng
2025-10-23,2023,Mercedes Benz EQB 250,2000000000.0,Nhập khẩu,Nghệ An,SUV,30.0,Tự động,Đã sử dụng,Điện
2025-10-23,2023,VinFast VF8 Plus AWD,770000000.0,Nội địa,Hà Nội,SUV,33000.0,Tự động,Đã sử dụng,Điện
2025-10-23,2025,BMW X4 xDrive20i M Sport,2000000000.0,Nhập khẩu,Hà Nội,SUV,0.0,Tự động,Xe mới,Xăng
2025-10-23,2024,Ford Ranger XLS 2.0L 4x2 AT,639000000.0,Nội địa,Hải Phòng,Bán tải / Pickup,14000.0,Tự động,Đã sử dụng,Dầu diesel
2025-10-23,2025,Toyota Fortuner 2.7L 4x2 AT,1000000000.0,Nhập khẩu,Hà Nội,SUV,0.0,Tự động,Xe mới,Xăng
2025-10-23,2016,Mercedes Benz C class C200,580000000.0,Nội địa,Hà Nội,Sedan,69000.0,Tự động,Đã sử dụng,Xăng
2025-10-23,2020,VinFast Lux A 2.0 Premium 2.0 AT,560000000.0,Nội địa,Hà Nội,Sedan,60000.0,Tự động,Đã sử dụng,Xăng
2025-10-23,2007,Toyota Innova G,159000000.0,Nội địa,TP HCM,Crossover,100000.0,Số Tay,Đã sử dụng,Xăng
2025-10-23,2022,VinFast Lux A 2.0 Nâng cao,585000000.0,Nội địa,Hà Nội,Sedan,25000.0,Tự động,Đã sử dụng,Xăng
2025-10-23,2019,VinFast Lux SA 2.0 2.0 AT,570000000.0,Nội địa,Hà Nội,SUV,40000.0,Tự động,Đã sử dụng,Xăng
2025-10-23,2022,VinFast Lux A 2.0 Tiêu chuẩn,565000000.0,Nội địa,Hà Nội,Sedan,17000.0,Tự động,Đã sử dụng,Xăng
2025-10-23,2021,VinFast Lux A 2.0 Base 2.0 AT,515000000.0,Nội địa,Hà Nội,Sedan,20000.0,Tự động,Đã sử dụng,Xăng
2025-10-23,2020,VinFast Lux A 2.0 Premium 2.0 AT,560000000.0,Nội địa,Hà Nội,Sedan,50000.0,Tự động,Đã sử dụng,Xăng
2025-10-23,2021,Mitsubishi Xpander 1.5 AT,455000000.0,Nhập khẩu,Hà Nội,SUV,80000.0,Tự động,Đã sử dụng,Xăng
2025-10-23,2022,Mitsubishi Attrage 1.2 MT,255000000.0,Nhập khẩu,Hà Nội,Sedan,69000.0,Số Tay,Đã sử dụng,Xăng
2025-10-23,2023,Toyota Vios E 1.5 MT,370000000.0,Nội địa,Hà Nội,Sedan,50000.0,Số Tay,Đã sử dụng,Xăng
2025-10-23,2013,BMW 3 Series 320i,465000000.0,Nhập khẩu,Hà Nội,Sedan,60000.0,Tự động,Đã sử dụng,Xăng
2025-10-23,2022,Lexus GX 460,4000000000.0,Nhập khẩu,Hà Nội,SUV,70000.0,Tự động,Đã sử dụng,Xăng
2025-10-23,2024,Hyundai Accent Đặc biệt 1.5 AT,499000000.0,Nội địa,Hà Nội,Sedan,20000.0,Tự động,Đã sử dụng,Xăng
2025-10-23,2025,Ford Ranger Stormtrak 2.0L 4x4 AT,1000000000.0,Nhập khẩu,TP HCM,Bán tải / Pickup,300.0,Tự động,Đã sử dụng,Dầu diesel
2025-10-23,2024,Mercedes Benz EQS 500 4Matic,5000000000.0,Nhập khẩu,Hà Nội,SUV,0.0,Tự động,Xe mới,Điện
2025-10-23,2022,VinFast VF8 Plus AWD,730000000.0,Nội địa,Hà Nội,SUV,43000.0,Tự động,Đã sử dụng,Điện
2025-10-23,2023,Mitsubishi Xpander 1.5 AT,500000000.0,Nhập khẩu,Phú Thọ,SUV,48000.0,Tự động,Đã sử dụng,Xăng
2025-10-23,2016,Hyundai Grand Starex 2.5 MT,485000000.0,Nhập khẩu,Hà Nội,Van/Minivan,130000.0,Số Tay,Đã sử dụng,Dầu diesel
2025-10-23,2019,Ford Everest Titanium 2.0L 4x2 AT,835000000.0,Nhập khẩu,TP HCM,SUV,64000.0,Tự động,Đã sử dụng,Dầu diesel
2025-10-23,2022,BMW X7 xDrive40i M Sport,3000000000.0,Nhập khẩu,Hà Nội,SUV,30000.0,Tự động,Đã sử dụng,Xăng
2025-10-23,2021,Mercedes Benz GLC 200 4Matic,1000000000.0,Nội địa,TP HCM,SUV,37000.0,Tự động,Đã sử dụng,Xăng
2025-10-23,2025,Toyota Corolla Cross 1.8HEV,857000000.0,Nhập khẩu,TP HCM,SUV,0.0,Tự động,Xe mới,Hybrid
2025-10-23,2019,Ford Ranger Wildtrak 2.0L 4x4 AT,599000000.0,Nhập khẩu,Hà Nội,Bán tải / Pickup,91000.0,Tự động,Đã sử dụng,Dầu diesel
2025-10-23,2023,Mitsubishi Xpander Cross 1.5 AT,585000000.0,Nhập khẩu,Hà Nội,SUV,38000.0,Tự động,Đã sử dụng,Xăng
2025-10-23,2024,Ford Territory Titanium X 1.5 AT,819000000.0,Nội địa,Hà Nội,SUV,18000.0,Tự động,Đã sử dụng,Xăng
2025-10-23,2020,Hyundai SantaFe Premium 2.2L HTRAC,860000000.0,Nội địa,Hà Nội,SUV,90000.0,Tự động,Đã sử dụng,Dầu diesel
2025-10-23,2024,Kia Sorento Premium 2.5 AT,959000000.0,Nội địa,Hà Nội,SUV,8500.0,Tự động,Đã sử dụng,Xăng
2025-10-23,2022,Mazda 3 1.5L Luxury,538000000.0,Nội địa,Hà Nội,Sedan,60000.0,Tự động,Đã sử dụng,Xăng
2025-10-23,2009,Toyota Innova G,210000000.0,Nội địa,TP HCM,Crossover,120.0,Số Tay,Đã sử dụng,Xăng
2025-10-23,2021,Mitsubishi Outlander 2.0 CVT,619000000.0,Nội địa,Hà Nội,SUV,44000.0,Tự động,Đã sử dụng,Xăng
2025-10-23,2025,Toyota Innova Cross 2.0 CVT,863000000.0,Nhập khẩu,Hà Nội,Crossover,2386.0,Tự động,Đã sử dụng,Xăng
2025-10-23,2021,Mercedes Benz C class C200 Exclusive,995000000.0,Nội địa,Hà Nội,Sedan,40000.0,Tự động,Đã sử dụng,Xăng
2025-10-23,2024,Hyundai SantaFe Cao cấp 2.5L HTRAC,1000000000.0,Nội địa,Hà Nội,SUV,5900.0,Tự động,Đã sử dụng,Xăng
2025-10-23,2023,Ford Territory Titanium X 1.5 AT,759000000.0,Nội địa,Hà Nội,SUV,17000.0,Tự động,Đã sử dụng,Xăng
2025-10-23,2021,Mitsubishi Xpander 1.5 AT,506000000.0,Nhập khẩu,Hà Nội,SUV,13000.0,Tự động,Đã sử dụng,Xăng
2025-10-23,2025,Hyundai Creta Tiêu chuẩn 1.5 AT,557000000.0,Nội địa,Hà Nội,SUV,0.0,Tự động,Xe mới,Xăng
2025-10-23,2022,VinFast VF8 Plus AWD,710000000.0,Nội địa,Hà Nội,SUV,44000.0,Tự động,Đã sử dụng,Điện
2025-10-23,2017,Honda City 1.5,335000000.0,Nội địa,Hà Nội,Sedan,60000.0,Tự động,Đã sử dụng,Xăng
2025-10-23,2023,Kia Sonet Premium 1.5 AT,558000000.0,Nội địa,Hà Nội,Crossover,35000.0,Tự động,Đã sử dụng,Xăng
2025-10-23,2021,Porsche Panamera 3.0 V6,4000000000.0,Nhập khẩu,Hà Nội,Sedan,40000.0,Tự động,Đã sử dụng,Xăng
2025-10-23,2025,Ford Territory Titanium X 1.5 AT,904000000.0,Nội địa,TP HCM,SUV,0.0,Tự động,Xe mới,Xăng
2025-10-23,2018,Mercedes Benz C class C200,739000000.0,Nội địa,TP HCM,Sedan,67935.0,Tự động,Đã sử dụng,Xăng
2025-10-23,2019,LandRover Range Rover Evoque R,1000000000.0,Nhập khẩu,Hà Nội,SUV,40000.0,Tự động,Đã sử dụng,Xăng
2025-10-23,2021,Mercedes Benz GLC 300 4Matic,1000000000.0,Nội địa,Hà Nội,SUV,77000.0,Tự động,Đã sử dụng,Xăng
2025-10-23,2019,Ford EcoSport Titanium 1.5L AT,398000000.0,Nội địa,Hà Nội,SUV,92000.0,Tự động,Đã sử dụng,Xăng
2025-10-23,2021,Ford Ranger Wildtrak 2.0L 4x4 AT,679000000.0,Nhập khẩu,Hà Nội,Bán tải / Pickup,88000.0,Tự động,Đã sử dụng,Dầu diesel
2025-10-23,2022,Lexus LM 350,5000000000.0,Nhập khẩu,Hà Nội,Van/Minivan,50000.0,Tự động,Đã sử dụng,Xăng
2025-10-23,2018,Honda Civic 1.8 E,488000000.0,Nhập khẩu,Bình Dương,Sedan,95000.0,Tự động,Đã sử dụng,Xăng
2025-10-23,2025,Mazda CX3 Premium 1.5 AT,654000000.0,Nội địa,TP HCM,Crossover,0.0,Tự động,Xe mới,Xăng
2025-10-23,2025,Mazda 3 1.5L Luxury,616000000.0,Nội địa,TP HCM,Sedan,0.0,Tự động,Xe mới,Xăng
2025-10-23,2025,Mazda CX8 Signature 2.5 AT AWD,1000000000.0,Nội địa,TP HCM,SUV,0.0,Tự động,Xe mới,Xăng
2025-10-23,2025,Mazda CX 30 Premium 2.0 AT,734000000.0,Nhập khẩu,TP HCM,Crossover,0.0,Tự động,Xe mới,Xăng
2025-10-23,2025,Mazda CX5 Premium Exclusive 2.0 AT,849000000.0,Nội địa,TP HCM,SUV,0.0,Tự động,Xe mới,Xăng
2025-10-23,2025,Mazda CX5 Premium 2.0 AT,794000000.0,Nội địa,TP HCM,SUV,0.0,Tự động,Xe mới,Xăng
2025-10-23,2025,Mazda CX5 Premium Sport 2.0 AT,819000000.0,Nội địa,TP HCM,SUV,0.0,Tự động,Xe mới,Xăng
2025-10-23,2025,Mazda CX5 Deluxe 2.0 AT,709000000.0,Nội địa,TP HCM,SUV,0.0,Tự động,Xe mới,Xăng
2025-10-23,2024,Kia K3 Premium 1.6 AT,588000000.0,Nội địa,Hà Nội,Sedan,16000.0,Tự động,Đã sử dụng,Xăng
2025-10-23,2025,Honda HRV G,699000000.0,Nhập khẩu,TP HCM,Crossover,0.0,Tự động,Xe mới,Xăng
2025-10-23,2021,Mazda CX3 Deluxe 1.5 AT,456000000.0,Nhập khẩu,Hải Phòng,Crossover,57000.0,Tự động,Đã sử dụng,Xăng
2025-10-23,2025,Ford Territory Titanium X 1.5 AT,850000000.0,Nội địa,Hà Nội,SUV,4600.0,Tự động,Đã sử dụng,Xăng
2025-10-23,2015,Kia Sportage 2.0 AT,439000000.0,Nhập khẩu,Hà Nội,Crossover,93000.0,Tự động,Đã sử dụng,Xăng
2025-10-23,2023,Ford Everest Titanium Plus 2.0L 4x4 AT,1000000000.0,Nhập khẩu,Hà Nội,SUV,40000.0,Tự động,Đã sử dụng,Dầu diesel
2025-10-23,2025,Mercedes Benz S class S450 4Matic Luxury,5000000000.0,Nhập khẩu,Quảng Ninh,Sedan,0.0,Tự động,Xe mới,Xăng
2025-10-23,2019,Kia Cerato 1.6 MT,375000000.0,Nội địa,Thanh Hóa,Sedan,80000.0,Số Tay,Đã sử dụng,Xăng
2025-10-23,2015,Mercedes Benz GLA class GLA 45 AMG 4Matic,599000000.0,Nhập khẩu,TP HCM,SUV,86000.0,Tự động,Đã sử dụng,Xăng
2025-10-23,2023,Ford Transit Tiêu chuẩn,622000000.0,Nội địa,TP HCM,Van/Minivan,95000.0,Số Tay,Đã sử dụng,Dầu diesel
2025-10-23,2024,Lexus RX 350h Premium,3000000000.0,Nhập khẩu,Hà Nội,SUV,0.0,Tự động,Xe mới,Hybrid
2025-10-23,2021,Ford Ranger Raptor 2.0L 4x4 AT,965000000.0,Nhập khẩu,TP HCM,Bán tải / Pickup,79000.0,Tự động,Đã sử dụng,Dầu diesel
2025-10-23,2019,Ford EcoSport Titanium 1.0 EcoBoost,415000000.0,Nội địa,TP HCM,SUV,32000.0,Tự động,Đã sử dụng,Xăng
2025-10-23,2017,Mercedes Benz C class C250 Exclusive,656000000.0,Nội địa,TP HCM,Sedan,85000.0,Tự động,Đã sử dụng,Xăng
2025-10-23,2008,BMW X6 xDrive50i,338000000.0,Nhập khẩu,TP HCM,SUV,80000.0,Tự động,Đã sử dụng,Xăng
2025-10-23,2016,Ford Ranger Wildtrak 3.2L 4x4 AT,468000000.0,Nhập khẩu,TP HCM,Bán tải / Pickup,120000.0,Tự động,Đã sử dụng,Dầu diesel
2025-10-23,2020,BMW X4 xDrive20i M Sport,1000000000.0,Nhập khẩu,Hà Nội,SUV,63000.0,Tự động,Đã sử dụng,Xăng
2025-10-23,2022,Mercedes Benz S class S450 4Matic Luxury,5000000000.0,Nhập khẩu,TP HCM,Sedan,6000.0,Tự động,Đã sử dụng,Xăng
2025-10-23,2021,Mercedes Benz C class C200 Exclusive,995000000.0,Nội địa,Hà Nội,Sedan,36000.0,Tự động,Đã sử dụng,Xăng
2025-10-23,2025,Toyota Corolla Cross 1.8V,768000000.0,Nhập khẩu,TP HCM,SUV,0.0,Tự động,Xe mới,Xăng
2025-10-23,2019,Toyota Camry 2.0G,745000000.0,Nhập khẩu,Hà Nội,Sedan,66000.0,Tự động,Đã sử dụng,Xăng
2025-10-23,2020,Kia Cerato 2.0 AT Premium,488000000.0,Nội địa,Hà Nội,Sedan,63000.0,Tự động,Đã sử dụng,Xăng
2025-10-23,2020,Ford Ranger Raptor 2.0L 4x4 AT,885000000.0,Nhập khẩu,Hà Nội,Bán tải / Pickup,76000.0,Tự động,Đã sử dụng,Dầu diesel
2025-10-23,2019,Mitsubishi Outlander 2.0 CVT,550000000.0,Nội địa,Hà Nội,SUV,68000.0,Tự động,Đã sử dụng,Xăng
2025-10-23,2014,Mercedes Benz CLA class CLA 45 AMG 4Matic,498000000.0,Nhập khẩu,TP HCM,Sedan,80000.0,Tự động,Đã sử dụng,Xăng
2025-10-23,2023,Toyota Corolla altis 1.8V,685000000.0,Nhập khẩu,Hà Nội,Sedan,28000.0,Tự động,Đã sử dụng,Xăng
2025-10-23,2022,Ford Ranger XLS 2.2L 4x2 AT,578000000.0,Nội địa,TP HCM,Bán tải / Pickup,45000.0,Tự động,Đã sử dụng,Dầu diesel
2025-10-23,2023,VinFast VF8 Eco,650000000.0,Nội địa,Hà Nội,SUV,52000.0,Tự động,Đã sử dụng,Điện
2025-10-23,2025,Hyundai Custin Cao Cấp 2.0T,951000000.0,Nội địa,TP HCM,Van/Minivan,0.0,Tự động,Xe mới,Xăng
2025-10-23,2025,Toyota Fortuner 2.4L 4x2 AT,1000000000.0,Nội địa,Khánh Hòa,SUV,0.0,Tự động,Xe mới,Dầu diesel
2025-10-23,2025,Hyundai Stargazer X 1.5 AT,513000000.0,Nhập khẩu,TP HCM,Van/Minivan,0.0,Tự động,Xe mới,Xăng
2025-10-23,2022,BMW X5 xDrive40i M Sport,3000000000.0,Nội địa,Hà Nội,SUV,0.0,Tự động,Xe mới,Xăng
2025-10-23,2016,Jaguar XE S 3.0AT,589000000.0,Nhập khẩu,TP HCM,Sedan,90000.0,Tự động,Đã sử dụng,Xăng
2025-10-23,2016,Lexus RX 350,2000000000.0,Nhập khẩu,Hà Nội,SUV,79000.0,Tự động,Đã sử dụng,Xăng
2025-10-23,2023,Kia Carnival Signature 2.2D,1000000000.0,Nội địa,Hà Nội,Van/Minivan,43000.0,Tự động,Đã sử dụng,Dầu diesel
2025-10-23,2021,Toyota Prado VX 2.7L,2000000000.0,Nhập khẩu,Hà Nội,SUV,89000.0,Tự động,Đã sử dụng,Xăng
2025-10-23,2021,Porsche Macan 2.0,2000000000.0,Nhập khẩu,Hà Nội,SUV,40000.0,Tự động,Đã sử dụng,Xăng
2025-10-23,2015,LandRover Range Rover Evoque HSE Dynamic,795000000.0,Nhập khẩu,Hà Nội,SUV,57000.0,Tự động,Đã sử dụng,Xăng
2025-10-23,2022,Volvo XC90 Ultimate B6 AWD,2000000000.0,Nhập khẩu,Hà Nội,SUV,70000.0,Tự động,Đã sử dụng,Xăng
2025-10-23,2020,Mercedes Benz S class S450L Luxury,2000000000.0,Nội địa,Hà Nội,Sedan,50000.0,Tự động,Đã sử dụng,Xăng
2025-10-23,2021,Porsche Macan 2.0,2000000000.0,Nhập khẩu,Hà Nội,SUV,41000.0,Tự động,Đã sử dụng,Xăng
2025-10-23,2017,Audi Q5 2.0 AT,1000000000.0,Nhập khẩu,Hà Nội,SUV,60000.0,Tự động,Đã sử dụng,Xăng
2025-10-23,2021,Toyota Land Cruiser 3.5 V6,4000000000.0,Nhập khẩu,Hà Nội,SUV,98000.0,Tự động,Đã sử dụng,Xăng
2025-10-23,2022,Volvo XC60 Recharge T8 AWD,2000000000.0,Nhập khẩu,Hà Nội,SUV,60000.0,Tự động,Đã sử dụng,Hybrid
2025-10-23,2021,Peugeot 3008 AL,709000000.0,Nội địa,Hà Nội,Crossover,48000.0,Tự động,Đã sử dụng,Xăng
2025-10-23,2015,BMW 7 Series 730Li,1000000000.0,Nhập khẩu,TP HCM,Sedan,66000.0,Tự động,Đã sử dụng,Xăng
2025-10-23,2022,BMW 3 Series 320i Sport Line,1000000000.0,Nội địa,TP HCM,Sedan,42000.0,Tự động,Đã sử dụng,Xăng
2025-10-23,2021,Toyota Camry 2.5Q,920000000.0,Nhập khẩu,TP HCM,Sedan,59500.0,Tự động,Đã sử dụng,Xăng
2025-10-23,2018,Lexus LX 570 Super Sport,6000000000.0,Nhập khẩu,Hà Nội,SUV,70000.0,Tự động,Đã sử dụng,Xăng
2025-10-23,2021,Mercedes Benz GLC 200,1000000000.0,Nội địa,TP HCM,SUV,55000.0,Tự động,Đã sử dụng,Xăng
2025-10-23,2015,Porsche Macan 2.0,1000000000.0,Nhập khẩu,TP HCM,SUV,76000.0,Tự động,Đã sử dụng,Xăng
2025-10-23,2019,Mercedes Benz C class C300 AMG,999000000.0,Nội địa,TP HCM,Sedan,88000.0,Tự động,Đã sử dụng,Xăng
2025-10-23,2018,Mercedes Benz E class E200,999000000.0,Nội địa,TP HCM,Sedan,72000.0,Tự động,Đã sử dụng,Xăng
2025-10-23,2021,Mercedes Benz C class C200 Exclusive,999000000.0,Nội địa,TP HCM,Sedan,76000.0,Tự động,Đã sử dụng,Xăng
2025-10-23,2019,Mercedes Benz C class C200 Exclusive,859000000.0,Nội địa,TP HCM,Sedan,59000.0,Tự động,Đã sử dụng,Xăng
2025-10-23,2021,VinFast Lux A 2.0 Plus 2.0 AT,535000000.0,Nội địa,Hà Nội,Sedan,50000.0,Tự động,Đã sử dụng,Xăng
2025-10-23,2022,Mercedes Benz GLC 200 4Matic,1000000000.0,Nội địa,TP HCM,SUV,44000.0,Tự động,Đã sử dụng,Xăng
2025-10-23,2020,Hyundai Kona 2.0 AT,460000000.0,Nội địa,Hà Nội,Crossover,76888.0,Tự động,Đã sử dụng,Xăng
2025-10-23,2021,Ford Ranger Raptor 2.0L 4x4 AT,995000000.0,Nhập khẩu,TP HCM,Bán tải / Pickup,1.0,Tự động,Đã sử dụng,Dầu diesel
2025-10-23,2022,Suzuki Swift GLX 1.2 AT,525000000.0,Nhập khẩu,TP HCM,Hatchback,8000.0,Tự động,Đã sử dụng,Xăng
2025-10-23,2020,Suzuki Ertiga Sport 1.5 AT,393000000.0,Nhập khẩu,Hải Phòng,SUV,79000.0,Tự động,Đã sử dụng,Xăng
2025-10-23,2024,VinFast VF9 Eco,1000000000.0,Nội địa,Hà Nội,SUV,0.0,Tự động,Xe mới,Điện
2025-10-23,2025,Toyota Avanza Premio 1.5 AT,510000000.0,Nội địa,TP HCM,SUV,0.0,Tự động,Xe mới,Xăng
2025-10-23,2024,Ford Ranger Wildtrak 2.0L 4x4 AT,855000000.0,Nội địa,Hà Nội,Bán tải / Pickup,34000.0,Tự động,Đã sử dụng,Dầu diesel
2025-10-23,2022,BMW X7 xDrive40i M Sport,4000000000.0,Nhập khẩu,Hà Nội,SUV,16000.0,Tự động,Đã sử dụng,Xăng
2025-10-23,2023,Peugeot 2008 GT Line 1.2 AT,685000000.0,Nội địa,Hà Nội,Crossover,22000.0,Tự động,Đã sử dụng,Xăng
2025-10-23,2023,Toyota Corolla altis 1.8V,689000000.0,Nhập khẩu,Hà Nội,Sedan,28000.0,Tự động,Đã sử dụng,Xăng
2025-10-23,2025,BYD Seal 5 DM,696000000.0,Nhập khẩu,Hà Nội,Sedan,0.0,Tự động,Xe mới,Hybrid
2025-10-23,2022,Toyota Fortuner 2.7L 4x2 AT,935000000.0,Nhập khẩu,Hà Nội,SUV,55000.0,Tự động,Đã sử dụng,Xăng
2025-10-23,2003,Suzuki Grand vitara XL,175000000.0,Nhập khẩu,Hà Nội,SUV,190000.0,Tự động,Đã sử dụng,Xăng
2025-10-23,2022,Lexus ES 300h,2000000000.0,Nhập khẩu,Hà Nội,Sedan,7000.0,Tự động,Đã sử dụng,Hybrid
2025-10-23,2024,Mazda 3 1.5L Sport Luxury,625000000.0,Nội địa,Hà Nội,Hatchback,7000.0,Tự động,Đã sử dụng,Xăng
2025-10-23,2025,Hyundai SantaFe Prestige 2.5L HTRAC,1000000000.0,Nội địa,TP HCM,SUV,0.0,Tự động,Xe mới,Xăng
2025-10-23,2025,Toyota Yaris Cross HEV 1.5 CVT,727000000.0,Nhập khẩu,TP HCM,SUV,0.0,Tự động,Xe mới,Hybrid
2025-10-23,2016,Mini Cooper S 5Dr,749000000.0,Nhập khẩu,Hà Nội,Hatchback,87000.0,Tự động,Đã sử dụng,Xăng
2025-10-23,2021,Ford Everest Titanium 2.0L 4x4 AT,890000000.0,Nhập khẩu,Hà Nội,SUV,90000.0,Tự động,Đã sử dụng,Dầu diesel
2025-10-23,2018,Mazda 3 1.5 AT,435000000.0,Nội địa,Hải Dương,Sedan,75000.0,Tự động,Đã sử dụng,Xăng
2025-10-23,2017,Hyundai i10 Grand 1.2 AT,266000000.0,Nội địa,Hải Phòng,Hatchback,97000.0,Tự động,Đã sử dụng,Xăng
2025-10-23,2021,Mitsubishi Attrage Premium 1.2 CVT,377000000.0,Nhập khẩu,TP HCM,Sedan,27000.0,Tự động,Đã sử dụng,Xăng
2025-10-23,2023,BMW 3 Series 320i M Sport,1000000000.0,Nội địa,TP HCM,Sedan,36000.0,Tự động,Đã sử dụng,Xăng
2025-10-23,2019,VinFast Lux A 2.0 Base 2.0 AT,445000000.0,Nội địa,Hà Nội,Sedan,115000.0,Tự động,Đã sử dụng,Xăng
2025-10-23,2025,Ford Territory Titanium X 1.5 AT,896000000.0,Nội địa,TP HCM,SUV,0.0,Tự động,Xe mới,Xăng
2025-10-23,2016,Hyundai Grand Starex Van 2.5 MT,445000000.0,Nhập khẩu,Hà Nội,Van/Minivan,120000.0,Số Tay,Đã sử dụng,Dầu diesel
2025-10-23,2023,Hyundai Accent 1.4 AT Đặc Biệt,465000000.0,Nội địa,TP HCM,Sedan,46000.0,Tự động,Đã sử dụng,Xăng
2025-10-23,2018,Mercedes Benz C class C200,699000000.0,Nội địa,Hà Nội,Sedan,80000.0,Tự động,Đã sử dụng,Xăng
2025-10-23,2025,Honda City RS 1.5 AT,509000000.0,Nội địa,Đồng Nai,Sedan,0.0,Tự động,Xe mới,Xăng
2025-10-23,2025,Ford Ranger Wildtrak 2.0L 4x4 AT,889000000.0,Nội địa,TP HCM,Bán tải / Pickup,0.0,Tự động,Xe mới,Dầu diesel
2025-10-23,2018,Kia Cerato 1.6 AT,390000000.0,Nội địa,Hà Nội,Sedan,83000.0,Tự động,Đã sử dụng,Xăng
2025-10-23,2023,Mitsubishi Attrage 1.2 CVT,350000000.0,Nhập khẩu,Hà Nội,Sedan,55000.0,Tự động,Đã sử dụng,Xăng
2025-10-23,2021,Suzuki Ertiga Sport 1.5 AT,396000000.0,Nhập khẩu,Hà Nội,SUV,81000.0,Tự động,Đã sử dụng,Xăng
2025-10-23,2023,Mitsubishi Xpander 1.5 MT,425000000.0,Nội địa,Hà Nội,SUV,63000.0,Số Tay,Đã sử dụng,Xăng
2025-10-23,2022,Hyundai Accent 1.4 MT,355000000.0,Nội địa,Hà Nội,Sedan,69858.0,Số Tay,Đã sử dụng,Xăng
2025-10-23,2019,Mercedes Benz C class C300 AMG,940000000.0,Nội địa,Hà Nội,Sedan,80000.0,Tự động,Đã sử dụng,Xăng
2025-10-23,2021,Hyundai Accent 1.4 AT Đặc Biệt,435000000.0,Nội địa,Hà Nội,Sedan,58000.0,Tự động,Đã sử dụng,Xăng
2025-10-23,2019,Peugeot 3008 1.6 AT,599000000.0,Nội địa,Hà Nội,Crossover,77000.0,Tự động,Đã sử dụng,Xăng
2025-10-23,2016,BMW 3 Series 320i,558000000.0,Nhập khẩu,Hà Nội,Sedan,100000.0,Tự động,Đã sử dụng,Xăng
2025-10-23,2022,Hyundai Accent 1.4 MT,355000000.0,Nội địa,Hà Nội,Sedan,70000.0,Số Tay,Đã sử dụng,Xăng
2025-10-23,2023,Ford Ranger Raptor 2.0L 4x4 AT,1000000000.0,Nhập khẩu,Hà Nội,Bán tải / Pickup,40000.0,Tự động,Đã sử dụng,Dầu diesel
2025-10-23,2025,BMW 4 Series 430i Convertible M Sport,3000000000.0,Nhập khẩu,Hà Nội,Convertible/Cabriolet,0.0,Tự động,Xe mới,Xăng
2025-10-23,2024,Ford Ranger Wildtrak 2.0L 4x4 AT,869000000.0,Nội địa,TP HCM,Bán tải / Pickup,20000.0,Tự động,Đã sử dụng,Dầu diesel
2025-10-23,2021,Kia Cerato 1.6 AT Deluxe,449000000.0,Nội địa,Hà Nội,Sedan,75000.0,Tự động,Đã sử dụng,Xăng
2025-10-23,2024,Suzuki XL7 Hybrid 1.5 AT,600000000.0,Nhập khẩu,Hà Nội,SUV,0.0,Tự động,Xe mới,Hybrid
2025-10-23,2025,Mazda CX5 Deluxe 2.0 AT,719000000.0,Nội địa,Thanh Hóa,SUV,0.0,Tự động,Xe mới,Xăng
2025-10-23,2019,Honda CRV G,710000000.0,Nhập khẩu,Hà Nội,SUV,110000.0,Tự động,Đã sử dụng,Xăng
2025-10-23,2025,Toyota Corolla Cross 1.8V,739000000.0,Nhập khẩu,Hà Nội,SUV,0.0,Tự động,Xe mới,Xăng
2025-10-23,2020,Audi Q7 55 TFSI Quattro,1000000000.0,Nhập khẩu,TP HCM,SUV,56000.0,Tự động,Đã sử dụng,Xăng
2025-10-23,2025,Volkswagen Teramont X Luxury 2.0 AT,1000000000.0,Nhập khẩu,TP HCM,SUV,0.0,Tự động,Xe mới,Xăng
2025-10-23,2021,Hyundai SantaFe 2.2L,799000000.0,Nội địa,Hà Nội,SUV,75000.0,Tự động,Đã sử dụng,Dầu diesel
2025-10-23,2025,Mitsubishi Triton GLX 2WD AT,590000000.0,Nhập khẩu,Hà Nội,Bán tải / Pickup,0.0,Tự động,Xe mới,Dầu diesel
2025-10-23,2025,Mitsubishi Xpander 1.5 AT,505000000.0,Nội địa,Hà Nội,SUV,0.0,Tự động,Xe mới,Xăng
2025-10-23,2022,BMW 5 Series 520i M Sport,1000000000.0,Nội địa,Khánh Hòa,Sedan,0.0,Tự động,Xe mới,Xăng
2025-10-23,2025,Ford Ranger XLS 2.0L 4x4 AT,706000000.0,Nội địa,TP HCM,Bán tải / Pickup,0.0,Tự động,Xe mới,Dầu diesel
2025-10-23,2022,Peugeot 2008 GT Line 1.2 AT,599000000.0,Nội địa,Hà Nội,Crossover,51000.0,Tự động,Đã sử dụng,Xăng
2025-10-23,2017,Mitsubishi Outlander 2.4 CVT Premium,535000000.0,Nội địa,Hà Nội,SUV,90000.0,Tự động,Đã sử dụng,Xăng
2025-10-23,2025,Toyota Corolla Cross 1.8V,745000000.0,Nhập khẩu,Hà Nội,SUV,0.0,Tự động,Xe mới,Xăng
2025-10-23,2009,Ssangyong Stavic 2.7 MT,148000000.0,Nhập khẩu,Hà Nội,Crossover,170000.0,Số Tay,Đã sử dụng,Dầu diesel
2025-10-23,2025,BMW X7 xDrive40i M Sport,4000000000.0,Nhập khẩu,Hà Nội,SUV,0.0,Tự động,Xe mới,Xăng
2025-10-23,2010,Hyundai Grand Starex 2.4 MT,295000000.0,Nhập khẩu,Hà Nội,Van/Minivan,150000.0,Số Tay,Đã sử dụng,Xăng
2025-10-23,2025,Ford Transit Cứu Thương,1000000000.0,Nội địa,TP HCM,Van/Minivan,0.0,Số Tay,Xe mới,Dầu diesel
2025-10-23,2023,Kia Sonet Deluxe 1.5 AT,495000000.0,Nội địa,Hải Phòng,Crossover,23000.0,Tự động,Đã sử dụng,Xăng
2025-10-23,2021,Kia Cerato 1.6 AT Deluxe,457000000.0,Nội địa,TP HCM,Sedan,60000.0,Tự động,Đã sử dụng,Xăng
2025-10-23,2023,Mitsubishi Xpander Premium 1.5 AT,545000000.0,Nhập khẩu,Hà Nội,SUV,51000.0,Tự động,Đã sử dụng,Xăng
2025-10-23,2023,Volkswagen Teramont 2.0 AT,1000000000.0,Nhập khẩu,TP HCM,SUV,0.0,Tự động,Xe mới,Xăng
2025-10-23,2025,Toyota Yaris Cross HEV 1.5 CVT,715000000.0,Nhập khẩu,TP HCM,SUV,0.0,Tự động,Xe mới,Hybrid
2025-10-23,2025,Hyundai Elantra 1.6 AT Tiêu chuẩn,564000000.0,Nội địa,Cần Thơ,Sedan,0.0,Tự động,Xe mới,Xăng
2025-10-23,2019,VinFast Fadil 1.4 AT,262000000.0,Nội địa,Hà Nội,Hatchback,66000.0,Tự động,Đã sử dụng,Xăng
2025-10-23,2023,Toyota Vios G 1.5 CVT,475000000.0,Nội địa,Hà Nội,Sedan,30000.0,Tự động,Đã sử dụng,Xăng
2025-10-23,2024,BMW 3 Series 320i Sport Line,1000000000.0,Nội địa,Hà Nội,Sedan,5000.0,Tự động,Đã sử dụng,Xăng
2025-10-23,2025,Mitsubishi Xforce GLX,511000000.0,Nhập khẩu,Hà Nội,SUV,0.0,Tự động,Xe mới,Xăng
2025-10-23,2025,BYD Han EV,1000000000.0,Nhập khẩu,TP HCM,Sedan,0.0,Tự động,Xe mới,Điện
2025-10-23,2025,VinFast VF6 Eco,646000000.0,Nội địa,TP HCM,SUV,0.0,Tự động,Xe mới,Điện
2025-10-23,2025,Toyota Veloz Cross 1.5 CVT,568000000.0,Nội địa,Khánh Hòa,SUV,0.0,Tự động,Xe mới,Xăng
2025-10-23,2022,Porsche Macan 2.0,2000000000.0,Nhập khẩu,TP HCM,SUV,44000.0,Tự động,Đã sử dụng,Xăng
2025-10-23,2022,Mercedes Benz S class S450 4Matic,3000000000.0,Nhập khẩu,Hà Nội,Sedan,20000.0,Tự động,Đã sử dụng,Xăng
2025-10-23,2025,Toyota Vios G 1.5 CVT,481000000.0,Nội địa,Hà Nội,Sedan,0.0,Tự động,Xe mới,Xăng
2025-10-23,2025,Toyota Raize G 1.0 CVT,485000000.0,Nhập khẩu,TP HCM,SUV,0.0,Tự động,Xe mới,Xăng
2025-10-23,2023,Toyota Corolla Cross 1.8V,750000000.0,Nhập khẩu,TP HCM,SUV,35000.0,Tự động,Đã sử dụng,Xăng
2025-10-23,2023,Mazda 3 1.5L Luxury,570000000.0,Nội địa,Hà Nội,Sedan,60000.0,Tự động,Đã sử dụng,Xăng
2025-10-23,2015,Toyota Sienna Limited 3.5,1000000000.0,Nhập khẩu,TP HCM,Van/Minivan,88000.0,Tự động,Đã sử dụng,Xăng
2025-10-23,2020,Toyota Prado VX 2.7L,1000000000.0,Nhập khẩu,TP HCM,SUV,100000.0,Tự động,Đã sử dụng,Xăng
2025-10-23,2019,Lexus NX 300,1000000000.0,Nhập khẩu,TP HCM,SUV,80000.0,Tự động,Đã sử dụng,Xăng
2025-10-23,2015,Mercedes Benz C class C250 AMG,599000000.0,Nội địa,TP HCM,Sedan,74000.0,Tự động,Đã sử dụng,Xăng
2025-10-23,2019,Ford Everest Titanium 2.0L 4x2 AT,775000000.0,Nhập khẩu,TP HCM,SUV,82000.0,Tự động,Đã sử dụng,Dầu diesel
2025-10-23,2020,Toyota Camry 2.5Q,868000000.0,Nhập khẩu,TP HCM,Sedan,82000.0,Tự động,Đã sử dụng,Xăng
2025-10-23,2019,Ford Transit Luxury,485000000.0,Nội địa,TP HCM,Van/Minivan,125000.0,Số Tay,Đã sử dụng,Dầu diesel
2025-10-23,2021,Ford Ranger XLS 2.2L 4x2 AT,535000000.0,Nhập khẩu,TP HCM,Bán tải / Pickup,56000.0,Tự động,Đã sử dụng,Dầu diesel
2025-10-23,2016,Mercedes Benz GLE Class GLE 400 4Matic Coupe,1000000000.0,Nhập khẩu,TP HCM,Coupe,90000.0,Tự động,Đã sử dụng,Xăng
2025-10-23,2022,Mitsubishi Xpander 1.5 MT,420000000.0,Nội địa,Hà Nội,SUV,72000.0,Số Tay,Đã sử dụng,Xăng
2025-10-23,2025,Toyota Corolla Cross 1.8HEV,860000000.0,Nhập khẩu,Hà Nội,SUV,0.0,Tự động,Xe mới,Hybrid
2025-10-23,2014,LandRover Range Rover Autobiography 5.0,2000000000.0,Nhập khẩu,Hà Nội,SUV,11000.0,Tự động,Đã sử dụng,Xăng
2025-10-23,2019,Lexus LX 570 Super Sport,7000000000.0,Nhập khẩu,TP HCM,SUV,41000.0,Tự động,Đã sử dụng,Xăng
2025-10-23,2018,BMW 7 Series 740Li,2000000000.0,Nhập khẩu,Hà Nội,Sedan,64000.0,Tự động,Đã sử dụng,Xăng
2025-10-23,2025,Toyota Raize G 1.0 CVT,490000000.0,Nhập khẩu,Hà Nội,SUV,0.0,Tự động,Xe mới,Xăng
2025-10-23,2023,Mitsubishi Attrage 1.2 CVT,349000000.0,Nhập khẩu,Hà Nội,Sedan,55000.0,Tự động,Đã sử dụng,Xăng
2025-10-23,2018,Kia Cerato 1.6 AT,389000000.0,Nội địa,Hà Nội,Sedan,83000.0,Tự động,Đã sử dụng,Xăng
2025-10-23,2025,Ford Territory Titanium X 1.5 AT,871000000.0,Nội địa,TP HCM,SUV,0.0,Tự động,Xe mới,Xăng
2025-10-23,2025,VinFast VF3 Plus,276000000.0,Nội địa,TP HCM,Hatchback,0.0,Tự động,Xe mới,Điện
2025-10-23,2022,VinFast VF8 Plus AWD,700000000.0,Nội địa,Hà Nội,SUV,36000.0,Tự động,Đã sử dụng,Điện
2025-10-23,2022,Kia Carnival Signature 3.5G,1000000000.0,Nội địa,TP HCM,Van/Minivan,35000.0,Tự động,Đã sử dụng,Xăng
2025-10-23,2018,Mazda 6 2.0L Premium,508000000.0,Nội địa,TP HCM,Sedan,57000.0,Tự động,Đã sử dụng,Xăng
2025-10-23,2025,VinFast VF3 Plus,280000000.0,Nội địa,TP HCM,Hatchback,0.0,Tự động,Xe mới,Điện
2025-10-23,2022,Mercedes Benz GLC 200 4Matic,1000000000.0,Nội địa,TP HCM,SUV,13000.0,Tự động,Đã sử dụng,Xăng
2025-10-23,2021,VinFast Fadil 1.4 AT,306000000.0,Nội địa,Hải Phòng,Hatchback,43000.0,Tự động,Đã sử dụng,Xăng
2025-10-23,2018,Kia Sedona 2.2L DATH,615000000.0,Nội địa,Hà Nội,Van/Minivan,110000.0,Tự động,Đã sử dụng,Dầu diesel
2025-10-23,2025,Hyundai Venue 1.0 T,481000000.0,Nội địa,TP HCM,SUV,0.0,Tự động,Xe mới,Xăng
2025-10-23,2022,Toyota Corolla Cross 1.8HV,775000000.0,Nhập khẩu,Hà Nội,SUV,32156.0,Tự động,Đã sử dụng,Hybrid
2025-10-23,2021,Hyundai Tucson 2.0 AT Đặc biệt,680000000.0,Nội địa,Hà Nội,Crossover,60000.0,Tự động,Đã sử dụng,Xăng
2025-10-23,2025,Ford Ranger Wildtrak 2.0L 4x4 AT,855000000.0,Nội địa,Hà Nội,Bán tải / Pickup,0.0,Tự động,Xe mới,Dầu diesel
2025-10-23,2020,Mercedes Benz E class E300 AMG,1000000000.0,Nội địa,Hà Nội,Sedan,45000.0,Tự động,Đã sử dụng,Xăng
2025-10-23,2021,Mercedes Benz GLC 300 4Matic,1000000000.0,Nội địa,Hà Nội,SUV,40404.0,Tự động,Đã sử dụng,Xăng
2025-10-23,2021,Hyundai i10 1.2 AT,370000000.0,Nội địa,Phú Thọ,Sedan,47000.0,Tự động,Đã sử dụng,Xăng
2025-10-23,2023,Kia Sonet Premium 1.5 AT,567000000.0,Nội địa,TP HCM,Crossover,33000.0,Tự động,Đã sử dụng,Xăng
2025-10-23,2022,Lexus RX 300,3000000000.0,Nhập khẩu,TP HCM,SUV,26000.0,Tự động,Đã sử dụng,Xăng
2025-10-23,2023,Hyundai Elantra 1.6 AT Đặc biệt,589000000.0,Nội địa,Hà Nội,Sedan,15000.0,Tự động,Đã sử dụng,Xăng
2025-10-23,2020,Hyundai SantaFe Premium 2.2L HTRAC,859000000.0,Nội địa,Hà Nội,SUV,70000.0,Tự động,Đã sử dụng,Dầu diesel
2025-10-23,2022,Mercedes Benz E class E200 Exclusive,2000000000.0,Nội địa,Hà Nội,Sedan,30.0,Tự động,Đã sử dụng,Xăng
2025-10-23,2025,Mercedes Benz C class C300 AMG,2000000000.0,Nội địa,Hà Nội,Sedan,0.0,Tự động,Xe mới,Xăng
2025-10-23,2021,Mercedes Benz C class C200 Exclusive,1000000000.0,Nội địa,Hà Nội,Sedan,36000.0,Tự động,Đã sử dụng,Xăng
2025-10-23,2024,Kia Seltos X,658000000.0,Nội địa,Hà Nội,Crossover,36000.0,Tự động,Đã sử dụng,Xăng
2025-10-23,2019,Mercedes Benz C class C200,775000000.0,Nội địa,Hà Nội,Sedan,96000.0,Tự động,Đã sử dụng,Xăng
2025-10-23,2024,VinFast VF8 Plus,999000000.0,Nội địa,Hà Nội,SUV,0.0,Tự động,Xe mới,Điện
2025-10-23,2014,Honda CRV 2.4 AT,465000000.0,Nội địa,Hà Nội,SUV,90000.0,Tự động,Đã sử dụng,Xăng
2025-10-23,2017,Toyota Fortuner 2.4G 4x2 MT,616000000.0,Nhập khẩu,Hà Nội,SUV,68000.0,Số Tay,Đã sử dụng,Dầu diesel
2025-10-23,2018,Toyota Vios 1.5E MT,276000000.0,Nội địa,Hà Nội,Sedan,68000.0,Số Tay,Đã sử dụng,Xăng
2025-10-23,2016,Toyota Innova 2.0E,279000000.0,Nội địa,Hà Nội,Crossover,72000.0,Số Tay,Đã sử dụng,Xăng
2025-10-23,2014,Hyundai Accent 1.4 AT,295000000.0,Nhập khẩu,Hà Nội,Sedan,87000.0,Tự động,Đã sử dụng,Xăng
2025-10-23,2013,Toyota Fortuner 2.7V 4x4 AT,335000000.0,Nội địa,Hà Nội,SUV,120000.0,Tự động,Đã sử dụng,Xăng
2025-10-23,2024,Toyota Vios E CVT,460000000.0,Nội địa,TP HCM,Sedan,39000.0,Tự động,Đã sử dụng,Xăng
2025-10-23,2022,Toyota Innova E 2.0 MT,585000000.0,Nội địa,Hà Nội,Crossover,55000.0,Số Tay,Đã sử dụng,Xăng
2025-10-23,2014,BMW i8 1.5L Hybrid,2000000000.0,Nhập khẩu,TP HCM,Coupe,48000.0,Tự động,Đã sử dụng,Hybrid
2025-10-23,2022,Toyota Prado VX 2.7L,2000000000.0,Nhập khẩu,Hà Nội,SUV,69886.0,Tự động,Đã sử dụng,Xăng
2025-10-23,2025,Hyundai Accent Cao cấp 1.5 AT,539000000.0,Nội địa,Cần Thơ,Sedan,0.0,Tự động,Xe mới,Xăng
2025-10-23,2025,Toyota Innova Cross 2.0 CVT,802000000.0,Nhập khẩu,Hà Nội,Crossover,0.0,Tự động,Xe mới,Xăng
2025-10-23,2025,Mercedes Benz E class E200 Exclusive,1000000000.0,Nội địa,Hà Nội,Sedan,0.0,Tự động,Xe mới,Xăng
2025-10-23,2024,Kia Seltos GT,688000000.0,Nội địa,TP HCM,Crossover,5000.0,Tự động,Đã sử dụng,Xăng
2025-10-23,2020,Suzuki Swift GLX 1.2 AT,439000000.0,Nhập khẩu,Hà Nội,Hatchback,50000.0,Tự động,Đã sử dụng,Xăng
2025-10-23,2023,VinFast VF8 Eco AWD,789000000.0,Nội địa,Bình Dương,SUV,48000.0,Tự động,Đã sử dụng,Điện
2025-10-23,2024,BMW 3 Series 320i M Sport,1000000000.0,Nội địa,Khánh Hòa,Sedan,0.0,Tự động,Xe mới,Xăng
2025-10-23,2009,Mercedes Benz GLK Class GLK300 4Matic,258000000.0,Nội địa,Hà Nội,SUV,100000.0,Tự động,Đã sử dụng,Xăng
2025-10-23,2022,VinFast Lux A 2.0 Cao cấp,600000000.0,Nội địa,Hà Nội,Sedan,50000.0,Tự động,Đã sử dụng,Xăng
2025-10-23,2022,Kia Carnival Premium 2.2D,1000000000.0,Nội địa,Hà Nội,Van/Minivan,87000.0,Tự động,Đã sử dụng,Dầu diesel
2025-10-23,2017,Mercedes Benz E class E300 AMG,1000000000.0,Nội địa,Hà Nội,Sedan,62000.0,Tự động,Đã sử dụng,Xăng
2025-10-23,2020,Kia Seltos Premium 1.4 AT,555000000.0,Nội địa,Hà Nội,Crossover,80000.0,Tự động,Đã sử dụng,Xăng
2025-10-23,2019,Porsche Macan 2.0,2000000000.0,Nhập khẩu,Hà Nội,SUV,15000.0,Tự động,Đã sử dụng,Xăng
2025-10-23,2019,Hyundai i10 Grand 1.2 AT,310000000.0,Nội địa,Hà Nội,Hatchback,70000.0,Tự động,Đã sử dụng,Xăng
2025-10-23,2018,Mazda 3 1.5 AT,405000000.0,Nội địa,TP HCM,Hatchback,65000.0,Tự động,Đã sử dụng,Xăng
2025-10-23,2022,Peugeot 3008 GT,820000000.0,Nội địa,Hà Nội,Crossover,40000.0,Tự động,Đã sử dụng,Xăng
2025-10-23,2023,BMW 4 Series 430i Convertible M Sport,2000000000.0,Nhập khẩu,TP HCM,Convertible/Cabriolet,22000.0,Tự động,Đã sử dụng,Xăng
2025-10-23,2022,Mercedes Benz S class S450 Luxury,4000000000.0,Nhập khẩu,Hà Nội,Sedan,30000.0,Tự động,Đã sử dụng,Xăng
2025-10-23,2019,Hyundai Tucson 2.0 ATH,645000000.0,Nội địa,Hà Nội,Crossover,90000.0,Tự động,Đã sử dụng,Xăng
2025-10-23,2019,Mercedes Benz E class E300 AMG,1000000000.0,Nội địa,Hà Nội,Sedan,88000.0,Tự động,Đã sử dụng,Xăng
2025-10-23,2019,Mercedes Benz C class C300 AMG,999000000.0,Nội địa,TP HCM,Sedan,60000.0,Tự động,Đã sử dụng,Xăng
2025-10-23,2016,Lexus RX 350,1000000000.0,Nhập khẩu,Hà Nội,SUV,100000.0,Tự động,Đã sử dụng,Xăng
2025-10-23,2018,Kia Sedona 2.2L DATH,645000000.0,Nội địa,Hà Nội,Van/Minivan,120000.0,Tự động,Đã sử dụng,Dầu diesel
2025-10-23,2025,BMW X7 xDrive40i,5000000000.0,Nhập khẩu,Hà Nội,SUV,0.0,Tự động,Xe mới,Xăng
2025-10-23,2022,Ford Ranger Wildtrak 2.0L 4x4 AT,799000000.0,Nội địa,Hải Dương,Bán tải / Pickup,65000.0,Tự động,Đã sử dụng,Dầu diesel
2025-10-23,2025,Toyota Innova Cross 2.0 CVT,795000000.0,Nhập khẩu,Hà Nội,Crossover,0.0,Tự động,Xe mới,Xăng
2025-10-23,2019,Mazda 3 1.5L Luxury,439000000.0,Nội địa,Hải Phòng,Sedan,57000.0,Tự động,Đã sử dụng,Xăng
2025-10-23,2025,Ford Everest Titanium Plus 2.0L 4x4 AT,1000000000.0,Nhập khẩu,Hà Nội,SUV,22.0,Tự động,Đã sử dụng,Dầu diesel
2025-10-23,2025,Ford Transit Trend,812000000.0,Nội địa,Hà Nội,Van/Minivan,0.0,Số Tay,Xe mới,Dầu diesel
2025-10-23,2019,VinFast Lux SA 2.0 Premium 2.0 AT,659000000.0,Nội địa,Hải Dương,SUV,100000.0,Tự động,Đã sử dụng,Xăng
2025-10-23,2021,Toyota Corolla Cross 1.8V,650000000.0,Nhập khẩu,Hà Nội,SUV,50000.0,Tự động,Đã sử dụng,Xăng
2025-10-23,2024,Volkswagen Viloran Luxury,2000000000.0,Nhập khẩu,TP HCM,Van/Minivan,9000.0,Tự động,Đã sử dụng,Xăng
2025-10-23,2014,Toyota Fortuner 2.7V 4x4 AT,423000000.0,Nội địa,Hà Nội,SUV,150000.0,Tự động,Đã sử dụng,Xăng
2025-10-23,2019,Suzuki Swift GLX 1.2 AT,410000000.0,Nhập khẩu,Hà Nội,Hatchback,36000.0,Tự động,Đã sử dụng,Xăng
2025-10-23,2022,Ford Everest Titanium Plus 2.0L 4x4 AT,1000000000.0,Nhập khẩu,Gia Lai,SUV,66000.0,Tự động,Đã sử dụng,Dầu diesel
2025-10-23,2025,Volkswagen Viloran Luxury,2000000000.0,Nhập khẩu,TP HCM,Van/Minivan,0.0,Tự động,Xe mới,Xăng
2025-10-23,2024,Mercedes Benz GLC 300 4Matic,2000000000.0,Nội địa,Hà Nội,SUV,0.0,Tự động,Xe mới,Hybrid
2025-10-23,2019,Toyota Corolla altis 1.8G AT,540000000.0,Nội địa,TP HCM,Sedan,69000.0,Tự động,Đã sử dụng,Xăng
2025-10-23,2016,Mercedes Benz E class E200,799000000.0,Nội địa,TP HCM,Sedan,80000.0,Tự động,Đã sử dụng,Xăng
2025-10-23,2021,Porsche Macan 2.0,3000000000.0,Nhập khẩu,TP HCM,SUV,45000.0,Tự động,Đã sử dụng,Xăng
2025-10-23,2020,Mercedes Benz GLC 300 4Matic,1000000000.0,Nội địa,TP HCM,SUV,9000.0,Tự động,Đã sử dụng,Xăng
2025-10-23,2021,Porsche Macan 2.0,2000000000.0,Nhập khẩu,TP HCM,SUV,55000.0,Tự động,Đã sử dụng,Xăng
2025-10-23,2024,Volvo S90 LWB Ultimate Recharge T8 AWD,2000000000.0,Nhập khẩu,TP HCM,Sedan,3500.0,Tự động,Đã sử dụng,Hybrid
2025-10-23,2024,Mazda 3 1.5L Luxury,590000000.0,Nội địa,Hà Nội,Sedan,6000.0,Tự động,Đã sử dụng,Xăng
2025-10-23,2025,Mitsubishi Triton GLX 2WD AT,586000000.0,Nhập khẩu,Hà Nội,Bán tải / Pickup,0.0,Tự động,Xe mới,Dầu diesel
2025-10-23,2025,VinFast VF3 Plus,287000000.0,Nội địa,Hà Nội,Hatchback,0.0,Tự động,Xe mới,Điện
2025-10-23,2025,Mazda CX5 Premium 2.0 AT,835000000.0,Nội địa,Hà Nội,SUV,3700.0,Tự động,Đã sử dụng,Xăng
2025-10-23,2023,Ford Everest Titanium Plus 2.0L 4x4 AT,1000000000.0,Nhập khẩu,Hà Nội,SUV,50000.0,Tự động,Đã sử dụng,Dầu diesel
2025-10-23,2021,Suzuki XL7 1.5 AT,445000000.0,Nhập khẩu,TP HCM,SUV,73000.0,Tự động,Đã sử dụng,Xăng
2025-10-23,2025,Lexus ES 250 F Sport,2000000000.0,Nhập khẩu,Hà Nội,Sedan,0.0,Tự động,Xe mới,Xăng
2025-10-23,2018,Toyota Corolla altis 1.8G AT,455000000.0,Nội địa,Vĩnh Phúc,Sedan,90000.0,Tự động,Đã sử dụng,Xăng
2025-10-23,2016,Mazda 3 1.5 AT,355000000.0,Nội địa,Hà Nội,Sedan,85000.0,Tự động,Đã sử dụng,Xăng
2025-10-23,2019,Hyundai Accent 1.4 AT,373000000.0,Nội địa,Hà Nội,Sedan,30000.0,Tự động,Đã sử dụng,Xăng
2025-10-23,2025,Toyota Vios G 1.5 CVT,490000000.0,Nội địa,TP HCM,Sedan,0.0,Tự động,Xe mới,Xăng
2025-10-23,2022,Hyundai SantaFe Cao cấp 2.5L HTRAC,1000000000.0,Nội địa,Hà Nội,SUV,70000.0,Tự động,Đã sử dụng,Xăng
2025-10-23,2009,Toyota IQ 1.0 AT,459000000.0,Nhập khẩu,TP HCM,Hatchback,32000.0,Tự động,Đã sử dụng,Xăng
2025-10-23,2019,Toyota Camry 2.0G,725000000.0,Nhập khẩu,Hà Nội,Sedan,110000.0,Tự động,Đã sử dụng,Xăng
2025-10-23,2011,Toyota Corolla altis 1.8G AT,290000000.0,Nội địa,Hưng Yên,Sedan,180000.0,Tự động,Đã sử dụng,Xăng
2025-10-23,2020,Mazda CX5 2.0 Luxury,639000000.0,Nội địa,Hải Phòng,SUV,58000.0,Tự động,Đã sử dụng,Xăng
2025-10-23,2024,Peugeot 3008 Premium,840000000.0,Nội địa,TP HCM,Crossover,9300.0,Tự động,Đã sử dụng,Xăng
2025-10-23,2025,Mitsubishi Xpander Cross 1.5 AT,608000000.0,Nhập khẩu,Hà Nội,SUV,0.0,Tự động,Xe mới,Xăng
2025-10-23,2023,Volkswagen Tiguan Allspace,1000000000.0,Nhập khẩu,Bình Dương,SUV,0.0,Tự động,Xe mới,Xăng
2025-10-23,2017,Porsche Macan 2.0,1000000000.0,Nhập khẩu,Hà Nội,SUV,79000.0,Tự động,Đã sử dụng,Xăng
2025-10-23,2025,Hyundai Stargazer Tiêu chuẩn 1.5 AT,452000000.0,Nhập khẩu,TP HCM,Van/Minivan,0.0,Tự động,Xe mới,Xăng
2025-10-23,2024,Mitsubishi Xforce Ultimate,610000000.0,Nhập khẩu,TP HCM,SUV,0.0,Tự động,Xe mới,Xăng
2025-10-23,2024,Kia Carnival Premium 2.2D 8S,1000000000.0,Nội địa,Hà Nội,Van/Minivan,20000.0,Tự động,Đã sử dụng,Dầu diesel
2025-10-23,2015,Mazda 3 1.5 AT,355000000.0,Nội địa,Lâm Đồng,Hatchback,98000.0,Tự động,Đã sử dụng,Xăng
2025-10-23,2025,Ford Territory Sport 1.5 AT,830000000.0,Nội địa,Hà Nội,SUV,1300.0,Tự động,Đã sử dụng,Xăng
2025-10-23,2024,Lexus RX 350 Premium,3000000000.0,Nhập khẩu,TP HCM,SUV,6000.0,Tự động,Đã sử dụng,Xăng
2025-10-23,2022,Mitsubishi Outlander 2.0 CVT,690000000.0,Nội địa,Hà Nội,SUV,65000.0,Tự động,Đã sử dụng,Xăng
2025-10-23,2023,VinFast VF8 Eco,680000000.0,Nội địa,Hà Nội,SUV,43000.0,Tự động,Đã sử dụng,Điện
2025-10-23,2022,Mitsubishi Attrage Premium 1.2 CVT,360000000.0,Nhập khẩu,Hà Nội,Sedan,62000.0,Tự động,Đã sử dụng,Xăng
2025-10-23,2016,Mazda 6 2.0 AT,400000000.0,Nội địa,Hà Nội,Sedan,120367.0,Tự động,Đã sử dụng,Xăng
2025-10-23,2022,Toyota Corolla Cross 1.8V,750000000.0,Nhập khẩu,Hà Nội,SUV,3557.0,Tự động,Đã sử dụng,Xăng
2025-10-23,2021,Mercedes Benz GLC 300 4Matic,1000000000.0,Nội địa,TP HCM,SUV,50000.0,Tự động,Đã sử dụng,Xăng
2025-10-23,2019,Mercedes Benz C class C200,799000000.0,Nội địa,TP HCM,Sedan,50000.0,Tự động,Đã sử dụng,Xăng
2025-10-23,2020,Mercedes Benz S class S450L,2000000000.0,Nội địa,TP HCM,Sedan,70000.0,Tự động,Đã sử dụng,Xăng
2025-10-23,2024,Honda BR V L,640000000.0,Nhập khẩu,TP HCM,SUV,17000.0,Tự động,Đã sử dụng,Xăng
2025-10-23,2022,Mercedes Benz GLC 300 4Matic,1000000000.0,Nội địa,Hà Nội,SUV,18000.0,Tự động,Đã sử dụng,Xăng
2025-10-23,2023,Honda City L 1.5 AT,440000000.0,Nội địa,TP HCM,Sedan,44000.0,Tự động,Đã sử dụng,Xăng
2025-10-23,2024,BMW X3 sDrive20i M Sport,1000000000.0,Nội địa,Hà Nội,SUV,9979.0,Tự động,Đã sử dụng,Xăng
2025-10-23,2025,Toyota Yaris Cross 1.5 D,595000000.0,Nhập khẩu,Hà Nội,SUV,0.0,Tự động,Xe mới,Xăng
2025-10-23,2025,Toyota Corolla Cross 1.8V,748000000.0,Nhập khẩu,Hà Nội,SUV,0.0,Tự động,Xe mới,Xăng
2025-10-23,2021,Mercedes Benz GLE Class GLE 53 4Matic+ Coupe AMG,3000000000.0,Nhập khẩu,Hà Nội,SUV,33000.0,Tự động,Đã sử dụng,Hybrid
2025-10-23,2023,Mazda 2 1.5 AT,399000000.0,Nhập khẩu,Hải Phòng,Sedan,30000.0,Tự động,Đã sử dụng,Xăng
2025-10-23,2019,LandRover Range Rover HSE 3.0 V6,4000000000.0,Nhập khẩu,Hà Nội,SUV,47000.0,Tự động,Đã sử dụng,Xăng
2025-10-23,2022,BMW X6 xDrive40i M Sport,3000000000.0,Nhập khẩu,TP HCM,SUV,17777.0,Tự động,Đã sử dụng,Xăng
2025-10-23,2023,Mercedes Benz GLC 300 4Matic,2000000000.0,Nội địa,Hà Nội,SUV,24000.0,Tự động,Đã sử dụng,Hybrid
2025-10-23,2022,Mercedes Benz GLC 200,1000000000.0,Nội địa,Hà Nội,SUV,32000.0,Tự động,Đã sử dụng,Xăng
2025-10-23,2022,BMW X4 xDrive20i M Sport,2000000000.0,Nhập khẩu,Hà Nội,SUV,38000.0,Tự động,Đã sử dụng,Xăng
2025-10-23,2021,Mercedes Benz S class S450 Luxury,3000000000.0,Nhập khẩu,Hà Nội,Sedan,46400.0,Tự động,Đã sử dụng,Xăng
2025-10-23,2017,Mercedes Benz S class S450L,1000000000.0,Nội địa,TP HCM,Sedan,60000.0,Tự động,Đã sử dụng,Xăng
2025-10-23,2025,Mitsubishi Xpander Premium 1.5 AT,575000000.0,Nhập khẩu,Hà Nội,SUV,0.0,Tự động,Xe mới,Xăng
2025-10-23,2022,Mercedes Benz E class E200 Exclusive,1000000000.0,Nội địa,TP HCM,Sedan,28000.0,Tự động,Đã sử dụng,Hybrid
2025-10-23,2020,Mazda 2 1.5 AT,369000000.0,Nhập khẩu,Hải Phòng,Sedan,46000.0,Tự động,Đã sử dụng,Xăng
2025-10-23,2021,Hyundai SantaFe Cao cấp 2.2L HTRAC,1000000000.0,Nội địa,Hà Nội,SUV,79000.0,Tự động,Đã sử dụng,Dầu diesel
2025-10-23,2019,Nissan Terra V 2.5 AT 4WD,765000000.0,Nhập khẩu,TP HCM,SUV,58000.0,Tự động,Đã sử dụng,Xăng
2025-10-23,2024,Toyota Yaris Cross 1.5 D,640000000.0,Nhập khẩu,TP HCM,SUV,36000.0,Tự động,Đã sử dụng,Xăng
2025-10-23,2015,Mercedes Benz GLA class GLA 45 AMG 4Matic,599000000.0,Nhập khẩu,TP HCM,SUV,60000.0,Tự động,Đã sử dụng,Xăng
2025-10-23,2014,Mercedes Benz S class S500L,995000000.0,Nội địa,TP HCM,Sedan,88000.0,Tự động,Đã sử dụng,Xăng
2025-10-23,2019,Mercedes Benz GLC 300 4Matic,999000000.0,Nội địa,TP HCM,SUV,88000.0,Tự động,Đã sử dụng,Xăng
2025-10-23,2019,Subaru Forester 2.0i,597000000.0,Nhập khẩu,TP HCM,SUV,59000.0,Tự động,Đã sử dụng,Xăng
2025-10-23,2021,Hyundai SantaFe Cao cấp 2.2L HTRAC,888000000.0,Nội địa,TP HCM,SUV,63000.0,Tự động,Đã sử dụng,Dầu diesel
2025-10-23,2019,Ford Everest Titanium 2.0L 4x2 AT,719000000.0,Nhập khẩu,TP HCM,SUV,122000.0,Tự động,Đã sử dụng,Dầu diesel
2025-10-23,2023,Subaru Forester 2.0i,748000000.0,Nhập khẩu,TP HCM,SUV,43000.0,Tự động,Đã sử dụng,Xăng
2025-10-23,2020,VinFast Fadil 1.4 AT Plus,299000000.0,Nội địa,Hải Phòng,Hatchback,30000.0,Tự động,Đã sử dụng,Xăng
2025-10-23,2018,Chevrolet Colorado LT 2.5L 4x2 AT,369000000.0,Nhập khẩu,Hà Nội,Bán tải / Pickup,120000.0,Tự động,Đã sử dụng,Dầu diesel
2025-10-23,2021,Ford Ranger XLS 2.2L 4x2 AT,550000000.0,Nhập khẩu,Hà Nội,Bán tải / Pickup,60000.0,Tự động,Đã sử dụng,Dầu diesel
2025-10-23,2022,Mercedes Benz V class V250 Luxury,1000000000.0,Nhập khẩu,TP HCM,Van/Minivan,40000.0,Tự động,Đã sử dụng,Xăng
2025-10-23,2021,Toyota Vios G 1.5 CVT,420000000.0,Nội địa,Hà Nội,Sedan,60000.0,Tự động,Đã sử dụng,Xăng
2025-10-23,2018,Mercedes Benz S class S450L,1000000000.0,Nội địa,TP HCM,Sedan,63000.0,Tự động,Đã sử dụng,Xăng
2025-10-23,2024,Ford Everest Titanium 2.0L 4x2 AT,1000000000.0,Nhập khẩu,Hà Nội,SUV,10000.0,Tự động,Đã sử dụng,Dầu diesel
2025-10-23,2025,Toyota Camry 2.5 HEV Top,1000000000.0,Nhập khẩu,Hà Nội,Sedan,0.0,Tự động,Xe mới,Hybrid
2025-10-23,2018,Kia Cerato 2.0 AT,385000000.0,Nội địa,Hà Nội,Sedan,85000.0,Tự động,Đã sử dụng,Xăng
2025-10-23,2009,Mercedes Benz GLK Class GLK300 4Matic,285000000.0,Nội địa,Hà Nội,SUV,110000.0,Tự động,Đã sử dụng,Xăng
2025-10-23,2007,Hyundai SantaFe 2.7L 4WD,199000000.0,Nhập khẩu,Hà Nội,SUV,150000.0,Tự động,Đã sử dụng,Xăng
2025-10-23,2018,Mercedes Benz S class S450L,1000000000.0,Nội địa,TP HCM,Sedan,68000.0,Tự động,Đã sử dụng,Xăng
2025-10-23,2019,Hyundai i10 Grand 1.2 AT,299000000.0,Nội địa,Hải Phòng,Sedan,50000.0,Tự động,Đã sử dụng,Xăng
2025-10-23,2022,Peugeot 3008 AL,765000000.0,Nội địa,Hà Nội,Crossover,30000.0,Tự động,Đã sử dụng,Xăng
2025-10-23,2019,Hyundai Accent 1.4 ATH,385000000.0,Nội địa,Hà Nội,Sedan,75000.0,Tự động,Đã sử dụng,Xăng
2025-10-23,2022,Hyundai SantaFe Cao cấp 2.5L HTRAC,1000000000.0,Nội địa,Hà Nội,SUV,52000.0,Tự động,Đã sử dụng,Xăng
2025-10-23,2024,Kia Carnival Signature 2.2D,1000000000.0,Nội địa,Hà Nội,Van/Minivan,28000.0,Tự động,Đã sử dụng,Dầu diesel
2025-10-23,2020,Lexus RX 300,2000000000.0,Nhập khẩu,TP HCM,SUV,64000.0,Tự động,Đã sử dụng,Xăng
2025-10-23,2020,VinFast Lux A 2.0 Plus 2.0 AT,535000000.0,Nội địa,Hà Nội,Sedan,16000.0,Tự động,Đã sử dụng,Xăng
2025-10-23,2024,Kia Sonet Premium 1.5 AT,595000000.0,Nội địa,Hà Nội,SUV,7000.0,Tự động,Đã sử dụng,Xăng
2025-10-23,2024,Kia Sportage Premium 2.0G,810000000.0,Nội địa,Hà Nội,Crossover,2900.0,Tự động,Đã sử dụng,Xăng
2025-10-23,2024,Hyundai Tucson 2.0 AT Đặc biệt,815000000.0,Nội địa,Hà Nội,Crossover,20000.0,Tự động,Đã sử dụng,Xăng
2025-10-23,2024,Kia Carnival Signature 2.2D,1000000000.0,Nội địa,Hà Nội,Van/Minivan,9000.0,Tự động,Đã sử dụng,Dầu diesel
2025-10-23,2021,Hyundai SantaFe Đặc biệt 2.5L HTRAC,935000000.0,Nội địa,Hà Nội,SUV,70000.0,Tự động,Đã sử dụng,Xăng
2025-10-23,2022,Mitsubishi Outlander 2.0 CVT,660000000.0,Nội địa,Hà Nội,SUV,53000.0,Tự động,Đã sử dụng,Xăng
2025-10-23,2022,Hyundai SantaFe Cao cấp 2.2L HTRAC,1000000000.0,Nội địa,Hà Nội,SUV,62000.0,Tự động,Đã sử dụng,Dầu diesel
2025-10-23,2022,Suzuki XL7 1.5 AT,475000000.0,Nhập khẩu,Hà Nội,SUV,25000.0,Tự động,Đã sử dụng,Xăng
2025-10-23,2021,Hyundai Tucson 2.0 AT Đặc biệt,686000000.0,Nội địa,Hà Nội,Crossover,48000.0,Tự động,Đã sử dụng,Xăng
2025-10-23,2022,Kia Sorento Signature 2.2 AT AWD,979000000.0,Nội địa,Hà Nội,SUV,43000.0,Tự động,Đã sử dụng,Dầu diesel
2025-10-23,2022,Hyundai SantaFe Cao cấp 2.2L HTRAC,1000000000.0,Nội địa,Hà Nội,SUV,47000.0,Tự động,Đã sử dụng,Dầu diesel
2025-10-23,2023,Ford Everest Titanium 2.0L 4x2 AT,1000000000.0,Nhập khẩu,Hà Nội,SUV,52000.0,Tự động,Đã sử dụng,Dầu diesel
2025-10-23,2020,Ford Everest Titanium 2.0L 4x2 AT,855000000.0,Nhập khẩu,Hà Nội,SUV,52000.0,Tự động,Đã sử dụng,Dầu diesel
2025-10-23,2020,Ford Everest Titanium 2.0L 4x2 AT,845000000.0,Nhập khẩu,Hà Nội,SUV,65000.0,Tự động,Đã sử dụng,Dầu diesel
2025-10-23,2023,Mazda 3 1.5L Luxury,568000000.0,Nội địa,Hà Nội,Sedan,50000.0,Tự động,Đã sử dụng,Xăng
2025-10-23,2024,Hyundai SantaFe Calligraphy 2.5L Turbo HTRAC,1000000000.0,Nội địa,Hà Nội,SUV,10000.0,Tự động,Đã sử dụng,Xăng
2025-10-23,2023,Ford Everest Titanium Plus 2.0L 4x4 AT,1000000000.0,Nhập khẩu,Hà Nội,SUV,38000.0,Tự động,Đã sử dụng,Dầu diesel
2025-10-23,2025,Dongfeng Captain D12 Mui Bạt,960000000.0,Nhập khẩu,TP HCM,Truck,0.0,Số Tay,Xe mới,Dầu diesel
2025-10-23,2024,Hyundai Custin Cao Cấp 2.0T,900000000.0,Nội địa,Hà Nội,Van/Minivan,19000.0,Tự động,Đã sử dụng,Xăng
2025-10-23,2025,TQ Wuling N300P Thùng Bạt 970kg,218000000.0,Nhập khẩu,TP HCM,Truck,0.0,Số Tay,Xe mới,Xăng
2025-10-23,2025,TQ Wuling N300P Thùng Kín Inox,218000000.0,Nhập khẩu,TP HCM,Truck,0.0,Số Tay,Xe mới,Xăng
2025-10-23,2025,Hyundai Solati 2.5 MT,1000000000.0,Nội địa,TP HCM,Van/Minivan,0.0,Số Tay,Xe mới,Dầu diesel
2025-10-23,2020,Lexus RX 300,2000000000.0,Nhập khẩu,TP HCM,SUV,46000.0,Tự động,Đã sử dụng,Xăng
2025-10-23,2021,Mercedes Benz C class C180 AMG,939000000.0,Nội địa,TP HCM,Sedan,26000.0,Tự động,Đã sử dụng,Xăng
2025-10-23,2022,Mitsubishi Outlander 2.0 CVT,650000000.0,Nội địa,Hà Nội,SUV,47000.0,Tự động,Đã sử dụng,Xăng
2025-10-23,2025,Lexus LM 500h,8000000000.0,Nhập khẩu,Hà Nội,Van/Minivan,0.0,Tự động,Xe mới,Hybrid
2025-10-23,2023,VinFast VF8 Plus AWD,860000000.0,Nội địa,Hà Nội,SUV,50000.0,Tự động,Đã sử dụng,Điện
2025-10-23,2023,VinFast VF8 Plus AWD,870000000.0,Nội địa,Hà Nội,SUV,49000.0,Tự động,Đã sử dụng,Điện
2025-10-23,2021,Porsche 911 Carrera S,7000000000.0,Nhập khẩu,TP HCM,Coupe,15555.0,Tự động,Đã sử dụng,Xăng
2025-10-23,2025,Toyota Corolla altis 1.8V,739000000.0,Nhập khẩu,Hà Nội,Sedan,0.0,Tự động,Xe mới,Xăng
2025-10-23,2021,VinFast Lux A 2.0 Plus 2.0 AT,555000000.0,Nội địa,Hà Nội,Sedan,50000.0,Tự động,Đã sử dụng,Xăng
2025-10-23,2013,LandRover Range Rover Evoque Dynamic,499000000.0,Nhập khẩu,TP HCM,SUV,100000.0,Tự động,Đã sử dụng,Xăng
2025-10-23,2014,Ford Fiesta Trend 1.5 AT,230000000.0,Nội địa,Hà Nội,Hatchback,83000.0,Tự động,Đã sử dụng,Xăng
2025-10-23,2017,Mercedes Benz S class Maybach S450,3000000000.0,Nhập khẩu,TP HCM,Sedan,60000.0,Tự động,Đã sử dụng,Xăng
2025-10-23,2024,BMW 3 Series 320i Sport Line,1000000000.0,Nội địa,Hà Nội,Sedan,17000.0,Tự động,Đã sử dụng,Xăng
2025-10-23,2025,Lexus NX 350h,3000000000.0,Nhập khẩu,Hà Nội,SUV,0.0,Tự động,Xe mới,Hybrid
2025-10-23,2016,Audi Q5 2.0 AT,699000000.0,Nhập khẩu,Hà Nội,SUV,96000.0,Tự động,Đã sử dụng,Xăng
2025-10-23,2019,Honda HRV L,556000000.0,Nhập khẩu,Hà Nội,Crossover,50000.0,Tự động,Đã sử dụng,Xăng
2025-10-23,2009,BMW 3 Series 320i,190000000.0,Nhập khẩu,Hà Nội,Sedan,130000.0,Tự động,Đã sử dụng,Xăng
2025-10-23,2010,Hyundai i30 CW 1.6 AT,240000000.0,Nhập khẩu,Hà Nội,Hatchback,88000.0,Tự động,Đã sử dụng,Xăng
2025-10-23,2016,Mercedes Benz C class C200,585000000.0,Nội địa,Hà Nội,Sedan,80000.0,Tự động,Đã sử dụng,Xăng
2025-10-23,2014,Honda City 1.5 AT,280000000.0,Nội địa,Hà Nội,Sedan,84000.0,Tự động,Đã sử dụng,Xăng
2025-10-23,2019,Mazda 6 Premium 2.0 AT,495000000.0,Nội địa,Hà Nội,Sedan,1.0,Tự động,Đã sử dụng,Xăng
2025-10-23,2016,Audi Q5 2.0 AT,660000000.0,Nhập khẩu,Hà Nội,SUV,60000.0,Tự động,Đã sử dụng,Xăng
2025-10-23,2019,Mazda 3 1.5L Luxury,450000000.0,Nội địa,Hà Nội,Sedan,56000.0,Tự động,Đã sử dụng,Xăng
2025-10-23,2016,Toyota Fortuner 2.4G 4x2 MT,545000000.0,Nhập khẩu,Hà Nội,SUV,140000.0,Số Tay,Đã sử dụng,Dầu diesel
2025-10-23,2023,BMW Z4 sDrive20i M Sport,2000000000.0,Nhập khẩu,TP HCM,Convertible/Cabriolet,0.0,Tự động,Xe mới,Xăng
2025-10-23,2021,Lexus RX 450h,3000000000.0,Nhập khẩu,Hà Nội,SUV,59999.0,Tự động,Đã sử dụng,Hybrid
2025-10-23,2024,Toyota Yaris Cross 1.5 D,625000000.0,Nhập khẩu,Hà Nội,SUV,10000.0,Tự động,Đã sử dụng,Xăng
2025-10-23,2024,VinFast VF8 S,880000000.0,Nội địa,Hà Nội,SUV,20.0,Tự động,Đã sử dụng,Điện
2025-10-23,2024,MG 5 Luxury 1.5 AT,465000000.0,Nhập khẩu,TP HCM,Sedan,13000.0,Tự động,Đã sử dụng,Xăng
2025-10-23,2025,Kia Carnival Premium 2.2D 8S,1000000000.0,Nội địa,Hà Nội,Van/Minivan,4000.0,Tự động,Đã sử dụng,Dầu diesel
2025-10-23,2015,BMW 5 Series 520i,539000000.0,Nhập khẩu,TP HCM,Sedan,60000.0,Tự động,Đã sử dụng,Xăng
2025-10-23,2024,Hyundai Accent Cao cấp 1.5 AT,528000000.0,Nội địa,Hà Nội,Sedan,6000.0,Tự động,Đã sử dụng,Xăng
2025-10-23,2021,Hyundai SantaFe Tiêu chuẩn 2.2L,949000000.0,Nội địa,Hà Nội,SUV,63000.0,Tự động,Đã sử dụng,Dầu diesel
2025-10-23,2025,Toyota Veloz Cross Top 1.5 CVT,562000000.0,Nội địa,Hà Nội,SUV,0.0,Tự động,Xe mới,Xăng
2025-10-23,2016,Mazda 3 1.5 AT,389000000.0,Nội địa,Hà Nội,Sedan,69000.0,Tự động,Đã sử dụng,Xăng
2025-10-23,2020,Honda Civic G 1.8 AT,599000000.0,Nhập khẩu,Hà Nội,Sedan,39788.0,Tự động,Đã sử dụng,Xăng
2025-10-23,2021,Mazda 3 1.5L Deluxe,529000000.0,Nội địa,Hà Nội,Sedan,24000.0,Tự động,Đã sử dụng,Xăng
2025-10-23,2025,Mazda CX3 Deluxe 1.5 AT,579000000.0,Nhập khẩu,Hà Nội,Crossover,5000.0,Tự động,Đã sử dụng,Xăng
2025-10-23,2022,Kia K3 Premium 2.0 AT,579000000.0,Nội địa,Hà Nội,Sedan,36000.0,Tự động,Đã sử dụng,Xăng
2025-10-23,2020,Honda City 1.5TOP,448000000.0,Nội địa,Hà Nội,Sedan,48000.0,Tự động,Đã sử dụng,Xăng
2025-10-23,2025,Lexus ES 250,2000000000.0,Nhập khẩu,Hà Nội,Sedan,0.0,Tự động,Xe mới,Xăng
2025-10-23,2025,Hyundai Custin Tiêu Chuẩn 1.5T,789000000.0,Nội địa,TP HCM,Van/Minivan,0.0,Tự động,Xe mới,Xăng
2025-10-23,2025,Toyota Vios E CVT,456000000.0,Nội địa,Hà Nội,Sedan,8000.0,Tự động,Đã sử dụng,Xăng
2025-10-23,2020,Mazda 3 1.5L Luxury,539000000.0,Nội địa,Hà Nội,Sedan,38000.0,Tự động,Đã sử dụng,Xăng
2025-10-23,2024,BMW X6 xDrive40i M Sport,4000000000.0,Nhập khẩu,Hà Nội,SUV,0.0,Tự động,Xe mới,Xăng
2025-10-23,2021,Hyundai Elantra 2.0 AT,525000000.0,Nội địa,Hà Nội,Sedan,15000.0,Tự động,Đã sử dụng,Xăng
2025-10-23,2024,VinFast VF8 S,760000000.0,Nội địa,Hà Nội,SUV,5.0,Tự động,Đã sử dụng,Điện
2025-10-23,2009,Bentley Continental GT Speed,1000000000.0,Nhập khẩu,TP HCM,Coupe,60000.0,Tự động,Đã sử dụng,Xăng
2025-10-23,2020,Mitsubishi Xpander 1.5 AT,448000000.0,Nhập khẩu,Lâm Đồng,SUV,76000.0,Tự động,Đã sử dụng,Xăng
2025-10-23,2022,Mitsubishi Xpander Premium 1.5 AT,525000000.0,Nhập khẩu,Hà Nội,SUV,61000.0,Tự động,Đã sử dụng,Xăng
2025-10-23,2025,Toyota Hilux 2.4L 4x2 AT,671000000.0,Nhập khẩu,Hà Nội,Bán tải / Pickup,0.0,Tự động,Xe mới,Dầu diesel
2025-10-23,2018,Mercedes Benz C class C200,699000000.0,Nội địa,TP HCM,Sedan,60000.0,Tự động,Đã sử dụng,Xăng
2025-10-23,2024,Toyota Fortuner 2.4L 4x2 AT,980000000.0,Nội địa,TP HCM,SUV,96000.0,Tự động,Đã sử dụng,Dầu diesel
2025-10-23,2021,Nissan Almera VL 1.0 CVT Cao cấp,419000000.0,Nhập khẩu,TP HCM,Sedan,64000.0,Tự động,Đã sử dụng,Xăng
2025-10-23,2009,Mercedes Benz E class E250,285000000.0,Nội địa,Tiền Giang,Sedan,108000.0,Tự động,Đã sử dụng,Xăng
2025-10-23,2025,Toyota Fortuner Legender 2.7L 4x2 AT,1000000000.0,Nhập khẩu,Hà Nội,SUV,0.0,Tự động,Xe mới,Xăng
2025-10-23,2022,Mercedes Benz GLE Class GLE 53 4Matic+ Coupe AMG,3000000000.0,Nhập khẩu,TP HCM,SUV,18000.0,Tự động,Đã sử dụng,Hybrid
2025-10-23,2024,Hyundai SantaFe Cao cấp 2.5L HTRAC,1000000000.0,Nội địa,Hà Nội,SUV,20000.0,Tự động,Đã sử dụng,Xăng
2025-10-23,2025,Lexus ES 300h,3000000000.0,Nhập khẩu,Hà Nội,Sedan,0.0,Tự động,Xe mới,Hybrid
2025-10-23,2006,Hyundai Universe,200000000.0,Nhập khẩu,TP HCM,Van/Minivan,26000.0,Số Tay,Đã sử dụng,Dầu diesel
2025-10-23,2025,VinFast VF3 Plus,269000000.0,Nội địa,Hà Nội,Hatchback,8000.0,Tự động,Đã sử dụng,Điện
2025-10-23,2025,Mitsubishi Xforce Ultimate,620000000.0,Nhập khẩu,Hà Nội,SUV,0.0,Tự động,Xe mới,Xăng
2025-10-23,2010,Hyundai i20 1.4 AT,205000000.0,Nhập khẩu,Hà Nội,Hatchback,150000.0,Tự động,Đã sử dụng,Xăng
2025-10-23,2018,Ford Mustang EcoBoost Fastback,1000000000.0,Nhập khẩu,Hà Nội,Coupe,48000.0,Tự động,Đã sử dụng,Xăng
2025-10-23,2016,Toyota Sienna Limited 3.5,1000000000.0,Nhập khẩu,TP HCM,Van/Minivan,66000.0,Tự động,Đã sử dụng,Xăng
2025-10-23,2025,Toyota Hilux 2.4L 4x2 AT,676000000.0,Nhập khẩu,Hà Nội,Bán tải / Pickup,0.0,Tự động,Xe mới,Dầu diesel
2025-10-23,2017,BMW X3 xDrive20i,739000000.0,Nhập khẩu,TP HCM,SUV,82000.0,Tự động,Đã sử dụng,Xăng
2025-10-23,2024,VinFast VF8 S,870000000.0,Nội địa,Hà Nội,SUV,30.0,Tự động,Đã sử dụng,Điện
2025-10-23,2018,Toyota Innova 2.0G,495000000.0,Nội địa,TP HCM,Crossover,75000.0,Tự động,Đã sử dụng,Xăng
2025-10-23,2024,Volkswagen Viloran Luxury,2000000000.0,Nhập khẩu,TP HCM,Van/Minivan,27000.0,Tự động,Đã sử dụng,Xăng
2025-10-23,2018,Honda Civic 1.8 E,488000000.0,Nhập khẩu,Hà Nội,Sedan,73000.0,Tự động,Đã sử dụng,Xăng
2025-10-23,2020,Mercedes Benz GLC 200,1000000000.0,Nội địa,TP HCM,SUV,52000.0,Tự động,Đã sử dụng,Xăng
2025-10-23,2019,Toyota Fortuner 2.4G 4x2 MT,715000000.0,Nhập khẩu,TP HCM,SUV,91000.0,Số Tay,Đã sử dụng,Dầu diesel
2025-10-23,2020,Mercedes Benz G class G63 AMG,7000000000.0,Nhập khẩu,TP HCM,SUV,14000.0,Tự động,Đã sử dụng,Xăng
2025-10-23,2023,BMW X4 xDrive20i M Sport,2000000000.0,Nhập khẩu,TP HCM,SUV,0.0,Tự động,Xe mới,Xăng
2025-10-23,2021,Mercedes Benz GLC 300 4Matic,1000000000.0,Nội địa,TP HCM,SUV,31000.0,Tự động,Đã sử dụng,Xăng
2025-10-23,2016,Isuzu Dmax LS 2.5 4x2 MT,315000000.0,Nhập khẩu,Bình Dương,Bán tải / Pickup,79000.0,Số Tay,Đã sử dụng,Dầu diesel
2025-10-23,2022,Toyota Corolla Cross 1.8V,705000000.0,Nhập khẩu,Hà Nội,SUV,40000.0,Tự động,Đã sử dụng,Xăng
2025-10-23,2025,Toyota Raize G 1.0 CVT,481000000.0,Nhập khẩu,Hà Nội,SUV,0.0,Tự động,Xe mới,Xăng
2025-10-23,2017,Mitsubishi Pajero Sport D 4x2 MT,399000000.0,Nội địa,TP HCM,SUV,80000.0,Số Tay,Đã sử dụng,Dầu diesel
2025-10-23,2022,Porsche Macan 2.0,3000000000.0,Nhập khẩu,TP HCM,SUV,10000.0,Tự động,Đã sử dụng,Xăng
2025-10-23,2023,BMW 4 Series 430i Convertible M Sport,2000000000.0,Nhập khẩu,TP HCM,Convertible/Cabriolet,14500.0,Tự động,Đã sử dụng,Xăng
2025-10-23,2023,BMW X7 xDrive40i,5000000000.0,Nhập khẩu,TP HCM,SUV,0.0,Tự động,Xe mới,Xăng
2025-10-23,2019,Mercedes Benz Maybach S450 4Matic,4000000000.0,Nhập khẩu,TP HCM,Sedan,20000.0,Tự động,Đã sử dụng,Xăng
2025-10-23,2021,Porsche Cayenne 3.0 V6,3000000000.0,Nhập khẩu,TP HCM,SUV,70000.0,Tự động,Đã sử dụng,Xăng
2025-10-23,2024,Hyundai SantaFe Calligraphy 2.5L Turbo HTRAC,1000000000.0,Nội địa,Hà Nội,SUV,7900.0,Tự động,Đã sử dụng,Xăng
2025-10-23,2025,Mitsubishi Triton GLX 2WD AT,585000000.0,Nhập khẩu,Hà Nội,Bán tải / Pickup,0.0,Tự động,Xe mới,Dầu diesel
2025-10-23,2020,Honda City 1.5TOP,400000000.0,Nội địa,Bình Dương,Sedan,40000.0,Tự động,Đã sử dụng,Xăng
2025-10-23,2015,BMW 7 Series 750Li,890000000.0,Nhập khẩu,Hà Nội,Sedan,1201.0,Tự động,Đã sử dụng,Xăng
2025-10-23,2021,Toyota Rush 1.5S AT,520000000.0,Nhập khẩu,TP HCM,SUV,67000.0,Tự động,Đã sử dụng,Xăng
2025-10-23,2021,Toyota Wigo 1.2 AT,305000000.0,Nhập khẩu,Hà Nội,Hatchback,4500.0,Tự động,Đã sử dụng,Xăng
2025-10-23,2020,Peugeot 5008 Allure 1.6 AT,679000000.0,Nội địa,TP HCM,SUV,54000.0,Tự động,Đã sử dụng,Xăng
2025-10-23,2022,Mercedes Benz GLC 300 4Matic Coupe,1000000000.0,Nhập khẩu,TP HCM,SUV,54000.0,Tự động,Đã sử dụng,Xăng
2025-10-23,2023,VinFast VF8 Eco AWD,660000000.0,Nội địa,Hà Nội,SUV,30000.0,Tự động,Đã sử dụng,Điện
2025-10-23,2021,Kia Sorento Premium 2.2 AT AWD,899000000.0,Nội địa,Hà Nội,SUV,38000.0,Tự động,Đã sử dụng,Dầu diesel
2025-10-23,2025,Mitsubishi Xforce Premium,579000000.0,Nhập khẩu,Hà Nội,SUV,0.0,Tự động,Xe mới,Xăng
2025-10-23,2017,Mercedes Benz E class E300 AMG,950000000.0,Nội địa,Hà Nội,Sedan,6500.0,Tự động,Đã sử dụng,Xăng
2025-10-23,2022,Mitsubishi Pajero Sport 2.4D 4x4 AT,995000000.0,Nhập khẩu,Hà Nội,SUV,30000.0,Tự động,Đã sử dụng,Dầu diesel
2025-10-23,2021,Mazda CX3 Premium 1.5 AT,535000000.0,Nhập khẩu,Hà Nội,Crossover,18000.0,Tự động,Đã sử dụng,Xăng
2025-10-23,2021,VinFast Lux A 2.0 Base 2.0 AT,480000000.0,Nội địa,Hà Nội,Sedan,65000.0,Tự động,Đã sử dụng,Xăng
2025-10-23,2019,Mazda 2 Sport Luxury,359000000.0,Nhập khẩu,Hà Nội,Hatchback,89000.0,Tự động,Đã sử dụng,Xăng
2025-10-23,2010,Honda Civic 1.8 AT,245000000.0,Nội địa,Hà Nội,Sedan,120000.0,Tự động,Đã sử dụng,Xăng
2025-10-23,2016,Lexus RX 200t,1000000000.0,Nhập khẩu,Hà Nội,SUV,130000.0,Tự động,Đã sử dụng,Xăng
2025-10-23,2020,Mercedes Benz GLC 200 4Matic,1000000000.0,Nội địa,Hà Nội,SUV,56000.0,Tự động,Đã sử dụng,Xăng
2025-10-23,2025,BMW X3 xDrive20i,2000000000.0,Nội địa,TP HCM,SUV,0.0,Tự động,Xe mới,Xăng
2025-10-23,2019,Nissan Navara EL Premium R,488000000.0,Nhập khẩu,TP HCM,Bán tải / Pickup,19000.0,Tự động,Đã sử dụng,Dầu diesel
2025-10-23,2016,Mercedes Benz GLC 300 4Matic,739000000.0,Nội địa,TP HCM,SUV,62000.0,Tự động,Đã sử dụng,Xăng
2025-10-23,2022,Mercedes Benz C class C300 AMG,1000000000.0,Nhập khẩu,TP HCM,Sedan,18888.0,Tự động,Đã sử dụng,Xăng
2025-10-23,2011,Toyota Camry 2.4G,375000000.0,Nội địa,Hà Nội,Sedan,150000.0,Tự động,Đã sử dụng,Xăng
2025-10-23,2022,Toyota Corolla altis 1.8V,620000000.0,Nhập khẩu,Hải Dương,Sedan,100000.0,Tự động,Đã sử dụng,Xăng
2025-10-23,2022,Kia Sonet Luxury 1.5 AT,515000000.0,Nội địa,Bình Dương,Crossover,55000.0,Tự động,Đã sử dụng,Xăng
2025-10-23,2024,Toyota Yaris Cross 1.5 D,620000000.0,Nhập khẩu,Hà Nội,SUV,35000.0,Tự động,Đã sử dụng,Xăng
2025-10-23,2022,Peugeot 3008 GT,790000000.0,Nội địa,Hà Nội,Crossover,5000.0,Tự động,Đã sử dụng,Xăng
2025-10-23,2015,BMW i8 1.5L Hybrid,2000000000.0,Nhập khẩu,TP HCM,Coupe,35000.0,Tự động,Đã sử dụng,Hybrid
2025-10-23,2025,Ford Transit Trend,857000000.0,Nội địa,TP HCM,Van/Minivan,0.0,Số Tay,Xe mới,Dầu diesel
2025-10-23,2018,Toyota Rush 1.5S AT,410000000.0,Nhập khẩu,TP HCM,SUV,100000.0,Tự động,Đã sử dụng,Xăng
2025-10-23,2013,Toyota Camry 2.5G,439000000.0,Nội địa,Hà Nội,Sedan,109560.0,Tự động,Đã sử dụng,Xăng
2025-10-23,2025,Kia Carnival Signature 1.6 Turbo HEV 7S,1000000000.0,Nội địa,Hà Nội,Van/Minivan,8766.0,Tự động,Đã sử dụng,Hybrid
2025-10-23,2022,Mitsubishi Triton Athlete 4x4 AT,689000000.0,Nhập khẩu,Hà Nội,Bán tải / Pickup,13000.0,Tự động,Đã sử dụng,Dầu diesel
2025-10-23,2011,Toyota Highlander SE 2.7,559000000.0,Nhập khẩu,Hà Nội,SUV,100000.0,Tự động,Đã sử dụng,Xăng
2025-10-23,2020,Hyundai i10 Grand 1.2 AT,335000000.0,Nội địa,Hà Nội,Hatchback,59000.0,Tự động,Đã sử dụng,Xăng
2025-10-23,2017,Ford Everest Ambiente 2.2L 4x2 MT,569000000.0,Nhập khẩu,Hà Nội,SUV,134569.0,Số Tay,Đã sử dụng,Dầu diesel
2025-10-23,2022,VinFast Lux A 2.0 Tiêu chuẩn,539000000.0,Nội địa,Hà Nội,Sedan,42000.0,Tự động,Đã sử dụng,Xăng
2025-10-23,2022,Suzuki Swift GLX 1.2 AT,455000000.0,Nhập khẩu,Hà Nội,Hatchback,53421.0,Tự động,Đã sử dụng,Xăng
2025-10-23,2018,Honda City 1.5TOP,365000000.0,Nội địa,Vĩnh Phúc,Sedan,17000.0,Tự động,Đã sử dụng,Xăng
2025-10-23,2022,Mitsubishi Xpander 1.5 AT,459000000.0,Nhập khẩu,Hà Nội,SUV,69000.0,Tự động,Đã sử dụng,Xăng
2025-10-23,2022,Peugeot 3008 GT,789000000.0,Nội địa,Hà Nội,Crossover,25689.0,Tự động,Đã sử dụng,Xăng
2025-10-23,2020,Hyundai i10 Grand 1.2 AT,335000000.0,Nội địa,Hà Nội,Hatchback,80000.0,Tự động,Đã sử dụng,Xăng
2025-10-23,2019,Mitsubishi Attrage 1.2 CVT Eco,289000000.0,Nhập khẩu,Hà Nội,Sedan,56000.0,Tự động,Đã sử dụng,Xăng
2025-10-23,2020,Ford Ranger Wildtrak 2.0L 4x4 AT,659000000.0,Nhập khẩu,Hà Nội,Bán tải / Pickup,86000.0,Tự động,Đã sử dụng,Dầu diesel
2025-10-23,2018,Toyota Corolla altis 2.0V Sport,499000000.0,Nội địa,Hà Nội,Sedan,100000.0,Tự động,Đã sử dụng,Xăng
2025-10-23,2020,Hyundai SantaFe Premium 2.4L HTRAC,799000000.0,Nội địa,Hà Nội,SUV,75600.0,Tự động,Đã sử dụng,Xăng
2025-10-23,2019,Toyota Hilux 2.4E 4x2 AT,550000000.0,Nhập khẩu,Hà Nội,Bán tải / Pickup,120000.0,Tự động,Đã sử dụng,Dầu diesel
2025-10-23,2016,Mercedes Benz C class C250 Exclusive,695000000.0,Nội địa,TP HCM,Sedan,50000.0,Tự động,Đã sử dụng,Xăng
2025-10-23,2021,Mitsubishi Outlander Premium 2.0 CVT,679000000.0,Nội địa,Hà Nội,SUV,79000.0,Tự động,Đã sử dụng,Xăng
2025-10-23,2020,Mercedes Benz C class C180,866000000.0,Nội địa,Hà Nội,Sedan,50000.0,Tự động,Đã sử dụng,Xăng
2025-10-23,2024,Toyota Yaris Cross 1.5 D,635000000.0,Nhập khẩu,Hà Nội,SUV,10000.0,Tự động,Đã sử dụng,Xăng
2025-10-23,2019,Mercedes Benz S class S450L Luxury,2000000000.0,Nội địa,TP HCM,Sedan,50000.0,Tự động,Đã sử dụng,Xăng
2025-10-23,2022,Toyota Corolla altis 1.8V,655000000.0,Nhập khẩu,Hà Nội,Sedan,45000.0,Tự động,Đã sử dụng,Xăng
2025-10-23,2022,Ford Ranger XLS 2.2L 4x2 MT,535000000.0,Nội địa,TP HCM,Bán tải / Pickup,57000.0,Số Tay,Đã sử dụng,Dầu diesel
2025-10-23,2015,Porsche Macan 2.0,1000000000.0,Nhập khẩu,TP HCM,SUV,88888.0,Tự động,Đã sử dụng,Xăng
2025-10-23,2017,Mercedes Benz C class C300 AMG,763000000.0,Nội địa,Hà Nội,Sedan,96000.0,Tự động,Đã sử dụng,Xăng
2025-10-23,2024,BMW X5 xDrive40i M Sport,3000000000.0,Nội địa,TP HCM,SUV,0.0,Tự động,Xe mới,Xăng
2025-10-23,2022,Mazda 3 1.5L Luxury,550000000.0,Nội địa,Hà Nội,Sedan,39000.0,Tự động,Đã sử dụng,Xăng
2025-10-23,2025,Mitsubishi Xpander Cross 1.5 AT,615000000.0,Nhập khẩu,Hà Nội,SUV,0.0,Tự động,Xe mới,Xăng
2025-10-23,2025,Toyota Innova Cross 2.0 CVT,790000000.0,Nhập khẩu,Hà Nội,Crossover,0.0,Tự động,Xe mới,Xăng
2025-10-23,2014,Lamborghini Huracan LP610 Coupe,8000000000.0,Nhập khẩu,TP HCM,Coupe,25000.0,Tự động,Đã sử dụng,Xăng
2025-10-23,2025,Toyota Corolla altis 1.8V,720000000.0,Nhập khẩu,Đà Nẵng,Sedan,4250.0,Tự động,Đã sử dụng,Xăng
2025-10-23,2022,Mini Cooper S 3 Door,1000000000.0,Nhập khẩu,TP HCM,Hatchback,9500.0,Tự động,Đã sử dụng,Xăng
2025-10-23,2016,Lexus RX 350,2000000000.0,Nhập khẩu,Hà Nội,SUV,86000.0,Tự động,Đã sử dụng,Xăng
2025-10-23,2016,Lexus RX 350 F,2000000000.0,Nhập khẩu,TP HCM,SUV,65000.0,Tự động,Đã sử dụng,Xăng
2025-10-23,2015,Honda City 1.5 AT,275000000.0,Nội địa,Thanh Hóa,Sedan,120000.0,Tự động,Đã sử dụng,Xăng
2025-10-23,2019,Ford Everest Titanium 2.0L 4x4 AT,849000000.0,Nhập khẩu,Hà Nội,SUV,78000.0,Tự động,Đã sử dụng,Dầu diesel
2025-10-23,2007,Mercedes Benz S class S600,586000000.0,Nhập khẩu,Hà Nội,Sedan,1234.0,Tự động,Đã sử dụng,Xăng
2025-10-23,2021,Mazda CX5 Premium 2.0 AT,699000000.0,Nội địa,Hà Nội,SUV,66000.0,Tự động,Đã sử dụng,Xăng
2025-10-23,2022,Mazda 3 1.5L Luxury,550000000.0,Nội địa,Hà Nội,Sedan,50000.0,Tự động,Đã sử dụng,Xăng
2025-10-23,2021,Audi Q5 Sportback Sline 45 TFSI Quattro,1000000000.0,Nhập khẩu,Hà Nội,SUV,35000.0,Tự động,Đã sử dụng,Xăng
2025-10-23,2020,Kia Soluto 1.4 AT Deluxe,316000000.0,Nội địa,Hà Nội,Sedan,56000.0,Tự động,Đã sử dụng,Xăng
2025-10-23,2025,Volkswagen Golf 1.5 eTSI Life,798000000.0,Nhập khẩu,TP HCM,Hatchback,0.0,Tự động,Xe mới,Hybrid
2025-10-23,2021,Hyundai Accent 1.4 AT Đặc Biệt,425000000.0,Nội địa,Hà Nội,Sedan,76000.0,Tự động,Đã sử dụng,Xăng
2025-10-23,2025,Volkswagen Teramont X Platinum 2.0 AT,2000000000.0,Nhập khẩu,TP HCM,SUV,0.0,Tự động,Xe mới,Xăng
2025-10-23,2021,Mitsubishi Attrage 1.2 MT,248000000.0,Nhập khẩu,Hà Nội,Sedan,72000.0,Số Tay,Đã sử dụng,Xăng
2025-10-23,2016,Honda City 1.5 AT,318000000.0,Nội địa,Hà Nội,Sedan,91000.0,Tự động,Đã sử dụng,Xăng
2025-10-23,2019,Mercedes Benz GLC 300 4Matic,1000000000.0,Nội địa,TP HCM,SUV,66000.0,Tự động,Đã sử dụng,Xăng
2025-10-23,2022,Mercedes Benz C class C300 AMG,1000000000.0,Nội địa,TP HCM,Sedan,25000.0,Tự động,Đã sử dụng,Xăng
2025-10-23,2019,Toyota Prado VX 2.7L,1000000000.0,Nhập khẩu,Hà Nội,SUV,130000.0,Tự động,Đã sử dụng,Xăng
2025-10-23,2021,Toyota Fortuner 2.4G 4x2 AT,860000000.0,Nội địa,Hà Nội,SUV,103000.0,Tự động,Đã sử dụng,Dầu diesel
2025-10-23,2023,BMW 4 Series 430i Convertible M Sport,2000000000.0,Nhập khẩu,TP HCM,Convertible/Cabriolet,23000.0,Tự động,Đã sử dụng,Xăng
2025-10-23,2019,Chevrolet Camaro RS Convertible 2.0 Turbo,2000000000.0,Nhập khẩu,TP HCM,Convertible/Cabriolet,32000.0,Tự động,Đã sử dụng,Xăng
2025-10-23,2025,Mercedes Benz GLC 200 4Matic,2000000000.0,Nội địa,Hà Nội,SUV,0.0,Tự động,Xe mới,Xăng
2025-10-23,2025,Toyota Corolla Cross 1.8HEV,856000000.0,Nhập khẩu,Hà Nội,SUV,0.0,Tự động,Xe mới,Hybrid
2025-10-23,2016,Lexus RX 350,1000000000.0,Nhập khẩu,Hà Nội,SUV,89000.0,Tự động,Đã sử dụng,Xăng
2025-10-23,2019,Toyota Yaris 1.5G,445000000.0,Nhập khẩu,Hà Nội,Hatchback,75000.0,Tự động,Đã sử dụng,Xăng
2025-10-23,2019,Honda City 1.5TOP,388000000.0,Nội địa,Hà Nội,Sedan,75000.0,Tự động,Đã sử dụng,Xăng
2025-10-23,2019,Hyundai i10 Grand 1.2 AT,309000000.0,Nội địa,Hà Nội,Sedan,45000.0,Tự động,Đã sử dụng,Xăng
2025-10-23,2018,Honda City 1.5TOP,369000000.0,Nội địa,Hà Nội,Sedan,65000.0,Tự động,Đã sử dụng,Xăng
2025-10-23,2022,Suzuki Ertiga Hybrid 1.5 AT,456000000.0,Nhập khẩu,Hà Nội,SUV,25000.0,Tự động,Đã sử dụng,Hybrid
2025-10-23,2020,Mitsubishi Attrage 1.2 CVT,312000000.0,Nhập khẩu,Hà Nội,Sedan,65000.0,Tự động,Đã sử dụng,Xăng
2025-10-23,2018,Toyota Vios 1.5G,379000000.0,Nội địa,Hà Nội,Sedan,98000.0,Tự động,Đã sử dụng,Xăng
2025-10-23,2024,BMW X3 sDrive20i M Sport,1000000000.0,Nội địa,TP HCM,SUV,30000.0,Tự động,Đã sử dụng,Xăng
2025-10-23,2019,Kia Morning Luxury,295000000.0,Nội địa,Hà Nội,Hatchback,37000.0,Tự động,Đã sử dụng,Xăng
2025-10-23,2024,Kia Carnival Signature 2.2D,1000000000.0,Nội địa,Hà Nội,Van/Minivan,26000.0,Tự động,Đã sử dụng,Dầu diesel
2025-10-23,2022,Mercedes Benz GLC 200,1000000000.0,Nội địa,Hà Nội,SUV,28000.0,Tự động,Đã sử dụng,Xăng
2025-10-23,2024,Honda City G 1.5 AT,445000000.0,Nội địa,Hải Phòng,Sedan,25000.0,Tự động,Đã sử dụng,Xăng
2025-10-23,2022,Mazda 3 1.5L Deluxe,515000000.0,Nội địa,Hải Phòng,Sedan,18000.0,Tự động,Đã sử dụng,Xăng
2025-10-23,2018,Hyundai Tucson 2.0 ATH,555000000.0,Nội địa,Hải Phòng,Crossover,95000.0,Tự động,Đã sử dụng,Xăng
2025-10-23,2009,Toyota Camry LE 2.5,425000000.0,Nhập khẩu,Hải Phòng,Sedan,80000.0,Tự động,Đã sử dụng,Xăng
2025-10-23,2022,Hyundai Creta Cao cấp 1.5 AT,570000000.0,Nhập khẩu,Hải Phòng,SUV,52000.0,Tự động,Đã sử dụng,Xăng
2025-10-23,2023,Porsche Panamera Platinum Edition,5000000000.0,Nhập khẩu,TP HCM,Sedan,9000.0,Tự động,Đã sử dụng,Xăng
2025-10-23,2024,VinFast VF5 Plus,425000000.0,Nội địa,Hà Nội,SUV,10000.0,Tự động,Đã sử dụng,Điện
2025-10-23,2025,Kia Carnival Signature 1.6 Turbo HEV 7S,1000000000.0,Nội địa,Hà Nội,Van/Minivan,0.0,Tự động,Xe mới,Hybrid
2025-10-23,2021,Mercedes Benz GLC 200 4Matic,1000000000.0,Nội địa,Hà Nội,SUV,46000.0,Tự động,Đã sử dụng,Xăng
2025-10-23,2019,Toyota Prado VX 2.7L,1000000000.0,Nhập khẩu,TP HCM,SUV,80000.0,Tự động,Đã sử dụng,Xăng
2025-10-23,2020,Toyota Innova 2.0E,445000000.0,Nội địa,Hà Nội,Crossover,140000.0,Số Tay,Đã sử dụng,Xăng
2025-10-23,2023,BMW X3 sDrive20i,1000000000.0,Nội địa,Hà Nội,SUV,0.0,Tự động,Xe mới,Xăng
2025-10-23,2015,Audi A6 1.8 TFSI,549000000.0,Nhập khẩu,TP HCM,Sedan,68000.0,Tự động,Đã sử dụng,Xăng
2025-10-23,2021,BMW X5 xDrive40i xLine,2000000000.0,Nhập khẩu,TP HCM,SUV,50000.0,Tự động,Đã sử dụng,Xăng
2025-10-23,2020,Kia Sedona 2.2 DAT Luxury,825000000.0,Nội địa,Hải Dương,Van/Minivan,50000.0,Tự động,Đã sử dụng,Dầu diesel
2025-10-23,2024,Hyundai Accent Cao cấp 1.5 AT,509000000.0,Nội địa,TP HCM,Sedan,29000.0,Tự động,Đã sử dụng,Xăng
2025-10-23,2017,Mercedes Benz E class E200,799000000.0,Nội địa,Hà Nội,Sedan,70000.0,Tự động,Đã sử dụng,Xăng
2025-10-23,2024,Peugeot 3008 Premium,850000000.0,Nội địa,Đăk Lăk,Crossover,15700.0,Tự động,Đã sử dụng,Xăng
2025-10-23,2019,VinFast Fadil 1.4 AT Plus,310000000.0,Nội địa,Bình Dương,Hatchback,40000.0,Tự động,Đã sử dụng,Xăng
2025-10-23,2019,Lexus LX 570 Super Sport MBS,7000000000.0,Nhập khẩu,Hà Nội,SUV,60000.0,Tự động,Đã sử dụng,Xăng
2025-10-23,2018,Honda CRV L,660000000.0,Nhập khẩu,TP HCM,SUV,70000.0,Tự động,Đã sử dụng,Xăng
2025-10-23,2025,BMW 3 Series 320i Sport Line,1000000000.0,Nội địa,TP HCM,Sedan,0.0,Tự động,Xe mới,Xăng
2025-10-23,2017,Hyundai SantaFe 2.4L 4WD,599000000.0,Nội địa,Hải Phòng,SUV,77000.0,Tự động,Đã sử dụng,Xăng
2025-10-23,2024,Lexus RX 350 Premium,3000000000.0,Nhập khẩu,Hà Nội,SUV,27000.0,Tự động,Đã sử dụng,Xăng
2025-10-23,2024,Kia Sportage Signature 2.0G,895000000.0,Nội địa,Long An,Crossover,10000.0,Tự động,Đã sử dụng,Xăng
2025-10-23,2022,Toyota Camry 2.5HV,1000000000.0,Nhập khẩu,Hà Nội,Sedan,33000.0,Tự động,Đã sử dụng,Hybrid
2025-10-23,2019,Mercedes Benz GLC 250 4Matic,999000000.0,Nội địa,Hà Nội,SUV,70000.0,Tự động,Đã sử dụng,Xăng
2025-10-23,2022,Toyota Corolla Cross 1.8V,725000000.0,Nhập khẩu,Hà Nội,SUV,4600.0,Tự động,Đã sử dụng,Xăng
2025-10-23,2016,Mercedes Benz C class C300 AMG,735000000.0,Nội địa,Hà Nội,Sedan,96000.0,Tự động,Đã sử dụng,Xăng
2025-10-23,2025,Ford Ranger Sport 2.0L 4x4 AT,864000000.0,Nội địa,TP HCM,Bán tải / Pickup,0.0,Tự động,Xe mới,Dầu diesel
2025-10-23,2015,Mercedes Benz GLA class GLA 45 AMG 4Matic,700000000.0,Nhập khẩu,TP HCM,SUV,77000.0,Tự động,Đã sử dụng,Xăng
2025-10-23,2011,Mercedes Benz R class R300,480000000.0,Nhập khẩu,TP HCM,Crossover,88000.0,Tự động,Đã sử dụng,Xăng
2025-10-23,2022,Mercedes Benz GLC 200,1000000000.0,Nội địa,TP HCM,SUV,59000.0,Tự động,Đã sử dụng,Xăng
2025-10-23,2023,Hyundai Accent 1.4 AT,455000000.0,Nội địa,Hà Nội,Sedan,47000.0,Tự động,Đã sử dụng,Xăng
2025-10-23,2018,Lexus NX 300,1000000000.0,Nhập khẩu,Hà Nội,SUV,94000.0,Tự động,Đã sử dụng,Xăng
2025-10-23,2025,MG HS 1.5T LUX,598000000.0,Nhập khẩu,Hà Nội,Crossover,0.0,Tự động,Xe mới,Xăng
2025-10-23,2018,LandRover Range Rover HSE 3.0,4000000000.0,Nhập khẩu,Hà Nội,SUV,50000.0,Tự động,Đã sử dụng,Xăng
2025-10-23,2021,Honda CRV L,845000000.0,Nội địa,Hà Nội,SUV,35000.0,Tự động,Đã sử dụng,Xăng
2025-10-23,2022,Lexus ES 250,2000000000.0,Nhập khẩu,Hà Nội,Sedan,30000.0,Tự động,Đã sử dụng,Xăng
2025-10-23,2021,Kia Soluto 1.4 MT,250000000.0,Nội địa,Thanh Hóa,Sedan,71000.0,Số Tay,Đã sử dụng,Xăng
2025-10-23,2025,Honda HRV G,625000000.0,Nhập khẩu,Hà Nội,Crossover,0.0,Tự động,Xe mới,Xăng
2025-10-23,2014,Mazda 3 S 1.6 AT,298000000.0,Nội địa,Hà Nội,Sedan,140000.0,Tự động,Đã sử dụng,Xăng
2025-10-23,2025,Honda City RS 1.5 AT,505000000.0,Nội địa,Hà Nội,Sedan,0.0,Tự động,Xe mới,Xăng
2025-10-23,2015,Toyota Highlander LE 2.7,860000000.0,Nhập khẩu,Hà Nội,SUV,120000.0,Tự động,Đã sử dụng,Xăng
2025-10-23,2017,Mercedes Benz GLC 300 4Matic,945000000.0,Nội địa,Hà Nội,SUV,70000.0,Tự động,Đã sử dụng,Xăng
2025-10-23,2024,Volkswagen Viloran Luxury,2000000000.0,Nhập khẩu,Hà Nội,Van/Minivan,20000.0,Tự động,Đã sử dụng,Xăng
2025-10-23,2025,Hyundai Stargazer X 1.5 AT,509000000.0,Nhập khẩu,Hà Nội,Van/Minivan,0.0,Tự động,Xe mới,Xăng
2025-10-23,2025,Toyota Innova Cross HEV 2.0 CVT,975000000.0,Nhập khẩu,TP HCM,Crossover,0.0,Tự động,Xe mới,Hybrid
2025-10-23,2021,Mitsubishi Triton 4x4 AT Mivec Premium,585000000.0,Nhập khẩu,Hà Nội,Bán tải / Pickup,80000.0,Tự động,Đã sử dụng,Dầu diesel
2025-10-23,2019,Toyota Land Cruiser VX 4.6 V8,3000000000.0,Nhập khẩu,Hà Nội,SUV,110555.0,Tự động,Đã sử dụng,Xăng
2025-10-23,2025,VinFast VF6 Plus,699000000.0,Nội địa,Hà Nội,SUV,0.0,Tự động,Xe mới,Điện
2025-10-23,2021,Honda HRV G,575000000.0,Nhập khẩu,Hà Nội,Crossover,26000.0,Tự động,Đã sử dụng,Xăng
2025-10-23,2025,Ford Everest Platinum 2.0L 4x4 AT,1000000000.0,Nhập khẩu,Hà Nội,SUV,5000.0,Tự động,Đã sử dụng,Dầu diesel
2025-10-23,2021,Mercedes Benz GLC 200 4Matic,1000000000.0,Nội địa,Hà Nội,SUV,70000.0,Tự động,Đã sử dụng,Xăng
2025-10-23,2022,Kia Carnival Signature 3.5G,1000000000.0,Nội địa,Hà Nội,Van/Minivan,55000.0,Tự động,Đã sử dụng,Xăng
2025-10-23,2014,Toyota Camry 2.5Q,490000000.0,Nội địa,Hà Nội,Sedan,140000.0,Tự động,Đã sử dụng,Xăng
2025-10-23,2024,MG 5 Luxury 1.5 AT,440000000.0,Nhập khẩu,Hà Nội,Sedan,18000.0,Tự động,Đã sử dụng,Xăng
2025-10-23,2020,Mercedes Benz GLE Class GLE 450 4Matic,2000000000.0,Nhập khẩu,Hà Nội,SUV,60000.0,Tự động,Đã sử dụng,Hybrid
2025-10-23,2016,Kia Morning Si AT,258000000.0,Nội địa,Hà Nội,Hatchback,100000.0,Tự động,Đã sử dụng,Xăng
2025-10-23,2020,Toyota Land Cruiser 4.6 V8,4000000000.0,Nhập khẩu,Hà Nội,SUV,64000.0,Tự động,Đã sử dụng,Xăng
2025-10-23,2020,VinFast Lux A 2.0 Base 2.0 AT,515000000.0,Nội địa,Hà Nội,Sedan,61000.0,Tự động,Đã sử dụng,Xăng
2025-10-23,2018,Hyundai Tucson 2.0 ATH,575000000.0,Nội địa,TP HCM,Crossover,86000.0,Tự động,Đã sử dụng,Xăng
2025-10-23,2025,Mitsubishi Triton GLX 2WD AT,595000000.0,Nhập khẩu,Hà Nội,Bán tải / Pickup,0.0,Tự động,Xe mới,Dầu diesel
2025-10-23,2018,Mercedes Benz GLS 400 4Matic,1000000000.0,Nhập khẩu,Hà Nội,SUV,90000.0,Tự động,Đã sử dụng,Xăng
2025-10-23,2021,Kia Carnival Signature 3.5G,1000000000.0,Nội địa,TP HCM,Van/Minivan,69000.0,Tự động,Đã sử dụng,Xăng
2025-10-23,2022,Ford Explorer Limited 2.3L EcoBoost,1000000000.0,Nhập khẩu,TP HCM,SUV,5900.0,Tự động,Đã sử dụng,Xăng
2025-10-23,2021,VinFast Lux A 2.0 2.0 AT,568000000.0,Nội địa,Hà Nội,Sedan,40000.0,Tự động,Đã sử dụng,Xăng
2025-10-23,2025,Volvo S90 Ultra B6 AWD,2000000000.0,Nhập khẩu,Hà Nội,Sedan,1000.0,Tự động,Đã sử dụng,Xăng
2025-10-23,2014,LandRover Range Rover HSE 3.0,1000000000.0,Nhập khẩu,Hà Nội,SUV,150000.0,Tự động,Đã sử dụng,Xăng
2025-10-23,2023,Volkswagen T,760000000.0,Nhập khẩu,Bình Dương,Crossover,21000.0,Tự động,Đã sử dụng,Xăng
2025-10-23,2022,Kia Soluto 1.4 AT Luxury,405000000.0,Nội địa,Bình Dương,Sedan,30000.0,Tự động,Đã sử dụng,Xăng
2025-10-23,2022,Hyundai SantaFe Cao cấp 2.5L HTRAC,1000000000.0,Nội địa,Hà Nội,SUV,60000.0,Tự động,Đã sử dụng,Xăng
2025-10-23,2020,Ford Ranger Raptor 2.0L 4x4 AT,865000000.0,Nhập khẩu,Quảng Ninh,Bán tải / Pickup,90000.0,Tự động,Đã sử dụng,Dầu diesel
2025-10-23,2021,Toyota Corolla Cross 1.8V,670000000.0,Nhập khẩu,Hà Nội,SUV,60000.0,Tự động,Đã sử dụng,Xăng
2025-10-23,2022,Ford Ranger XLS 2.2L 4x2 AT,556000000.0,Nội địa,Hà Nội,Bán tải / Pickup,55000.0,Tự động,Đã sử dụng,Dầu diesel
2025-10-23,2024,Toyota Yaris Cross 1.5 D,635000000.0,Nhập khẩu,Hà Nội,SUV,20000.0,Tự động,Đã sử dụng,Xăng
2025-10-23,2017,Ford Ranger Wildtrak 3.2L 4x4 AT,500000000.0,Nhập khẩu,Hà Nội,Bán tải / Pickup,120000.0,Tự động,Đã sử dụng,Dầu diesel
2025-10-23,2022,Toyota Corolla Cross 1.8V,730000000.0,Nhập khẩu,Hà Nội,SUV,27000.0,Tự động,Đã sử dụng,Xăng
2025-10-23,2025,Mitsubishi Xpander Cross 1.5 AT,600000000.0,Nhập khẩu,Hà Nội,SUV,0.0,Tự động,Xe mới,Xăng
2025-10-23,2025,Mazda CX5 Deluxe 2.0 AT,702000000.0,Nội địa,TP HCM,SUV,0.0,Tự động,Xe mới,Xăng
2025-10-23,2023,VinFast VF8 Eco AWD,695000000.0,Nội địa,Vĩnh Phúc,SUV,55000.0,Tự động,Đã sử dụng,Điện
2025-10-23,2017,Audi A6 1.8 TFSI,780000000.0,Nhập khẩu,Hà Nội,Sedan,110000.0,Tự động,Đã sử dụng,Xăng
2025-10-23,2021,BMW 3 Series 330i M Sport,1000000000.0,Nhập khẩu,TP HCM,Sedan,43000.0,Tự động,Đã sử dụng,Xăng
2025-10-23,2022,Kia Sorento Signature 2.2 AT AWD,935000000.0,Nội địa,Hà Nội,SUV,69000.0,Tự động,Đã sử dụng,Dầu diesel
2025-10-23,2022,VinFast Lux A 2.0 Tiêu chuẩn,560000000.0,Nội địa,Hà Nội,Sedan,30000.0,Tự động,Đã sử dụng,Xăng
2025-10-23,2025,Mazda CX5 Premium 2.0 AT,783000000.0,Nội địa,TP HCM,SUV,0.0,Tự động,Xe mới,Xăng
2025-10-23,2025,Mazda CX8 Luxury 2.5 AT,939000000.0,Nội địa,TP HCM,SUV,0.0,Tự động,Xe mới,Xăng
2025-10-23,2025,Mazda 2 1.5 AT,399000000.0,Nhập khẩu,TP HCM,Sedan,0.0,Tự động,Xe mới,Xăng
2025-10-23,2025,MG 5 1.5 MT,315000000.0,Nhập khẩu,Bắc Ninh,Sedan,0.0,Số Tay,Xe mới,Xăng
2025-10-23,2018,Toyota Camry 2.5Q,755000000.0,Nội địa,Bình Dương,Sedan,98000.0,Tự động,Đã sử dụng,Xăng
2025-10-23,2024,Hyundai SantaFe Cao cấp 2.2L HTRAC,1000000000.0,Nội địa,Hà Nội,SUV,20000.0,Tự động,Đã sử dụng,Dầu diesel
2025-10-23,2023,Hyundai Elantra N,685000000.0,Nội địa,Hà Nội,Sedan,10000.0,Tự động,Đã sử dụng,Xăng
2025-10-23,2017,Honda CRV 2.0 AT,560000000.0,Nội địa,Hải Phòng,SUV,74000.0,Tự động,Đã sử dụng,Xăng
2025-10-23,2022,Mazda 3 1.5L Luxury,545000000.0,Nội địa,Đăk Lăk,Sedan,23000.0,Tự động,Đã sử dụng,Xăng
2025-10-23,2016,Mercedes Benz GLA class GLA 45 AMG 4Matic,690000000.0,Nhập khẩu,Hà Nội,SUV,96000.0,Tự động,Đã sử dụng,Xăng
2025-10-23,2015,Toyota Fortuner 2.7V 4x4 AT,479000000.0,Nội địa,Hà Nội,SUV,90000.0,Tự động,Đã sử dụng,Xăng
2025-10-23,2025,Ford Ranger Wildtrak 2.0L 4x4 AT,986000000.0,Nội địa,TP HCM,Bán tải / Pickup,0.0,Tự động,Xe mới,Dầu diesel
2025-10-23,2022,VinFast Lux A 2.0 Tiêu chuẩn,539000000.0,Nội địa,Long An,Sedan,75000.0,Tự động,Đã sử dụng,Xăng
2025-10-23,2021,VinFast Lux SA 2.0 Premium 2.0 AT,700000000.0,Nội địa,Hà Nội,SUV,66000.0,Tự động,Đã sử dụng,Xăng
2025-10-23,2025,Toyota Alphard 2.4 AT,4000000000.0,Nhập khẩu,Hà Nội,Van/Minivan,0.0,Tự động,Xe mới,Xăng
2025-10-23,2016,LandRover Range Rover Evoque Autobiography,1000000000.0,Nhập khẩu,TP HCM,SUV,59000.0,Tự động,Đã sử dụng,Xăng
2025-10-23,2009,Mercedes Benz GLK Class GLK300 4Matic,345000000.0,Nội địa,Hà Nội,SUV,113268.0,Tự động,Đã sử dụng,Xăng
2025-10-23,2024,BMW X3 xDrive30i M Sport,2000000000.0,Nội địa,TP HCM,SUV,8500.0,Tự động,Đã sử dụng,Xăng
2025-10-23,2020,Mazda 3 1.5L Sport Luxury,525000000.0,Nội địa,Hà Nội,Hatchback,37000.0,Tự động,Đã sử dụng,Xăng
2025-10-23,2009,BMW X6 xDrive35i,335000000.0,Nhập khẩu,TP HCM,SUV,88500.0,Tự động,Đã sử dụng,Xăng
2025-10-23,2019,Honda CRV L,755000000.0,Nhập khẩu,Hà Nội,SUV,71898.0,Tự động,Đã sử dụng,Xăng
2025-10-23,2020,VinFast Fadil 1.4 AT Premium,295000000.0,Nội địa,Hà Nội,Hatchback,90000.0,Tự động,Đã sử dụng,Xăng
2025-10-23,2022,Kia Soluto 1.4 MT Deluxe,309000000.0,Nội địa,Hà Nội,Sedan,35000.0,Số Tay,Đã sử dụng,Xăng
2025-10-23,2015,LandRover Range Rover Evoque HSE Dynamic,799000000.0,Nhập khẩu,Hà Nội,SUV,57000.0,Tự động,Đã sử dụng,Xăng
2025-10-23,2025,Toyota Innova Cross HEV 2.0 CVT,983000000.0,Nhập khẩu,TP HCM,Crossover,0.0,Tự động,Xe mới,Hybrid
2025-10-23,2022,Mercedes Benz GLC 300 4Matic,1000000000.0,Nội địa,Hà Nội,SUV,26000.0,Tự động,Đã sử dụng,Xăng
2025-10-23,2025,Mazda CX5 Premium Exclusive 2.0 AT,868000000.0,Nội địa,Hà Nội,SUV,10000.0,Tự động,Đã sử dụng,Xăng
2025-10-23,2025,Mitsubishi Xforce GLX,525000000.0,Nhập khẩu,Hà Nội,SUV,0.0,Tự động,Xe mới,Xăng
2025-10-23,2021,Mercedes Benz G class G63 AMG,8000000000.0,Nhập khẩu,Hà Nội,SUV,32000.0,Tự động,Đã sử dụng,Xăng
2025-10-23,2025,Isuzu MU,845000000.0,Nhập khẩu,Hà Nội,SUV,0.0,Số Tay,Xe mới,Dầu diesel
2025-10-23,2025,Toyota Vios G 1.5 CVT,483000000.0,Nội địa,Hải Phòng,Sedan,0.0,Tự động,Xe mới,Xăng
2025-10-23,2025,VinFast VF7 Plus,949000000.0,Nội địa,TP HCM,SUV,0.0,Tự động,Xe mới,Điện
2025-10-23,2023,Porsche Macan 2.0,3000000000.0,Nhập khẩu,Hà Nội,SUV,13990.0,Tự động,Đã sử dụng,Xăng
2025-10-23,2025,VinFast Herio Green AT,479000000.0,Nội địa,Hà Nội,SUV,0.0,Tự động,Xe mới,Điện
2025-10-23,2019,Toyota Prado VX 2.7L,1000000000.0,Nhập khẩu,Hà Nội,SUV,110000.0,Tự động,Đã sử dụng,Xăng
2025-10-23,2024,Porsche Macan 2.0,3000000000.0,Nhập khẩu,Hà Nội,SUV,14000.0,Tự động,Đã sử dụng,Xăng
2025-10-23,2013,LandRover Range Rover Supercharged 5.0,1000000000.0,Nhập khẩu,Hà Nội,SUV,80000.0,Tự động,Đã sử dụng,Xăng
2025-10-23,2022,Toyota Corolla altis 1.8V,655000000.0,Nhập khẩu,Hà Nội,Sedan,41000.0,Tự động,Đã sử dụng,Xăng
2025-10-23,2016,Mercedes Benz C class C300 AMG,680000000.0,Nội địa,Hà Nội,Sedan,113000.0,Tự động,Đã sử dụng,Xăng
2025-10-23,2022,Volvo XC90 Recharge T8 AWD,3000000000.0,Nhập khẩu,TP HCM,SUV,19000.0,Tự động,Đã sử dụng,Hybrid
2025-10-23,2021,Mercedes Benz G class G63 AMG,8000000000.0,Nhập khẩu,Hà Nội,SUV,30000.0,Tự động,Đã sử dụng,Xăng
2025-10-23,2018,Toyota Alphard Executive Lounge,2000000000.0,Nhập khẩu,Hà Nội,Van/Minivan,84000.0,Tự động,Đã sử dụng,Xăng
2025-10-23,2015,Mercedes Benz S class S400L,1000000000.0,Nội địa,Hà Nội,Sedan,96560.0,Tự động,Đã sử dụng,Xăng
2025-10-23,2023,BMW 4 Series 430i Convertible M Sport,2000000000.0,Nhập khẩu,Hà Nội,Convertible/Cabriolet,3250.0,Tự động,Đã sử dụng,Xăng
2025-10-23,2025,MG HS 1.5T DEL,558000000.0,Nhập khẩu,Hà Nội,Crossover,0.0,Tự động,Xe mới,Xăng
2025-10-23,2024,Toyota Innova Cross 2.0 CVT,780000000.0,Nhập khẩu,Hà Nội,Crossover,50000.0,Tự động,Đã sử dụng,Xăng
2025-10-23,2025,Volvo XC90 Plug,3000000000.0,Nhập khẩu,Hà Nội,SUV,0.0,Tự động,Xe mới,Hybrid
2025-10-23,2017,Mercedes Benz C class C200,668000000.0,Nội địa,Hà Nội,Sedan,60000.0,Tự động,Đã sử dụng,Xăng
2025-10-23,2014,Volvo XC60 T5,580000000.0,Nhập khẩu,Hà Nội,SUV,68000.0,Tự động,Đã sử dụng,Xăng
2025-10-23,2019,Toyota Prado VX 2.7L,1000000000.0,Nhập khẩu,Hà Nội,SUV,140000.0,Tự động,Đã sử dụng,Xăng
2025-10-23,2014,Chevrolet Corvette Stingray Convertible,3000000000.0,Nhập khẩu,Bình Dương,Convertible/Cabriolet,36000.0,Tự động,Đã sử dụng,Xăng
2025-10-23,2017,Jaguar F,1000000000.0,Nhập khẩu,TP HCM,SUV,57000.0,Tự động,Đã sử dụng,Xăng
2025-10-23,2016,Toyota Innova 2.0E,299000000.0,Nội địa,Hà Nội,Crossover,120000.0,Số Tay,Đã sử dụng,Xăng
2025-10-23,2019,Hyundai Accent 1.4 ATH,360000000.0,Nội địa,Hà Nội,Sedan,62000.0,Tự động,Đã sử dụng,Xăng
2025-10-23,2021,VinFast Lux A 2.0 Base 2.0 AT,480000000.0,Nội địa,Hà Nội,Sedan,50000.0,Tự động,Đã sử dụng,Xăng
2025-10-23,2019,Mercedes Benz E class E200,1000000000.0,Nội địa,Hà Nội,Sedan,96000.0,Tự động,Đã sử dụng,Xăng
2025-10-23,2016,Mercedes Benz C class C250 Exclusive,645000000.0,Nội địa,Hà Nội,Sedan,90000.0,Tự động,Đã sử dụng,Xăng
2025-10-23,2021,Hyundai SantaFe Cao cấp 2.4L HTRAC,889000000.0,Nội địa,Hà Nội,SUV,47000.0,Tự động,Đã sử dụng,Xăng
2025-10-23,2022,Toyota Corolla Cross 1.8G,685000000.0,Nhập khẩu,Gia Lai,SUV,30000.0,Tự động,Đã sử dụng,Xăng
2025-10-23,2017,Audi A4 2.0 TFSI,750000000.0,Nhập khẩu,TP HCM,Sedan,132477.0,Tự động,Đã sử dụng,Xăng
2025-10-23,2019,Toyota Prado VX 2.7L,1000000000.0,Nhập khẩu,Hà Nội,SUV,64000.0,Tự động,Đã sử dụng,Xăng
2025-10-23,2025,Toyota Veloz Cross Top 1.5 CVT,570000000.0,Nội địa,Hà Nội,SUV,0.0,Tự động,Xe mới,Xăng
2025-10-23,2025,Toyota Hilux 2.4L 4x2 AT,660000000.0,Nhập khẩu,Hà Nội,Bán tải / Pickup,0.0,Tự động,Xe mới,Dầu diesel
2025-10-23,2021,Mercedes Benz GLE Class GLE 450 4Matic,2000000000.0,Nhập khẩu,Hà Nội,SUV,60000.0,Tự động,Đã sử dụng,Hybrid
2025-10-23,2025,Ford Everest Titanium 2.0L 4x2 AT,1000000000.0,Nhập khẩu,Hà Nội,SUV,6000.0,Tự động,Đã sử dụng,Dầu diesel
2025-10-23,2015,Toyota Innova 2.0G,398000000.0,Nội địa,Bình Dương,Crossover,80000.0,Tự động,Đã sử dụng,Xăng
2025-10-23,2014,Nissan Juke 1.6 AT,410000000.0,Nhập khẩu,Đà Nẵng,SUV,147000.0,Tự động,Đã sử dụng,Xăng
2025-10-23,2020,Mazda CX5 2.0 Premium,660000000.0,Nội địa,Hà Nội,SUV,39000.0,Tự động,Đã sử dụng,Xăng
2025-10-23,2024,MG ZS Standard 1.5 AT 2WD,458000000.0,Nhập khẩu,Hà Nội,Crossover,17000.0,Tự động,Đã sử dụng,Xăng
2025-10-23,2020,Kia Seltos Premium 1.4 AT,530000000.0,Nội địa,Hà Nội,Crossover,75000.0,Tự động,Đã sử dụng,Xăng
2025-10-23,2023,Kia Carnival Royal 2.2D,1000000000.0,Nội địa,Hà Nội,Van/Minivan,20000.0,Tự động,Đã sử dụng,Dầu diesel
2025-10-23,2016,Mercedes Benz E class E200,719000000.0,Nội địa,TP HCM,Sedan,62000.0,Tự động,Đã sử dụng,Xăng
2025-10-23,2022,Mercedes Benz S class S450 4Matic Luxury,3000000000.0,Nhập khẩu,TP HCM,Sedan,23456.0,Tự động,Đã sử dụng,Xăng
2025-10-23,2019,VinFast Lux A 2.0 2.0 AT,465000000.0,Nội địa,Hà Nội,Sedan,47000.0,Tự động,Đã sử dụng,Xăng
2025-10-23,2015,Honda CRV 2.4 AT,475000000.0,Nội địa,Hà Nội,SUV,100000.0,Tự động,Đã sử dụng,Xăng
2025-10-23,2016,Toyota Yaris 1.3G,385000000.0,Nhập khẩu,Hà Nội,Hatchback,82000.0,Tự động,Đã sử dụng,Xăng
2025-10-23,2019,Ford Everest Titanium 2.0L 4x4 AT,825000000.0,Nhập khẩu,Hà Nội,SUV,68000.0,Tự động,Đã sử dụng,Dầu diesel
2025-10-23,2021,Hyundai Tucson 2.0 AT Đặc biệt,695000000.0,Nội địa,Hà Nội,Crossover,30000.0,Tự động,Đã sử dụng,Xăng
2025-10-23,2024,Subaru Forester 2.0i,919000000.0,Nhập khẩu,TP HCM,SUV,0.0,Tự động,Xe mới,Xăng
2025-10-23,2024,Toyota Land Cruiser VXR 3.5 V6,5000000000.0,Nhập khẩu,Hà Nội,SUV,20000.0,Tự động,Đã sử dụng,Xăng
2025-10-23,2016,Mercedes Benz GLS 400 4Matic,1000000000.0,Nhập khẩu,Hà Nội,SUV,85000.0,Tự động,Đã sử dụng,Xăng
2025-10-23,2024,Hyundai Creta Đặc biệt 1.5 AT,625000000.0,Nội địa,TP HCM,SUV,2800.0,Tự động,Đã sử dụng,Xăng
2025-10-23,2009,Volkswagen New Beetle 1.6 AT,479000000.0,Nhập khẩu,TP HCM,Coupe,96000.0,Tự động,Đã sử dụng,Xăng
2025-10-23,2020,Lexus RX 350,3000000000.0,Nhập khẩu,Hà Nội,SUV,50000.0,Tự động,Đã sử dụng,Xăng
2025-10-23,2025,Toyota Yaris Cross 1.5 D,600000000.0,Nhập khẩu,Hà Nội,SUV,0.0,Tự động,Xe mới,Xăng
2025-10-23,2024,Mitsubishi Pajero Sport 3.0G 4x4 AT Premium,1000000000.0,Nhập khẩu,Hà Nội,SUV,3000.0,Tự động,Đã sử dụng,Xăng
2025-10-23,2021,Mercedes Benz E class E200 Exclusive,1000000000.0,Nội địa,Hà Nội,Sedan,60000.0,Tự động,Đã sử dụng,Xăng
2025-10-23,2022,Hyundai SantaFe Cao cấp 2.5L HTRAC,1000000000.0,Nội địa,Hà Nội,SUV,63000.0,Tự động,Đã sử dụng,Xăng
2025-10-23,2018,Mercedes Benz S class S450L Luxury,1000000000.0,Nội địa,Hà Nội,Sedan,108800.0,Tự động,Đã sử dụng,Xăng
2025-10-23,2017,LandRover Range Rover Evoque HSE,1000000000.0,Nhập khẩu,Hà Nội,SUV,63000.0,Tự động,Đã sử dụng,Xăng
2025-10-23,2018,Ford Transit Limousine,415000000.0,Nội địa,Hà Nội,Van/Minivan,110000.0,Số Tay,Đã sử dụng,Dầu diesel
2025-10-23,2020,Mitsubishi Attrage 1.2 CVT,330000000.0,Nhập khẩu,Hà Nội,Sedan,70000.0,Tự động,Đã sử dụng,Xăng
2025-10-23,2022,VinFast Lux A 2.0 Tiêu chuẩn,579000000.0,Nội địa,Hà Nội,Sedan,30000.0,Tự động,Đã sử dụng,Xăng
2025-10-23,2024,Peugeot 408 GT 1.6 AT,1000000000.0,Nội địa,Đăk Lăk,Crossover,5000.0,Tự động,Đã sử dụng,Xăng
2025-10-23,2017,Mercedes Benz GLC 250 4Matic,855000000.0,Nội địa,Hà Nội,SUV,100000.0,Tự động,Đã sử dụng,Xăng
2025-10-23,2009,Kia Soul 4U 1.6 AT,265000000.0,Nhập khẩu,Hà Nội,SUV,110000.0,Tự động,Đã sử dụng,Xăng
2025-10-23,2024,Toyota Veloz Cross Top 1.5 CVT,590000000.0,Nội địa,Hà Nội,SUV,32000.0,Tự động,Đã sử dụng,Xăng
2025-10-23,2015,Toyota Innova 2.0V,387000000.0,Nội địa,Hải Phòng,Crossover,92000.0,Tự động,Đã sử dụng,Xăng
2025-10-23,2022,Toyota Fortuner 2.7L 4x2 AT,910000000.0,Nhập khẩu,Long An,SUV,56000.0,Tự động,Đã sử dụng,Xăng
2025-10-23,2021,Toyota Hilux 2.8L 4x4 AT,870000000.0,Nhập khẩu,Hà Nội,Bán tải / Pickup,90000.0,Tự động,Đã sử dụng,Dầu diesel
2025-10-23,2015,Lexus LX 570 Super Sport,4000000000.0,Nhập khẩu,Hà Nội,SUV,130000.0,Tự động,Đã sử dụng,Xăng
2025-10-23,2023,MG RX5 1.5T LUX,580000000.0,Nhập khẩu,Hà Nội,Crossover,30000.0,Tự động,Đã sử dụng,Xăng
2025-10-23,2018,Hyundai Kona 2.0 ATH,460000000.0,Nội địa,Hà Nội,Crossover,85000.0,Tự động,Đã sử dụng,Xăng
2025-10-23,2018,Mercedes Benz C class C200,690000000.0,Nội địa,Hà Nội,Sedan,86000.0,Tự động,Đã sử dụng,Xăng
2025-10-23,2012,BMW 6 Series 640i Gran Coupe,899000000.0,Nhập khẩu,TP HCM,Sedan,86000.0,Tự động,Đã sử dụng,Xăng
2025-10-23,2023,Volvo XC40 Ultimate B5 AWD,1000000000.0,Nhập khẩu,TP HCM,SUV,17890.0,Tự động,Đã sử dụng,Xăng
2025-10-23,2021,Mercedes Benz G class G63 AMG,8000000000.0,Nhập khẩu,Hà Nội,SUV,50000.0,Tự động,Đã sử dụng,Xăng
2025-10-23,2018,Toyota Innova 2.0E,428000000.0,Nội địa,Hà Nội,Crossover,120000.0,Số Tay,Đã sử dụng,Xăng
2025-10-23,2025,Toyota Fortuner 2.4L 4x2 AT,1000000000.0,Nội địa,Hà Nội,SUV,9000.0,Tự động,Đã sử dụng,Dầu diesel
2025-10-23,2013,Ford Escape XLS 2.3L 4x2 AT,270000000.0,Nội địa,Hà Nội,SUV,12345.0,Tự động,Đã sử dụng,Xăng
2025-10-23,2025,Ford Everest Ambiente 2.0L 4x2 AT,1000000000.0,Nhập khẩu,Hà Nội,SUV,1.0,Tự động,Đã sử dụng,Dầu diesel
2025-10-23,2022,Peugeot 2008 GT Line 1.2 AT,615000000.0,Nội địa,TP HCM,Crossover,45000.0,Tự động,Đã sử dụng,Xăng
2025-10-23,2021,Mercedes Benz GLS 450 4Matic,3000000000.0,Nhập khẩu,Hà Nội,SUV,66000.0,Tự động,Đã sử dụng,Xăng
2025-10-23,2019,Honda CRV L,758000000.0,Nhập khẩu,TP HCM,SUV,47000.0,Tự động,Đã sử dụng,Xăng
2025-10-23,2025,Mitsubishi Xforce Premium,580000000.0,Nhập khẩu,Hà Nội,SUV,0.0,Tự động,Xe mới,Xăng
2025-10-23,2021,Audi Q5 Sportback Sline 45 TFSI Quattro,1000000000.0,Nhập khẩu,Hà Nội,SUV,30000.0,Tự động,Đã sử dụng,Xăng
2025-10-23,2022,Toyota Corolla Cross 1.8V,700000000.0,Nhập khẩu,Quảng Ninh,SUV,60000.0,Tự động,Đã sử dụng,Xăng
2025-10-23,2020,Ford Everest Titanium 2.0L 4x2 AT,895000000.0,Nhập khẩu,TP HCM,SUV,34000.0,Tự động,Đã sử dụng,Dầu diesel
2025-10-23,2014,Audi Q7 3.0 AT,599000000.0,Nhập khẩu,Hà Nội,SUV,138000.0,Tự động,Đã sử dụng,Xăng
2025-10-23,2018,Honda CRV G,620000000.0,Nhập khẩu,TP HCM,SUV,97000.0,Tự động,Đã sử dụng,Xăng
2025-10-23,2014,Honda City 1.5 AT,268000000.0,Nội địa,TP HCM,Sedan,50000.0,Tự động,Đã sử dụng,Xăng
2025-10-23,2019,Maserati Levante Trofeo 3.8 V8,6000000000.0,Nhập khẩu,TP HCM,SUV,8000.0,Tự động,Đã sử dụng,Xăng
2025-10-23,2022,Mazda 6 Signature Premium 2.5 AT,725000000.0,Nội địa,Hà Nội,Sedan,43000.0,Tự động,Đã sử dụng,Xăng
2025-10-23,2020,Toyota Prado VX 2.7L,2000000000.0,Nhập khẩu,Phú Thọ,SUV,36896.0,Tự động,Đã sử dụng,Xăng
2025-10-23,2021,Hyundai SantaFe Cao cấp 2.2L HTRAC,885000000.0,Nội địa,Hà Nội,SUV,68000.0,Tự động,Đã sử dụng,Dầu diesel
2025-10-23,2017,Mazda 3 2.0 AT,396000000.0,Nội địa,Hà Nội,Sedan,56000.0,Tự động,Đã sử dụng,Xăng
2025-10-23,2022,Mitsubishi Attrage 1.2 CVT,359000000.0,Nhập khẩu,Hà Nội,Sedan,45000.0,Tự động,Đã sử dụng,Xăng
2025-10-23,2022,Hyundai SantaFe Cao cấp 2.5L HTRAC,1000000000.0,Nội địa,Hà Nội,SUV,53000.0,Tự động,Đã sử dụng,Xăng
2025-10-23,2020,Mercedes Benz C class C200 Exclusive,996000000.0,Nội địa,Hà Nội,Sedan,26000.0,Tự động,Đã sử dụng,Xăng
2025-10-23,2019,Lexus LX 570 Super Sport MBS,7000000000.0,Nhập khẩu,Hà Nội,SUV,42000.0,Tự động,Đã sử dụng,Xăng
2025-10-23,2018,Hyundai SantaFe 2.2L 4WD,720000000.0,Nội địa,Hà Nội,SUV,100000.0,Tự động,Đã sử dụng,Dầu diesel
2025-10-23,2019,Toyota Camry 2.5Q,820000000.0,Nhập khẩu,TP HCM,Sedan,99000.0,Tự động,Đã sử dụng,Xăng
2025-10-23,2013,Ford Focus Titanium 2.0 AT,309000000.0,Nội địa,TP HCM,Sedan,143000.0,Tự động,Đã sử dụng,Xăng
2025-10-23,2019,Ford EcoSport Titanium 1.5L AT,385000000.0,Nội địa,Hà Nội,SUV,79000.0,Tự động,Đã sử dụng,Xăng
2025-10-23,2019,Toyota Innova 2.0 Venturer,580000000.0,Nội địa,Đồng Nai,Crossover,115000.0,Tự động,Đã sử dụng,Xăng
2025-10-23,2019,Lexus LX 570 Super Sport,6000000000.0,Nhập khẩu,Hà Nội,SUV,12800.0,Tự động,Đã sử dụng,Xăng
2025-10-23,2021,Kia Carnival Signature 3.5G,1000000000.0,Nội địa,Hà Nội,Van/Minivan,60000.0,Tự động,Đã sử dụng,Xăng
2025-10-23,2019,Mercedes Benz E class E300 AMG,1000000000.0,Nội địa,Hà Nội,Sedan,42000.0,Tự động,Đã sử dụng,Xăng
2025-10-23,2018,Mercedes Benz GLC 250 4Matic,950000000.0,Nội địa,Hà Nội,SUV,80000.0,Tự động,Đã sử dụng,Xăng
2025-10-23,2016,Lexus LX 570 Super Sport,4000000000.0,Nhập khẩu,Hà Nội,SUV,81000.0,Tự động,Đã sử dụng,Xăng
2025-10-23,2016,Kia Cerato 1.6 AT,360000000.0,Nội địa,Hà Nội,Sedan,76000.0,Tự động,Đã sử dụng,Xăng
2025-10-23,2014,Toyota Land Cruiser VX 4.6 V8,2000000000.0,Nhập khẩu,TP HCM,SUV,145000.0,Tự động,Đã sử dụng,Xăng
2025-10-23,2022,Hyundai SantaFe Tiêu chuẩn 2.5L,889000000.0,Nội địa,TP HCM,SUV,36000.0,Tự động,Đã sử dụng,Xăng
2025-10-23,2007,Lexus LS 600hL,880000000.0,Nhập khẩu,Hà Nội,Sedan,160000.0,Tự động,Đã sử dụng,Hybrid
2025-10-23,2022,Audi E,1000000000.0,Nhập khẩu,TP HCM,SUV,14000.0,Tự động,Đã sử dụng,Điện
2025-10-23,2018,Peugeot 3008 1.6 AT,585000000.0,Nội địa,Hà Nội,Crossover,70000.0,Tự động,Đã sử dụng,Xăng
2025-10-23,2019,Mitsubishi Pajero Sport 2.4D 4x2 AT,710000000.0,Nhập khẩu,Hà Nội,SUV,11000.0,Tự động,Đã sử dụng,Dầu diesel
2025-10-23,2018,Toyota Vios 1.5E,329000000.0,Nội địa,TP HCM,Sedan,57000.0,Số Tay,Đã sử dụng,Xăng
2025-10-23,2024,BMW X3 sDrive20i,1000000000.0,Nội địa,Hà Nội,SUV,21145.0,Tự động,Đã sử dụng,Xăng
2025-10-23,2019,Mazda 3 1.5L Luxury,445000000.0,Nội địa,Hà Nội,Sedan,87000.0,Tự động,Đã sử dụng,Xăng
2025-10-23,2018,Lexus LX 570 Super Sport,6000000000.0,Nhập khẩu,Hà Nội,SUV,72000.0,Tự động,Đã sử dụng,Xăng
2025-10-23,2024,MG 5 Luxury 1.5 AT,448000000.0,Nhập khẩu,Gia Lai,Sedan,23000.0,Tự động,Đã sử dụng,Xăng
2025-10-23,2024,Kia Sonet Premium 1.5 AT,610000000.0,Nội địa,Hải Phòng,SUV,20000.0,Tự động,Đã sử dụng,Xăng
2025-10-23,2014,Toyota Fortuner 2.7V 4x2 AT,435000000.0,Nội địa,TP HCM,SUV,120000.0,Tự động,Đã sử dụng,Xăng
2025-10-23,2025,Mazda CX8 Premium 2.5 AT,1000000000.0,Nội địa,TP HCM,SUV,0.0,Tự động,Xe mới,Xăng
2025-10-23,2021,Toyota Fortuner 2.7V 4x2 AT,955000000.0,Nhập khẩu,Hà Nội,SUV,38000.0,Tự động,Đã sử dụng,Xăng
2025-10-23,2020,Toyota Innova 2.0 Venturer,625000000.0,Nội địa,TP HCM,Crossover,63270.0,Tự động,Đã sử dụng,Xăng
2025-10-23,2015,Audi Q5 2.0 AT,628000000.0,Nhập khẩu,Hà Nội,SUV,95000.0,Tự động,Đã sử dụng,Xăng
2025-10-23,2023,Porsche Panamera 4 Executive,6000000000.0,Nhập khẩu,TP HCM,Sedan,14888.0,Tự động,Đã sử dụng,Xăng
2025-10-23,2019,Honda CRV L,735000000.0,Nhập khẩu,Hà Nội,SUV,62000.0,Tự động,Đã sử dụng,Xăng
2025-10-23,2019,Mercedes Benz GLC 300 4Matic,1000000000.0,Nội địa,Hà Nội,SUV,81000.0,Tự động,Đã sử dụng,Xăng
2025-10-23,2015,Toyota Fortuner 2.5G,498000000.0,Nội địa,Hà Nội,SUV,120000.0,Số Tay,Đã sử dụng,Dầu diesel
2025-10-23,2019,Toyota Yaris 1.5G,410000000.0,Nhập khẩu,Hà Nội,Hatchback,60000.0,Tự động,Đã sử dụng,Xăng
2025-10-23,2018,Kia Sedona 2.2L DATH,645000000.0,Nội địa,Bình Dương,Van/Minivan,91000.0,Tự động,Đã sử dụng,Dầu diesel
2025-10-23,2021,Porsche Macan 2.0,2000000000.0,Nhập khẩu,TP HCM,SUV,47890.0,Tự động,Đã sử dụng,Xăng
2025-10-23,2022,Toyota Fortuner Legender 2.4L 4x2 AT,1000000000.0,Nội địa,Bình Dương,SUV,56000.0,Tự động,Đã sử dụng,Dầu diesel
2025-10-23,2016,Mercedes Benz E class E200,749000000.0,Nội địa,TP HCM,Sedan,74000.0,Tự động,Đã sử dụng,Xăng
2025-10-23,2025,MG 5 Standard 1.5 AT,395000000.0,Nhập khẩu,Hà Nội,Sedan,0.0,Tự động,Xe mới,Xăng
2025-10-23,2025,Hyundai Stargazer X Cao cấp 1.5 AT,551000000.0,Nhập khẩu,TP HCM,Van/Minivan,0.0,Tự động,Xe mới,Xăng
2025-10-23,2015,Mercedes Benz C class C250 AMG,599000000.0,Nội địa,Hà Nội,Sedan,83000.0,Tự động,Đã sử dụng,Xăng
2025-10-23,2015,Toyota Fortuner 2.7V 4x2 AT,450000000.0,Nội địa,TP HCM,SUV,100000.0,Tự động,Đã sử dụng,Xăng
2025-10-23,2024,Toyota Wigo G 1.2 AT,382000000.0,Nhập khẩu,TP HCM,Hatchback,17000.0,Tự động,Đã sử dụng,Xăng
2025-10-23,2024,Ford Everest Titanium Plus 2.0L 4x4 AT,1000000000.0,Nhập khẩu,Hà Nội,SUV,20000.0,Tự động,Đã sử dụng,Dầu diesel
2025-10-23,2019,Toyota Yaris 1.5G,475000000.0,Nhập khẩu,Hà Nội,Hatchback,38000.0,Tự động,Đã sử dụng,Xăng
2025-10-23,2025,Honda BR V L,630000000.0,Nhập khẩu,Hà Nội,SUV,0.0,Tự động,Xe mới,Xăng
2025-10-23,2017,Mitsubishi Pajero Sport D 4x2 MT,410000000.0,Nội địa,Bình Dương,SUV,87000.0,Số Tay,Đã sử dụng,Dầu diesel
2025-10-23,2023,Hyundai SantaFe Cao cấp 2.2L HTRAC,1000000000.0,Nội địa,Hải Phòng,SUV,44000.0,Tự động,Đã sử dụng,Dầu diesel
2025-10-23,2021,Hyundai Elantra 2.0 AT,475000000.0,Nội địa,Bình Dương,Sedan,62000.0,Tự động,Đã sử dụng,Xăng
2025-10-23,2016,Toyota Fortuner 2.5G,560000000.0,Nội địa,Đăk Lăk,SUV,96000.0,Số Tay,Đã sử dụng,Dầu diesel
2025-10-23,2015,Cadillac Escalade ESV Premium,2000000000.0,Nhập khẩu,Hà Nội,SUV,60000.0,Tự động,Đã sử dụng,Xăng
2025-10-23,2025,VinFast VF8 Eco,890000000.0,Nội địa,Hà Nội,SUV,0.0,Tự động,Xe mới,Điện
2025-10-23,2024,MG 5 1.5 MT,305000000.0,Nhập khẩu,Hà Nội,Sedan,0.0,Số Tay,Xe mới,Xăng
2025-10-23,2014,Honda City 1.5 AT,298000000.0,Nội địa,Hà Nội,Sedan,120000.0,Tự động,Đã sử dụng,Xăng
2025-10-23,2016,Audi Q5 2.0 AT,769000000.0,Nhập khẩu,Hà Nội,SUV,100000.0,Tự động,Đã sử dụng,Xăng
2025-10-23,2025,Hyundai Creta N Line 1.5 AT,678000000.0,Nội địa,Hà Nội,SUV,0.0,Tự động,Xe mới,Xăng
2025-10-23,2025,Honda CRV L,1000000000.0,Nội địa,Hà Nội,SUV,0.0,Tự động,Xe mới,Xăng
2025-10-23,2017,Honda City 1.5,375000000.0,Nội địa,Bình Dương,Sedan,90000.0,Tự động,Đã sử dụng,Xăng
2025-10-23,2025,VinFast VF5 Plus,459000000.0,Nội địa,Hà Nội,SUV,22000.0,Tự động,Đã sử dụng,Điện
2025-10-23,2019,Hyundai i10 Grand 1.2 AT,289000000.0,Nội địa,Hà Nội,Sedan,87000.0,Tự động,Đã sử dụng,Xăng
2025-10-23,2017,Toyota Corolla altis 1.8G AT,460000000.0,Nội địa,Hà Nội,Sedan,120000.0,Tự động,Đã sử dụng,Xăng
2025-10-23,2016,Toyota Vios 1.5G,325000000.0,Nội địa,Hà Nội,Sedan,50000.0,Tự động,Đã sử dụng,Xăng
2025-10-23,2019,Toyota Yaris 1.5G,430000000.0,Nhập khẩu,Hà Nội,Hatchback,60000.0,Tự động,Đã sử dụng,Xăng
2025-10-23,2021,Hyundai i10 1.2 MT,249000000.0,Nội địa,TP HCM,Sedan,113000.0,Số Tay,Đã sử dụng,Xăng
2025-10-23,2022,Honda City RS 1.5 AT,455000000.0,Nội địa,Bình Dương,Sedan,40000.0,Tự động,Đã sử dụng,Xăng
2025-10-23,2022,Mercedes Benz S class S450 4Matic Luxury,3000000000.0,Nhập khẩu,TP HCM,Sedan,36000.0,Tự động,Đã sử dụng,Xăng
2025-10-23,2022,Hyundai Tucson 2.0 AT Đặc biệt,795000000.0,Nội địa,Hà Nội,Crossover,36000.0,Tự động,Đã sử dụng,Xăng
2025-10-23,2021,Toyota Fortuner 2.8V 4x4 AT,1000000000.0,Nội địa,Hà Nội,SUV,55000.0,Tự động,Đã sử dụng,Dầu diesel
2025-10-23,2019,VinFast Fadil 1.4 AT,245000000.0,Nội địa,Vĩnh Phúc,Hatchback,65000.0,Tự động,Đã sử dụng,Xăng
2025-10-23,2022,VinFast Lux A 2.0 Nâng cao,575000000.0,Nội địa,Hà Nội,Sedan,50000.0,Tự động,Đã sử dụng,Xăng
2025-10-23,2025,Toyota Avanza Premio 1.5 AT,556000000.0,Nội địa,TP HCM,SUV,0.0,Tự động,Xe mới,Xăng
2025-10-23,2025,Mercedes Benz G class G580 EQ,7000000000.0,Nhập khẩu,Hà Nội,SUV,0.0,Tự động,Xe mới,Điện
2025-10-23,2023,Mercedes Benz C class C200 Avantgarde Plus,1000000000.0,Nội địa,Hà Nội,Sedan,0.0,Tự động,Xe mới,Xăng
2025-10-23,2025,Mercedes Benz E class E200 Avantgarde,2000000000.0,Nội địa,Hà Nội,Sedan,0.0,Tự động,Xe mới,Hybrid
2025-10-23,2018,Mazda 3 1.5 AT,455000000.0,Nội địa,Hà Nội,Sedan,50000.0,Tự động,Đã sử dụng,Xăng
2025-10-23,2024,Toyota Land Cruiser 3.5 V6,5000000000.0,Nhập khẩu,Hà Nội,SUV,15000.0,Tự động,Đã sử dụng,Xăng
2025-10-23,2018,Hyundai Elantra Sport 1.6 AT,435000000.0,Nội địa,Bình Dương,Sedan,88000.0,Tự động,Đã sử dụng,Xăng
2025-10-23,2024,Mazda CX5 Deluxe 2.0 AT,740000000.0,Nội địa,Hà Nội,SUV,9000.0,Tự động,Đã sử dụng,Xăng
2025-10-23,2025,Ford Everest Titanium 2.0L 4x2 AT,1000000000.0,Nhập khẩu,Hà Nội,SUV,4000.0,Tự động,Đã sử dụng,Dầu diesel
2025-10-23,2018,Mini Cooper S Convertible,1000000000.0,Nhập khẩu,Hà Nội,Convertible/Cabriolet,60000.0,Tự động,Đã sử dụng,Xăng
2025-10-23,2019,Toyota Yaris 1.5G,455000000.0,Nhập khẩu,Hà Nội,Hatchback,66000.0,Tự động,Đã sử dụng,Xăng
2025-10-23,2023,VinFast VF8 Plus AWD,800000000.0,Nội địa,Hà Nội,SUV,30000.0,Tự động,Đã sử dụng,Điện
2025-10-23,2020,Toyota Land Cruiser 4.6 V8,4000000000.0,Nhập khẩu,Hà Nội,SUV,102000.0,Tự động,Đã sử dụng,Xăng
2025-10-23,2015,BMW 5 Series 528i GT,1000000000.0,Nhập khẩu,Hà Nội,Sedan,15000.0,Tự động,Đã sử dụng,Xăng
2025-10-23,2025,Mitsubishi Xforce Ultimate,621000000.0,Nhập khẩu,Hà Nội,SUV,0.0,Tự động,Xe mới,Xăng
2025-10-23,2021,Mercedes Benz S class S450L Limited Edition,2000000000.0,Nội địa,TP HCM,Sedan,39000.0,Tự động,Đã sử dụng,Xăng
2025-10-23,2009,Hyundai Sonata 2.0 AT,210000000.0,Nhập khẩu,Hải Phòng,Sedan,168000.0,Tự động,Đã sử dụng,Xăng
2025-10-23,2022,Mercedes Benz Maybach S450 4Matic,6000000000.0,Nhập khẩu,Hà Nội,Sedan,19000.0,Tự động,Đã sử dụng,Xăng
2025-10-23,2021,Lexus ES 250 F Sport,2000000000.0,Nhập khẩu,Hà Nội,Sedan,28000.0,Tự động,Đã sử dụng,Xăng
2025-10-23,2021,VinFast Lux SA 2.0 Premium 2.0 AT,650000000.0,Nội địa,Hà Nội,SUV,148000.0,Tự động,Đã sử dụng,Xăng
2025-10-23,2013,Chevrolet Spark LT 1.0 MT,165000000.0,Nội địa,Đăk Lăk,Hatchback,14000.0,Số Tay,Đã sử dụng,Xăng
2025-10-23,2019,LandRover Range Rover Autobiography LWB 3.0 V6,5000000000.0,Nhập khẩu,Hà Nội,SUV,50000.0,Tự động,Đã sử dụng,Xăng
2025-10-23,2018,Mercedes Benz GLC 300 4Matic,1000000000.0,Nội địa,Hà Nội,SUV,50000.0,Tự động,Đã sử dụng,Xăng
2025-10-23,2024,Volvo XC40 Ultimate B5 AWD,1000000000.0,Nhập khẩu,TP HCM,SUV,1400.0,Tự động,Đã sử dụng,Xăng
2025-10-23,2022,Peugeot 3008 GT,830000000.0,Nội địa,Long An,Crossover,30000.0,Tự động,Đã sử dụng,Xăng
2025-10-23,2018,Mercedes Benz GLC 250 4Matic,1000000000.0,Nội địa,TP HCM,SUV,32000.0,Tự động,Đã sử dụng,Xăng
2025-10-23,2016,Mercedes Benz C class C250 Exclusive,639000000.0,Nội địa,Hà Nội,Sedan,90000.0,Tự động,Đã sử dụng,Xăng
2025-10-23,2022,Ford Ranger Wildtrak 2.0L 4x4 AT,800000000.0,Nội địa,Hà Nội,Bán tải / Pickup,46000.0,Tự động,Đã sử dụng,Dầu diesel
2025-10-23,2020,Mazda CX8 Premium,765000000.0,Nội địa,Hà Nội,SUV,53000.0,Tự động,Đã sử dụng,Xăng
2025-10-23,2021,Lexus RX 300,2000000000.0,Nhập khẩu,Hà Nội,SUV,92000.0,Tự động,Đã sử dụng,Xăng
2025-10-23,2019,Toyota Fortuner 2.7V 4x2 AT TRD,770000000.0,Nội địa,Hà Nội,SUV,80000.0,Tự động,Đã sử dụng,Xăng
2025-10-23,2021,Audi Q5 45 TFSI Quattro,1000000000.0,Nhập khẩu,Hà Nội,SUV,38000.0,Tự động,Đã sử dụng,Xăng
2025-10-23,2024,Mercedes Benz GLC 300 4Matic,2000000000.0,Nội địa,Hà Nội,SUV,1799.0,Tự động,Đã sử dụng,Hybrid
2025-10-23,2025,Toyota Innova Cross HEV 2.0 CVT,993000000.0,Nhập khẩu,Hà Nội,Crossover,0.0,Tự động,Xe mới,Hybrid
2025-10-23,2023,Honda HRV G,625000000.0,Nhập khẩu,Hà Nội,Crossover,20000.0,Tự động,Đã sử dụng,Xăng
2025-10-23,2023,Ford Transit Tiêu chuẩn,575000000.0,Nội địa,Hà Nội,Van/Minivan,80000.0,Số Tay,Đã sử dụng,Dầu diesel
2025-10-23,2025,VinFast VF6 Eco,642000000.0,Nội địa,Hà Nội,SUV,0.0,Tự động,Xe mới,Điện
2025-10-23,2025,Hyundai Stargazer X 1.5 AT,505000000.0,Nhập khẩu,Hà Nội,Van/Minivan,0.0,Tự động,Xe mới,Xăng
2025-10-23,2021,Mercedes Benz GLC 300 4Matic,1000000000.0,Nội địa,TP HCM,SUV,49212.0,Tự động,Đã sử dụng,Xăng
2025-10-23,2016,Mazda CX5 2.0 AT,450000000.0,Nội địa,Hà Nội,SUV,110000.0,Tự động,Đã sử dụng,Xăng
2025-10-23,2022,Hyundai Elantra 1.6 AT Tiêu chuẩn,525000000.0,Nội địa,Hà Nội,Sedan,30000.0,Tự động,Đã sử dụng,Xăng
2025-10-23,2024,VinFast VF5 Plus,445000000.0,Nội địa,Hà Nội,SUV,19000.0,Tự động,Đã sử dụng,Điện
2025-10-23,2022,Mercedes Benz S class S450 4Matic Luxury,3000000000.0,Nhập khẩu,TP HCM,Sedan,35000.0,Tự động,Đã sử dụng,Xăng
2025-10-23,2014,Mercedes Benz E class E250,535000000.0,Nội địa,Hà Nội,Sedan,79000.0,Tự động,Đã sử dụng,Xăng
2025-10-23,2010,BMW 3 Series 325i,262000000.0,Nhập khẩu,Hà Nội,Sedan,65989.0,Tự động,Đã sử dụng,Xăng
2025-10-23,2009,Porsche Cayenne 3.6 V6,385000000.0,Nhập khẩu,TP HCM,SUV,89800.0,Tự động,Đã sử dụng,Xăng
2025-10-23,2023,Toyota Corolla altis 1.8V,660000000.0,Nhập khẩu,Hà Nội,Sedan,33000.0,Tự động,Đã sử dụng,Xăng
2025-10-23,2021,Hyundai Accent 1.4 AT,428000000.0,Nội địa,Hà Nội,Sedan,51000.0,Tự động,Đã sử dụng,Xăng
2025-10-23,2015,Lexus LX 570,3000000000.0,Nhập khẩu,Hà Nội,SUV,11500.0,Tự động,Đã sử dụng,Xăng
2025-10-23,2013,LandRover Range Rover Sport Autobiography 5.0 V8,1000000000.0,Nhập khẩu,Hà Nội,SUV,99000.0,Tự động,Đã sử dụng,Xăng
2025-10-23,2022,Lexus ES 250,2000000000.0,Nhập khẩu,Hà Nội,Sedan,50000.0,Tự động,Đã sử dụng,Xăng
2025-10-23,2023,Mercedes Benz GLC 300 4Matic,2000000000.0,Nội địa,Hà Nội,SUV,15000.0,Tự động,Đã sử dụng,Hybrid
2025-10-23,2024,Mitsubishi Attrage 1.2 MT,320000000.0,Nhập khẩu,Hà Nội,Sedan,0.0,Số Tay,Xe mới,Xăng
2025-10-23,2025,Isuzu MU,1000000000.0,Nhập khẩu,Hà Nội,SUV,0.0,Tự động,Xe mới,Dầu diesel
2025-10-23,2025,Toyota Veloz Cross 1.5 CVT,543000000.0,Nội địa,Hải Phòng,SUV,0.0,Tự động,Xe mới,Xăng
2025-10-23,2023,VinFast VF8 Eco AWD,720000000.0,Nội địa,Hà Nội,SUV,45321.0,Tự động,Đã sử dụng,Điện
2025-10-23,2023,VinFast VF8 Plus AWD,825000000.0,Nội địa,Hà Nội,SUV,41000.0,Tự động,Đã sử dụng,Điện
2025-10-23,2022,Mazda 3 1.5L Luxury,540000000.0,Nội địa,Hà Nội,Sedan,78000.0,Tự động,Đã sử dụng,Xăng
2025-10-23,2023,Mercedes Benz GLC 200 4Matic,1000000000.0,Nội địa,Hà Nội,SUV,16000.0,Tự động,Đã sử dụng,Hybrid
2025-10-23,2024,BMW X5 xDrive40i M Sport,3000000000.0,Nội địa,Hà Nội,SUV,1500.0,Tự động,Đã sử dụng,Xăng
2025-10-23,2019,Ford Everest Trend 2.0L 4x2 AT,750000000.0,Nhập khẩu,Bình Dương,SUV,79000.0,Tự động,Đã sử dụng,Dầu diesel
2025-10-23,2020,Mercedes Benz S class S450L Luxury,2000000000.0,Nội địa,Hà Nội,Sedan,40000.0,Tự động,Đã sử dụng,Xăng
2025-10-23,2025,MG G50 1.5 MT Com,520000000.0,Nhập khẩu,Hà Nội,Van/Minivan,600.0,Số Tay,Đã sử dụng,Xăng
2025-10-23,2011,Lexus CT 200h,588000000.0,Nhập khẩu,Hà Nội,Hatchback,68000.0,Tự động,Đã sử dụng,Hybrid
2025-10-23,2023,Kia Sportage Signature 1.6T AWD,923000000.0,Nội địa,Hà Nội,Crossover,17000.0,Tự động,Đã sử dụng,Xăng
2025-10-23,2024,Mini Cooper S 5 Door,1000000000.0,Nhập khẩu,Hà Nội,Hatchback,143.0,Tự động,Đã sử dụng,Xăng
2025-10-23,2021,Mercedes Benz GLC 300 4Matic,1000000000.0,Nội địa,Hà Nội,SUV,80000.0,Tự động,Đã sử dụng,Xăng
2025-10-23,2025,VinFast Limo Green AT,749000000.0,Nội địa,Bắc Ninh,SUV,0.0,Tự động,Xe mới,Điện
2025-10-23,2009,Honda Civic 1.8 AT,230000000.0,Nội địa,Hà Nội,Sedan,88000.0,Tự động,Đã sử dụng,Xăng
2025-10-23,2015,Mercedes Benz E class E250 AMG,565000000.0,Nội địa,Hà Nội,Sedan,130000.0,Tự động,Đã sử dụng,Xăng
2025-10-23,2020,Honda CRV L,815000000.0,Nội địa,Hà Nội,SUV,43000.0,Tự động,Đã sử dụng,Xăng
2025-10-23,2021,Lexus ES 250 F Sport,2000000000.0,Nhập khẩu,Hà Nội,Sedan,26789.0,Tự động,Đã sử dụng,Xăng
2025-10-23,2011,Audi Q5 2.0 AT,370000000.0,Nhập khẩu,Hà Nội,SUV,110000.0,Tự động,Đã sử dụng,Xăng
2025-10-23,2025,Toyota Avanza Premio 1.5 AT,553000000.0,Nội địa,Khánh Hòa,SUV,0.0,Tự động,Xe mới,Xăng
2025-10-23,2025,Hyundai Tucson 1.6 AT Turbo HTRAC Đặc biệt,955000000.0,Nội địa,Thái Bình,Crossover,2000.0,Tự động,Đã sử dụng,Xăng
2025-10-23,2025,Toyota Vios G 1.5 CVT,473000000.0,Nội địa,Hà Nội,Sedan,0.0,Tự động,Xe mới,Xăng
2025-10-23,2025,Ford Everest Titanium 2.0L 4x2 AT,1000000000.0,Nhập khẩu,Hà Nội,SUV,3900.0,Tự động,Đã sử dụng,Dầu diesel
2025-10-23,2025,VinFast VF5 Plus,506000000.0,Nội địa,Hà Nội,SUV,0.0,Tự động,Xe mới,Điện
2025-10-23,2024,Honda BR V L,679000000.0,Nhập khẩu,Hải Phòng,SUV,0.0,Tự động,Xe mới,Xăng
2025-10-23,2020,Toyota Corolla Cross 1.8HV,695000000.0,Nhập khẩu,Hà Nội,SUV,38000.0,Tự động,Đã sử dụng,Hybrid
2025-10-23,2020,Mercedes Benz S class S450L,2000000000.0,Nội địa,TP HCM,Sedan,67000.0,Tự động,Đã sử dụng,Xăng
2025-10-23,2019,Suzuki Swift GLX 1.2 AT,415000000.0,Nhập khẩu,Hà Nội,Hatchback,16000.0,Tự động,Đã sử dụng,Xăng
2025-10-23,2023,Mitsubishi Xpander Premium 1.5 AT,535000000.0,Nhập khẩu,TP HCM,SUV,63000.0,Tự động,Đã sử dụng,Xăng
2025-10-23,2017,Kia Morning Si AT,265000000.0,Nội địa,Hà Nội,Hatchback,82016.0,Tự động,Đã sử dụng,Xăng
2025-10-23,2014,Toyota Innova 2.0E,288000000.0,Nội địa,Hà Nội,Crossover,130000.0,Số Tay,Đã sử dụng,Xăng
2025-10-23,2016,Honda CRV 2.4 AT,560000000.0,Nội địa,Hà Nội,SUV,65000.0,Tự động,Đã sử dụng,Xăng
2025-10-23,2012,Ford Focus 1.8 AT,210000000.0,Nội địa,Hà Nội,Hatchback,1000.0,Tự động,Đã sử dụng,Xăng
2025-10-23,2021,Lexus RX 300,2000000000.0,Nhập khẩu,Hà Nội,SUV,70000.0,Tự động,Đã sử dụng,Xăng
2025-10-23,2021,LandRover Range Rover Autobiography LWB 3.0 I6 P400 AWD,6000000000.0,Nhập khẩu,Hà Nội,SUV,35000.0,Tự động,Đã sử dụng,Xăng
2025-10-23,2023,Mazda CX8 Luxury,850000000.0,Nội địa,Hà Nội,SUV,64000.0,Tự động,Đã sử dụng,Xăng
2025-10-23,2023,Jeep Wrangler Rubicon 2.0 4x4 AT,2000000000.0,Nhập khẩu,TP HCM,SUV,0.0,Tự động,Xe mới,Xăng
2025-10-23,2010,BMW 3 Series 320i,379000000.0,Nhập khẩu,TP HCM,Sedan,35000.0,Tự động,Đã sử dụng,Xăng
2025-10-23,2018,Honda CRV L,715000000.0,Nhập khẩu,Hà Nội,SUV,80000.0,Tự động,Đã sử dụng,Xăng
2025-10-23,2024,Hyundai SantaFe Prestige 2.5L HTRAC,1000000000.0,Nội địa,TP HCM,SUV,18000.0,Tự động,Đã sử dụng,Xăng
2025-10-23,2021,Kia Morning X,339000000.0,Nội địa,TP HCM,Hatchback,59000.0,Tự động,Đã sử dụng,Xăng
2025-10-23,2018,Volkswagen Passat 1.8 TSI,739000000.0,Nhập khẩu,TP HCM,Sedan,98000.0,Tự động,Đã sử dụng,Xăng
2025-10-23,2023,Kia Seltos Deluxe 1.4 AT,579000000.0,Nội địa,Hà Nội,Crossover,18000.0,Tự động,Đã sử dụng,Xăng
2025-10-23,2014,Toyota Innova 2.0E,295000000.0,Nội địa,Bình Dương,Crossover,79000.0,Số Tay,Đã sử dụng,Xăng
2025-10-23,2021,Gaz Gazelle Next Van 2.8 MT,720000000.0,Nhập khẩu,TP HCM,Van/Minivan,20000.0,Số Tay,Đã sử dụng,Dầu diesel
2025-10-23,2016,Honda City 1.5 AT,325000000.0,Nội địa,Hà Nội,Sedan,80000.0,Tự động,Đã sử dụng,Xăng
2025-10-23,2023,Jeep Wrangler Sahara Overland 2.0 4x4 AT,2000000000.0,Nhập khẩu,TP HCM,SUV,0.0,Tự động,Xe mới,Xăng
2025-10-23,2022,Jeep Gladiator Rubicon,3000000000.0,Nhập khẩu,TP HCM,Bán tải / Pickup,0.0,Tự động,Xe mới,Xăng
2025-10-23,2022,Hyundai SantaFe Cao cấp 2.2L HTRAC,1000000000.0,Nội địa,Đăk Lăk,SUV,22000.0,Tự động,Đã sử dụng,Dầu diesel
2025-10-23,2025,BMW 5 Series 530i M Sport,3000000000.0,Nội địa,TP HCM,Sedan,0.0,Tự động,Xe mới,Xăng
2025-10-23,2022,VinFast VF8 Eco AWD,595000000.0,Nội địa,Hà Nội,SUV,50000.0,Tự động,Đã sử dụng,Điện
2025-10-23,2024,BMW X5 xDrive40i xLine,3000000000.0,Nội địa,Hà Nội,SUV,1500.0,Tự động,Đã sử dụng,Xăng
2025-10-23,2016,Toyota Vios 1.5G,318000000.0,Nội địa,Hà Nội,Sedan,95000.0,Tự động,Đã sử dụng,Xăng
2025-10-23,2021,VinFast Lux A 2.0 Base 2.0 AT,475000000.0,Nội địa,Hà Nội,Sedan,68000.0,Tự động,Đã sử dụng,Xăng
2025-10-23,2025,Honda HRV e:HEV RS,829000000.0,Nhập khẩu,Hà Nội,Crossover,0.0,Tự động,Xe mới,Hybrid
2025-10-23,2011,Hyundai Elantra 1.6 MT,200000000.0,Nội địa,Phú Thọ,Sedan,100000.0,Số Tay,Đã sử dụng,Xăng
2025-10-23,2024,Mini Cooper 3 Door JCW,2000000000.0,Nhập khẩu,Hà Nội,Hatchback,0.0,Tự động,Xe mới,Xăng
2025-10-23,2024,Toyota Raize G 1.0 CVT,498000000.0,Nhập khẩu,Hà Nội,SUV,5600.0,Tự động,Đã sử dụng,Xăng
2025-10-23,2024,Hyundai Accent Đặc biệt 1.5 AT,495000000.0,Nội địa,Hà Nội,Sedan,20000.0,Tự động,Đã sử dụng,Xăng
2025-10-23,2023,Suzuki XL7 1.5 AT,488000000.0,Nhập khẩu,TP HCM,SUV,82000.0,Tự động,Đã sử dụng,Xăng
2025-10-23,2014,Mercedes Benz C class C200,525000000.0,Nội địa,Hà Nội,Sedan,97000.0,Tự động,Đã sử dụng,Xăng
2025-10-23,2023,BMW X6 xDrive40i M Sport,4000000000.0,Nhập khẩu,TP HCM,SUV,0.0,Tự động,Xe mới,Xăng
2025-10-23,2019,Honda HRV L,535000000.0,Nhập khẩu,Thái Nguyên,Crossover,70000.0,Tự động,Đã sử dụng,Xăng
2025-10-23,2022,Toyota Corolla altis 1.8G,638000000.0,Nhập khẩu,Hà Nội,Sedan,22000.0,Tự động,Đã sử dụng,Xăng
2025-10-23,2016,Mercedes Benz C class C250 Exclusive,599000000.0,Nội địa,Hà Nội,Sedan,90000.0,Tự động,Đã sử dụng,Xăng
2025-10-23,2022,Peugeot 2008 GT Line 1.2 AT,625000000.0,Nội địa,TP HCM,Crossover,50000.0,Tự động,Đã sử dụng,Xăng
2025-10-23,2019,Toyota Hilux 2.4E 4x2 AT,560000000.0,Nhập khẩu,Hà Nội,Bán tải / Pickup,120000.0,Tự động,Đã sử dụng,Dầu diesel
2025-10-23,2019,Mercedes Benz GLC 300 4Matic,1000000000.0,Nội địa,TP HCM,SUV,68000.0,Tự động,Đã sử dụng,Xăng
2025-10-23,2015,Toyota Prado TXL 2.7L,1000000000.0,Nhập khẩu,Hà Nội,SUV,100000.0,Tự động,Đã sử dụng,Xăng
2025-10-23,2018,Chevrolet Colorado High Country 2.8L 4x4 AT,449000000.0,Nhập khẩu,Hà Nội,Bán tải / Pickup,110000.0,Tự động,Đã sử dụng,Dầu diesel
2025-10-23,2019,Kia Sorento 2.2 DAT Premium,639000000.0,Nội địa,TP HCM,SUV,90000.0,Tự động,Đã sử dụng,Dầu diesel
2025-10-23,2021,Toyota Yaris G 1.5 AT,515000000.0,Nhập khẩu,Đà Nẵng,Hatchback,20000.0,Tự động,Đã sử dụng,Xăng
2025-10-23,2020,Toyota Wigo 1.2 AT,289000000.0,Nhập khẩu,Nam Định,Hatchback,70000.0,Tự động,Đã sử dụng,Xăng
2025-10-23,2016,Mazda 3 1.5 AT,358000000.0,Nội địa,Hà Nội,Sedan,90000.0,Tự động,Đã sử dụng,Xăng
2025-10-23,2025,Honda HRV L,694000000.0,Nhập khẩu,Hà Nội,Crossover,0.0,Tự động,Xe mới,Xăng
2025-10-23,2022,Hyundai Accent 1.4 MT Tiêu Chuẩn,320000000.0,Nội địa,Bà Rịa Vũng Tàu,Sedan,69000.0,Số Tay,Đã sử dụng,Xăng
2025-10-23,2018,Lexus LX 570,6000000000.0,Nhập khẩu,Hà Nội,SUV,79000.0,Tự động,Đã sử dụng,Xăng
2025-10-23,2023,BMW X5 xDrive40i xLine,3000000000.0,Nội địa,TP HCM,SUV,0.0,Tự động,Xe mới,Xăng
2025-10-23,2018,Mercedes Benz GLS 400 4Matic,1000000000.0,Nhập khẩu,Hà Nội,SUV,80000.0,Tự động,Đã sử dụng,Xăng
2025-10-23,2019,Suzuki Swift Special 1.2 AT,339000000.0,Nhập khẩu,Hải Phòng,Hatchback,50000.0,Tự động,Đã sử dụng,Xăng
2025-10-23,2020,Mazda 3 1.5L Sport Premium,539000000.0,Nội địa,Hà Nội,Hatchback,20000.0,Tự động,Đã sử dụng,Xăng
2025-10-23,2024,Toyota Vios G 1.5 CVT,499000000.0,Nội địa,Bình Dương,Sedan,3600.0,Tự động,Đã sử dụng,Xăng
2025-10-23,2023,Ford Everest Titanium 2.0L 4x2 AT,1000000000.0,Nhập khẩu,Hà Nội,SUV,25000.0,Tự động,Đã sử dụng,Dầu diesel
2025-10-23,2014,Chevrolet Orlando LTZ 1.8 AT,315000000.0,Nội địa,TP HCM,SUV,19000.0,Tự động,Đã sử dụng,Xăng
2025-10-23,2019,Nissan Sunny XL,265000000.0,Nội địa,Hà Nội,Sedan,90000.0,Số Tay,Đã sử dụng,Xăng
2025-10-23,2022,Mercedes Benz C class C200 Avantgarde,1000000000.0,Nội địa,TP HCM,Sedan,11000.0,Tự động,Đã sử dụng,Xăng
2025-10-23,2022,Mitsubishi Attrage 1.2 MT,275000000.0,Nhập khẩu,Đăk Lăk,Sedan,51000.0,Số Tay,Đã sử dụng,Xăng
2025-10-23,2023,BMW X7 xDrive40i M Sport,4000000000.0,Nhập khẩu,TP HCM,SUV,0.0,Tự động,Xe mới,Xăng
2025-10-23,2018,Ford Focus Trend 1.5L,380000000.0,Nội địa,Long An,Hatchback,77000.0,Tự động,Đã sử dụng,Xăng
2025-10-23,2021,Lexus RX 300,2000000000.0,Nhập khẩu,Hà Nội,SUV,60000.0,Tự động,Đã sử dụng,Xăng
2025-10-23,2025,Mazda CX3 1.5 AT,517000000.0,Nhập khẩu,TP HCM,Crossover,0.0,Tự động,Xe mới,Xăng
2025-10-23,2024,Mazda CX5 Premium Exclusive 2.0 AT,860000000.0,Nội địa,Hà Nội,SUV,10000.0,Tự động,Đã sử dụng,Xăng
2025-10-23,2018,Mercedes Benz C class C300 AMG,769000000.0,Nội địa,TP HCM,Sedan,94951.0,Tự động,Đã sử dụng,Xăng
2025-10-23,2016,Nissan Navara EL 2.5AT 2WD,355000000.0,Nhập khẩu,Hà Nội,Bán tải / Pickup,120000.0,Tự động,Đã sử dụng,Dầu diesel
2025-10-23,2022,Mitsubishi Outlander 2.0 CVT,688000000.0,Nội địa,TP HCM,SUV,40000.0,Tự động,Đã sử dụng,Xăng
2025-10-23,2025,Mitsubishi Xforce GLX,518000000.0,Nhập khẩu,Hà Nội,SUV,0.0,Tự động,Xe mới,Xăng
2025-10-23,2019,Toyota Hilux 2.4E 4x2 AT,555000000.0,Nhập khẩu,Hà Nội,Bán tải / Pickup,50000.0,Tự động,Đã sử dụng,Dầu diesel
2025-10-23,2019,Nissan Navara SL 2.5 MT 4WD,465000000.0,Nhập khẩu,Lào Cai,Bán tải / Pickup,110000.0,Số Tay,Đã sử dụng,Dầu diesel
2025-10-23,2021,Hyundai SantaFe Tiêu chuẩn 2.5L,790000000.0,Nội địa,TP HCM,SUV,70000.0,Tự động,Đã sử dụng,Xăng
2025-10-23,2014,LandRover Range Rover Autobiography LWB 5.0,2000000000.0,Nhập khẩu,Hà Nội,SUV,104000.0,Tự động,Đã sử dụng,Xăng
2025-10-23,2017,Mazda CX5 2.5 AT 2WD,499000000.0,Nội địa,Hà Nội,SUV,110000.0,Tự động,Đã sử dụng,Xăng
2025-10-23,2022,Toyota Veloz Cross Top 1.5 CVT,555000000.0,Nhập khẩu,Hà Nội,SUV,33000.0,Tự động,Đã sử dụng,Xăng
2025-10-23,2022,Volkswagen Teramont 2.0 AT,1000000000.0,Nhập khẩu,Hà Nội,SUV,57000.0,Tự động,Đã sử dụng,Xăng
2025-10-23,2014,Kia Carens S SX 2.0 AT,319000000.0,Nội địa,Hà Nội,Crossover,136000.0,Tự động,Đã sử dụng,Xăng
2025-10-23,2018,Mazda CX5 2.0 AT,585000000.0,Nội địa,Hải Dương,SUV,93000.0,Tự động,Đã sử dụng,Xăng
2025-10-23,2017,Lexus RC 200t,1000000000.0,Nhập khẩu,Hà Nội,Coupe,50686.0,Tự động,Đã sử dụng,Xăng
2025-10-23,2024,Mitsubishi Xforce GLX,565000000.0,Nhập khẩu,Hà Nội,SUV,15000.0,Tự động,Đã sử dụng,Xăng
2025-10-23,2022,Toyota Vios G 1.5 CVT,429000000.0,Nội địa,Hà Nội,Sedan,60000.0,Tự động,Đã sử dụng,Xăng
2025-10-23,2022,Toyota Camry 2.5Q,1000000000.0,Nhập khẩu,Hà Nam,Sedan,26000.0,Tự động,Đã sử dụng,Xăng
2025-10-23,2018,Mercedes Benz GLC 250 4Matic,969000000.0,Nội địa,Hà Nội,SUV,53000.0,Tự động,Đã sử dụng,Xăng
2025-10-23,2017,Ford Ranger Wildtrak 3.2L 4x4 AT,602000000.0,Nhập khẩu,TP HCM,Bán tải / Pickup,123000.0,Tự động,Đã sử dụng,Dầu diesel
2025-10-23,2024,Kia K3 Luxury 1.6 AT,555000000.0,Nội địa,Thái Nguyên,Sedan,5000.0,Tự động,Đã sử dụng,Xăng
2025-10-23,2020,Ford EcoSport Titanium 1.5 AT,445000000.0,Nội địa,TP HCM,SUV,85000.0,Tự động,Đã sử dụng,Xăng
2025-10-23,2019,Mitsubishi Outlander 2.4 CVT Premium,575000000.0,Nội địa,Thái Nguyên,SUV,116000.0,Tự động,Đã sử dụng,Xăng
2025-10-23,2016,Mercedes Benz C class C250 Exclusive,655000000.0,Nội địa,Hà Nội,Sedan,128747.0,Tự động,Đã sử dụng,Xăng
2025-10-23,2024,BMW X3 xDrive30i M Sport,2000000000.0,Nội địa,TP HCM,SUV,0.0,Tự động,Xe mới,Xăng
2025-10-23,2021,Mazda 3 1.5L Luxury,549000000.0,Nội địa,Hà Nội,Sedan,69000.0,Tự động,Đã sử dụng,Xăng
2025-10-23,2020,Mazda 3 1.5L Deluxe,509000000.0,Nội địa,Hà Nội,Sedan,51000.0,Tự động,Đã sử dụng,Xăng
2025-10-23,2024,Kia Seltos GT,710000000.0,Nội địa,Hà Nội,Crossover,12000.0,Tự động,Đã sử dụng,Xăng
2025-10-23,2023,Toyota Raize G 1.0 CVT,498000000.0,Nhập khẩu,Hà Nội,SUV,23000.0,Tự động,Đã sử dụng,Xăng
2025-10-23,2023,Ford Everest Titanium Plus 2.0L 4x4 AT,1000000000.0,Nhập khẩu,TP HCM,SUV,46000.0,Tự động,Đã sử dụng,Dầu diesel
2025-10-23,2021,Mitsubishi Xpander 1.5 MT,415000000.0,Nhập khẩu,Hà Nội,SUV,90000.0,Số Tay,Đã sử dụng,Xăng
2025-10-23,2024,VinFast VF6 Plus,615000000.0,Nội địa,Hà Nội,SUV,84000.0,Tự động,Đã sử dụng,Điện
2025-10-23,2025,Toyota Innova Cross 2.0 CVT,805000000.0,Nhập khẩu,TP HCM,Crossover,0.0,Tự động,Xe mới,Xăng
2025-10-23,2024,Kia Sorento Signature 2.2 AT AWD,1000000000.0,Nội địa,Hà Nội,SUV,50000.0,Tự động,Đã sử dụng,Dầu diesel
2025-10-23,2016,Mercedes Benz GLC 300 4Matic,869000000.0,Nội địa,Hà Nội,SUV,90000.0,Tự động,Đã sử dụng,Xăng
2025-10-23,2022,Porsche Cayenne GTS Coupe,7000000000.0,Nhập khẩu,TP HCM,SUV,6000.0,Tự động,Đã sử dụng,Xăng
2025-10-23,2024,Suzuki Jimny 1.5L 4x4 AT,668000000.0,Nhập khẩu,Hà Nội,SUV,0.0,Tự động,Xe mới,Xăng
2025-10-23,2021,Hyundai i10 Grand 1.2 MT Base,268000000.0,Nội địa,TP HCM,Sedan,43000.0,Số Tay,Đã sử dụng,Xăng
2025-10-23,2019,Mazda 6 Premium 2.0 AT,543000000.0,Nội địa,TP HCM,Sedan,45000.0,Tự động,Đã sử dụng,Xăng
2025-10-23,2012,Toyota Corolla altis 2.0V,320000000.0,Nội địa,Phú Thọ,Sedan,165000.0,Tự động,Đã sử dụng,Xăng
2025-10-23,2022,Hyundai SantaFe Cao cấp 2.2L HTRAC,1000000000.0,Nội địa,Đăk Lăk,SUV,24000.0,Tự động,Đã sử dụng,Dầu diesel
2025-10-23,2025,Mercedes Benz S class S450 4Matic,5000000000.0,Nhập khẩu,Hà Nội,Sedan,0.0,Tự động,Xe mới,Xăng
2025-10-23,2022,Lexus RX 300,2000000000.0,Nhập khẩu,Hà Nội,SUV,60000.0,Tự động,Đã sử dụng,Xăng
2025-10-23,2022,Kia K3 Luxury 1.6 AT,535000000.0,Nội địa,Hà Nội,Sedan,50000.0,Tự động,Đã sử dụng,Xăng
2025-10-23,2024,Mazda CX5 Premium 2.0 AT,810000000.0,Nội địa,Vĩnh Phúc,SUV,9000.0,Tự động,Đã sử dụng,Xăng
2025-10-23,2019,Mercedes Benz GLC 300 4Matic,1000000000.0,Nội địa,Hà Nội,SUV,50000.0,Tự động,Đã sử dụng,Xăng
2025-10-23,2023,Hyundai Creta Đặc biệt 1.5 AT,600000000.0,Nội địa,Quảng Ninh,Crossover,50000.0,Tự động,Đã sử dụng,Xăng
2025-10-23,2008,Toyota Camry 2.4G,255000000.0,Nội địa,Hà Nội,Sedan,136000.0,Tự động,Đã sử dụng,Xăng
2025-10-23,2023,BMW 5 Series 520i M Sport,2000000000.0,Nội địa,TP HCM,Sedan,0.0,Tự động,Xe mới,Xăng
2025-10-23,2017,Mercedes Benz GLC 300 4Matic,959000000.0,Nội địa,Hà Nội,SUV,96000.0,Tự động,Đã sử dụng,Xăng
2025-10-23,2023,VinFast VF8 Eco AWD,650000000.0,Nội địa,Hà Nội,SUV,40000.0,Tự động,Đã sử dụng,Điện
2025-10-23,2020,VinFast Fadil 1.4 AT,288000000.0,Nội địa,Hà Nội,Hatchback,60000.0,Tự động,Đã sử dụng,Xăng
2025-10-23,2019,Mercedes Benz E class E300 AMG,1000000000.0,Nội địa,TP HCM,Sedan,80000.0,Tự động,Đã sử dụng,Xăng
2025-10-23,2016,Mercedes Benz V class V250 Avantgarde,1000000000.0,Nhập khẩu,TP HCM,Van/Minivan,68000.0,Tự động,Đã sử dụng,Xăng
2025-10-23,2023,Mitsubishi Attrage 1.2 CVT,394000000.0,Nhập khẩu,TP HCM,Sedan,33000.0,Tự động,Đã sử dụng,Xăng
2025-10-23,2023,Mercedes Benz C class C200 Avantgarde Plus,1000000000.0,Nội địa,TP HCM,Sedan,17.0,Tự động,Đã sử dụng,Xăng
2025-10-23,2022,Mazda 2 Luxury,360000000.0,Nhập khẩu,Thanh Hóa,Sedan,31000.0,Tự động,Đã sử dụng,Xăng
2025-10-23,2022,Hyundai Tucson 1.6 AT Turbo HTRAC Đặc biệt,830000000.0,Nội địa,Hà Nội,Crossover,53000.0,Tự động,Đã sử dụng,Xăng
2025-10-23,2022,Toyota Raize G 1.0 CVT,465000000.0,Nhập khẩu,Thái Nguyên,SUV,40000.0,Tự động,Đã sử dụng,Xăng
2025-10-23,2022,Mercedes Benz Maybach S450 4Matic,7000000000.0,Nhập khẩu,TP HCM,Sedan,3000.0,Tự động,Đã sử dụng,Xăng
2025-10-23,2021,Mazda 3 1.5L Sport Premium,560000000.0,Nội địa,Khánh Hòa,Hatchback,46039.0,Tự động,Đã sử dụng,Xăng
2025-10-23,2019,Mazda CX5 2.0 AT,585000000.0,Nội địa,Hà Nội,SUV,100000.0,Tự động,Đã sử dụng,Xăng
2025-10-23,2025,Honda City L 1.5 AT,484000000.0,Nội địa,Hà Nội,Sedan,0.0,Tự động,Xe mới,Xăng
2025-10-23,2022,Honda CRV LSE,929000000.0,Nội địa,TP HCM,SUV,36000.0,Tự động,Đã sử dụng,Xăng
2025-10-23,2025,Toyota Innova Cross HEV 2.0 CVT,985000000.0,Nhập khẩu,TP HCM,Crossover,0.0,Tự động,Xe mới,Hybrid
2025-10-23,2024,Mazda CX5 Premium Sport 2.0 AT,810000000.0,Nội địa,Hải Phòng,SUV,38000.0,Tự động,Đã sử dụng,Xăng
2025-10-23,2019,Toyota Vios 1.5G,395000000.0,Nội địa,Hà Nội,Sedan,56000.0,Tự động,Đã sử dụng,Xăng
2025-10-23,2022,Hyundai Accent 1.4 AT Đặc Biệt,450000000.0,Nội địa,Phú Thọ,Sedan,55000.0,Tự động,Đã sử dụng,Xăng
2025-10-23,2025,Ford Territory Titanium X 1.5 AT,874000000.0,Nội địa,TP HCM,SUV,0.0,Tự động,Xe mới,Xăng
2025-10-23,2022,Mercedes Benz S class S450,3000000000.0,Nhập khẩu,Hà Nội,Sedan,30000.0,Tự động,Đã sử dụng,Xăng
2025-10-23,2021,Porsche 911 Carrera,6000000000.0,Nhập khẩu,Hà Nội,Coupe,18000.0,Tự động,Đã sử dụng,Xăng
2025-10-23,2022,Kia K3 Premium 1.6 AT,535000000.0,Nội địa,Hà Nội,Sedan,60000.0,Tự động,Đã sử dụng,Xăng
2025-10-23,2024,BMW 3 Series 320i Sport Line,1000000000.0,Nội địa,Hà Nội,Sedan,5600.0,Tự động,Đã sử dụng,Xăng
2025-10-23,2025,MG RX5 1.5T LUX,599000000.0,Nhập khẩu,Hà Nội,Crossover,0.0,Tự động,Xe mới,Xăng
2025-10-23,2023,Kia Carnival Signature 3.5G,1000000000.0,Nội địa,Long An,Van/Minivan,22000.0,Tự động,Đã sử dụng,Xăng
2025-10-23,2020,Mercedes Benz GLC 200 4Matic,1000000000.0,Nội địa,TP HCM,SUV,69000.0,Tự động,Đã sử dụng,Xăng
2025-10-23,2023,Porsche Cayenne 3.0 V6,6000000000.0,Nhập khẩu,TP HCM,SUV,16000.0,Tự động,Đã sử dụng,Xăng
2025-10-23,2017,Mercedes Benz GLC 300 4Matic,928000000.0,Nội địa,Hà Nội,SUV,88000.0,Tự động,Đã sử dụng,Xăng
2025-10-23,2021,Ford Ranger Limited 2.0L 4x4 AT,620000000.0,Nhập khẩu,TP HCM,Bán tải / Pickup,85000.0,Tự động,Đã sử dụng,Dầu diesel
2025-10-23,2024,BMW 3 Series 330i M Sport,1000000000.0,Nội địa,TP HCM,Sedan,0.0,Tự động,Xe mới,Xăng
2025-10-23,2020,Porsche Taycan 4S,4000000000.0,Nhập khẩu,TP HCM,Sedan,31000.0,Tự động,Đã sử dụng,Điện
2025-10-23,2025,Honda HRV G,644000000.0,Nhập khẩu,Hà Nội,Crossover,0.0,Tự động,Xe mới,Xăng
2025-10-23,2021,Lexus RX 300,2000000000.0,Nhập khẩu,TP HCM,SUV,12000.0,Tự động,Đã sử dụng,Xăng
2025-10-23,2015,Porsche Macan 2.0,1000000000.0,Nhập khẩu,TP HCM,SUV,85000.0,Tự động,Đã sử dụng,Xăng
2025-10-23,2021,Mercedes Benz V class V250 Luxury,1000000000.0,Nhập khẩu,TP HCM,Van/Minivan,38000.0,Tự động,Đã sử dụng,Xăng
2025-10-23,2025,Ford Ranger Wildtrak 2.0L 4x4 AT,810000000.0,Nội địa,Hà Nội,Bán tải / Pickup,0.0,Tự động,Xe mới,Dầu diesel
2025-10-23,2023,Mitsubishi Xpander Premium 1.5 AT,570000000.0,Nhập khẩu,TP HCM,SUV,38800.0,Tự động,Đã sử dụng,Xăng
2025-10-23,2017,Mazda 3 1.5 AT,399000000.0,Nội địa,Hà Nội,Hatchback,60000.0,Tự động,Đã sử dụng,Xăng
2025-10-23,2018,Maserati Levante 3.0 V6,2000000000.0,Nhập khẩu,Hà Nội,SUV,40000.0,Tự động,Đã sử dụng,Xăng
2025-10-23,2024,Mazda CX5 Premium Sport 2.0 AT,810000000.0,Nội địa,Thái Nguyên,SUV,2000.0,Tự động,Đã sử dụng,Xăng
2025-10-23,2022,Volvo XC60 Recharge T8 AWD,2000000000.0,Nhập khẩu,Hà Nội,SUV,63000.0,Tự động,Đã sử dụng,Hybrid
2025-10-23,2016,BMW 7 Series 730Li,1000000000.0,Nhập khẩu,Hà Nội,Sedan,11000.0,Tự động,Đã sử dụng,Xăng
2025-10-23,2019,VinFast Fadil 1.4 AT,310000000.0,Nội địa,Bình Dương,Hatchback,13000.0,Tự động,Đã sử dụng,Xăng
2025-10-23,2022,VinFast Lux A 2.0 Nâng cao,565000000.0,Nội địa,Hà Nội,Sedan,40000.0,Tự động,Đã sử dụng,Xăng
2025-10-23,2022,Peugeot 3008 AL,760000000.0,Nội địa,Hà Nội,Crossover,50000.0,Tự động,Đã sử dụng,Xăng
2025-10-23,2016,Kia Cerato 2.0 AT,360000000.0,Nội địa,Hà Nội,Sedan,62000.0,Tự động,Đã sử dụng,Xăng
2025-10-23,2022,Ford Explorer Limited 2.3L EcoBoost,1000000000.0,Nhập khẩu,Hà Nội,SUV,46000.0,Tự động,Đã sử dụng,Xăng
2025-10-23,2019,Mercedes Benz E class E200,1000000000.0,Nội địa,Hà Nội,Sedan,70000.0,Tự động,Đã sử dụng,Xăng
2025-10-23,2011,Toyota Corolla altis 1.8G AT,279000000.0,Nội địa,Hà Nội,Sedan,12000.0,Tự động,Đã sử dụng,Xăng
2025-10-23,2021,Jeep Wrangler Sport 2.0 4x4 AT,1000000000.0,Nhập khẩu,TP HCM,SUV,31700.0,Tự động,Đã sử dụng,Xăng
2025-10-23,2020,Toyota Innova 2.0E,510000000.0,Nội địa,TP HCM,Crossover,114323.0,Số Tay,Đã sử dụng,Xăng
2025-10-23,2022,Ford Everest Titanium 2.0L 4x2 AT,1000000000.0,Nhập khẩu,Hà Nội,SUV,40000.0,Tự động,Đã sử dụng,Dầu diesel
2025-10-23,2022,BMW X3 sDrive20i,1000000000.0,Nội địa,Hà Nội,SUV,15000.0,Tự động,Đã sử dụng,Xăng
2025-10-23,2022,Toyota Prado VX 2.7L,2000000000.0,Nhập khẩu,Hà Nội,SUV,70000.0,Tự động,Đã sử dụng,Xăng
2025-10-23,2015,Toyota Fortuner 2.7V 4x2 AT,455000000.0,Nội địa,Hà Nội,SUV,90000.0,Tự động,Đã sử dụng,Xăng
2025-10-23,2022,Kia Carnival Signature 3.5G,1000000000.0,Nội địa,Hà Nội,Van/Minivan,65000.0,Tự động,Đã sử dụng,Xăng
2025-10-23,2009,Mercedes Benz GLK Class GLK280 4Matic,289000000.0,Nhập khẩu,Hà Nội,SUV,170000.0,Tự động,Đã sử dụng,Xăng
2025-10-23,2014,Ford Fiesta S 1.0 AT Ecoboost,243000000.0,Nội địa,Bình Dương,Hatchback,38000.0,Tự động,Đã sử dụng,Xăng
2025-10-23,2021,Hyundai Tucson 2.0 AT CRDi Đặc biệt,705000000.0,Nội địa,Đà Nẵng,Crossover,48000.0,Tự động,Đã sử dụng,Dầu diesel
2025-10-23,2020,Mercedes Benz S class S450L,1000000000.0,Nội địa,TP HCM,Sedan,58000.0,Tự động,Đã sử dụng,Xăng
2025-10-23,2016,Audi Q5 2.0 AT,720000000.0,Nhập khẩu,TP HCM,SUV,44346.0,Tự động,Đã sử dụng,Xăng
2025-10-23,2025,Kia Morning GT,469000000.0,Nội địa,Hà Nội,Hatchback,0.0,Tự động,Xe mới,Xăng
2025-10-23,2025,Ford Everest Platinum 2.0L 4x4 AT,1000000000.0,Nhập khẩu,Gia Lai,SUV,7700.0,Tự động,Đã sử dụng,Dầu diesel
2025-10-23,2023,Porsche Cayenne 3.0 V6,6000000000.0,Nhập khẩu,Hà Nội,SUV,3000.0,Tự động,Đã sử dụng,Xăng
2025-10-23,2023,Hyundai Elantra 1.6 AT Đặc biệt,585000000.0,Nội địa,TP HCM,Sedan,38000.0,Tự động,Đã sử dụng,Xăng
2025-10-23,2025,Ford Transit Van,935000000.0,Nội địa,TP HCM,Van/Minivan,0.0,Số Tay,Xe mới,Dầu diesel
2025-10-23,2016,Nissan X trail 2.5 SV 4WD,479000000.0,Nội địa,TP HCM,SUV,83000.0,Tự động,Đã sử dụng,Xăng
2025-10-23,2023,Toyota Land Cruiser 3.5 V6,5000000000.0,Nhập khẩu,Hà Nội,SUV,40000.0,Tự động,Đã sử dụng,Xăng
2025-10-23,2022,Mitsubishi Xpander Cross 1.5 AT,510000000.0,Nhập khẩu,Hà Nội,SUV,21000.0,Tự động,Đã sử dụng,Xăng
2025-10-23,2024,Subaru Forester 2.0i,799000000.0,Nhập khẩu,TP HCM,SUV,0.0,Tự động,Xe mới,Xăng
2025-10-23,2023,Kia Carnival Signature 2.2D,1000000000.0,Nội địa,Hà Nội,Van/Minivan,45000.0,Tự động,Đã sử dụng,Dầu diesel
2025-10-23,2025,VinFast VF3 Plus,229000000.0,Nội địa,Hà Nội,Hatchback,0.0,Tự động,Xe mới,Điện
2025-10-23,2024,BYD Seal Advanced,927000000.0,Nhập khẩu,TP HCM,Sedan,0.0,Tự động,Xe mới,Điện
2025-10-23,2018,Mitsubishi Triton 4x2 AT,420000000.0,Nhập khẩu,Hà Nội,Bán tải / Pickup,70000.0,Tự động,Đã sử dụng,Dầu diesel
2025-10-23,2020,Mazda BT50 Luxury 2.2L 4x2 AT,470000000.0,Nhập khẩu,Hà Nội,Bán tải / Pickup,70000.0,Tự động,Đã sử dụng,Dầu diesel
2025-10-23,2025,Hyundai Creta Đặc biệt 1.5 AT,626000000.0,Nội địa,Cần Thơ,SUV,0.0,Tự động,Xe mới,Xăng
2025-10-23,2025,Isuzu FRR 90QE5,1000000000.0,Nội địa,TP HCM,Truck,0.0,Số Tay,Xe mới,Dầu diesel
2025-10-23,2021,Honda Civic G 1.8 AT,599000000.0,Nhập khẩu,Bình Dương,Sedan,62000.0,Tự động,Đã sử dụng,Xăng
2025-10-23,2024,Lexus LM 500h,8000000000.0,Nhập khẩu,Hà Nội,Van/Minivan,11000.0,Tự động,Đã sử dụng,Hybrid
2025-10-23,2023,VinFast VF8 Eco AWD,685000000.0,Nội địa,Vĩnh Phúc,SUV,56000.0,Tự động,Đã sử dụng,Điện
2025-10-23,2023,Ford Ranger Wildtrak 2.0L 4x4 AT,825000000.0,Nội địa,Hà Nội,Bán tải / Pickup,30000.0,Tự động,Đã sử dụng,Dầu diesel
2025-10-23,2023,Mitsubishi Attrage 1.2 CVT,359000000.0,Nhập khẩu,TP HCM,Sedan,90000.0,Tự động,Đã sử dụng,Xăng
2025-10-23,2025,Honda City RS 1.5 AT,504000000.0,Nội địa,Hà Nội,Sedan,0.0,Tự động,Xe mới,Xăng
2025-10-23,2023,VinFast VF8 Plus,880000000.0,Nội địa,Hà Nội,SUV,49000.0,Tự động,Đã sử dụng,Điện
2025-10-23,2025,VinFast VF7 Plus,853000000.0,Nội địa,TP HCM,SUV,0.0,Tự động,Xe mới,Điện
2025-10-23,2025,Isuzu QKR QMR77HE5A Thùng Kín,680000000.0,Nội địa,TP HCM,Truck,0.0,Số Tay,Xe mới,Dầu diesel
2025-10-23,2021,Toyota Camry 2.5Q,898000000.0,Nhập khẩu,TP HCM,Sedan,66000.0,Tự động,Đã sử dụng,Xăng
2025-10-23,2018,Porsche Panamera 3.0 V6,3000000000.0,Nhập khẩu,Hà Nội,Sedan,96000.0,Tự động,Đã sử dụng,Xăng
2025-10-23,2024,Mercedes Benz Maybach GLS 480 4Matic,7000000000.0,Nhập khẩu,TP HCM,SUV,0.0,Tự động,Xe mới,Xăng
2025-10-23,2021,Kia Sedona 3.3 GAT Premium,839000000.0,Nội địa,TP HCM,Van/Minivan,60000.0,Tự động,Đã sử dụng,Xăng
2025-10-23,2021,Hyundai SantaFe Cao cấp 2.5L HTRAC,995000000.0,Nội địa,Bình Dương,SUV,84000.0,Tự động,Đã sử dụng,Xăng
2025-10-23,2022,Toyota Prado VX 2.7L,2000000000.0,Nhập khẩu,Hà Nội,SUV,40000.0,Tự động,Đã sử dụng,Xăng
2025-10-23,2025,MG HS 1.5T DEL,559000000.0,Nhập khẩu,Bắc Ninh,Crossover,0.0,Tự động,Xe mới,Xăng
2025-10-23,2025,Toyota Corolla Cross 1.8HEV,850000000.0,Nhập khẩu,TP HCM,SUV,0.0,Tự động,Xe mới,Hybrid
2025-10-23,2014,LandRover Range Rover HSE 3.0,2000000000.0,Nhập khẩu,Hà Nội,SUV,70000.0,Tự động,Đã sử dụng,Xăng
2025-10-23,2022,Porsche Macan 2.0,3000000000.0,Nhập khẩu,Hà Nội,SUV,35000.0,Tự động,Đã sử dụng,Xăng
2025-10-23,2015,Mercedes Benz GL 400 4Matic,986000000.0,Nhập khẩu,Hà Nội,SUV,152887.0,Tự động,Đã sử dụng,Xăng
2025-10-23,2025,Ford Ranger XLS 2.0L 4x4 AT,776000000.0,Nội địa,TP HCM,Bán tải / Pickup,0.0,Tự động,Xe mới,Dầu diesel
2025-10-23,2022,Lexus RX 300,2000000000.0,Nhập khẩu,Hà Nội,SUV,40000.0,Tự động,Đã sử dụng,Xăng
2025-10-23,2011,Audi Q7 3.0 AT,435000000.0,Nhập khẩu,Hà Nội,SUV,100000.0,Tự động,Đã sử dụng,Xăng
2025-10-23,2025,Toyota Yaris Cross 1.5 D,609000000.0,Nhập khẩu,Hà Nội,SUV,0.0,Tự động,Xe mới,Xăng
2025-10-23,2011,BMW 5 Series 528i,425000000.0,Nhập khẩu,Hà Nội,Sedan,176000.0,Tự động,Đã sử dụng,Xăng
2025-10-23,2019,Ford Ranger XLS 2.2L 4x2 MT,435000000.0,Nhập khẩu,Hà Nội,Bán tải / Pickup,90000.0,Số Tay,Đã sử dụng,Dầu diesel
2025-10-23,2025,Hyundai Accent Đặc biệt 1.5 AT,517000000.0,Nội địa,Hà Nội,Sedan,0.0,Tự động,Xe mới,Xăng
2025-10-23,2016,Lexus ES 250,1000000000.0,Nhập khẩu,Hà Nội,Sedan,96000.0,Tự động,Đã sử dụng,Xăng
2025-10-23,2025,VinFast VF7 Eco,727000000.0,Nội địa,Hà Nội,SUV,0.0,Tự động,Xe mới,Điện
2025-10-23,2023,BMW 7 Series 740i Pure Excellence,5000000000.0,Nhập khẩu,TP HCM,Sedan,0.0,Tự động,Xe mới,Xăng
2025-10-23,2024,Mitsubishi Xpander Premium 1.5 AT,590000000.0,Nhập khẩu,Hà Nội,SUV,22000.0,Tự động,Đã sử dụng,Xăng
2025-10-23,2023,Kia Sonet Luxury 1.5 AT,535000000.0,Nội địa,Đăk Lăk,Crossover,12000.0,Tự động,Đã sử dụng,Xăng
2025-10-23,2017,Mazda CX5 2.0 AT,502000000.0,Nội địa,Hải Phòng,SUV,100000.0,Tự động,Đã sử dụng,Xăng
2025-10-23,2023,Mercedes Benz C class C200 Avantgarde,1000000000.0,Nội địa,TP HCM,Sedan,3500.0,Tự động,Đã sử dụng,Xăng
2025-10-23,2019,Kia Sedona 3.3 GAT Premium,698000000.0,Nội địa,TP HCM,Van/Minivan,60000.0,Tự động,Đã sử dụng,Xăng
2025-10-23,2024,Toyota Innova E 2.0 MT,665000000.0,Nội địa,TP HCM,Crossover,55500.0,Số Tay,Đã sử dụng,Xăng
2025-10-23,2022,Peugeot 2008 GT Line 1.2 AT,680000000.0,Nội địa,Bình Dương,Crossover,48000.0,Tự động,Đã sử dụng,Xăng
2025-10-23,2024,BMW X5 xDrive40i M Sport,3000000000.0,Nội địa,Hà Nội,SUV,6000.0,Tự động,Đã sử dụng,Xăng
2025-10-23,2018,Mercedes Benz GLE Class GLE 43 AMG 4Matic Coupe,2000000000.0,Nhập khẩu,Hà Nội,Coupe,30000.0,Tự động,Đã sử dụng,Xăng
2025-10-23,2020,Toyota Corolla Cross 1.8HV,695000000.0,Nhập khẩu,Hà Nội,SUV,36000.0,Tự động,Đã sử dụng,Hybrid
2025-10-23,2018,BMW 7 Series 740Li,2000000000.0,Nhập khẩu,Hà Nội,Sedan,60000.0,Tự động,Đã sử dụng,Xăng
2025-10-23,2019,Hyundai Kona 2.0 AT,440000000.0,Nội địa,Long An,Crossover,80000.0,Tự động,Đã sử dụng,Xăng
2025-10-23,2025,Toyota Vios G 1.5 CVT,495000000.0,Nội địa,TP HCM,Sedan,0.0,Tự động,Xe mới,Xăng
2025-10-23,2024,BMW X3 sDrive20i M Sport,2000000000.0,Nội địa,TP HCM,SUV,0.0,Tự động,Xe mới,Xăng
2025-10-23,2016,Mercedes Benz C class C250 Exclusive,639000000.0,Nội địa,Hà Nội,Sedan,82000.0,Tự động,Đã sử dụng,Xăng
2025-10-23,2022,Mazda CX 30 Premium 2.0 AT,639000000.0,Nhập khẩu,Hà Nội,Crossover,32000.0,Tự động,Đã sử dụng,Xăng
2025-10-23,2021,Hyundai Tucson 2.0 AT Đặc biệt,679000000.0,Nội địa,Hà Nội,Crossover,60000.0,Tự động,Đã sử dụng,Xăng
2025-10-23,2020,Toyota Highlander LE 2.5 AWD,860000000.0,Nhập khẩu,Hà Nội,SUV,65000.0,Tự động,Đã sử dụng,Hybrid
2025-10-23,2021,Mercedes Benz GLC 300 4Matic,1000000000.0,Nội địa,Hà Nội,SUV,38000.0,Tự động,Đã sử dụng,Xăng
2025-10-23,2022,Kia Sorento Premium 2.5 AT,845000000.0,Nội địa,Hà Nội,SUV,40000.0,Tự động,Đã sử dụng,Xăng
2025-10-23,2019,Mercedes Benz C class C300 AMG,939000000.0,Nội địa,Hà Nội,Sedan,85000.0,Tự động,Đã sử dụng,Xăng
2025-10-23,2021,VinFast Lux SA 2.0 Premium 2.0 AT,680000000.0,Nội địa,Hà Nội,SUV,55000.0,Tự động,Đã sử dụng,Xăng
2025-10-23,2024,MG HS 1.5T LUX,623000000.0,Nhập khẩu,Hà Nội,Crossover,14000.0,Tự động,Đã sử dụng,Xăng
2025-10-23,2019,Mercedes Benz GLE Class GLE 450 4Matic,2000000000.0,Nhập khẩu,Hà Nội,SUV,60000.0,Tự động,Đã sử dụng,Xăng
2025-10-23,2024,Hyundai Elantra 1.6 AT Tiêu chuẩn,512000000.0,Nội địa,TP HCM,Sedan,0.0,Tự động,Xe mới,Xăng
2025-10-23,2023,Honda CRV L AWD,1000000000.0,Nội địa,Thái Bình,SUV,20000.0,Tự động,Đã sử dụng,Xăng
2025-10-23,2017,Mazda CX5 2.5 AT 2WD,525000000.0,Nội địa,Hà Nội,SUV,50000.0,Tự động,Đã sử dụng,Xăng
2025-10-23,2024,Mercedes Benz AMG GT 53 4Matic,4000000000.0,Nhập khẩu,Quảng Ninh,Coupe,0.0,Tự động,Xe mới,Xăng
2025-10-23,2025,VinFast VF7 Eco,717000000.0,Nội địa,TP HCM,SUV,0.0,Tự động,Xe mới,Điện
2025-10-23,2020,Peugeot 5008 Allure 1.6 AT,700000000.0,Nội địa,Hà Nội,SUV,40000.0,Tự động,Đã sử dụng,Xăng
2025-10-23,2022,Toyota Corolla Cross 1.8V,700000000.0,Nhập khẩu,Hà Nội,SUV,40000.0,Tự động,Đã sử dụng,Xăng
2025-10-23,2019,Mercedes Benz E class E200,1000000000.0,Nội địa,Hà Nội,Sedan,90000.0,Tự động,Đã sử dụng,Xăng
2025-10-23,2019,Mazda 3 1.5L Luxury,455000000.0,Nội địa,Hà Nội,Sedan,80000.0,Tự động,Đã sử dụng,Xăng
2025-10-23,2018,Peugeot 5008 1.6 AT,610000000.0,Nội địa,Hà Nội,SUV,80000.0,Tự động,Đã sử dụng,Xăng
2025-10-23,2023,Kia Sonet Premium 1.5 AT,539000000.0,Nội địa,Hà Nội,Crossover,20000.0,Tự động,Đã sử dụng,Xăng
2025-10-23,2022,Peugeot 2008 GT Line 1.2 AT,599000000.0,Nội địa,Hà Nội,Crossover,50000.0,Tự động,Đã sử dụng,Xăng
2025-10-23,2022,Hyundai SantaFe Cao cấp 2.2L HTRAC,1000000000.0,Nội địa,Hà Nội,SUV,70000.0,Tự động,Đã sử dụng,Dầu diesel
2025-10-23,2016,Audi Q5 2.0 AT,722000000.0,Nhập khẩu,Hà Nội,SUV,60000.0,Tự động,Đã sử dụng,Xăng
2025-10-23,2022,Hyundai Accent 1.4 AT Đặc Biệt,438000000.0,Nội địa,Hà Nội,Sedan,56000.0,Tự động,Đã sử dụng,Xăng
2025-10-23,2023,Hyundai Custin Cao Cấp 2.0T,855000000.0,Nội địa,TP HCM,Van/Minivan,20000.0,Tự động,Đã sử dụng,Xăng
2025-10-23,2025,Lynk & Co 06 Core Plus 1.5 Turbo,638000000.0,Nhập khẩu,Bình Dương,SUV,0.0,Tự động,Xe mới,Xăng
2025-10-23,2016,Toyota Land Cruiser VX 4.6 V8,2000000000.0,Nhập khẩu,Hà Nội,SUV,140000.0,Tự động,Đã sử dụng,Xăng
2025-10-23,2011,Rolls Royce Ghost EWB 6.6 V12,6000000000.0,Nhập khẩu,TP HCM,Sedan,49000.0,Tự động,Đã sử dụng,Xăng
2025-10-23,2025,Geely EX5 Max,850000000.0,Nhập khẩu,Bình Dương,SUV,0.0,Tự động,Xe mới,Điện
2025-10-23,2018,Mercedes Benz GLA class GLA 45 AMG 4Matic,1000000000.0,Nhập khẩu,TP HCM,SUV,49000.0,Tự động,Đã sử dụng,Xăng
2025-10-23,2015,Lexus ES 350,999000000.0,Nhập khẩu,TP HCM,Sedan,92000.0,Tự động,Đã sử dụng,Xăng
2025-10-23,2021,VinFast Lux SA 2.0 Base 2.0 AT,615000000.0,Nội địa,Hà Nội,SUV,55000.0,Tự động,Đã sử dụng,Xăng
2025-10-23,2025,Geely Coolray Premium,510000000.0,Nhập khẩu,Bình Dương,SUV,0.0,Tự động,Xe mới,Xăng
2025-10-23,2022,Nissan Almera VL 1.0 CVT Cao cấp,436000000.0,Nhập khẩu,Hà Nội,Sedan,45000.0,Tự động,Đã sử dụng,Xăng
2025-10-23,2018,Mazda CX5 2.5 AT 2WD,510000000.0,Nội địa,Hà Nội,SUV,75686.0,Tự động,Đã sử dụng,Xăng
2025-10-23,2018,Peugeot 5008 1.6 AT,599000000.0,Nội địa,Hà Nội,SUV,80000.0,Tự động,Đã sử dụng,Xăng
2025-10-23,2019,Honda HRV L,555000000.0,Nhập khẩu,Hà Nội,Crossover,40000.0,Tự động,Đã sử dụng,Xăng
2025-10-23,2022,Kia Carnival Premium 2.2D,1000000000.0,Nội địa,Hà Nội,Van/Minivan,79000.0,Tự động,Đã sử dụng,Dầu diesel
2025-10-23,2023,Mercedes Benz GLC 300 4Matic,2000000000.0,Nội địa,Hà Nội,SUV,30000.0,Tự động,Đã sử dụng,Xăng
2025-10-23,2019,Hyundai SantaFe Premium 2.2L HTRAC,819000000.0,Nội địa,TP HCM,SUV,57000.0,Tự động,Đã sử dụng,Dầu diesel
2025-10-23,2018,Peugeot 3008 1.6 AT,580000000.0,Nội địa,Bà Rịa Vũng Tàu,Crossover,49000.0,Tự động,Đã sử dụng,Xăng
2025-10-23,2022,Kia Soluto 1.4 AT Deluxe,369000000.0,Nội địa,Hà Nội,Sedan,40000.0,Tự động,Đã sử dụng,Xăng
2025-10-23,2025,Geely Coolray Standard,469000000.0,Nhập khẩu,Bình Dương,SUV,0.0,Tự động,Xe mới,Xăng
2025-10-23,2023,Ford Everest Titanium 2.0L 4x2 AT,1000000000.0,Nhập khẩu,TP HCM,SUV,21000.0,Tự động,Đã sử dụng,Dầu diesel
2025-10-23,2023,BMW 4 Series 430i Convertible M Sport,2000000000.0,Nhập khẩu,Hà Nội,Convertible/Cabriolet,12000.0,Tự động,Đã sử dụng,Xăng
2025-10-23,2022,BMW X3 xDrive30i M Sport,1000000000.0,Nội địa,TP HCM,SUV,14000.0,Tự động,Đã sử dụng,Xăng
2025-10-23,2022,Mercedes Benz E class E180,1000000000.0,Nội địa,TP HCM,Sedan,43800.0,Tự động,Đã sử dụng,Xăng
2025-10-23,2020,Toyota Corolla altis 1.8E AT,525000000.0,Nội địa,Hà Nội,Sedan,86000.0,Tự động,Đã sử dụng,Xăng
2025-10-23,2016,Mercedes Benz GLC 250 4Matic,779000000.0,Nội địa,Hà Nội,SUV,71000.0,Tự động,Đã sử dụng,Xăng
2025-10-23,2022,Mercedes Benz GLE Class GLE 53 4Matic+ Coupe AMG,3000000000.0,Nhập khẩu,Hà Nội,SUV,32000.0,Tự động,Đã sử dụng,Xăng
2025-10-23,2022,Toyota Fortuner 2.4L 4x2 AT,938000000.0,Nội địa,Hà Nội,SUV,90000.0,Tự động,Đã sử dụng,Dầu diesel
2025-10-23,2021,Lexus LX 570,8000000000.0,Nhập khẩu,Hà Nội,SUV,53000.0,Tự động,Đã sử dụng,Xăng
2025-10-23,2015,Toyota Corolla altis 2.0V,439000000.0,Nội địa,Hà Nội,Sedan,110000.0,Tự động,Đã sử dụng,Xăng
2025-10-23,2025,Mitsubishi Xpander 1.5 AT,506000000.0,Nội địa,TP HCM,SUV,0.0,Tự động,Xe mới,Xăng
2025-10-23,2019,Lexus LX 570 Super Sport MBS,7000000000.0,Nhập khẩu,Hà Nội,SUV,43000.0,Tự động,Đã sử dụng,Xăng
2025-10-23,2024,Volkswagen Viloran Luxury,2000000000.0,Nhập khẩu,Hà Nội,Van/Minivan,13000.0,Tự động,Đã sử dụng,Xăng
2025-10-23,2016,Toyota Fortuner TRD Sportivo 4x2 AT,535000000.0,Nội địa,TP HCM,SUV,117000.0,Tự động,Đã sử dụng,Xăng
2025-10-23,2019,Toyota Yaris 1.5G,505000000.0,Nhập khẩu,Hà Nội,Hatchback,50000.0,Tự động,Đã sử dụng,Xăng
2025-10-23,2025,Toyota Wigo G 1.2 AT,380000000.0,Nhập khẩu,Hải Phòng,Hatchback,0.0,Tự động,Xe mới,Xăng
2025-10-23,2025,Isuzu Dmax Hi Lander 1.9L 4x2 AT,680000000.0,Nhập khẩu,Hà Nội,Bán tải / Pickup,0.0,Tự động,Xe mới,Dầu diesel
2025-10-23,2024,Toyota Vios E 1.5 MT,405000000.0,Nội địa,Đăk Lăk,Sedan,7600.0,Số Tay,Đã sử dụng,Xăng
2025-10-23,2019,Kia Sedona 2.2 DAT Luxury,740000000.0,Nội địa,TP HCM,Van/Minivan,48000.0,Tự động,Đã sử dụng,Dầu diesel
2025-10-23,2019,Hyundai Elantra 1.6 AT,445000000.0,Nội địa,Hải Phòng,Sedan,62000.0,Tự động,Đã sử dụng,Xăng
2025-10-23,2025,Ford Ranger XLS 2.0L 4x2 AT,605000000.0,Nội địa,Hà Nội,Bán tải / Pickup,0.0,Tự động,Xe mới,Dầu diesel
2025-10-23,2023,BMW 4 Series 430i Convertible M Sport,2000000000.0,Nhập khẩu,TP HCM,Convertible/Cabriolet,22222.0,Tự động,Đã sử dụng,Xăng
2025-10-23,2015,Mercedes Benz V class V220d CDI,899000000.0,Nhập khẩu,Hà Nội,Van/Minivan,140012.0,Tự động,Đã sử dụng,Dầu diesel
2025-10-23,2009,Toyota Land Cruiser VX 4.7 V8,1000000000.0,Nhập khẩu,TP HCM,SUV,100.0,Tự động,Đã sử dụng,Xăng
2025-10-23,2022,BMW 5 Series 530i M Sport,1000000000.0,Nhập khẩu,Hà Nội,Sedan,33000.0,Tự động,Đã sử dụng,Xăng
2025-10-23,2022,Mercedes Benz C class C200 Avantgarde Plus,1000000000.0,Nội địa,TP HCM,Sedan,48000.0,Tự động,Đã sử dụng,Xăng
2025-10-23,2015,Porsche Macan Turbo,2000000000.0,Nhập khẩu,Hà Nội,SUV,80000.0,Tự động,Đã sử dụng,Xăng
2025-10-23,2020,Toyota Land Cruiser 4.6 V8,4000000000.0,Nhập khẩu,Hà Nội,SUV,98000.0,Tự động,Đã sử dụng,Xăng
2025-10-23,2024,MG RX5 1.5T LUX,670000000.0,Nhập khẩu,Hà Nội,Crossover,1000.0,Tự động,Đã sử dụng,Xăng
2025-10-23,2015,Mercedes Benz GLE Class GLE 400 4Matic Coupe,1000000000.0,Nhập khẩu,TP HCM,Coupe,65000.0,Tự động,Đã sử dụng,Xăng
2025-10-23,2022,Mazda 6 Premium 2.0 AT,665000000.0,Nội địa,TP HCM,Sedan,30500.0,Tự động,Đã sử dụng,Xăng
2025-10-23,2016,Lexus GX 460,2000000000.0,Nhập khẩu,TP HCM,SUV,68000.0,Tự động,Đã sử dụng,Xăng
2025-10-23,2021,Toyota Wigo 1.2 AT,345000000.0,Nhập khẩu,Hà Nội,Hatchback,20000.0,Tự động,Đã sử dụng,Xăng
2025-10-23,2022,VinFast Fadil Tiêu chuẩn 1.4 AT,320000000.0,Nội địa,Hà Nội,Hatchback,43000.0,Tự động,Đã sử dụng,Xăng
2025-10-23,2021,Toyota Wigo 1.2 AT,289000000.0,Nhập khẩu,TP HCM,Hatchback,60000.0,Tự động,Đã sử dụng,Xăng
2025-10-23,2020,Hyundai SantaFe Premium 2.2L HTRAC,875000000.0,Nội địa,Hà Nội,SUV,77000.0,Tự động,Đã sử dụng,Dầu diesel
2025-10-23,2019,Mitsubishi Outlander 2.0 CVT,545000000.0,Nội địa,Hà Nội,SUV,80000.0,Tự động,Đã sử dụng,Xăng
2025-10-23,2010,Toyota Yaris 1.3 AT,268000000.0,Nhập khẩu,Phú Thọ,Hatchback,96938.0,Tự động,Đã sử dụng,Xăng
2025-10-23,2024,Kia Sportage Premium 2.0G,825000000.0,Nội địa,Hà Nội,Crossover,2900.0,Tự động,Đã sử dụng,Xăng
2025-10-23,2024,Ford Ranger Stormtrak 2.0L 4x4 AT,950000000.0,Nhập khẩu,Hà Nội,Bán tải / Pickup,28000.0,Tự động,Đã sử dụng,Dầu diesel
2025-10-23,2022,Mercedes Benz GLC 200 4Matic,1000000000.0,Nội địa,TP HCM,SUV,13580.0,Tự động,Đã sử dụng,Xăng
2025-10-23,2025,Mitsubishi Xforce Premium,591000000.0,Nhập khẩu,Hà Nội,SUV,0.0,Tự động,Xe mới,Xăng
2025-10-23,2019,Toyota Camry 2.5Q,845000000.0,Nhập khẩu,TP HCM,Sedan,73000.0,Tự động,Đã sử dụng,Xăng
2025-10-23,2016,Toyota Prado TXL 2.7L,1000000000.0,Nhập khẩu,Hà Nội,SUV,139000.0,Tự động,Đã sử dụng,Xăng
2025-10-23,2023,BMW 4 Series 430i Gran Coupe M Sport,2000000000.0,Nhập khẩu,Hà Nội,Coupe,0.0,Tự động,Xe mới,Xăng
2025-10-23,2025,Toyota Corolla Cross 1.8HEV,858000000.0,Nhập khẩu,TP HCM,SUV,0.0,Tự động,Xe mới,Hybrid
2025-10-23,2022,Mazda 3 1.5L Premium,589000000.0,Nội địa,TP HCM,Sedan,22000.0,Tự động,Đã sử dụng,Xăng
2025-10-23,2025,Kia Carens 1.5G Luxury,645000000.0,Nội địa,TP HCM,SUV,0.0,Tự động,Xe mới,Xăng
2025-10-23,2013,Hyundai Accent 1.4 AT,259000000.0,Nhập khẩu,TP HCM,Sedan,90000.0,Tự động,Đã sử dụng,Xăng
2025-10-23,2023,Haval H6 HEV,740000000.0,Nhập khẩu,TP HCM,SUV,0.0,Tự động,Xe mới,Hybrid
2025-10-23,2025,Volvo XC60 Plug,2000000000.0,Nhập khẩu,TP HCM,SUV,0.0,Tự động,Xe mới,Hybrid
2025-10-23,2021,Volvo XC90 Recharge T8 AWD,3000000000.0,Nhập khẩu,TP HCM,SUV,39000.0,Tự động,Đã sử dụng,Hybrid
2025-10-23,2009,Hyundai SantaFe MLX 2.0L,295000000.0,Nhập khẩu,Hà Nội,SUV,120000.0,Tự động,Đã sử dụng,Dầu diesel
2025-10-23,2016,Ford EcoSport Titanium 1.5L AT,335000000.0,Nội địa,TP HCM,SUV,85000.0,Tự động,Đã sử dụng,Xăng
2025-10-23,2021,Mitsubishi Xpander 1.5 AT,500000000.0,Nhập khẩu,Hà Nội,SUV,40000.0,Tự động,Đã sử dụng,Xăng
2025-10-23,2022,Lexus RX 300,2000000000.0,Nhập khẩu,Hà Nội,SUV,38000.0,Tự động,Đã sử dụng,Xăng
2025-10-23,2022,Ford Everest Titanium 2.0L 4x2 AT,899000000.0,Nhập khẩu,TP HCM,SUV,98000.0,Tự động,Đã sử dụng,Dầu diesel
2025-10-23,2012,Audi Q5 2.0 AT,385000000.0,Nhập khẩu,Hà Nội,SUV,130000.0,Tự động,Đã sử dụng,Xăng
2025-10-23,2015,Audi A6 1.8 TFSI,590000000.0,Nhập khẩu,TP HCM,Sedan,80000.0,Tự động,Đã sử dụng,Xăng
2025-10-23,2019,Toyota Innova 2.0G,580000000.0,Nội địa,Đồng Nai,Crossover,136000.0,Tự động,Đã sử dụng,Xăng
2025-10-23,2022,Mercedes Benz GLC 200 4Matic,1000000000.0,Nội địa,Hà Nội,SUV,29000.0,Tự động,Đã sử dụng,Xăng
2025-10-23,2024,Hyundai Custin Đặc Biệt 1.5T,880000000.0,Nội địa,TP HCM,Van/Minivan,33000.0,Tự động,Đã sử dụng,Xăng
2025-10-23,2021,Peugeot 2008 GT Line 1.2 AT,595000000.0,Nội địa,Hà Nội,Crossover,50000.0,Tự động,Đã sử dụng,Xăng
2025-10-23,2022,Audi A6 45 TFSI,1000000000.0,Nhập khẩu,Hà Nội,Sedan,14000.0,Tự động,Đã sử dụng,Xăng
2025-10-23,2021,Mercedes Benz C class C300 AMG,1000000000.0,Nội địa,Hà Nội,Sedan,33000.0,Tự động,Đã sử dụng,Xăng
2025-10-23,2024,BMW X3 sDrive20i M Sport,1000000000.0,Nội địa,Hà Nội,SUV,29000.0,Tự động,Đã sử dụng,Xăng
2025-10-23,2018,Ford Ranger XLS 2.2L 4x2 MT,465000000.0,Nhập khẩu,TP HCM,Bán tải / Pickup,78000.0,Số Tay,Đã sử dụng,Dầu diesel
2025-10-23,2020,Hyundai SantaFe Premium 2.4L HTRAC,820000000.0,Nội địa,TP HCM,SUV,51000.0,Tự động,Đã sử dụng,Xăng
2025-10-23,2025,Toyota Corolla Cross 1.8V,820000000.0,Nhập khẩu,Nam Định,SUV,0.0,Tự động,Xe mới,Xăng
2025-10-23,2025,Mazda CX5 Deluxe 2.0 AT,693000000.0,Nội địa,TP HCM,SUV,0.0,Tự động,Xe mới,Xăng
2025-10-23,2019,Nissan Navara EL 2.5 AT 2WD,460000000.0,Nhập khẩu,Hà Nội,Bán tải / Pickup,82000.0,Tự động,Đã sử dụng,Dầu diesel
2025-10-23,2025,Lexus RX 350h Luxury,4000000000.0,Nhập khẩu,Hà Nội,SUV,0.0,Tự động,Xe mới,Hybrid
2025-10-23,2019,Lexus RX 350L,3000000000.0,Nhập khẩu,TP HCM,SUV,58154.0,Tự động,Đã sử dụng,Xăng
2025-10-23,2025,Volvo XC60 Ultra B6 AWD,2000000000.0,Nhập khẩu,Hà Nội,SUV,0.0,Tự động,Xe mới,Xăng
2025-10-23,2022,Hyundai Elantra 1.6 AT Đặc biệt,539000000.0,Nội địa,TP HCM,Sedan,46000.0,Tự động,Đã sử dụng,Xăng
2025-10-23,2023,Porsche 718 Cayman 2.0 AT,4000000000.0,Nhập khẩu,TP HCM,Coupe,197.0,Tự động,Đã sử dụng,Xăng
2025-10-23,2022,Toyota Raize G 1.0 CVT,458000000.0,Nhập khẩu,Hà Nội,SUV,35000.0,Tự động,Đã sử dụng,Xăng
2025-10-23,2022,Volvo V60 Cross Country B5 AWD,1000000000.0,Nhập khẩu,Hà Nội,Wagon,45000.0,Tự động,Đã sử dụng,Xăng
2025-10-23,2024,Ford Everest Platinum 2.0L 4x4 AT,1000000000.0,Nhập khẩu,Hà Nội,SUV,20000.0,Tự động,Đã sử dụng,Dầu diesel
2025-10-23,2020,Peugeot 5008 Allure 1.6 AT,689000000.0,Nội địa,Hà Nội,SUV,71000.0,Tự động,Đã sử dụng,Xăng
2025-10-23,2023,Toyota Veloz Cross Top 1.5 CVT,565000000.0,Nội địa,TP HCM,SUV,67000.0,Tự động,Đã sử dụng,Xăng
2025-10-23,2019,Toyota Camry 2.5Q,808000000.0,Nhập khẩu,TP HCM,Sedan,89000.0,Tự động,Đã sử dụng,Xăng
2025-10-23,2018,Lexus LX 570,6000000000.0,Nhập khẩu,Hà Nội,SUV,78000.0,Tự động,Đã sử dụng,Xăng
2025-10-23,2019,Suzuki Swift GLX 1.2 AT,389000000.0,Nhập khẩu,Hà Nội,Hatchback,72000.0,Tự động,Đã sử dụng,Xăng
2025-10-23,2019,Mitsubishi Triton 4x2 AT,455000000.0,Nhập khẩu,Hà Nội,Bán tải / Pickup,120000.0,Tự động,Đã sử dụng,Dầu diesel
2025-10-23,2016,Isuzu Dmax LS 2.5 4x4 AT,420000000.0,Nhập khẩu,Hà Nội,Bán tải / Pickup,170000.0,Tự động,Đã sử dụng,Dầu diesel
2025-10-23,2022,Hyundai Creta Đặc biệt 1.5 AT,575000000.0,Nhập khẩu,Quảng Ninh,Crossover,60000.0,Tự động,Đã sử dụng,Xăng
2025-10-23,2023,Toyota Veloz Cross Top 1.5 CVT,565000000.0,Nội địa,Hà Nội,SUV,83000.0,Tự động,Đã sử dụng,Xăng
2025-10-23,2019,Toyota Innova 2.0E,455000000.0,Nội địa,TP HCM,Crossover,190687.0,Số Tay,Đã sử dụng,Xăng
2025-10-23,2020,Mitsubishi Outlander 2.0 CVT Premium,645000000.0,Nội địa,Hà Nội,SUV,60000.0,Tự động,Đã sử dụng,Xăng
2025-10-23,2014,Isuzu Dmax LS 2.5 4x2 AT,340000000.0,Nhập khẩu,Hà Nội,Bán tải / Pickup,150000.0,Tự động,Đã sử dụng,Dầu diesel
2025-10-23,2019,Mercedes Benz E class E200,998000000.0,Nội địa,TP HCM,Sedan,65468.0,Tự động,Đã sử dụng,Xăng
2025-10-23,2023,Honda City RS 1.5 AT,515000000.0,Nội địa,Hà Nội,Sedan,38000.0,Tự động,Đã sử dụng,Xăng
2025-10-23,2016,Volkswagen Tiguan 2.0 AT,556000000.0,Nhập khẩu,Hà Nội,SUV,75000.0,Tự động,Đã sử dụng,Xăng
2025-10-23,2010,Hyundai Sonata Y20 2.0 AT,315000000.0,Nhập khẩu,Hà Nội,Sedan,90000.0,Tự động,Đã sử dụng,Xăng
2025-10-23,2022,VinFast Fadil Tiêu chuẩn 1.4 AT,325000000.0,Nội địa,Hà Nội,Hatchback,50000.0,Tự động,Đã sử dụng,Xăng
2025-10-23,2022,Kia K3 Premium 1.6 AT,545000000.0,Nội địa,Hà Nội,Sedan,32000.0,Tự động,Đã sử dụng,Xăng
2025-10-23,2022,VinFast Lux A 2.0 Tiêu chuẩn,550000000.0,Nội địa,Hà Nội,Sedan,40000.0,Tự động,Đã sử dụng,Xăng
2025-10-23,2024,Mazda CX5 Deluxe 2.0 AT,740000000.0,Nội địa,TP HCM,SUV,9234.0,Tự động,Đã sử dụng,Xăng
2025-10-23,2022,Mercedes Benz GLS 450 4Matic,4000000000.0,Nhập khẩu,Hà Nội,SUV,40000.0,Tự động,Đã sử dụng,Xăng
2025-10-23,2024,Mitsubishi Xforce Ultimate,638000000.0,Nhập khẩu,Bình Dương,SUV,25000.0,Tự động,Đã sử dụng,Xăng
2025-10-23,2025,Kia Sportage Signature 2.0G,915000000.0,Nội địa,Hà Nội,Crossover,14000.0,Tự động,Đã sử dụng,Xăng
2025-10-23,2021,Hyundai SantaFe Cao cấp 2.5L HTRAC,940000000.0,Nội địa,Hà Nội,SUV,27000.0,Tự động,Đã sử dụng,Xăng
2025-10-23,2019,Mercedes Benz C class C200,750000000.0,Nội địa,Hà Nội,Sedan,110000.0,Tự động,Đã sử dụng,Xăng
2025-10-23,2018,Honda CRV L,670000000.0,Nhập khẩu,Bình Dương,SUV,90000.0,Tự động,Đã sử dụng,Xăng
2025-10-23,2020,Kia Sorento Signature 2.2 AT AWD,895000000.0,Nội địa,Hà Nội,SUV,90000.0,Tự động,Đã sử dụng,Dầu diesel
2025-10-23,2010,Lexus RX 350 AWD,820000000.0,Nhập khẩu,Hà Nội,SUV,100000.0,Tự động,Đã sử dụng,Xăng
2025-10-23,2010,Hyundai Elantra 1.6 AT,210000000.0,Nhập khẩu,Hà Giang,Sedan,120000.0,Tự động,Đã sử dụng,Xăng
2025-10-23,2025,Mitsubishi Xpander Cross 1.5 AT,602000000.0,Nhập khẩu,Hà Nội,SUV,0.0,Tự động,Xe mới,Xăng
2025-10-23,2025,Mitsubishi Xpander Premium 1.5 AT,566000000.0,Nhập khẩu,Hà Nội,SUV,0.0,Tự động,Xe mới,Xăng
2025-10-23,2025,MG 5 1.5 MT,305000000.0,Nhập khẩu,Hà Nội,Sedan,0.0,Số Tay,Xe mới,Xăng
2025-10-23,2023,Toyota Veloz Cross 1.5 CVT,525000000.0,Nội địa,Hà Nội,SUV,31000.0,Tự động,Đã sử dụng,Xăng
2025-10-23,2025,Toyota Corolla Cross 1.8HEV,855000000.0,Nhập khẩu,Hà Nội,SUV,0.0,Tự động,Xe mới,Hybrid
2025-10-23,2020,Mercedes Benz GLC 200 4Matic,1000000000.0,Nội địa,Hà Nội,SUV,76000.0,Tự động,Đã sử dụng,Xăng
2025-10-23,2021,Mercedes Benz Maybach GLS 600 4Matic,8000000000.0,Nhập khẩu,Hà Nội,SUV,48000.0,Tự động,Đã sử dụng,Xăng
2025-10-23,2024,VinFast VF3 Plus,225000000.0,Nội địa,Long An,Hatchback,22000.0,Tự động,Đã sử dụng,Điện
2025-10-23,2022,Toyota Innova Venturer 2.0 AT,720000000.0,Nội địa,Bình Dương,Crossover,100000.0,Tự động,Đã sử dụng,Xăng
2025-10-23,2014,Ford Ranger XLT 2.2L 4x4 MT,310000000.0,Nhập khẩu,Hà Nội,Bán tải / Pickup,141000.0,Số Tay,Đã sử dụng,Dầu diesel
2025-10-23,2021,Ford Ranger XLS 2.2L 4x2 AT,525000000.0,Nội địa,Hà Nội,Bán tải / Pickup,60000.0,Tự động,Đã sử dụng,Dầu diesel
2025-10-23,2020,Nissan Navara EL A,475000000.0,Nhập khẩu,Hà Nội,Bán tải / Pickup,90000.0,Tự động,Đã sử dụng,Dầu diesel
2025-10-23,2021,Toyota Prado VX 2.7L,2000000000.0,Nhập khẩu,Bình Dương,SUV,45000.0,Tự động,Đã sử dụng,Xăng
2025-10-23,2019,Toyota Innova 2.0E,398000000.0,Nội địa,TP HCM,Crossover,73000.0,Số Tay,Đã sử dụng,Xăng
2025-10-23,2025,Hyundai Custin Cao Cấp 2.0T,976000000.0,Nội địa,Hà Nội,Van/Minivan,0.0,Tự động,Xe mới,Xăng
2025-10-23,2019,Ford Ranger XLS 2.2L 4x2 AT,505000000.0,Nhập khẩu,Hà Nội,Bán tải / Pickup,86000.0,Tự động,Đã sử dụng,Dầu diesel
2025-10-23,2015,Toyota Prado TXL 2.7L,1000000000.0,Nhập khẩu,Hà Nội,SUV,95000.0,Tự động,Đã sử dụng,Xăng
2025-10-23,2021,MG ZS Luxury 1.5 AT 2WD,435000000.0,Nhập khẩu,Hải Phòng,Crossover,60000.0,Tự động,Đã sử dụng,Xăng
2025-10-23,2021,VinFast Fadil 1.4 AT,315000000.0,Nội địa,Hà Nội,Hatchback,40000.0,Tự động,Đã sử dụng,Xăng
2025-10-23,2025,Hyundai Tucson 1.6 AT Turbo HTRAC Đặc biệt,932000000.0,Nội địa,TP HCM,Crossover,0.0,Tự động,Xe mới,Xăng
2025-10-23,2022,Mitsubishi Xpander Premium 1.5 AT,535000000.0,Nhập khẩu,Hà Nội,SUV,54000.0,Tự động,Đã sử dụng,Xăng
2025-10-23,2024,Ford Territory Titanium X 1.5 AT,825000000.0,Nội địa,TP HCM,SUV,22000.0,Tự động,Đã sử dụng,Xăng
2025-10-23,2019,Kia Sorento 2.2 DAT Premium,640000000.0,Nội địa,TP HCM,SUV,93000.0,Tự động,Đã sử dụng,Dầu diesel
2025-10-23,2018,Mercedes Benz GLC 200,860000000.0,Nội địa,Hà Nội,SUV,128000.0,Tự động,Đã sử dụng,Xăng
2025-10-23,2019,Mercedes Benz C class C300 AMG,1000000000.0,Nội địa,TP HCM,Sedan,40000.0,Tự động,Đã sử dụng,Xăng
2025-10-23,2024,VinFast VF8 S,835000000.0,Nội địa,Vĩnh Phúc,SUV,6.0,Tự động,Đã sử dụng,Điện
2025-10-23,2019,Hyundai Kona 2.0 ATH,455000000.0,Nội địa,Hà Nội,Crossover,60000.0,Tự động,Đã sử dụng,Xăng
2025-10-23,2021,VinFast Lux A 2.0 Premium 2.0 AT,610000000.0,Nội địa,Hà Nội,Sedan,37000.0,Tự động,Đã sử dụng,Xăng
2025-10-23,2025,Mitsubishi Attrage Premium 1.2 CVT,490000000.0,Nhập khẩu,TP HCM,Sedan,0.0,Tự động,Xe mới,Xăng
2025-10-23,2022,Kia Seltos Premium 1.4 AT,599000000.0,Nội địa,Thái Bình,Crossover,35000.0,Tự động,Đã sử dụng,Xăng
2025-10-23,2025,Ford Transit Limousine 12S,1000000000.0,Nội địa,TP HCM,Van/Minivan,0.0,Số Tay,Xe mới,Dầu diesel
2025-10-23,2018,Lexus RX 350,2000000000.0,Nhập khẩu,Hà Nội,SUV,67000.0,Tự động,Đã sử dụng,Xăng
2025-10-23,2022,Mitsubishi Xpander 1.5 AT,480000000.0,Nhập khẩu,Bình Dương,SUV,38000.0,Tự động,Đã sử dụng,Xăng
2025-10-23,2025,Toyota Wigo G 1.2 AT,385000000.0,Nhập khẩu,TP HCM,Hatchback,0.0,Tự động,Xe mới,Xăng
2025-10-23,2024,Ford Territory Titanium X 1.5 AT,838000000.0,Nội địa,Hà Nội,SUV,15000.0,Tự động,Đã sử dụng,Xăng
2025-10-23,2025,MG HS 1.5T LUX,599000000.0,Nhập khẩu,Bắc Ninh,Crossover,0.0,Tự động,Xe mới,Xăng
2025-10-23,2016,Toyota Corolla altis 2.0V,465000000.0,Nội địa,Bình Dương,Sedan,73000.0,Tự động,Đã sử dụng,Xăng
2025-10-23,2013,BMW 3 Series 320i,360000000.0,Nhập khẩu,Hà Nội,Sedan,117000.0,Tự động,Đã sử dụng,Xăng
2025-10-23,2020,Hyundai SantaFe Premium 2.2L HTRAC,899000000.0,Nội địa,Hà Nội,SUV,70000.0,Tự động,Đã sử dụng,Dầu diesel
2025-10-23,2025,Mitsubishi Xpander Cross 1.5 AT,663000000.0,Nhập khẩu,TP HCM,SUV,6800.0,Tự động,Đã sử dụng,Xăng
2025-10-23,2020,VinFast Fadil 1.4 AT,295000000.0,Nội địa,Hà Nội,Hatchback,60000.0,Tự động,Đã sử dụng,Xăng
2025-10-23,2021,Porsche Taycan Base,3000000000.0,Nhập khẩu,Hà Nội,Sedan,20000.0,Tự động,Đã sử dụng,Điện
2025-10-23,2024,Toyota Innova Cross HEV 2.0 CVT,999000000.0,Nhập khẩu,Hà Nội,Crossover,5000.0,Tự động,Đã sử dụng,Hybrid
2025-10-23,2020,Ford Ranger XLS 2.2L 4x2 AT,509000000.0,Nhập khẩu,Hà Nội,Bán tải / Pickup,100000.0,Tự động,Đã sử dụng,Dầu diesel
2025-10-23,2021,Ford Ranger XLS 2.2L 4x2 AT,555000000.0,Nhập khẩu,Hà Nội,Bán tải / Pickup,90000.0,Tự động,Đã sử dụng,Dầu diesel
2025-10-23,2023,Lexus LX 600 F,8000000000.0,Nhập khẩu,Hà Nội,SUV,40000.0,Tự động,Đã sử dụng,Xăng
2025-10-23,2021,Toyota Vios 1.5G CVT,408000000.0,Nội địa,Phú Thọ,Sedan,68000.0,Tự động,Đã sử dụng,Xăng
2025-10-23,2014,Kia K3 1.6 AT,325000000.0,Nội địa,Đăk Lăk,Sedan,46000.0,Tự động,Đã sử dụng,Xăng
2025-10-23,2021,VinFast Fadil 1.4 AT Plus,305000000.0,Nội địa,Bắc Ninh,Hatchback,35000.0,Tự động,Đã sử dụng,Xăng
2025-10-23,2020,Isuzu QKR QMR77HE4,600000000.0,Nội địa,Thái Nguyên,Truck,38000.0,Số Tay,Đã sử dụng,Dầu diesel
2025-10-23,2021,Mercedes Benz E class E300 AMG,1000000000.0,Nội địa,TP HCM,Sedan,38000.0,Tự động,Đã sử dụng,Xăng
2025-10-23,2009,Toyota Corolla altis 1.8G AT,275000000.0,Nội địa,Hà Nội,Sedan,160000.0,Tự động,Đã sử dụng,Xăng
2025-10-23,2020,Toyota Prado VX 2.7L,2000000000.0,Nhập khẩu,TP HCM,SUV,61000.0,Tự động,Đã sử dụng,Xăng
2025-10-23,2013,Toyota 4 Runner Limited,1000000000.0,Nhập khẩu,Hà Nội,SUV,150000.0,Tự động,Đã sử dụng,Xăng
2025-10-23,2019,VinFast Lux A 2.0 Base 2.0 AT,458000000.0,Nội địa,Hà Nội,Sedan,67000.0,Tự động,Đã sử dụng,Xăng
2025-10-23,2022,VinFast Fadil Tiêu chuẩn 1.4 AT,335000000.0,Nội địa,Hà Nội,Hatchback,40000.0,Tự động,Đã sử dụng,Xăng
2025-10-23,2021,Volvo XC90 Recharge T8 AWD,2000000000.0,Nhập khẩu,Hà Nội,SUV,90000.0,Tự động,Đã sử dụng,Hybrid
2025-10-23,2023,VinFast VF8 Eco AWD,750000000.0,Nội địa,TP HCM,SUV,34000.0,Tự động,Đã sử dụng,Điện
2025-10-23,2022,Toyota Veloz Cross Top 1.5 CVT,510000000.0,Nhập khẩu,Vĩnh Phúc,SUV,37700.0,Tự động,Đã sử dụng,Xăng
2025-10-23,2025,Omoda C5 Luxury 1.5 AT,485000000.0,Nhập khẩu,Hải Phòng,SUV,0.0,Tự động,Xe mới,Xăng
2025-10-23,2020,Toyota Rush 1.5S AT,490000000.0,Nhập khẩu,Bắc Ninh,SUV,33000.0,Tự động,Đã sử dụng,Xăng
2025-10-23,2016,Kia Morning Si AT,245000000.0,Nội địa,Hà Nội,Hatchback,86000.0,Tự động,Đã sử dụng,Xăng
2025-10-23,2023,Mazda 3 1.5L Sport Luxury,568000000.0,Nội địa,Hà Nội,Hatchback,25000.0,Tự động,Đã sử dụng,Xăng
2025-10-23,2019,Toyota Fortuner 2.4G 4x2 MT,750000000.0,Nhập khẩu,Đăk Lăk,SUV,86000.0,Số Tay,Đã sử dụng,Dầu diesel
2025-10-23,2018,Mercedes Benz C class C200,779000000.0,Nội địa,Bình Dương,Sedan,35000.0,Tự động,Đã sử dụng,Hybrid
2025-10-23,2024,Lexus RX 350 Luxury,4000000000.0,Nhập khẩu,Hà Nội,SUV,20000.0,Tự động,Đã sử dụng,Xăng
2025-10-23,2016,Lexus RX 350,2000000000.0,Nhập khẩu,Hà Nội,SUV,80000.0,Tự động,Đã sử dụng,Xăng
2025-10-23,2019,Toyota Innova 2.0E,403000000.0,Nội địa,TP HCM,Crossover,72000.0,Số Tay,Đã sử dụng,Xăng
2025-10-23,2025,Ford Transit Premium+,900000000.0,Nội địa,Hà Nội,Van/Minivan,0.0,Số Tay,Xe mới,Dầu diesel
2025-10-23,2024,VinFast VF8 Lux Plus AWD,895000000.0,Nội địa,Thanh Hóa,SUV,21000.0,Tự động,Đã sử dụng,Điện
2025-10-23,2018,Honda Jazz RS,370000000.0,Nhập khẩu,TP HCM,Hatchback,55000.0,Tự động,Đã sử dụng,Xăng
2025-10-23,2016,Lexus ES 250,1000000000.0,Nhập khẩu,Hà Nội,Sedan,50000.0,Tự động,Đã sử dụng,Xăng
2025-10-23,2014,LandRover Range Rover Evoque Dynamic,629000000.0,Nhập khẩu,TP HCM,SUV,72000.0,Tự động,Đã sử dụng,Xăng
2025-10-23,2024,Omoda C5 Premium 1.5 Turbo,530000000.0,Nhập khẩu,Hà Nội,SUV,0.0,Tự động,Xe mới,Xăng
2025-10-23,2010,Toyota Corolla altis 1.8G AT,260000000.0,Nội địa,Tuyên Quang,Sedan,130000.0,Tự động,Đã sử dụng,Xăng
2025-10-23,2017,Toyota Fortuner 2.7V 4x2 AT,668000000.0,Nhập khẩu,Hà Nội,SUV,100000.0,Tự động,Đã sử dụng,Xăng
2025-10-23,2018,Mazda CX5 2.5 AT AWD,595000000.0,Nội địa,Hà Nội,SUV,99000.0,Tự động,Đã sử dụng,Xăng
2025-10-23,2017,Honda Civic 1.8 E,479000000.0,Nhập khẩu,Hà Nội,Sedan,100000.0,Tự động,Đã sử dụng,Xăng
2025-10-23,2012,Toyota Camry 2.5G,420000000.0,Nội địa,Khánh Hòa,Sedan,121668.0,Tự động,Đã sử dụng,Xăng
2025-10-23,2020,Mini Cooper JCW Convertible,1000000000.0,Nhập khẩu,Hà Nội,Convertible/Cabriolet,29000.0,Tự động,Đã sử dụng,Xăng
2025-10-23,2019,Hyundai Accent 1.4 ATH,379000000.0,Nội địa,Hà Nội,Sedan,73000.0,Tự động,Đã sử dụng,Xăng
2025-10-23,2016,Toyota Vios 1.5E CVT,290000000.0,Nội địa,Hà Nội,Sedan,86000.0,Tự động,Đã sử dụng,Xăng
2025-10-23,2008,Kia Rio 1.6 AT,150000000.0,Nhập khẩu,Hà Nội,Hatchback,120000.0,Tự động,Đã sử dụng,Xăng
2025-10-23,2021,VinFast Lux A 2.0 Premium 2.0 AT,635000000.0,Nội địa,Hà Nội,Sedan,37000.0,Tự động,Đã sử dụng,Xăng
2025-10-23,2024,MG ZS Luxury 1.5 AT 2WD,450000000.0,Nhập khẩu,Hà Nội,Crossover,0.0,Tự động,Xe mới,Xăng
2025-10-23,2025,Hyundai Creta Đặc biệt 1.5 AT,614000000.0,Nội địa,Hà Nội,SUV,0.0,Tự động,Xe mới,Xăng
2025-10-23,2017,Lexus RX 350,2000000000.0,Nhập khẩu,Hà Nội,SUV,110000.0,Tự động,Đã sử dụng,Xăng
2025-10-23,2025,Kia Sonet Luxury 1.5 AT,579000000.0,Nội địa,Bắc Ninh,SUV,0.0,Tự động,Xe mới,Xăng
2025-10-23,2022,Toyota Vios G 1.5 CVT,479000000.0,Nội địa,TP HCM,Sedan,6096.0,Tự động,Đã sử dụng,Xăng
2025-10-23,2019,Mercedes Benz C class C300 AMG,979000000.0,Nội địa,Hải Phòng,Sedan,45000.0,Tự động,Đã sử dụng,Xăng
2025-10-23,2024,Toyota Wigo G 1.2 AT,365000000.0,Nhập khẩu,Bắc Ninh,Hatchback,54000.0,Tự động,Đã sử dụng,Xăng
2025-10-23,2024,Toyota Raize G 1.0 CVT,378000000.0,Nhập khẩu,Nghệ An,SUV,32000.0,Tự động,Đã sử dụng,Xăng
2025-10-23,2014,BMW 3 Series 320i,415000000.0,Nhập khẩu,Hà Nội,Sedan,110000.0,Tự động,Đã sử dụng,Xăng
2025-10-23,2008,Toyota Sienna LE 3.5,415000000.0,Nhập khẩu,TP HCM,Van/Minivan,110000.0,Tự động,Đã sử dụng,Xăng
2025-10-23,2015,Mazda BT50 3.2L 4x4 AT,360000000.0,Nhập khẩu,Quảng Ninh,Bán tải / Pickup,154000.0,Tự động,Đã sử dụng,Dầu diesel
2025-10-23,2023,Lexus LS 500,5000000000.0,Nhập khẩu,TP HCM,Sedan,17000.0,Tự động,Đã sử dụng,Xăng
2025-10-23,2017,Ford EcoSport Titanium 1.5L AT,325000000.0,Nội địa,Hà Nội,SUV,68000.0,Tự động,Đã sử dụng,Xăng
2025-10-23,2025,VinFast Herio Green AT,450000000.0,Nội địa,Hà Nội,SUV,0.0,Tự động,Xe mới,Điện
2025-10-23,2021,VinFast Lux SA 2.0 Premium 2.0 AT,680000000.0,Nội địa,Hà Nội,SUV,80000.0,Tự động,Đã sử dụng,Xăng
2025-10-23,2015,Mercedes Benz C class C250 AMG,655000000.0,Nội địa,Hà Nội,Sedan,68000.0,Tự động,Đã sử dụng,Xăng
2025-10-23,2016,Ford Explorer Limited 2.3L EcoBoost,751000000.0,Nhập khẩu,TP HCM,SUV,10.0,Tự động,Đã sử dụng,Xăng
2025-10-23,2015,LandRover Range Rover Autobiography LWB 3.0,2000000000.0,Nhập khẩu,TP HCM,SUV,90000.0,Tự động,Đã sử dụng,Xăng
2025-10-23,2016,Mitsubishi Pajero Sport D 4x2 MT,415000000.0,Nội địa,TP HCM,SUV,80000.0,Số Tay,Đã sử dụng,Dầu diesel
2025-10-23,2019,Lexus RX 350 F Sport,2000000000.0,Nhập khẩu,Hà Nội,SUV,129000.0,Tự động,Đã sử dụng,Xăng
2025-10-23,2022,Peugeot 2008 GT Line 1.2 AT,645000000.0,Nội địa,Hà Nội,Crossover,60000.0,Tự động,Đã sử dụng,Xăng
2025-10-23,2024,Kia K3 Premium 1.6 AT,595000000.0,Nội địa,Hà Nội,Sedan,5000.0,Tự động,Đã sử dụng,Xăng
2025-10-23,2022,Mercedes Benz S class S450,3000000000.0,Nhập khẩu,Hà Nội,Sedan,50000.0,Tự động,Đã sử dụng,Xăng
2025-10-23,2021,VinFast Fadil 1.4 AT Plus,324000000.0,Nội địa,Hà Nội,Hatchback,39000.0,Tự động,Đã sử dụng,Xăng
2025-10-23,2016,Toyota Innova 2.0E,340000000.0,Nội địa,Bắc Ninh,Crossover,10000.0,Số Tay,Đã sử dụng,Xăng
2025-10-23,2023,Mazda 3 1.5L Luxury,530000000.0,Nội địa,Đăk Lăk,Sedan,38000.0,Tự động,Đã sử dụng,Xăng
2025-10-23,2016,Ford EcoSport Titanium 1.5L AT,315000000.0,Nội địa,Hà Nội,SUV,80000.0,Tự động,Đã sử dụng,Xăng
2025-10-23,2024,Toyota Raize G 1.0 CVT,495000000.0,Nhập khẩu,TP HCM,SUV,6000.0,Tự động,Đã sử dụng,Xăng
2025-10-23,2019,Toyota Vios 1.5G,375000000.0,Nội địa,Nam Định,Sedan,70000.0,Tự động,Đã sử dụng,Xăng
2025-10-23,2023,Kia Sonet Premium 1.5 AT,555000000.0,Nội địa,Phú Thọ,Crossover,40000.0,Tự động,Đã sử dụng,Xăng
2025-10-23,2024,Skoda Kodiaq Style 2.0 AT 4WD,1000000000.0,Nhập khẩu,Nghệ An,SUV,0.0,Tự động,Xe mới,Xăng
2025-10-23,2019,Kia Morning AT,265000000.0,Nội địa,Hà Nội,Hatchback,76543.0,Tự động,Đã sử dụng,Xăng
2025-10-23,2022,Honda CRV L,865000000.0,Nội địa,TP HCM,SUV,44000.0,Tự động,Đã sử dụng,Xăng
2025-10-23,2021,VinFast Lux SA 2.0 Premium 2.0 AT,685000000.0,Nội địa,Hà Nội,SUV,69000.0,Tự động,Đã sử dụng,Xăng
2025-10-23,2013,Mitsubishi Pajero Sport G 4x2 AT,345000000.0,Nội địa,Hà Nội,SUV,100000.0,Tự động,Đã sử dụng,Xăng
2025-10-23,2022,Lexus RX 300,2000000000.0,Nhập khẩu,Hà Nội,SUV,2200.0,Tự động,Đã sử dụng,Xăng
2025-10-23,2024,Toyota Fortuner 2.4L 4x2 AT,980000000.0,Nội địa,Tây Ninh,SUV,96918.0,Tự động,Đã sử dụng,Dầu diesel
2025-10-23,2017,Mazda 2 1.5 AT,360000000.0,Nội địa,Bắc Giang,Sedan,11.0,Tự động,Đã sử dụng,Xăng
2025-10-23,2017,Mazda 3 1.5 AT,405000000.0,Nội địa,Quảng Ninh,Sedan,10000.0,Tự động,Đã sử dụng,Xăng
2025-10-23,2022,Suzuki Ertiga Hybrid 1.5 AT,455000000.0,Nhập khẩu,TP HCM,SUV,50000.0,Tự động,Đã sử dụng,Hybrid
2025-10-23,2018,Hyundai Tucson 1.6 AT Turbo,605000000.0,Nội địa,Bắc Ninh,Crossover,65000.0,Tự động,Đã sử dụng,Xăng
2025-10-23,2018,Ford Ranger Wildtrak 2.0L 4x4 AT,555000000.0,Nhập khẩu,Hưng Yên,Bán tải / Pickup,84000.0,Tự động,Đã sử dụng,Dầu diesel
2025-10-23,2015,BMW 2 Series 218i Active Tourer,439000000.0,Nhập khẩu,TP HCM,Crossover,35000.0,Tự động,Đã sử dụng,Xăng
2025-10-23,2021,Mercedes Benz GLC 300 4Matic,1000000000.0,Nội địa,Hà Nội,SUV,40000.0,Tự động,Đã sử dụng,Xăng
2025-10-23,2018,Mercedes Benz C class C200,730000000.0,Nội địa,Hà Nội,Sedan,72000.0,Tự động,Đã sử dụng,Xăng
2025-10-23,2020,LandRover Range Rover SVAutobiography LWB 3.0 I6,7000000000.0,Nhập khẩu,Hà Nội,SUV,40000.0,Tự động,Đã sử dụng,Xăng
2025-10-23,2018,BMW 7 Series 730Li,1000000000.0,Nhập khẩu,Hà Nội,Sedan,65000.0,Tự động,Đã sử dụng,Xăng
2025-10-23,2018,Hyundai Tucson 2.0 ATH,550000000.0,Nội địa,Hà Nội,Crossover,80000.0,Tự động,Đã sử dụng,Xăng
2025-10-23,2023,VinFast VF8 Plus AWD,819000000.0,Nội địa,Hà Nội,SUV,29000.0,Tự động,Đã sử dụng,Điện
2025-10-23,2023,Mazda 3 1.5L Luxury,580000000.0,Nội địa,Hải Phòng,Sedan,56000.0,Tự động,Đã sử dụng,Xăng
2025-10-23,2025,Mitsubishi Xforce Ultimate,622000000.0,Nhập khẩu,Hà Nội,SUV,0.0,Tự động,Xe mới,Xăng
2025-10-23,2019,Mercedes Benz C class C200 Exclusive,799000000.0,Nội địa,TP HCM,Sedan,65000.0,Tự động,Đã sử dụng,Xăng
2025-10-23,2016,BMW X1 sDrive18i,560000000.0,Nhập khẩu,Hà Nội,SUV,60000.0,Tự động,Đã sử dụng,Xăng
2025-10-23,2025,Bestune NAT,550000000.0,Nhập khẩu,Hà Nội,SUV,0.0,Tự động,Xe mới,Điện
2025-10-23,2021,Hyundai i10 Grand 1.2 AT,315000000.0,Nội địa,Bình Dương,Sedan,58000.0,Tự động,Đã sử dụng,Xăng
2025-10-23,2017,Toyota Fortuner 2.4G 4x2 MT,666000000.0,Nhập khẩu,TP HCM,SUV,66000.0,Số Tay,Đã sử dụng,Dầu diesel
2025-10-23,2017,Toyota Camry 2.5Q,655000000.0,Nội địa,Hà Nội,Sedan,85000.0,Tự động,Đã sử dụng,Xăng
2025-10-23,2025,VinFast VF3 Plus,277000000.0,Nội địa,Hà Nội,Hatchback,0.0,Tự động,Xe mới,Điện
2025-10-23,2025,Toyota Veloz Cross 1.5 CVT,548000000.0,Nội địa,Hà Nội,SUV,0.0,Tự động,Xe mới,Xăng
2025-10-23,2022,Lexus ES 250,2000000000.0,Nhập khẩu,Hà Nội,Sedan,40000.0,Tự động,Đã sử dụng,Xăng
2025-10-23,2013,Ford Focus 1.8 AT,235000000.0,Nội địa,Hà Nội,Hatchback,6789.0,Tự động,Đã sử dụng,Xăng
2025-10-23,2016,Mercedes Benz GLS 400 4Matic,1000000000.0,Nhập khẩu,Hà Nội,SUV,40000.0,Tự động,Đã sử dụng,Xăng
2025-10-23,2010,Toyota Prado TXL 2.7L,629000000.0,Nhập khẩu,Hà Nội,SUV,120000.0,Tự động,Đã sử dụng,Xăng
2025-10-23,2016,Lexus LX 570 Super Sport,4000000000.0,Nhập khẩu,Hà Nội,SUV,80000.0,Tự động,Đã sử dụng,Xăng
2025-10-23,2017,Mercedes Benz S class S450L,1000000000.0,Nội địa,Hà Nội,Sedan,63000.0,Tự động,Đã sử dụng,Xăng
2025-10-23,2020,Mitsubishi Triton 4x4 AT Mivec Premium,610000000.0,Nhập khẩu,Đăk Lăk,Bán tải / Pickup,53000.0,Tự động,Đã sử dụng,Dầu diesel
2025-10-23,2022,Hyundai SantaFe Cao cấp 2.2L HTRAC,1000000000.0,Nội địa,Hà Nội,SUV,70008.0,Tự động,Đã sử dụng,Dầu diesel
2025-10-23,2019,Hyundai Kona 1.6 Turbo,485000000.0,Nội địa,Hải Phòng,Crossover,90000.0,Tự động,Đã sử dụng,Xăng
2025-10-23,2022,Mitsubishi Outlander 2.0 CVT,675000000.0,Nội địa,Hà Nội,SUV,76000.0,Tự động,Đã sử dụng,Xăng
2025-10-23,2020,Mercedes Benz C class C180,800000000.0,Nội địa,Hải Phòng,Sedan,50000.0,Tự động,Đã sử dụng,Xăng
2025-10-23,2016,Isuzu Samco 29C,960000000.0,Nội địa,Hà Nội,Van/Minivan,160000.0,Số Tay,Đã sử dụng,Dầu diesel
2025-10-23,2015,Mazda 2 1.5 AT,300000000.0,Nội địa,Hà Nội,Hatchback,59000.0,Tự động,Đã sử dụng,Xăng
2025-10-23,2021,Kia Cerato 2.0 AT Premium,485000000.0,Nội địa,Lâm Đồng,Sedan,78000.0,Tự động,Đã sử dụng,Xăng
2025-10-23,2016,Kia Sedona 2.2L DAT,495000000.0,Nội địa,Thái Nguyên,Van/Minivan,170000.0,Tự động,Đã sử dụng,Dầu diesel
2025-10-23,2025,Mazda CX8 Luxury 2.5 AT,944000000.0,Nội địa,Hà Nội,SUV,0.0,Tự động,Xe mới,Xăng
2025-10-23,2023,Volkswagen Teramont Limited Edition 2.0 AT,2000000000.0,Nhập khẩu,TP HCM,SUV,0.0,Tự động,Xe mới,Xăng
2025-10-23,2021,VinFast Fadil 1.4 AT,305000000.0,Nội địa,Hà Nội,Hatchback,50000.0,Tự động,Đã sử dụng,Xăng
2025-10-23,2022,Mercedes Benz S class S450 4Matic,3000000000.0,Nhập khẩu,Hà Nội,Sedan,23000.0,Tự động,Đã sử dụng,Xăng
2025-10-23,2019,LandRover Range Rover Vogue 3.0,4000000000.0,Nhập khẩu,Hà Nội,SUV,60000.0,Tự động,Đã sử dụng,Xăng
2025-10-23,2014,LandRover Range Rover HSE 3.0,1000000000.0,Nhập khẩu,Hà Nội,SUV,62000.0,Tự động,Đã sử dụng,Xăng
2025-10-23,2022,Toyota Camry 2.0G,885000000.0,Nhập khẩu,Hà Nội,Sedan,51000.0,Tự động,Đã sử dụng,Xăng
2025-10-23,2023,Mercedes Benz GLC 300 4Matic,2000000000.0,Nội địa,Hà Nội,SUV,17000.0,Tự động,Đã sử dụng,Hybrid
2025-10-23,2015,Mercedes Benz Maybach S600,3000000000.0,Nhập khẩu,Hà Nội,Sedan,70000.0,Tự động,Đã sử dụng,Xăng
2025-10-23,2021,LandRover Range Rover SVAutobiography LWB 3.0 I6,8000000000.0,Nhập khẩu,Hà Nội,SUV,50000.0,Tự động,Đã sử dụng,Xăng
2025-10-23,2020,LandRover Range Rover Autobiography LWB 3.0 I6,6000000000.0,Nhập khẩu,Hà Nội,SUV,35000.0,Tự động,Đã sử dụng,Xăng
2025-10-23,2019,Lexus LX 570 Super Sport,6000000000.0,Nhập khẩu,Hà Nội,SUV,100000.0,Tự động,Đã sử dụng,Xăng
2025-10-23,2018,Hyundai Kona 1.6 Turbo,455000000.0,Nội địa,Hải Phòng,Crossover,70000.0,Tự động,Đã sử dụng,Xăng
2025-10-23,2020,Toyota Corolla Cross 1.8G,640000000.0,Nhập khẩu,Phú Thọ,SUV,18000.0,Tự động,Đã sử dụng,Xăng
2025-10-23,2017,Kia Sedona 2.2L DATH,595000000.0,Nội địa,TP HCM,Van/Minivan,92000.0,Tự động,Đã sử dụng,Dầu diesel
2025-10-23,2017,Mercedes Benz E class E250,868000000.0,Nội địa,TP HCM,Sedan,68000.0,Tự động,Đã sử dụng,Xăng
2025-10-23,2023,Mercedes Benz S class S450 4Matic,5000000000.0,Nhập khẩu,Khánh Hòa,Sedan,0.0,Tự động,Xe mới,Xăng
2025-10-23,2024,VinFast VF8 S,770000000.0,Nội địa,Hà Nội,SUV,8.0,Tự động,Đã sử dụng,Điện
2025-10-23,2015,Mercedes Benz C class C300 AMG,680000000.0,Nội địa,TP HCM,Sedan,82500.0,Tự động,Đã sử dụng,Xăng
2025-10-23,2019,Kia Sorento 2.2 DAT Premium,640000000.0,Nội địa,Đăk Lăk,SUV,65000.0,Tự động,Đã sử dụng,Dầu diesel
2025-10-23,2023,Ford Ranger XLS 2.0L 4x2 AT,627000000.0,Nội địa,Hà Nội,Bán tải / Pickup,40000.0,Tự động,Đã sử dụng,Dầu diesel
2025-10-23,2021,VinFast Lux A 2.0 Plus 2.0 AT,599000000.0,Nội địa,Hà Nội,Sedan,27000.0,Tự động,Đã sử dụng,Xăng
2025-10-23,2024,Mitsubishi Xforce Premium,580000000.0,Nhập khẩu,TP HCM,SUV,0.0,Tự động,Xe mới,Xăng
2025-10-23,2016,Lexus LX 570,4000000000.0,Nhập khẩu,Hà Nội,SUV,60000.0,Tự động,Đã sử dụng,Xăng
2025-10-23,2024,Hyundai SantaFe Cao cấp 2.2L HTRAC,1000000000.0,Nội địa,Hưng Yên,SUV,15000.0,Tự động,Đã sử dụng,Dầu diesel
2025-10-23,2015,Kia Morning Si AT,248000000.0,Nội địa,Bắc Ninh,Hatchback,10000.0,Tự động,Đã sử dụng,Xăng
2025-10-23,2015,LandRover Range Rover HSE 3.0,2000000000.0,Nhập khẩu,Hà Nội,SUV,66000.0,Tự động,Đã sử dụng,Xăng
2025-10-23,2025,Toyota Corolla Cross 1.8V,779000000.0,Nhập khẩu,Khánh Hòa,SUV,0.0,Tự động,Xe mới,Xăng
2025-10-23,2022,VinFast Fadil Tiêu chuẩn 1.4 AT,330000000.0,Nội địa,Hà Nội,Hatchback,25000.0,Tự động,Đã sử dụng,Xăng
2025-10-23,2018,Toyota Fortuner 2.4G 4x2 MT,730000000.0,Nhập khẩu,TP HCM,SUV,94286.0,Số Tay,Đã sử dụng,Dầu diesel
2025-10-23,2022,Mercedes Benz GLC 200,1000000000.0,Nội địa,Hà Nội,SUV,47000.0,Tự động,Đã sử dụng,Xăng
2025-10-23,2023,Hyundai Accent 1.4 AT Đặc Biệt,465000000.0,Nội địa,Hà Nội,Sedan,38000.0,Tự động,Đã sử dụng,Xăng
2025-10-23,2021,Kia Seltos Premium 1.4 AT,575000000.0,Nội địa,TP HCM,Crossover,31000.0,Tự động,Đã sử dụng,Xăng
2025-10-23,2024,BMW X3 xDrive30i M Sport,2000000000.0,Nội địa,Hà Nội,SUV,9500.0,Tự động,Đã sử dụng,Xăng
2025-10-23,2024,Skoda Karoq Ambition 1.4 AT,979000000.0,Nhập khẩu,Hà Nội,Crossover,0.0,Tự động,Xe mới,Xăng
2025-10-23,2024,Ford Territory Titanium X 1.5 AT,835000000.0,Nội địa,Bình Thuận,SUV,34000.0,Tự động,Đã sử dụng,Xăng
2025-10-23,2024,VinFast VF5 Plus,428000000.0,Nội địa,Lạng Sơn,SUV,109706.0,Tự động,Đã sử dụng,Điện
2025-10-23,2014,Kia Rio 1.4 AT,259000000.0,Nhập khẩu,Hải Phòng,Hatchback,10586.0,Tự động,Đã sử dụng,Xăng
2025-10-23,2025,VinFast VF7 Plus,911000000.0,Nội địa,TP HCM,SUV,0.0,Tự động,Xe mới,Điện
2025-10-23,2019,Toyota Camry 2.0G,750000000.0,Nhập khẩu,Hà Nội,Sedan,60000.0,Tự động,Đã sử dụng,Xăng
2025-10-23,2016,Honda City 1.5 AT,330000000.0,Nội địa,Vĩnh Phúc,Sedan,90000.0,Tự động,Đã sử dụng,Xăng
2025-10-23,2015,Bentley Mulsanne Speed,7000000000.0,Nhập khẩu,Hà Nội,Sedan,43000.0,Tự động,Đã sử dụng,Xăng
2025-10-23,2010,Audi Q5 2.0 AT,368000000.0,Nhập khẩu,Hà Nội,SUV,150000.0,Tự động,Đã sử dụng,Xăng
2025-10-23,2024,Hyundai Creta Đặc biệt 1.5 AT,620000000.0,Nội địa,Quảng Ninh,Crossover,29000.0,Tự động,Đã sử dụng,Xăng
2025-10-23,2020,Toyota Vios 1.5G,420000000.0,Nội địa,TP HCM,Sedan,93000.0,Tự động,Đã sử dụng,Xăng
2025-10-23,2025,Isuzu NPR 85KE5 Thùng Bạt,825000000.0,Nội địa,Hà Nội,Truck,0.0,Số Tay,Xe mới,Dầu diesel
2025-10-23,2022,VinFast Lux A 2.0 Cao cấp,650000000.0,Nội địa,Hà Nội,Sedan,49000.0,Tự động,Đã sử dụng,Xăng
2025-10-23,2025,Isuzu Dmax Hi Lander 1.9L 4x2 AT,750000000.0,Nhập khẩu,Hà Nội,Bán tải / Pickup,0.0,Tự động,Xe mới,Dầu diesel
2025-10-23,2010,Ford Escape XLT 2.3L 4x4 AT,220000000.0,Nội địa,Bà Rịa Vũng Tàu,SUV,136000.0,Tự động,Đã sử dụng,Xăng
2025-10-23,2025,VinFast VF3 Plus,258000000.0,Nội địa,TP HCM,Hatchback,14000.0,Tự động,Đã sử dụng,Điện
2025-10-23,2022,Hyundai i10 1.2 AT,355000000.0,Nội địa,Hải Phòng,Hatchback,45000.0,Tự động,Đã sử dụng,Xăng
2025-10-23,2017,Mazda CX5 2.5 AT 2WD,495000000.0,Nội địa,Hà Nội,SUV,88000.0,Tự động,Đã sử dụng,Xăng
2025-10-23,2016,Toyota Yaris 1.5G,359000000.0,Nhập khẩu,Hà Nội,Hatchback,90000.0,Tự động,Đã sử dụng,Xăng
2025-10-23,2025,SYM T30i,225000000.0,Nội địa,Bắc Ninh,Truck,2500.0,Số Tay,Đã sử dụng,Xăng
2025-10-23,2025,Hyundai Accent Cao cấp 1.5 AT,545000000.0,Nội địa,Hà Nội,Sedan,4000.0,Tự động,Đã sử dụng,Xăng
2025-10-23,2019,Mitsubishi Attrage 1.2 CVT Eco,278000000.0,Nhập khẩu,Bình Dương,Sedan,48000.0,Tự động,Đã sử dụng,Xăng
2025-10-23,2013,Mercedes Benz C class C200,365000000.0,Nội địa,Đà Nẵng,Sedan,82000.0,Tự động,Đã sử dụng,Xăng
2025-10-23,2023,Mazda 3 1.5L Luxury,568000000.0,Nội địa,Hà Tĩnh,Sedan,52000.0,Tự động,Đã sử dụng,Xăng
2025-10-23,2015,Toyota Fortuner 2.7V 4x2 AT,450000000.0,Nội địa,Hà Nội,SUV,90000.0,Tự động,Đã sử dụng,Xăng
2025-10-23,2016,Hyundai Accent 1.4 AT,300000000.0,Nhập khẩu,Hà Giang,Sedan,140000.0,Tự động,Đã sử dụng,Xăng
2025-10-23,2023,Lexus RX 350 Premium,3000000000.0,Nhập khẩu,Hà Nội,SUV,57000.0,Tự động,Đã sử dụng,Xăng
2025-10-23,2018,Hyundai Tucson 2.0 ATH,569000000.0,Nội địa,Hà Nội,Crossover,10260.0,Tự động,Đã sử dụng,Xăng
2025-10-23,2024,Volkswagen Teramont President 2.0 AT,2000000000.0,Nhập khẩu,TP HCM,SUV,18000.0,Tự động,Đã sử dụng,Xăng
2025-10-23,2022,Mazda 3 1.5L Sport Premium,579000000.0,Nội địa,Vĩnh Phúc,Hatchback,30000.0,Tự động,Đã sử dụng,Xăng
2025-10-23,2019,Toyota Vios 1.5E MT,285000000.0,Nội địa,Hải Phòng,Sedan,60000.0,Số Tay,Đã sử dụng,Xăng
2025-10-23,2023,Ford Territory Titanium X 1.5 AT,795000000.0,Nội địa,Lâm Đồng,SUV,13000.0,Tự động,Đã sử dụng,Xăng
2025-10-23,2023,Ford Ranger Raptor 2.0L 4x4 AT,1000000000.0,Nhập khẩu,Tây Ninh,Bán tải / Pickup,49500.0,Tự động,Đã sử dụng,Dầu diesel
2025-10-23,2022,Kia K3 Luxury 1.6 AT,540000000.0,Nội địa,Quảng Ninh,Sedan,28000.0,Tự động,Đã sử dụng,Xăng
2025-10-23,2011,Citroen DS3 1.6 AT,299000000.0,Nhập khẩu,Bình Dương,Hatchback,110000.0,Tự động,Đã sử dụng,Xăng
2025-10-23,2022,Ford Everest Titanium 2.0L 4x2 AT,1000000000.0,Nhập khẩu,Hà Nội,SUV,33000.0,Tự động,Đã sử dụng,Dầu diesel
2025-10-23,2024,Kia K3 Luxury 1.6 AT,575000000.0,Nội địa,Hà Nội,Sedan,31000.0,Tự động,Đã sử dụng,Xăng
2025-10-23,2020,Mazda 6 Premium 2.0 AT,618000000.0,Nội địa,Hà Nội,Sedan,30000.0,Tự động,Đã sử dụng,Xăng
2025-10-23,2025,Kia Sportage Premium 2.0G,845000000.0,Nội địa,Hà Nội,Crossover,7000.0,Tự động,Đã sử dụng,Xăng
2025-10-23,2024,Mitsubishi Xpander 1.5 MT,508000000.0,Nội địa,TP HCM,SUV,21162.0,Số Tay,Đã sử dụng,Xăng
2025-10-23,2022,Mazda CX3 Premium 1.5 AT,555000000.0,Nhập khẩu,Hà Nội,Crossover,38000.0,Tự động,Đã sử dụng,Xăng
2025-10-23,2023,VinFast VF9 Plus,1000000000.0,Nội địa,Hà Nội,SUV,16000.0,Tự động,Đã sử dụng,Điện
2025-10-23,2023,Mazda 3 1.5L Luxury,585000000.0,Nội địa,Đồng Nai,Sedan,43000.0,Tự động,Đã sử dụng,Xăng
2025-10-23,2025,Ford Territory Titanium X 1.5 AT,865000000.0,Nội địa,Hải Phòng,SUV,3900.0,Tự động,Đã sử dụng,Xăng
2025-10-23,2018,Ford Ranger Raptor 2.0L 4x4 AT,790000000.0,Nhập khẩu,Sơn La,Bán tải / Pickup,90000.0,Tự động,Đã sử dụng,Dầu diesel
2025-10-23,2021,Ford Ranger XLS 2.2L 4x2 AT,540000000.0,Nội địa,Thái Nguyên,Bán tải / Pickup,56000.0,Tự động,Đã sử dụng,Dầu diesel
2025-10-23,2017,Nissan Navara EL 2.5 AT 2WD,405000000.0,Nhập khẩu,Đăk Lăk,Bán tải / Pickup,85000.0,Tự động,Đã sử dụng,Dầu diesel
2025-10-23,2025,Hyundai SantaFe Calligraphy 2.5L Turbo HTRAC,1000000000.0,Nội địa,TP HCM,SUV,0.0,Tự động,Xe mới,Xăng
2025-10-23,2025,Toyota Yaris Cross 1.5 D,599000000.0,Nhập khẩu,Hà Nội,SUV,0.0,Tự động,Xe mới,Xăng
2025-10-23,2014,Mini Cooper Countryman,650000000.0,Nhập khẩu,TP HCM,Hatchback,72373.0,Tự động,Đã sử dụng,Xăng
2025-10-23,2023,BMW 3 Series 330i M Sport,1000000000.0,Nội địa,Hà Nội,Sedan,17000.0,Tự động,Đã sử dụng,Xăng
2025-10-23,2025,Ford Territory Titanium X 1.5 AT,866000000.0,Nội địa,TP HCM,SUV,0.0,Tự động,Xe mới,Xăng
2025-10-23,2025,Hyundai Venue 1.0 T,513000000.0,Nội địa,TP HCM,SUV,0.0,Tự động,Xe mới,Xăng
2025-10-23,2025,Ford Ranger XLS 2.0L 4x4 AT,680000000.0,Nội địa,Hà Nội,Bán tải / Pickup,0.0,Tự động,Xe mới,Dầu diesel
2025-10-23,2021,Mazda 3 1.5L Luxury,549000000.0,Nội địa,Hà Nội,Sedan,61000.0,Tự động,Đã sử dụng,Xăng
2025-10-23,2016,Bentley Flying Spur W12 S,5000000000.0,Nhập khẩu,Hà Nội,Sedan,80000.0,Tự động,Đã sử dụng,Xăng
2025-10-23,2021,Mazda CX8 Premium AWD,839000000.0,Nội địa,Hà Nội,SUV,58000.0,Tự động,Đã sử dụng,Xăng
2025-10-23,2025,Hyundai Accent Đặc biệt 1.5 AT,489000000.0,Nội địa,Hải Phòng,Sedan,0.0,Tự động,Xe mới,Xăng
2025-10-23,2023,Mercedes Benz GLC 300 4Matic,2000000000.0,Nội địa,Khánh Hòa,SUV,20000.0,Tự động,Đã sử dụng,Hybrid
2025-10-23,2008,BMW 5 Series 530i,345000000.0,Nhập khẩu,TP HCM,Sedan,106000.0,Tự động,Đã sử dụng,Xăng
2025-10-23,2022,Hyundai Accent 1.4 AT,420000000.0,Nội địa,Đà Nẵng,Sedan,35000.0,Tự động,Đã sử dụng,Xăng
2025-10-23,2018,Mercedes Benz GLC 300 4Matic,999000000.0,Nội địa,TP HCM,SUV,80000.0,Tự động,Đã sử dụng,Xăng
2025-10-23,2018,Hyundai Tucson 1.6 AT Turbo,615000000.0,Nội địa,Vĩnh Phúc,Crossover,83000.0,Tự động,Đã sử dụng,Xăng
2025-10-23,2013,Toyota Fortuner 2.7V 4x2 AT,368000000.0,Nội địa,Hà Nội,SUV,170000.0,Tự động,Đã sử dụng,Xăng
2025-10-23,2023,Toyota Camry 2.5HV,1000000000.0,Nhập khẩu,TP HCM,Sedan,6666.0,Tự động,Đã sử dụng,Hybrid
2025-10-23,2019,Kia Sedona 2.2 DAT Luxury,780000000.0,Nội địa,TP HCM,Van/Minivan,87200.0,Tự động,Đã sử dụng,Dầu diesel
2025-10-23,2010,Toyota Camry LE 2.5,435000000.0,Nhập khẩu,Quảng Ninh,Sedan,100000.0,Tự động,Đã sử dụng,Xăng
2025-10-23,2022,VinFast Fadil Tiêu chuẩn 1.4 AT,320000000.0,Nội địa,Hà Nội,Hatchback,40000.0,Tự động,Đã sử dụng,Xăng
2025-10-23,2019,Nissan Navara EL Premium Z,465000000.0,Nhập khẩu,Hà Nội,Bán tải / Pickup,78000.0,Tự động,Đã sử dụng,Dầu diesel
2025-10-23,2019,Mercedes Benz C class C300 AMG,880000000.0,Nội địa,Hà Nội,Sedan,80000.0,Tự động,Đã sử dụng,Xăng
2025-10-23,2013,Lexus RX 350 AWD,1000000000.0,Nhập khẩu,Hà Nội,SUV,90000.0,Tự động,Đã sử dụng,Xăng
2025-10-23,2016,Mazda CX5 2.5 AT,450000000.0,Nội địa,Hà Nội,SUV,100000.0,Tự động,Đã sử dụng,Xăng
2025-10-23,2023,Honda CRV G,965000000.0,Nội địa,TP HCM,SUV,6000.0,Tự động,Đã sử dụng,Xăng
2025-10-23,2021,Ford Ranger Raptor 2.0L 4x4 AT,996000000.0,Nhập khẩu,TP HCM,Bán tải / Pickup,63000.0,Tự động,Đã sử dụng,Dầu diesel
2025-10-23,2022,Mercedes Benz E class E180,1000000000.0,Nội địa,Hà Nội,Sedan,2000.0,Tự động,Đã sử dụng,Xăng
2025-10-23,2020,Mitsubishi Attrage 1.2 CVT,309000000.0,Nhập khẩu,Hà Nội,Sedan,63000.0,Tự động,Đã sử dụng,Xăng
2025-10-23,2025,Hyundai Venue 1.0 T,515000000.0,Nội địa,Hà Nội,SUV,0.0,Tự động,Xe mới,Xăng
2025-10-23,2024,Honda HRV G,645000000.0,Nhập khẩu,Đà Nẵng,Crossover,12000.0,Tự động,Đã sử dụng,Xăng
2025-10-23,2013,Toyota Innova 2.0G,315000000.0,Nội địa,Hà Nội,Crossover,150000.0,Tự động,Đã sử dụng,Xăng
2025-10-23,2019,Nissan Navara EL Premium Z,455000000.0,Nhập khẩu,Phú Thọ,Bán tải / Pickup,36000.0,Tự động,Đã sử dụng,Dầu diesel
2025-10-23,2017,Audi A5 Sportback 2.0,1000000000.0,Nhập khẩu,TP HCM,Sedan,80000.0,Tự động,Đã sử dụng,Xăng
2025-10-23,2025,MG ZS Luxury 1.5 AT 2WD,519000000.0,Nhập khẩu,TP HCM,Crossover,1000.0,Tự động,Đã sử dụng,Xăng
2025-10-23,2018,Suzuki Celerio 1.0 MT,185000000.0,Nhập khẩu,TP HCM,Hatchback,100000.0,Số Tay,Đã sử dụng,Xăng
2025-10-23,2010,Toyota Camry 2.4G,370000000.0,Nội địa,TP HCM,Sedan,112000.0,Tự động,Đã sử dụng,Xăng
2025-10-23,2015,Hyundai SantaFe 2.4L 4WD,485000000.0,Nội địa,TP HCM,SUV,78000.0,Tự động,Đã sử dụng,Xăng
2025-10-23,2022,BMW X7 xDrive40i M Sport,4000000000.0,Nhập khẩu,Hà Nội,SUV,30000.0,Tự động,Đã sử dụng,Xăng
2025-10-23,2021,VinFast Fadil 1.4 AT,313000000.0,Nội địa,Vĩnh Phúc,Hatchback,50000.0,Tự động,Đã sử dụng,Xăng
2025-10-23,2022,VinFast VF8 Eco AWD,690000000.0,Nội địa,TP HCM,SUV,35000.0,Tự động,Đã sử dụng,Điện
2025-10-23,2023,Kia K3 Luxury 1.6 AT,525000000.0,Nội địa,Vĩnh Phúc,Sedan,22000.0,Tự động,Đã sử dụng,Xăng
2025-10-23,2022,Hyundai i10 1.2 AT,375000000.0,Nội địa,Hải Phòng,Hatchback,35000.0,Tự động,Đã sử dụng,Xăng
2025-10-23,2020,VinFast Lux SA 2.0 Premium 2.0 AT,645000000.0,Nội địa,Hà Nội,SUV,83000.0,Tự động,Đã sử dụng,Xăng
2025-10-23,2022,Toyota Corolla altis 1.8V,655000000.0,Nhập khẩu,Hà Nội,Sedan,38000.0,Tự động,Đã sử dụng,Xăng
2025-10-23,2024,Toyota Corolla Cross 1.8V,785000000.0,Nhập khẩu,TP HCM,SUV,7200.0,Tự động,Đã sử dụng,Xăng
2025-10-23,2020,Toyota Corolla Cross 1.8V,650000000.0,Nhập khẩu,Ninh Bình,SUV,60000.0,Tự động,Đã sử dụng,Xăng
2025-10-23,2020,Mercedes Benz S class S450L,2000000000.0,Nội địa,TP HCM,Sedan,32000.0,Tự động,Đã sử dụng,Xăng
2025-10-23,2019,Ford Everest Titanium 2.0L 4x4 AT,869000000.0,Nhập khẩu,Hà Nội,SUV,118000.0,Tự động,Đã sử dụng,Dầu diesel
2025-10-23,2022,Kia Morning X,339000000.0,Nội địa,TP HCM,Hatchback,55000.0,Tự động,Đã sử dụng,Xăng
2025-10-23,2025,MG 5 1.5 MT,310000000.0,Nhập khẩu,Hà Nội,Sedan,0.0,Số Tay,Xe mới,Xăng
2025-10-23,2019,Hyundai Tucson 1.6 AT Turbo,635000000.0,Nội địa,Hà Nội,Crossover,70000.0,Tự động,Đã sử dụng,Xăng
2025-10-23,2021,Kia Cerato 2.0 AT Premium,475000000.0,Nội địa,Hải Phòng,Sedan,60000.0,Tự động,Đã sử dụng,Xăng
2025-10-23,2009,Toyota Venza 2.7,415000000.0,Nhập khẩu,Hà Nội,Crossover,108000.0,Tự động,Đã sử dụng,Xăng
2025-10-23,2025,VinFast VF3 Plus,275000000.0,Nội địa,TP HCM,Hatchback,0.0,Tự động,Xe mới,Điện
2025-10-23,2014,Toyota Vios 1.5E,230000000.0,Nội địa,Thanh Hóa,Sedan,90.0,Số Tay,Đã sử dụng,Xăng
2025-10-23,2016,Ford Ranger XLS 2.2L 4x2 AT,395000000.0,Nhập khẩu,Hà Nội,Bán tải / Pickup,140000.0,Tự động,Đã sử dụng,Dầu diesel
2025-10-23,2016,Honda CRV 2.4 AT,595000000.0,Nội địa,TP HCM,SUV,43000.0,Tự động,Đã sử dụng,Xăng
2025-10-23,2015,Hyundai Grand Starex Van 2.4 MT,298000000.0,Nhập khẩu,Hà Nội,Van/Minivan,124646.0,Số Tay,Đã sử dụng,Xăng
2025-10-23,2022,Kia Sorento Signature 2.2 AT AWD,970000000.0,Nội địa,Hà Nội,SUV,43000.0,Tự động,Đã sử dụng,Dầu diesel
2025-10-23,2016,BMW 5 Series 520i,799000000.0,Nhập khẩu,Hà Nội,Sedan,128000.0,Tự động,Đã sử dụng,Xăng
2025-10-23,2009,Lexus GS 350,495000000.0,Nhập khẩu,TP HCM,Sedan,68000.0,Tự động,Đã sử dụng,Xăng
2025-10-23,2022,Hyundai Accent 1.4 AT Đặc Biệt,450000000.0,Nội địa,Quảng Ninh,Sedan,67000.0,Tự động,Đã sử dụng,Xăng
2025-10-23,2016,Toyota Innova 2.0E,340000000.0,Nội địa,Hà Nội,Crossover,165000.0,Số Tay,Đã sử dụng,Xăng
2025-10-23,2022,Toyota Corolla Cross 1.8V,720000000.0,Nhập khẩu,Hà Nội,SUV,54000.0,Tự động,Đã sử dụng,Xăng
2025-10-23,2021,Honda HRV G,569000000.0,Nhập khẩu,Hà Nội,Crossover,26000.0,Tự động,Đã sử dụng,Xăng
2025-10-23,2019,Mercedes Benz C class C200,839000000.0,Nội địa,TP HCM,Sedan,75000.0,Tự động,Đã sử dụng,Xăng
2025-10-23,2018,Mazda 3 1.5 AT,430000000.0,Nội địa,Tuyên Quang,Sedan,110000.0,Tự động,Đã sử dụng,Xăng
2025-10-23,2023,Hyundai Accent 1.4 AT,448000000.0,Nội địa,Hà Nội,Sedan,50000.0,Tự động,Đã sử dụng,Xăng
2025-10-23,2025,Geely Coolray Standard,475000000.0,Nhập khẩu,Hải Dương,SUV,0.0,Tự động,Xe mới,Xăng
2025-10-23,2025,Ford Ranger Wildtrak 2.0L 4x4 AT,897000000.0,Nội địa,TP HCM,Bán tải / Pickup,0.0,Tự động,Xe mới,Dầu diesel
2025-10-23,2025,Mitsubishi Triton Premium 2WD AT,720000000.0,Nhập khẩu,Hà Nội,Bán tải / Pickup,0.0,Tự động,Xe mới,Dầu diesel
2025-10-23,2018,Ford Everest Titanium 2.0L 4x2 AT,768000000.0,Nhập khẩu,Hà Nội,SUV,100000.0,Tự động,Đã sử dụng,Dầu diesel
2025-10-23,2025,VinFast VF6 Plus,704000000.0,Nội địa,TP HCM,SUV,0.0,Tự động,Xe mới,Điện
2025-10-23,2022,VinFast Fadil Tiêu chuẩn 1.4 AT,325000000.0,Nội địa,Hải Phòng,Hatchback,45000.0,Tự động,Đã sử dụng,Xăng
2025-10-23,2011,Kia Morning VAN 1.0 AT,135000000.0,Nhập khẩu,Hà Nội,Van/Minivan,120000.0,Tự động,Đã sử dụng,Xăng
2025-10-23,2025,BYD Sealion 6 Dynamic,839000000.0,Nhập khẩu,Hải Dương,Crossover,0.0,Tự động,Xe mới,Hybrid
2025-10-23,2024,Subaru Forester 2.0i,859000000.0,Nhập khẩu,TP HCM,SUV,0.0,Tự động,Xe mới,Xăng
2025-10-23,2024,Kia K3 Premium 1.6 AT,575000000.0,Nội địa,Gia Lai,Sedan,9000.0,Tự động,Đã sử dụng,Xăng
2025-10-23,2023,Kia Sonet Premium 1.5 AT,565000000.0,Nội địa,Hải Phòng,Crossover,30000.0,Tự động,Đã sử dụng,Xăng
2025-10-23,2025,Hyundai Custin Đặc Biệt 1.5T,879000000.0,Nội địa,TP HCM,Van/Minivan,0.0,Tự động,Xe mới,Xăng
2025-10-23,2021,Kia Sonet Deluxe 1.5 AT,459000000.0,Nội địa,Hà Nội,Crossover,59000.0,Tự động,Đã sử dụng,Xăng
2025-10-23,2023,Hyundai Creta Cao cấp 1.5 AT,655000000.0,Nhập khẩu,Quảng Ninh,Crossover,30000.0,Tự động,Đã sử dụng,Xăng
2025-10-23,2016,Ford Ranger XLS 2.2L 4x2 AT,410000000.0,Nhập khẩu,Đồng Nai,Bán tải / Pickup,140000.0,Tự động,Đã sử dụng,Dầu diesel
2025-10-23,2019,Mercedes Benz C class C200 Exclusive,798000000.0,Nội địa,Hà Nội,Sedan,58640.0,Tự động,Đã sử dụng,Xăng
2025-10-23,2025,Suzuki Swift 1.2 AT,545000000.0,Nhập khẩu,Hà Nội,Hatchback,0.0,Tự động,Xe mới,Hybrid
2025-10-23,2017,Suzuki Vitara 1.6 AT,435000000.0,Nhập khẩu,Hà Nội,SUV,80000.0,Tự động,Đã sử dụng,Xăng
2025-10-23,2015,Mitsubishi Attrage 1.2 AT,240000000.0,Nhập khẩu,Đăk Lăk,Sedan,63140.0,Tự động,Đã sử dụng,Xăng
2025-10-23,2022,Mitsubishi Triton Athlete 4x2 AT,615000000.0,Nhập khẩu,Hà Nội,Bán tải / Pickup,75000.0,Tự động,Đã sử dụng,Dầu diesel
2025-10-23,2017,Toyota Innova 2.0E,398000000.0,Nội địa,Hà Nội,Crossover,93000.0,Số Tay,Đã sử dụng,Xăng
2025-10-23,2012,Toyota Vios 1.5G,280000000.0,Nội địa,Hà Nội,Sedan,140000.0,Tự động,Đã sử dụng,Xăng
2025-10-23,2020,Kia Cerato 1.6 AT Luxury,468000000.0,Nội địa,Lâm Đồng,Sedan,39000.0,Tự động,Đã sử dụng,Xăng
2025-10-23,2021,Kia Morning GT,345000000.0,Nội địa,Hòa Bình,Hatchback,40000.0,Tự động,Đã sử dụng,Xăng
2025-10-23,2022,VinFast Lux A 2.0 Tiêu chuẩn,550000000.0,Nội địa,Hà Nội,Sedan,60000.0,Tự động,Đã sử dụng,Xăng
2025-10-23,2023,Toyota Land Cruiser 3.5 V6,5000000000.0,Nhập khẩu,Hà Nội,SUV,21000.0,Tự động,Đã sử dụng,Xăng
2025-10-23,2025,VinFast VF6 Plus,660000000.0,Nội địa,Long An,SUV,11000.0,Tự động,Đã sử dụng,Điện
2025-10-23,2021,Mercedes Benz C class C200 Exclusive,989000000.0,Nội địa,TP HCM,Sedan,48000.0,Tự động,Đã sử dụng,Xăng
2025-10-23,2020,Suzuki XL7 1.5 AT,402000000.0,Nhập khẩu,Hà Nội,SUV,7.0,Tự động,Đã sử dụng,Xăng
2025-10-23,2023,Lexus RX 350 Luxury,4000000000.0,Nhập khẩu,Hà Nội,SUV,20000.0,Tự động,Đã sử dụng,Xăng
2025-10-23,2024,Toyota Camry 2.0Q,1000000000.0,Nhập khẩu,Hà Nội,Sedan,9000.0,Tự động,Đã sử dụng,Xăng
2025-10-23,2018,Toyota Corolla altis 1.8G AT,528000000.0,Nội địa,Hà Nội,Sedan,70000.0,Tự động,Đã sử dụng,Xăng
2025-10-23,2022,Mitsubishi Triton Athlete 4x2 AT,615000000.0,Nhập khẩu,Hà Nội,Bán tải / Pickup,55000.0,Tự động,Đã sử dụng,Dầu diesel
2025-10-23,2024,VinFast VF8 Plus,900000000.0,Nội địa,Hà Nội,SUV,11000.0,Tự động,Đã sử dụng,Điện
2025-10-23,2024,Subaru Crosstrek 2.0 i,899000000.0,Nhập khẩu,TP HCM,SUV,0.0,Tự động,Xe mới,Xăng
2025-10-23,2022,Toyota Alphard Luxury Executive Lounge,3000000000.0,Nhập khẩu,Hà Nội,Van/Minivan,50000.0,Tự động,Đã sử dụng,Xăng
2025-10-23,2022,Nissan Navara EL 2.3 AT 2WD Cao cấp,535000000.0,Nhập khẩu,Hà Nội,Bán tải / Pickup,58000.0,Tự động,Đã sử dụng,Dầu diesel
2025-10-23,2018,Mercedes Benz C class C200,739000000.0,Nội địa,Hà Nội,Sedan,50000.0,Tự động,Đã sử dụng,Xăng
2025-10-23,2025,Hyundai Venue 1.0 T,527000000.0,Nội địa,Hà Nội,SUV,0.0,Tự động,Xe mới,Xăng
2025-10-23,2017,Honda CRV 2.4 AT,579000000.0,Nội địa,Hà Nội,SUV,10000.0,Tự động,Đã sử dụng,Xăng
2025-10-23,2017,Chevrolet Cruze LT 1.6L,225000000.0,Nội địa,Hà Giang,Sedan,55000.0,Số Tay,Đã sử dụng,Xăng
2025-10-23,2012,Lexus GX 460,1000000000.0,Nhập khẩu,TP HCM,SUV,105000.0,Tự động,Đã sử dụng,Xăng
2025-10-23,2025,Mitsubishi Xpander Cross 1.5 AT,606000000.0,Nhập khẩu,Hà Nội,SUV,0.0,Tự động,Xe mới,Xăng
2025-10-23,2024,Toyota Wigo G 1.2 AT,390000000.0,Nhập khẩu,TP HCM,Hatchback,1700.0,Tự động,Đã sử dụng,Xăng
2025-10-23,2016,Mercedes Benz GLS 400 4Matic,1000000000.0,Nhập khẩu,Hà Nội,SUV,100000.0,Tự động,Đã sử dụng,Xăng
2025-10-23,2022,VinFast Lux A 2.0 Tiêu chuẩn,585000000.0,Nội địa,TP HCM,Sedan,32000.0,Tự động,Đã sử dụng,Xăng
2025-10-23,2019,Ford Transit SVP,420000000.0,Nội địa,Vĩnh Phúc,Van/Minivan,100000.0,Số Tay,Đã sử dụng,Dầu diesel
2025-10-23,2019,Mercedes Benz E class E200,999000000.0,Nội địa,TP HCM,Sedan,65458.0,Tự động,Đã sử dụng,Xăng
2025-10-23,2022,Mercedes Benz GLC 300 4Matic,1000000000.0,Nội địa,TP HCM,SUV,39800.0,Tự động,Đã sử dụng,Xăng
2025-10-23,2010,Toyota Corolla altis 2.0V,280000000.0,Nội địa,Hà Nội,Sedan,120000.0,Tự động,Đã sử dụng,Xăng
2025-10-23,2025,VinFast VF5 Plus,465000000.0,Nội địa,Hà Nội,SUV,0.0,Tự động,Xe mới,Điện
2025-10-23,2008,Toyota Yaris 1.3 AT,240000000.0,Nhập khẩu,Đăk Lăk,Sedan,132000.0,Tự động,Đã sử dụng,Xăng
2025-10-23,2018,Toyota Fortuner 2.7V 4x2 AT,719000000.0,Nhập khẩu,Hải Phòng,SUV,90000.0,Tự động,Đã sử dụng,Xăng
2025-10-23,2025,Suzuki XL7 Hybrid 1.5 AT,550000000.0,Nhập khẩu,Hà Nội,SUV,1900.0,Tự động,Đã sử dụng,Hybrid
2025-10-23,2024,Volkswagen Teramont X Platinum 2.0 AT,2000000000.0,Nhập khẩu,TP HCM,SUV,6000.0,Tự động,Đã sử dụng,Xăng
2025-10-23,2020,Toyota Vios 1.5G,410000000.0,Nội địa,Hà Nội,Sedan,53989.0,Tự động,Đã sử dụng,Xăng
2025-10-23,2019,Kia Morning Luxury,300000000.0,Nội địa,Hà Nội,Hatchback,60000.0,Tự động,Đã sử dụng,Xăng
2025-10-23,2025,Ford Ranger XLS 2.0L 4x4 AT,711000000.0,Nội địa,Hà Nội,Bán tải / Pickup,0.0,Tự động,Xe mới,Dầu diesel
2025-10-23,2025,Ford Ranger XLS 2.0L 4x2 AT,647000000.0,Nội địa,Hà Nội,Bán tải / Pickup,0.0,Tự động,Xe mới,Dầu diesel
2025-10-23,2021,Jeep Wrangler Sport 2.0 4x4 AT,1000000000.0,Nhập khẩu,TP HCM,SUV,31000.0,Tự động,Đã sử dụng,Xăng
2025-10-23,2022,MG ZS Standard 1.5 AT 2WD,399000000.0,Nhập khẩu,Hà Nội,Crossover,65000.0,Tự động,Đã sử dụng,Xăng
2025-10-23,2016,Mercedes Benz C class C200,559000000.0,Nội địa,TP HCM,Sedan,69173.0,Tự động,Đã sử dụng,Xăng
2025-10-23,2016,Mercedes Benz C class C200,595000000.0,Nội địa,TP HCM,Sedan,102000.0,Tự động,Đã sử dụng,Xăng
2025-10-23,2024,Kia Seltos Premium 1.5 AT,730000000.0,Nội địa,Hà Nội,Crossover,4000.0,Tự động,Đã sử dụng,Xăng
2025-10-23,2019,Mazda CX5 2.5 AT 2WD,668000000.0,Nội địa,Hà Nội,SUV,80000.0,Tự động,Đã sử dụng,Xăng
2025-10-23,2022,Toyota Veloz Cross 1.5 CVT,510000000.0,Nội địa,Cần Thơ,SUV,56000.0,Tự động,Đã sử dụng,Xăng
2025-10-23,2022,Mazda CX8 Premium,868000000.0,Nội địa,Hải Phòng,SUV,40000.0,Tự động,Đã sử dụng,Xăng
2025-10-23,2023,Mercedes Benz GLB 35 4Matic,2000000000.0,Nhập khẩu,Nghệ An,SUV,0.0,Tự động,Xe mới,Xăng
2025-10-23,2017,Chevrolet Cruze LT 1.6L,209000000.0,Nội địa,TP HCM,Sedan,108000.0,Số Tay,Đã sử dụng,Xăng
2025-10-23,2022,Kia Carnival Premium 2.2D,1000000000.0,Nội địa,Hà Nội,Van/Minivan,10000.0,Tự động,Đã sử dụng,Dầu diesel
2025-10-23,2009,BMW 3 Series 335i Convertible,525000000.0,Nhập khẩu,TP HCM,Convertible/Cabriolet,89800.0,Tự động,Đã sử dụng,Xăng
2025-10-23,2020,VinFast Fadil 1.4 AT Premium,295000000.0,Nội địa,Hà Nội,Hatchback,70000.0,Tự động,Đã sử dụng,Xăng
2025-10-23,2019,BMW X5 xDrive40i xLine,2000000000.0,Nhập khẩu,Hà Nội,SUV,65000.0,Tự động,Đã sử dụng,Xăng
2025-10-23,2016,Lexus LS 460L,2000000000.0,Nhập khẩu,Hà Nội,Sedan,120000.0,Tự động,Đã sử dụng,Xăng
2025-10-23,2025,Mitsubishi Triton Premium 2WD AT,725000000.0,Nhập khẩu,Hà Nội,Bán tải / Pickup,0.0,Tự động,Xe mới,Dầu diesel
2025-10-23,2022,BMW X5 xDrive40i M Sport,2000000000.0,Nhập khẩu,Hà Nội,SUV,40000.0,Tự động,Đã sử dụng,Xăng
2025-10-23,2021,Audi Q5 45 TFSI Quattro,1000000000.0,Nhập khẩu,Hà Nội,SUV,14000.0,Tự động,Đã sử dụng,Xăng
2025-10-23,2023,Mercedes Benz S class S450 4Matic Luxury,5000000000.0,Nhập khẩu,TP HCM,Sedan,30.0,Tự động,Đã sử dụng,Xăng
2025-10-23,2022,Toyota Prado VX 2.7L,2000000000.0,Nhập khẩu,Hà Nội,SUV,69500.0,Tự động,Đã sử dụng,Xăng
2025-10-23,2014,Mitsubishi Mirage 1.2 AT,199000000.0,Nhập khẩu,Hà Nội,Hatchback,80000.0,Tự động,Đã sử dụng,Xăng
2025-10-23,2024,BMW X3 sDrive20i,1000000000.0,Nội địa,Hà Nội,SUV,21000.0,Tự động,Đã sử dụng,Xăng
2025-10-23,2025,Volkswagen Touareg R,3000000000.0,Nhập khẩu,TP HCM,SUV,0.0,Tự động,Xe mới,Xăng
2025-10-23,2020,LandRover Discovery Sport SE,1000000000.0,Nhập khẩu,Hà Nội,SUV,50000.0,Tự động,Đã sử dụng,Xăng
2025-10-23,2013,Mazda CX5 2.0 AT AWD,399000000.0,Nội địa,Hà Nội,SUV,100000.0,Tự động,Đã sử dụng,Xăng
2025-10-23,2004,Lexus GX 470,429000000.0,Nhập khẩu,Hà Nội,SUV,100000.0,Tự động,Đã sử dụng,Xăng
2025-10-23,2019,VinFast Lux A 2.0 Plus 2.0 AT,475000000.0,Nội địa,Hà Nội,Sedan,55000.0,Tự động,Đã sử dụng,Xăng
2025-10-23,2020,Kia Frontier K200 Thùng Kín,325000000.0,Nội địa,Lâm Đồng,Truck,110000.0,Số Tay,Đã sử dụng,Dầu diesel
2025-10-23,2016,Mercedes Benz GLC 300 4Matic,819000000.0,Nội địa,TP HCM,SUV,64000.0,Tự động,Đã sử dụng,Xăng
2025-10-23,2025,VinFast Limo Green AT,700000000.0,Nội địa,Hà Nội,SUV,0.0,Tự động,Xe mới,Điện
2025-10-23,2025,VinFast VF6 Plus,749000000.0,Nội địa,TP HCM,SUV,0.0,Tự động,Xe mới,Điện
2025-10-23,2025,Toyota Corolla Cross 1.8HEV,843000000.0,Nhập khẩu,Hải Phòng,SUV,0.0,Tự động,Xe mới,Hybrid
2025-10-23,2014,Mercedes Benz GL 400 4Matic,1000000000.0,Nhập khẩu,Hà Nội,SUV,130000.0,Tự động,Đã sử dụng,Xăng
2025-10-23,2016,Ford Ranger Wildtrak 3.2L 4x4 AT,485000000.0,Nhập khẩu,Hà Nội,Bán tải / Pickup,140000.0,Tự động,Đã sử dụng,Dầu diesel
2025-10-23,2022,Kia Carnival Signature 2.2D,1000000000.0,Nội địa,Hà Nội,Van/Minivan,50000.0,Tự động,Đã sử dụng,Dầu diesel
2025-10-23,2010,Toyota Yaris 1.3 AT,245000000.0,Nhập khẩu,Hà Nội,Hatchback,80000.0,Tự động,Đã sử dụng,Xăng
2025-10-23,2024,Ford Transit Premium,920000000.0,Nội địa,TP HCM,Van/Minivan,9300.0,Số Tay,Đã sử dụng,Dầu diesel
2025-10-23,2020,Lexus GX 460,4000000000.0,Nhập khẩu,Hà Nội,SUV,77193.0,Tự động,Đã sử dụng,Xăng
2025-10-23,2021,Lexus ES 250,1000000000.0,Nhập khẩu,TP HCM,Sedan,29000.0,Tự động,Đã sử dụng,Xăng
2025-10-23,2018,Nissan Sunny XV Premium S,299000000.0,Nội địa,Hà Nội,Sedan,90000.0,Tự động,Đã sử dụng,Xăng
2025-10-23,2010,Lexus RX 350,790000000.0,Nhập khẩu,Hà Nội,SUV,86000.0,Tự động,Đã sử dụng,Xăng
2025-10-23,2019,Mercedes Benz C class C300 AMG,900000000.0,Nội địa,Hà Nội,Sedan,86000.0,Tự động,Đã sử dụng,Xăng
2025-10-23,2021,Mercedes Benz GLC 300 4Matic,1000000000.0,Nội địa,Hà Nội,SUV,55000.0,Tự động,Đã sử dụng,Xăng
2025-10-23,2016,Volkswagen Polo 1.6 AT,299000000.0,Nhập khẩu,Bình Dương,Hatchback,92000.0,Tự động,Đã sử dụng,Xăng
2025-10-23,2022,Mercedes Benz GLC 300 4Matic,1000000000.0,Nội địa,Hà Nội,SUV,20000.0,Tự động,Đã sử dụng,Xăng
2025-10-23,2025,Mercedes Benz C class C200 Avantgarde,1000000000.0,Nội địa,TP HCM,Sedan,11.0,Tự động,Đã sử dụng,Xăng
2025-10-23,2016,Mazda 3 1.5 AT,379000000.0,Nội địa,Hà Nội,Sedan,90000.0,Tự động,Đã sử dụng,Xăng
2025-10-23,2019,Hyundai Accent 1.4 AT,355000000.0,Nội địa,Đăk Lăk,Sedan,56000.0,Tự động,Đã sử dụng,Xăng
2025-10-23,2022,Kia Sorento Signature 2.5 AT AWD,969000000.0,Nội địa,Hà Nội,SUV,43000.0,Tự động,Đã sử dụng,Xăng
2025-10-23,2017,Suzuki Swift 1.4 AT,305000000.0,Nội địa,Hà Nội,Hatchback,70000.0,Tự động,Đã sử dụng,Xăng
2025-10-23,2019,Hyundai Accent 1.4 ATH,315000000.0,Nội địa,Hà Nội,Sedan,70000.0,Tự động,Đã sử dụng,Xăng
2025-10-23,2017,Volkswagen Tiguan Allspace,765000000.0,Nhập khẩu,Hà Nội,SUV,90000.0,Tự động,Đã sử dụng,Xăng
2025-10-23,2019,Porsche Macan 2.0,2000000000.0,Nhập khẩu,Hà Nội,SUV,18000.0,Tự động,Đã sử dụng,Xăng
2025-10-23,2013,Honda CRV 2.0 AT,430000000.0,Nội địa,Hà Nội,SUV,74000.0,Tự động,Đã sử dụng,Xăng
2025-10-23,2008,Toyota RAV4 2.4 AT,310000000.0,Nhập khẩu,Hà Nội,SUV,90000.0,Tự động,Đã sử dụng,Xăng
2025-10-23,2025,Hyundai Tucson 2.0 AT Đặc biệt,819000000.0,Nội địa,Hà Nội,Crossover,0.0,Tự động,Xe mới,Xăng
2025-10-23,2019,Toyota Innova 2.0E,439000000.0,Nội địa,TP HCM,Crossover,145000.0,Số Tay,Đã sử dụng,Xăng
2025-10-23,2020,BMW 7 Series 730Li M Sport,2000000000.0,Nhập khẩu,TP HCM,Sedan,32000.0,Tự động,Đã sử dụng,Xăng
2025-10-23,2024,Mitsubishi Xpander Premium 1.5 AT,599000000.0,Nhập khẩu,Bình Dương,SUV,4000.0,Tự động,Đã sử dụng,Xăng
2025-10-23,2024,Audi Q5 Black Edition 45 TFSI Quattro,2000000000.0,Nhập khẩu,TP HCM,SUV,0.0,Tự động,Xe mới,Xăng
2025-10-23,2020,Suzuki Ertiga Sport 1.5 AT,399000000.0,Nhập khẩu,TP HCM,SUV,86000.0,Tự động,Đã sử dụng,Xăng
2025-10-23,2021,Toyota Vios 1.5E CVT,385000000.0,Nội địa,Hà Nội,Sedan,80000.0,Tự động,Đã sử dụng,Xăng
2025-10-23,2024,Ford Ranger XLS 2.0L 4x4 AT,720000000.0,Nội địa,Lâm Đồng,Bán tải / Pickup,20000.0,Tự động,Đã sử dụng,Dầu diesel
2025-10-23,2024,VinFast VF8 S,845000000.0,Nội địa,Vĩnh Phúc,SUV,5.0,Tự động,Đã sử dụng,Điện
2025-10-23,2009,Toyota Prado TXL 2.7L,680000000.0,Nhập khẩu,Hà Nội,SUV,190000.0,Tự động,Đã sử dụng,Xăng
2025-10-23,2017,LandRover Range Rover Evoque HSE,1000000000.0,Nhập khẩu,Hà Nội,SUV,60000.0,Tự động,Đã sử dụng,Xăng
2025-10-23,2025,Ford Territory Titanium X 1.5 AT,830000000.0,Nội địa,Hà Nội,SUV,0.0,Tự động,Xe mới,Xăng
2025-10-23,2020,Hyundai i10 Grand 1.2 AT,335000000.0,Nội địa,Hà Nội,Hatchback,83000.0,Tự động,Đã sử dụng,Xăng
2025-10-23,2007,Lexus IS 250,368000000.0,Nhập khẩu,TP HCM,Sedan,95000.0,Tự động,Đã sử dụng,Xăng
2025-10-23,2018,Mercedes Benz GLC 250 4Matic,1000000000.0,Nội địa,Hà Nội,SUV,28000.0,Tự động,Đã sử dụng,Xăng
2025-10-23,2025,VinFast Herio Green AT,425000000.0,Nội địa,Hà Nội,SUV,12000.0,Tự động,Đã sử dụng,Điện
2025-10-23,2015,Hyundai SantaFe 2.4L 4WD,569000000.0,Nội địa,TP HCM,SUV,77000.0,Tự động,Đã sử dụng,Xăng
2025-10-23,2019,Toyota Vios 1.5G,390000000.0,Nội địa,Quảng Bình,Sedan,80.0,Tự động,Đã sử dụng,Xăng
2025-10-23,2014,Toyota Fortuner 2.5G,509000000.0,Nội địa,Lâm Đồng,SUV,150000.0,Số Tay,Đã sử dụng,Dầu diesel
2025-10-23,2020,Toyota Vios 1.5E CVT,380000000.0,Nội địa,Điện Biên,Sedan,60000.0,Tự động,Đã sử dụng,Xăng
2025-10-23,2015,Mercedes Benz V class V220d CDI,979000000.0,Nhập khẩu,TP HCM,Van/Minivan,58000.0,Tự động,Đã sử dụng,Dầu diesel
2025-10-23,2014,Porsche Cayenne 3.6 V6,1000000000.0,Nhập khẩu,TP HCM,SUV,96000.0,Tự động,Đã sử dụng,Xăng
2025-10-23,2014,Ford Everest 2.5L 4x2 AT,395000000.0,Nội địa,TP HCM,SUV,92000.0,Tự động,Đã sử dụng,Dầu diesel
2025-10-23,2020,Porsche Panamera 3.0 V6,3000000000.0,Nhập khẩu,TP HCM,Sedan,25000.0,Tự động,Đã sử dụng,Xăng
2025-10-23,2017,Mercedes Benz C class C250 Exclusive,685000000.0,Nội địa,TP HCM,Sedan,49000.0,Tự động,Đã sử dụng,Xăng
2025-10-23,2018,Mitsubishi Outlander 2.0 CVT Premium,515000000.0,Nội địa,TP HCM,SUV,80000.0,Tự động,Đã sử dụng,Xăng
2025-10-23,2023,Kia Carnival Signature 2.2D,1000000000.0,Nội địa,TP HCM,Van/Minivan,63000.0,Tự động,Đã sử dụng,Dầu diesel
2025-10-23,2017,Mercedes Benz Maybach S400,2000000000.0,Nhập khẩu,Hà Nội,Sedan,37000.0,Tự động,Đã sử dụng,Xăng
2025-10-23,2024,Kia Carens 1.5G IVT,595000000.0,Nội địa,Hà Nội,SUV,20000.0,Tự động,Đã sử dụng,Xăng
2025-10-23,2017,Toyota Camry 2.0E,579000000.0,Nội địa,Hà Nội,Sedan,93000.0,Tự động,Đã sử dụng,Xăng
2025-10-23,2023,Mercedes Benz GLC 300 4Matic,2000000000.0,Nội địa,Hà Nội,SUV,9500.0,Tự động,Đã sử dụng,Xăng
2025-10-23,2019,Mazda 2 Luxury,380000000.0,Nhập khẩu,Bình Dương,Sedan,85000.0,Tự động,Đã sử dụng,Xăng
2025-10-23,2023,VinFast VF8 Plus AWD,789000000.0,Nội địa,Long An,SUV,48000.0,Tự động,Đã sử dụng,Điện
2025-10-23,2024,Ford Explorer Limited 2.3L EcoBoost,2000000000.0,Nhập khẩu,TP HCM,SUV,0.0,Tự động,Xe mới,Xăng
2025-10-23,2021,Porsche 911 Carrera,6000000000.0,Nhập khẩu,Hà Nội,Coupe,35000.0,Tự động,Đã sử dụng,Xăng
2025-10-23,2025,Mazda 2 Sport Luxury,527000000.0,Nhập khẩu,Thanh Hóa,Hatchback,0.0,Tự động,Xe mới,Xăng
2025-10-23,2024,Toyota Prado LC250 2.4L,3000000000.0,Nhập khẩu,TP HCM,SUV,0.0,Tự động,Xe mới,Xăng
2025-10-23,2025,BYD Dolphin GLX,659000000.0,Nhập khẩu,Đồng Nai,Hatchback,0.0,Tự động,Xe mới,Điện
2025-10-23,2025,Hyundai Creta N Line 1.5 AT,682000000.0,Nội địa,TP HCM,SUV,0.0,Tự động,Xe mới,Xăng
2025-10-23,2025,Hyundai Tucson 2.0 AT Đặc biệt,865000000.0,Nội địa,Phú Thọ,Crossover,1000.0,Tự động,Đã sử dụng,Xăng
2025-10-23,2025,Kia Sportage Signature 1.6T AWD,1000000000.0,Nội địa,TP HCM,Crossover,0.0,Tự động,Xe mới,Xăng
2025-10-23,2019,Toyota Vios 1.5G,349000000.0,Nội địa,TP HCM,Sedan,35000.0,Tự động,Đã sử dụng,Xăng
2025-10-23,2009,Hyundai Tucson 2.0 AT 4WD,210000000.0,Nhập khẩu,Hà Nội,Crossover,100000.0,Tự động,Đã sử dụng,Xăng
2025-10-23,2019,Mercedes Benz E class E300 AMG,1000000000.0,Nội địa,Hà Nội,Sedan,48000.0,Tự động,Đã sử dụng,Xăng
2025-10-23,2025,Kia Sorento Signature 2.2D AT AWD,1000000000.0,Nội địa,TP HCM,SUV,0.0,Tự động,Xe mới,Dầu diesel
2025-10-23,2010,Honda Pilot 3.5 V6 AWD,1000000000.0,Nhập khẩu,Hà Nội,SUV,110000.0,Tự động,Đã sử dụng,Xăng
2025-10-23,2018,Honda CRV L,720000000.0,Nhập khẩu,Hà Nội,SUV,80000.0,Tự động,Đã sử dụng,Xăng
2025-10-23,2014,Hyundai Elantra 1.8 AT,335000000.0,Nhập khẩu,Hà Nội,Sedan,98000.0,Tự động,Đã sử dụng,Xăng
2025-10-23,2019,Hyundai Tucson 2.0 ATH,635000000.0,Nội địa,Hà Nội,Crossover,86000.0,Tự động,Đã sử dụng,Xăng
2025-10-23,2025,Kia Sorento Premium 2.5G AT,999000000.0,Nội địa,TP HCM,SUV,0.0,Tự động,Xe mới,Xăng
2025-10-23,2015,Toyota Camry 2.5G,620000000.0,Nội địa,TP HCM,Sedan,55000.0,Tự động,Đã sử dụng,Xăng
2025-10-23,2025,Mercedes Benz C class C200 Avantgarde,1000000000.0,Nội địa,Hà Nội,Sedan,0.0,Tự động,Xe mới,Xăng
2025-10-23,2025,VinFast VF5 Plus,487000000.0,Nội địa,Bình Dương,SUV,0.0,Tự động,Xe mới,Điện
2025-10-23,2017,Volvo XC90 T6 Inscription,1000000000.0,Nhập khẩu,Hà Nội,SUV,160000.0,Tự động,Đã sử dụng,Xăng
2025-10-23,2022,Hyundai Elantra 1.6 AT Tiêu chuẩn,498000000.0,Nội địa,Vĩnh Phúc,Sedan,43000.0,Tự động,Đã sử dụng,Xăng
2025-10-23,2014,Mercedes Benz GLA class GLA 200,479000000.0,Nhập khẩu,Hà Nội,SUV,61234.0,Tự động,Đã sử dụng,Xăng
2025-10-23,2024,Kia Sonet Premium 1.5 AT,580000000.0,Nội địa,Hà Nội,Crossover,20000.0,Tự động,Đã sử dụng,Xăng
2025-10-23,2008,Toyota Innova G,195000000.0,Nội địa,TP HCM,Crossover,150000.0,Số Tay,Đã sử dụng,Xăng
2025-10-23,2019,Toyota Fortuner 2.4G 4x2 MT,725000000.0,Nhập khẩu,Hà Nội,SUV,98369.0,Số Tay,Đã sử dụng,Dầu diesel
2025-10-23,2016,BMW 2 Series 218i Gran Tourer,530000000.0,Nhập khẩu,TP HCM,Crossover,70000.0,Tự động,Đã sử dụng,Xăng
2025-10-23,2025,Toyota Vios G 1.5 CVT,476000000.0,Nội địa,Hà Nội,Sedan,0.0,Tự động,Xe mới,Xăng
2025-10-23,2021,Lexus RX 300,2000000000.0,Nhập khẩu,Hà Nội,SUV,40000.0,Tự động,Đã sử dụng,Xăng
2025-10-23,2018,Nissan Navara EL Premium R,395000000.0,Nhập khẩu,Hà Nội,Bán tải / Pickup,110000.0,Tự động,Đã sử dụng,Dầu diesel
2025-10-23,2015,Honda CRV 2.0 AT,480000000.0,Nội địa,Hà Nội,SUV,110000.0,Tự động,Đã sử dụng,Xăng
2025-10-23,2019,Mazda CX5 2.5 AT 2WD,665000000.0,Nội địa,Hà Nội,SUV,79000.0,Tự động,Đã sử dụng,Xăng
2025-10-23,2025,Mercedes Benz E class E180,1000000000.0,Nội địa,TP HCM,Sedan,0.0,Tự động,Xe mới,Xăng
2025-10-23,2024,Audi Q7 45 TFSI Quattro S Line,3000000000.0,Nhập khẩu,TP HCM,SUV,0.0,Tự động,Xe mới,Xăng
2025-10-23,2022,Mazda 3 1.5L Deluxe,539000000.0,Nội địa,TP HCM,Sedan,12000.0,Tự động,Đã sử dụng,Xăng
2025-10-23,2021,Kia Rondo GMT,395000000.0,Nội địa,TP HCM,SUV,43000.0,Số Tay,Đã sử dụng,Xăng
2025-10-23,2016,Nissan X trail 2.0 SL 2WD,425000000.0,Nội địa,Hà Nội,SUV,10000.0,Tự động,Đã sử dụng,Xăng
2025-10-23,2023,LandRover Defender 110 X Dynamic P300 2.0 AT,6000000000.0,Nhập khẩu,Hà Nội,SUV,10000.0,Tự động,Đã sử dụng,Xăng
2025-10-23,2025,Toyota Vios G 1.5 CVT,545000000.0,Nội địa,Vĩnh Phúc,Sedan,0.0,Tự động,Xe mới,Xăng
2025-10-23,2018,Honda City 1.5TOP,355000000.0,Nội địa,TP HCM,Sedan,76000.0,Tự động,Đã sử dụng,Xăng
2025-10-23,2020,Mazda CX8 Luxury,730000000.0,Nội địa,Đăk Lăk,SUV,42000.0,Tự động,Đã sử dụng,Xăng
2025-10-23,2016,Toyota Fortuner TRD Sportivo 4x2 AT,535000000.0,Nội địa,Hà Nội,SUV,100000.0,Tự động,Đã sử dụng,Xăng
2025-10-23,2025,VinFast VF3 Plus,269000000.0,Nội địa,TP HCM,Hatchback,9000.0,Tự động,Đã sử dụng,Điện
2025-10-23,2021,Mercedes Benz GLC 200 4Matic,1000000000.0,Nội địa,Hà Nội,SUV,108000.0,Tự động,Đã sử dụng,Xăng
2025-10-23,2022,Mitsubishi Triton Athlete 4x2 AT,615000000.0,Nhập khẩu,Hà Giang,Bán tải / Pickup,60000.0,Tự động,Đã sử dụng,Dầu diesel
2025-10-23,2025,Mitsubishi Xpander Cross 1.5 AT,659000000.0,Nhập khẩu,TP HCM,SUV,21000.0,Tự động,Đã sử dụng,Xăng
2025-10-23,2024,BMW 3 Series 320i Sport Line,1000000000.0,Nội địa,TP HCM,Sedan,0.0,Tự động,Xe mới,Xăng
2025-10-23,2018,Mercedes Benz GLC 200,879000000.0,Nội địa,TP HCM,SUV,49000.0,Tự động,Đã sử dụng,Xăng
2025-10-23,2021,Kia Sorento Signature 2.2 AT AWD,895000000.0,Nội địa,Gia Lai,SUV,85000.0,Tự động,Đã sử dụng,Dầu diesel
2025-10-23,2018,Mazda 3 1.5 AT,419000000.0,Nội địa,Bình Dương,Sedan,165000.0,Tự động,Đã sử dụng,Xăng
2025-10-23,2014,Mercedes Benz GLA class GLA 45 AMG 4Matic,580000000.0,Nhập khẩu,TP HCM,SUV,70000.0,Tự động,Đã sử dụng,Xăng
2025-10-23,2025,Toyota Vios E 1.5 MT,405000000.0,Nội địa,Hà Nội,Sedan,0.0,Số Tay,Xe mới,Xăng
2025-10-23,2014,Toyota Innova 2.0E,259000000.0,Nội địa,Hải Phòng,Crossover,130000.0,Số Tay,Đã sử dụng,Xăng
2025-10-23,2014,Toyota Innova 2.0E,258000000.0,Nội địa,Hà Nội,Crossover,120000.0,Số Tay,Đã sử dụng,Xăng
2025-10-23,2014,Kia Carens EXMT,245000000.0,Nội địa,Phú Thọ,Crossover,92000.0,Số Tay,Đã sử dụng,Xăng
2025-10-23,2022,Mitsubishi Outlander Premium 2.0 CVT,725000000.0,Nội địa,Hà Nội,SUV,38000.0,Tự động,Đã sử dụng,Xăng
2025-10-23,2013,Kia Carens SXMT,205000000.0,Nội địa,Bình Dương,Crossover,78000.0,Số Tay,Đã sử dụng,Xăng
2025-10-23,2022,Toyota Corolla altis 1.8G,628000000.0,Nhập khẩu,Hà Nội,Sedan,5500.0,Tự động,Đã sử dụng,Xăng
2025-10-23,2025,Toyota Yaris Cross HEV 1.5 CVT,720000000.0,Nhập khẩu,Hà Nội,SUV,0.0,Tự động,Xe mới,Hybrid
2025-10-23,2025,Honda City L 1.5 AT,485000000.0,Nội địa,Đồng Nai,Sedan,0.0,Tự động,Xe mới,Xăng
2025-10-23,2023,VinFast VF8 Plus AWD,790000000.0,Nội địa,Hà Nội,SUV,33000.0,Tự động,Đã sử dụng,Điện
2025-10-23,2022,Kia Carnival Royal 2.2D,1000000000.0,Nội địa,Hà Nội,Van/Minivan,40000.0,Tự động,Đã sử dụng,Dầu diesel
2025-10-23,2020,Lexus RX 300,2000000000.0,Nhập khẩu,Đà Nẵng,SUV,60000.0,Tự động,Đã sử dụng,Xăng
2025-10-23,2017,Mazda CX5 2.0 AT,495000000.0,Nội địa,Hà Nội,SUV,100000.0,Tự động,Đã sử dụng,Xăng
2025-10-23,2021,VinFast Lux A 2.0 2.0 AT,535000000.0,Nội địa,Hà Nội,Sedan,22000.0,Tự động,Đã sử dụng,Xăng
2025-10-23,2018,Toyota Fortuner 2.4G 4x2 MT,728000000.0,Nhập khẩu,Hà Nội,SUV,96000.0,Số Tay,Đã sử dụng,Dầu diesel
2025-10-23,2020,VinFast Fadil 1.4 AT Plus,310000000.0,Nội địa,Hà Nội,Hatchback,59000.0,Tự động,Đã sử dụng,Xăng
2025-10-23,2022,Mitsubishi Triton Athlete 4x4 AT,696000000.0,Nhập khẩu,Hà Nội,Bán tải / Pickup,75000.0,Tự động,Đã sử dụng,Dầu diesel
2025-10-23,2017,Volvo XC90 T6 Inscription,1000000000.0,Nhập khẩu,Hà Nội,SUV,190000.0,Tự động,Đã sử dụng,Xăng
2025-10-23,2016,Audi A4 2.0 TFSI,660000000.0,Nhập khẩu,Hà Nội,Sedan,110000.0,Tự động,Đã sử dụng,Xăng
2025-10-23,2019,Toyota Prado VX 2.7L,1000000000.0,Nhập khẩu,Hà Nội,SUV,135000.0,Tự động,Đã sử dụng,Xăng
2025-10-23,2021,Toyota Corolla Cross 1.8V,699000000.0,Nhập khẩu,Hà Nội,SUV,42000.0,Tự động,Đã sử dụng,Xăng
2025-10-23,2024,Mercedes Benz EQE 500 4Matic,3000000000.0,Nhập khẩu,Hà Nội,SUV,0.0,Tự động,Xe mới,Điện
2025-10-23,2024,Ford Transit Limousine 10S,1000000000.0,Nội địa,TP HCM,Van/Minivan,0.0,Số Tay,Xe mới,Dầu diesel
2025-10-23,2025,Toyota Wigo G 1.2 AT,390000000.0,Nhập khẩu,TP HCM,Hatchback,0.0,Tự động,Xe mới,Xăng
2025-10-23,2023,Porsche Macan 2.0,3000000000.0,Nhập khẩu,Hà Nội,SUV,7000.0,Tự động,Đã sử dụng,Xăng
2025-10-23,2023,Suzuki Ertiga Hybrid 1.5 AT,445000000.0,Nhập khẩu,TP HCM,SUV,59000.0,Tự động,Đã sử dụng,Hybrid
2025-10-23,2022,Toyota Prado VX 2.7L,2000000000.0,Nhập khẩu,Hà Nội,SUV,60000.0,Tự động,Đã sử dụng,Xăng
2025-10-23,2021,Kia Carnival Signature 3.5G,1000000000.0,Nội địa,TP HCM,Van/Minivan,55000.0,Tự động,Đã sử dụng,Xăng
2025-10-23,2021,Toyota Corolla Cross 1.8G,648000000.0,Nhập khẩu,Hà Nội,SUV,60000.0,Tự động,Đã sử dụng,Xăng
2025-10-23,2023,Hyundai Creta Tiêu chuẩn 1.5 AT,550000000.0,Nhập khẩu,Bà Rịa Vũng Tàu,Crossover,29000.0,Tự động,Đã sử dụng,Xăng
2025-10-23,2025,Honda CRV e:HEV RS,1000000000.0,Nhập khẩu,Hà Nội,SUV,0.0,Tự động,Xe mới,Hybrid
2025-10-23,2023,Toyota Vios G 1.5 CVT,476000000.0,Nội địa,Bình Dương,Sedan,16000.0,Tự động,Đã sử dụng,Xăng
2025-10-23,2019,Mitsubishi Pajero Sport 2.4D 4x2 AT,740000000.0,Nhập khẩu,TP HCM,SUV,55000.0,Tự động,Đã sử dụng,Dầu diesel
2025-10-23,2015,Renault Megane 1.6 AT,345000000.0,Nhập khẩu,Hà Nội,Hatchback,80000.0,Tự động,Đã sử dụng,Xăng
2025-10-23,2019,Mazda CX5 2.5 Signature Premium 2WD,589000000.0,Nội địa,Hà Nội,SUV,58000.0,Tự động,Đã sử dụng,Xăng
2025-10-23,2022,Toyota Veloz Cross 1.5 CVT,500000000.0,Nhập khẩu,Hà Nội,SUV,71000.0,Tự động,Đã sử dụng,Xăng
2025-10-23,2021,Mitsubishi Triton 4x2 AT Mivec,515000000.0,Nhập khẩu,Hà Nội,Bán tải / Pickup,60000.0,Tự động,Đã sử dụng,Dầu diesel
2025-10-23,2020,Toyota Fortuner 2.4G 4x2 AT,875000000.0,Nội địa,Hà Nội,SUV,21000.0,Tự động,Đã sử dụng,Dầu diesel
2025-10-23,2023,Mercedes Benz E class E200 Exclusive,1000000000.0,Nội địa,Hà Nội,Sedan,1300.0,Tự động,Đã sử dụng,Hybrid
2025-10-23,2016,Toyota Vios 1.5E CVT,308000000.0,Nội địa,TP HCM,Sedan,113000.0,Tự động,Đã sử dụng,Xăng
2025-10-23,2021,Mitsubishi Xpander 1.5 AT,469000000.0,Nhập khẩu,Hà Nội,SUV,50000.0,Tự động,Đã sử dụng,Xăng
2025-10-23,2021,Nissan Almera VL 1.0 CVT Cao cấp,380000000.0,Nhập khẩu,Hà Nội,Sedan,38000.0,Tự động,Đã sử dụng,Xăng
2025-10-23,2018,Honda CRV L,710000000.0,Nhập khẩu,Đăk Lăk,SUV,85000.0,Tự động,Đã sử dụng,Xăng
2025-10-23,2022,Ford Explorer Limited 2.3L EcoBoost,1000000000.0,Nhập khẩu,Long An,SUV,28500.0,Tự động,Đã sử dụng,Xăng
2025-10-23,2022,Kia K3 Premium 1.6 AT,538000000.0,Nội địa,Hà Nội,Sedan,51000.0,Tự động,Đã sử dụng,Xăng
2025-10-23,2025,Mitsubishi Xpander Cross 1.5 AT,610000000.0,Nhập khẩu,Hà Nội,SUV,0.0,Tự động,Xe mới,Xăng
2025-10-23,2015,Suzuki Swift 1.4 AT,270000000.0,Nội địa,Hà Nội,Hatchback,100000.0,Tự động,Đã sử dụng,Xăng
2025-10-23,2019,Mazda 3 1.5L Luxury,459000000.0,Nội địa,Hà Nội,Sedan,80000.0,Tự động,Đã sử dụng,Xăng
2025-10-23,2018,Toyota Vios 1.5G,375000000.0,Nội địa,Thái Nguyên,Sedan,58000.0,Tự động,Đã sử dụng,Xăng
2025-10-23,2019,Hyundai i10 Grand 1.2 AT,315000000.0,Nội địa,Hà Nội,Hatchback,60000.0,Tự động,Đã sử dụng,Xăng
2025-10-23,2014,LandRover Discovery HSE SDV6,2000000000.0,Nhập khẩu,Hà Nội,SUV,83000.0,Tự động,Đã sử dụng,Dầu diesel
2025-10-23,2021,Mazda 3 1.5L Luxury,535000000.0,Nội địa,Hải Dương,Sedan,40000.0,Tự động,Đã sử dụng,Xăng
2025-10-23,2021,Toyota Wigo 1.2 AT,299000000.0,Nhập khẩu,Hà Nội,Hatchback,60000.0,Tự động,Đã sử dụng,Xăng
2025-10-23,2022,Mercedes Benz GLA class GLA 45 S AMG 4Matic,1000000000.0,Nhập khẩu,TP HCM,SUV,50000.0,Tự động,Đã sử dụng,Xăng
2025-10-23,2019,Mitsubishi Xpander 1.5 AT,375000000.0,Nhập khẩu,Hà Nội,SUV,100000.0,Tự động,Đã sử dụng,Xăng
2025-10-23,2020,Ford Ranger XLS 2.2L 4x2 AT,548000000.0,Nhập khẩu,TP HCM,Bán tải / Pickup,52000.0,Tự động,Đã sử dụng,Dầu diesel
2025-10-23,2024,Mercedes Benz V class V250 AMG,3000000000.0,Nhập khẩu,Hà Nội,Van/Minivan,0.0,Tự động,Xe mới,Xăng
2025-10-23,2021,Kia Sedona 2.2 DAT Luxury,829000000.0,Nội địa,Hà Nội,Van/Minivan,93000.0,Tự động,Đã sử dụng,Dầu diesel
2025-10-23,2020,Mercedes Benz GLC 200 4Matic,1000000000.0,Nội địa,TP HCM,SUV,62400.0,Tự động,Đã sử dụng,Xăng
2025-10-23,2017,Lexus RX 350,2000000000.0,Nhập khẩu,Hà Nam,SUV,150000.0,Tự động,Đã sử dụng,Xăng
2025-10-23,2022,Hyundai Stargazer Đặc biệt 1.5 AT,445000000.0,Nhập khẩu,Hà Nội,Van/Minivan,65000.0,Tự động,Đã sử dụng,Xăng
2025-10-23,2021,Mitsubishi Triton Athlete 4x4 AT Mivec,689000000.0,Nhập khẩu,Hà Nội,Bán tải / Pickup,42000.0,Tự động,Đã sử dụng,Dầu diesel
2025-10-23,2025,Mitsubishi Xforce Premium,584000000.0,Nhập khẩu,Hà Nội,SUV,0.0,Tự động,Xe mới,Xăng
2025-10-23,2019,Kia Sedona 2.2 DAT Luxury,788000000.0,Nội địa,TP HCM,Van/Minivan,65000.0,Tự động,Đã sử dụng,Dầu diesel
2025-10-23,2025,Mitsubishi Attrage 1.2 MT,327000000.0,Nhập khẩu,TP HCM,Sedan,0.0,Số Tay,Xe mới,Xăng
2025-10-23,2012,Toyota IQ 1.0 AT,590000000.0,Nhập khẩu,Hà Nội,Hatchback,100000.0,Tự động,Đã sử dụng,Xăng
2025-10-23,2016,Chevrolet Trax 1.4 LT,359000000.0,Nhập khẩu,TP HCM,SUV,50000.0,Tự động,Đã sử dụng,Xăng
2025-10-23,2024,VinFast VF5 Plus,429000000.0,Nội địa,Hà Nội,SUV,76000.0,Tự động,Đã sử dụng,Điện
2025-10-23,2006,Bentley Continental GT,1000000000.0,Nhập khẩu,Hà Nội,Coupe,16000.0,Tự động,Đã sử dụng,Xăng
2025-10-23,2021,VinFast Lux A 2.0 Premium 2.0 AT,545000000.0,Nội địa,Hà Nội,Sedan,79000.0,Tự động,Đã sử dụng,Xăng
2025-10-23,2021,VinFast Lux SA 2.0 Premium 2.0 AT,700000000.0,Nội địa,Bình Dương,SUV,92000.0,Tự động,Đã sử dụng,Xăng
2025-10-23,2018,Nissan X trail 2.5 SV 4WD Premium,580000000.0,Nội địa,Quảng Ninh,SUV,60000.0,Tự động,Đã sử dụng,Xăng
2025-10-23,2022,Mercedes Benz GLC 300 4Matic,1000000000.0,Nội địa,Hà Nội,SUV,29000.0,Tự động,Đã sử dụng,Xăng
2025-10-23,2021,Toyota Corolla altis 1.8G AT,599000000.0,Nội địa,Hà Nội,Sedan,30000.0,Tự động,Đã sử dụng,Xăng
2025-10-23,2019,VinFast Lux SA 2.0 Base 2.0 AT,589000000.0,Nội địa,TP HCM,SUV,50000.0,Tự động,Đã sử dụng,Xăng
2025-10-23,2025,Kia Sonet Premium 1.5 AT,598000000.0,Nội địa,Hà Nội,SUV,2888.0,Tự động,Đã sử dụng,Xăng
2025-10-23,2021,LandRover Range Rover Sport HSE 2.0 Si4,5000000000.0,Nhập khẩu,TP HCM,SUV,0.0,Tự động,Xe mới,Xăng
2025-10-23,2024,Toyota Wigo G 1.2 AT,389000000.0,Nhập khẩu,TP HCM,Hatchback,1700.0,Tự động,Đã sử dụng,Xăng
2025-10-23,2022,Mercedes Benz GLE Class GLE 53 4Matic+ Coupe AMG,4000000000.0,Nhập khẩu,Hà Nội,SUV,20.0,Tự động,Đã sử dụng,Xăng
2025-10-23,2021,Toyota Corolla Cross 1.8G,625000000.0,Nhập khẩu,Hà Nội,SUV,60000.0,Tự động,Đã sử dụng,Xăng
2025-10-23,2021,Hyundai Tucson 2.0 AT Đặc biệt,699000000.0,Nội địa,Hà Nội,Crossover,69008.0,Tự động,Đã sử dụng,Xăng
2025-10-23,2019,Toyota Fortuner 2.7V 4x2 AT,720000000.0,Nhập khẩu,Hà Nội,SUV,150000.0,Tự động,Đã sử dụng,Xăng
2025-10-23,2025,Ford Territory Trend 1.5 AT,762000000.0,Nội địa,Thanh Hóa,SUV,0.0,Tự động,Xe mới,Xăng
2025-10-23,2018,Mazda 3 1.5 AT,425000000.0,Nội địa,Hà Nội,Hatchback,90000.0,Tự động,Đã sử dụng,Xăng
2025-10-23,2022,Toyota Corolla Cross 1.8V,720000000.0,Nhập khẩu,Hà Nội,SUV,28000.0,Tự động,Đã sử dụng,Xăng
2025-10-23,2025,MG G50 1.5 MT Com,495000000.0,Nhập khẩu,Hà Nội,Van/Minivan,0.0,Số Tay,Xe mới,Xăng
2025-10-23,2025,Audi A4 40 TFSI Advanced Plus,1000000000.0,Nhập khẩu,Hà Nội,Sedan,0.0,Tự động,Xe mới,Xăng
2025-10-23,2022,Mercedes Benz GLC 200 4Matic,1000000000.0,Nội địa,Hà Nội,SUV,23000.0,Tự động,Đã sử dụng,Xăng
2025-10-23,2018,Nissan X trail 2.5 SV 4WD Premium,495000000.0,Nội địa,Hà Nội,SUV,130000.0,Tự động,Đã sử dụng,Xăng
2025-10-23,2025,Hyundai Custin Tiêu Chuẩn 1.5T,801000000.0,Nội địa,Hà Nội,Van/Minivan,0.0,Tự động,Xe mới,Xăng
2025-10-23,2022,Lexus ES 250,2000000000.0,Nhập khẩu,Hà Nội,Sedan,39335.0,Tự động,Đã sử dụng,Xăng
2025-10-23,2018,Chevrolet Trailblazer LT 2.5L VGT 4x2 AT,495000000.0,Nhập khẩu,Hà Nội,SUV,98000.0,Tự động,Đã sử dụng,Dầu diesel
2025-10-23,2021,Mitsubishi Xpander 1.5 MT,440000000.0,Nhập khẩu,Đăk Lăk,SUV,40000.0,Số Tay,Đã sử dụng,Xăng
2025-10-23,2025,Suzuki Carry Pro Thùng Kín,312000000.0,Nhập khẩu,Hà Nội,Truck,0.0,Số Tay,Xe mới,Xăng
2025-10-23,2012,Toyota Corolla altis 2.0V,328000000.0,Nội địa,Phú Thọ,Sedan,158000.0,Tự động,Đã sử dụng,Xăng
2025-10-23,2022,Hyundai Accent 1.4 AT Đặc Biệt,455000000.0,Nội địa,Vĩnh Phúc,Sedan,54000.0,Tự động,Đã sử dụng,Xăng
2025-10-23,2010,BMW X6 xDrive50i,880000000.0,Nhập khẩu,Hà Nội,SUV,130000.0,Tự động,Đã sử dụng,Xăng
2025-10-23,2021,Porsche 718 Cayman 2.0 AT,3000000000.0,Nhập khẩu,Hà Nội,Coupe,9000.0,Tự động,Đã sử dụng,Xăng
2025-10-23,2014,LandRover Range Rover Autobiography LWB 5.0,2000000000.0,Nhập khẩu,Hà Nội,SUV,120000.0,Tự động,Đã sử dụng,Xăng
2025-10-23,2020,Mercedes Benz C class C300 AMG,1000000000.0,Nội địa,Hà Nội,Sedan,61000.0,Tự động,Đã sử dụng,Xăng
2025-10-23,2020,Toyota Vios 1.5G,415000000.0,Nội địa,TP HCM,Sedan,63000.0,Tự động,Đã sử dụng,Xăng
2025-10-23,2022,Mercedes Benz S class S450 4Matic Luxury,5000000000.0,Nhập khẩu,Hà Nội,Sedan,0.0,Tự động,Xe mới,Xăng
2025-10-23,2022,Mercedes Benz C class C300 AMG,1000000000.0,Nội địa,Hà Nội,Sedan,50000.0,Tự động,Đã sử dụng,Xăng
2025-10-23,2023,Nissan Kicks e,650000000.0,Nhập khẩu,Hà Nội,SUV,22000.0,Tự động,Đã sử dụng,Hybrid
2025-10-23,2005,Toyota Land Cruiser GX 4.5,798000000.0,Nội địa,Phú Thọ,SUV,128638.0,Số Tay,Đã sử dụng,Xăng
2025-10-23,2022,Mazda 3 1.5L Luxury,535000000.0,Nội địa,Hà Nội,Sedan,46000.0,Tự động,Đã sử dụng,Xăng
2025-10-23,2025,Ford Transit Van,909000000.0,Nội địa,TP HCM,Van/Minivan,0.0,Số Tay,Xe mới,Dầu diesel
2025-10-23,2015,Ford Ranger Wildtrak 3.2L 4x4 AT,510000000.0,Nhập khẩu,Hà Nội,Bán tải / Pickup,100000.0,Tự động,Đã sử dụng,Dầu diesel
2025-10-23,2015,LandRover Range Rover Vogue 3.0,2000000000.0,Nhập khẩu,Hà Nội,SUV,146000.0,Tự động,Đã sử dụng,Xăng
2025-10-23,2024,VinFast VF9 Plus,1000000000.0,Nội địa,Hà Nội,SUV,0.0,Tự động,Xe mới,Điện
2025-10-23,2017,Ford Explorer Limited 2.3L EcoBoost,895000000.0,Nhập khẩu,TP HCM,SUV,81000.0,Tự động,Đã sử dụng,Xăng
2025-10-23,2025,Ford Ranger Sport 2.0L 4x4 AT,781000000.0,Nội địa,TP HCM,Bán tải / Pickup,0.0,Tự động,Xe mới,Dầu diesel
2025-10-23,2025,VinFast VF7 Eco,715000000.0,Nội địa,TP HCM,SUV,0.0,Tự động,Xe mới,Điện
2025-10-23,2024,VinFast VF3 Plus,229000000.0,Nội địa,Hà Nội,Hatchback,5000.0,Tự động,Đã sử dụng,Điện
2025-10-23,2024,VinFast VF8 Plus AWD,999000000.0,Nội địa,Hà Nội,SUV,0.0,Tự động,Xe mới,Điện
2025-10-23,2015,BMW 2 Series 218i Active Tourer,479000000.0,Nhập khẩu,Hà Nội,Crossover,50000.0,Tự động,Đã sử dụng,Xăng
2025-10-23,2023,Toyota Veloz Cross Top 1.5 CVT,550000000.0,Nội địa,Đồng Nai,SUV,62000.0,Tự động,Đã sử dụng,Xăng
2025-10-23,2020,BMW X4 xDrive20i M Sport,1000000000.0,Nhập khẩu,Hà Nội,SUV,50000.0,Tự động,Đã sử dụng,Xăng
2025-10-23,2018,Toyota Camry 2.0E,645000000.0,Nội địa,TP HCM,Sedan,34000.0,Tự động,Đã sử dụng,Xăng
2025-10-23,2020,LandRover Range Rover Autobiography LWB 3.0 I6,6000000000.0,Nhập khẩu,Hà Nội,SUV,40000.0,Tự động,Đã sử dụng,Xăng
2025-10-23,2023,Mercedes Benz GLC 300 4Matic,2000000000.0,Nội địa,Hà Nội,SUV,34000.0,Tự động,Đã sử dụng,Xăng
2025-10-23,2014,Mazda 2 S,266000000.0,Nội địa,Thanh Hóa,Hatchback,77000.0,Tự động,Đã sử dụng,Xăng
2025-10-23,2019,Ford EcoSport Titanium 1.5L AT,428000000.0,Nội địa,TP HCM,SUV,68000.0,Tự động,Đã sử dụng,Xăng
2025-10-23,2021,Lexus ES 250,2000000000.0,Nhập khẩu,TP HCM,Sedan,45259.0,Tự động,Đã sử dụng,Xăng
2025-10-23,2021,Toyota Raize G 1.0 CVT,450000000.0,Nhập khẩu,Hà Nội,SUV,20000.0,Tự động,Đã sử dụng,Xăng
2025-10-23,2018,Honda CRV L,675000000.0,Nhập khẩu,Hà Nội,SUV,100000.0,Tự động,Đã sử dụng,Xăng
2025-10-23,2022,Kia Sonet Premium 1.5 AT,528000000.0,Nội địa,Hà Nội,Crossover,21000.0,Tự động,Đã sử dụng,Xăng
2025-10-23,2009,Honda Civic 1.8 AT,225000000.0,Nội địa,Tuyên Quang,Sedan,12000.0,Tự động,Đã sử dụng,Xăng
2025-10-23,2024,BMW 3 Series 320i Sport Line,1000000000.0,Nội địa,TP HCM,Sedan,12000.0,Tự động,Đã sử dụng,Xăng
2025-10-23,2012,Toyota Camry 2.4G,385000000.0,Nội địa,Hà Nội,Sedan,120000.0,Tự động,Đã sử dụng,Xăng
2025-10-23,2023,Hyundai i10 1.2 AT,375000000.0,Nội địa,Thanh Hóa,Hatchback,22000.0,Tự động,Đã sử dụng,Xăng
2025-10-23,2022,Toyota Vios E 1.5 MT,358000000.0,Nội địa,Gia Lai,Sedan,83000.0,Số Tay,Đã sử dụng,Xăng
2025-10-23,2024,Toyota Innova Cross 2.0 CVT,809000000.0,Nhập khẩu,TP HCM,Crossover,19000.0,Tự động,Đã sử dụng,Xăng
2025-10-23,2025,BYD Sealion 6 Premium,899000000.0,Nhập khẩu,Hà Nội,Crossover,0.0,Tự động,Xe mới,Hybrid
2025-10-23,2013,Toyota Fortuner 2.7V 4x2 AT,395000000.0,Nội địa,Long An,SUV,110000.0,Tự động,Đã sử dụng,Xăng
2025-10-23,2022,Mercedes Benz C class C300 AMG,1000000000.0,Nội địa,TP HCM,Sedan,22222.0,Tự động,Đã sử dụng,Xăng
2025-10-23,2019,Peugeot 5008 1.6 AT,635000000.0,Nội địa,Hà Nội,SUV,84000.0,Tự động,Đã sử dụng,Xăng
2025-10-23,2023,Mazda CX5 Premium Exclusive 2.0 AT,799000000.0,Nội địa,TP HCM,SUV,9000.0,Tự động,Đã sử dụng,Xăng
2025-10-23,2020,Toyota Wigo 1.2 AT,299000000.0,Nhập khẩu,Khánh Hòa,Hatchback,67000.0,Tự động,Đã sử dụng,Xăng
2025-10-23,2022,Mazda CX5 Deluxe 2.0 AT,665000000.0,Nội địa,Thái Nguyên,SUV,39000.0,Tự động,Đã sử dụng,Xăng
2025-10-23,2019,Hyundai Tucson 1.6 AT Turbo,660000000.0,Nội địa,Hà Nội,Crossover,80000.0,Tự động,Đã sử dụng,Xăng
2025-10-23,2024,Toyota Fortuner 2.4L 4x2 AT,1000000000.0,Nội địa,Hà Nội,SUV,16000.0,Tự động,Đã sử dụng,Dầu diesel
2025-10-23,2019,Toyota Camry 2.5Q,830000000.0,Nhập khẩu,TP HCM,Sedan,99000.0,Tự động,Đã sử dụng,Xăng
2025-10-23,2014,Ford Ranger XLS 2.2L 4x2 MT,310000000.0,Nhập khẩu,Hà Nội,Bán tải / Pickup,160000.0,Số Tay,Đã sử dụng,Dầu diesel
2025-10-23,2023,Kia K3 Luxury 1.6 AT,550000000.0,Nội địa,Hải Phòng,Sedan,55000.0,Tự động,Đã sử dụng,Xăng
2025-10-23,2025,Mazda CX5 Luxury 2.0 AT,754000000.0,Nội địa,TP HCM,SUV,0.0,Tự động,Xe mới,Xăng
2025-10-23,2014,LandRover Range Rover Autobiography 5.0,2000000000.0,Nhập khẩu,Hà Nội,SUV,110000.0,Tự động,Đã sử dụng,Xăng
2025-10-23,2020,Toyota Corolla Cross 1.8V,640000000.0,Nhập khẩu,TP HCM,SUV,60332.0,Tự động,Đã sử dụng,Xăng
2025-10-23,2021,Hyundai SantaFe Cao cấp 2.2L HTRAC,899000000.0,Nội địa,Hà Nội,SUV,62000.0,Tự động,Đã sử dụng,Dầu diesel
2025-10-23,2021,Toyota Prado VX 2.7L,2000000000.0,Nhập khẩu,Hà Nội,SUV,80000.0,Tự động,Đã sử dụng,Xăng
2025-10-23,2019,Ford Explorer Limited 2.3L EcoBoost,935000000.0,Nhập khẩu,Hà Nội,SUV,105000.0,Tự động,Đã sử dụng,Xăng
2025-10-23,2022,Mitsubishi Xpander Premium 1.5 AT,525000000.0,Nhập khẩu,Hà Nội,SUV,60000.0,Tự động,Đã sử dụng,Xăng
2025-10-23,2015,BMW 5 Series 535i,888000000.0,Nhập khẩu,Hà Nội,Sedan,110000.0,Tự động,Đã sử dụng,Xăng
2025-10-23,2017,Toyota Innova 2.0E,428000000.0,Nội địa,Bình Dương,Crossover,53000.0,Số Tay,Đã sử dụng,Xăng
2025-10-23,2022,Mazda CX5 Premium 2.0 AT,695000000.0,Nội địa,Bình Dương,SUV,58000.0,Tự động,Đã sử dụng,Xăng
2025-10-23,2022,Ford Everest Titanium 2.0L 4x2 AT,979000000.0,Nhập khẩu,Hà Nội,SUV,60000.0,Tự động,Đã sử dụng,Dầu diesel
2025-10-23,2021,Mazda CX5 Premium 2.0 AT,686000000.0,Nội địa,Hà Nội,SUV,65000.0,Tự động,Đã sử dụng,Xăng
2025-10-23,2020,Audi Q2 30 TFSI,835000000.0,Nhập khẩu,TP HCM,Crossover,48000.0,Tự động,Đã sử dụng,Xăng
2025-10-23,2024,Honda CRV e:HEV RS,1000000000.0,Nhập khẩu,Hà Nội,SUV,30000.0,Tự động,Đã sử dụng,Hybrid
2025-10-23,2022,VinFast VF8 Eco,640000000.0,Nội địa,Hà Nội,SUV,70000.0,Tự động,Đã sử dụng,Điện
2025-10-23,2023,Hyundai Palisade Prestige 2.2 AT HTRAC,1000000000.0,Nội địa,Hà Nội,SUV,15000.0,Tự động,Đã sử dụng,Dầu diesel
2025-10-23,2023,Mitsubishi Triton Athlete 4x4 AT,730000000.0,Nhập khẩu,Đăk Lăk,Bán tải / Pickup,48000.0,Tự động,Đã sử dụng,Dầu diesel
2025-10-23,2012,Hyundai Avante 1.6 AT,248000000.0,Nội địa,Hải Phòng,Sedan,160000.0,Tự động,Đã sử dụng,Xăng
2025-10-23,2018,Mitsubishi Pajero Sport 2.4D 4x2 AT,645000000.0,Nhập khẩu,Hà Giang,SUV,100000.0,Tự động,Đã sử dụng,Dầu diesel
2025-10-23,2021,Kia Cerato 1.6 MT,439000000.0,Nội địa,Long An,Sedan,50000.0,Số Tay,Đã sử dụng,Xăng
2025-10-23,2018,Porsche Macan 2.0,2000000000.0,Nhập khẩu,Hà Nội,SUV,60000.0,Tự động,Đã sử dụng,Xăng
2025-10-23,2020,Volvo XC60 T6 AWD Inscription,1000000000.0,Nhập khẩu,Hà Nội,SUV,34000.0,Tự động,Đã sử dụng,Xăng
2025-10-23,2015,LandRover Range Rover Vogue 3.0,2000000000.0,Nhập khẩu,Hà Nội,SUV,145000.0,Tự động,Đã sử dụng,Xăng
2025-10-23,2021,Mercedes Benz E class E300 AMG,1000000000.0,Nội địa,Hà Nội,Sedan,56000.0,Tự động,Đã sử dụng,Xăng
2025-10-23,2022,Ford Explorer Limited 2.3L EcoBoost,1000000000.0,Nhập khẩu,Hà Nội,SUV,45000.0,Tự động,Đã sử dụng,Xăng
2025-10-23,2019,Ford F150 Harley Davidson 5.0 V8,4000000000.0,Nhập khẩu,Hà Nội,Bán tải / Pickup,35000.0,Tự động,Đã sử dụng,Xăng
2025-10-23,2024,Toyota Corolla Cross 1.8V,779000000.0,Nhập khẩu,Hà Nội,SUV,19000.0,Tự động,Đã sử dụng,Xăng
2025-10-23,2021,VinFast Fadil 1.4 AT,310000000.0,Nội địa,Hà Nội,Hatchback,48000.0,Tự động,Đã sử dụng,Xăng
2025-10-23,2022,Kia Seltos Luxury 1.4 AT,585000000.0,Nội địa,Hà Nội,Crossover,30000.0,Tự động,Đã sử dụng,Xăng
2025-10-23,2016,Honda CRV 2.0 AT,495000000.0,Nội địa,Hà Nội,SUV,92000.0,Tự động,Đã sử dụng,Xăng
2025-10-23,2015,Mazda CX5 2.0 AT,439000000.0,Nội địa,Hà Nội,SUV,129999.0,Tự động,Đã sử dụng,Xăng
2025-10-23,2019,Suzuki Ciaz 1.4 AT,345000000.0,Nhập khẩu,Bình Dương,Sedan,72000.0,Tự động,Đã sử dụng,Xăng
2025-10-23,2016,BMW 3 Series 320i,569000000.0,Nhập khẩu,Hà Nội,Sedan,79000.0,Tự động,Đã sử dụng,Xăng
2025-10-23,2025,Volkswagen Viloran Premium,2000000000.0,Nhập khẩu,TP HCM,Van/Minivan,0.0,Tự động,Xe mới,Xăng
2025-10-23,2021,Toyota Vios E CVT,373000000.0,Nội địa,Vĩnh Phúc,Sedan,80000.0,Tự động,Đã sử dụng,Xăng
2025-10-23,2025,Honda BR V G,577000000.0,Nhập khẩu,Hà Nội,SUV,0.0,Tự động,Xe mới,Xăng
2025-10-23,2024,Ford Ranger XLS 2.0L 4x2 AT,645000000.0,Nội địa,Hải Phòng,Bán tải / Pickup,17000.0,Tự động,Đã sử dụng,Dầu diesel
2025-10-23,2024,Toyota Vios E CVT,455000000.0,Nội địa,Hà Nội,Sedan,26000.0,Tự động,Đã sử dụng,Xăng
2025-10-23,2023,Kia Sonet Premium 1.5 AT,555000000.0,Nội địa,Hà Nội,Crossover,20000.0,Tự động,Đã sử dụng,Xăng
2025-10-23,2015,BMW 3 Series 320i GT,578000000.0,Nhập khẩu,Hà Nội,Sedan,80000.0,Tự động,Đã sử dụng,Xăng
2025-10-23,2023,Nissan Almera VL 1.0 CVT Cao cấp,448000000.0,Nhập khẩu,TP HCM,Sedan,26000.0,Tự động,Đã sử dụng,Xăng
2025-10-23,2024,Mercedes Benz GLS 450 4Matic,4000000000.0,Nhập khẩu,Hà Nội,SUV,0.0,Tự động,Xe mới,Xăng
2025-10-23,2015,Hyundai i10 Grand 1.2 AT,265000000.0,Nhập khẩu,Bình Dương,Hatchback,68000.0,Tự động,Đã sử dụng,Xăng
2025-10-23,2019,Mazda 3 1.5L Deluxe,415000000.0,Nội địa,Đà Nẵng,Sedan,76000.0,Tự động,Đã sử dụng,Xăng
2025-10-23,2025,Hyundai Stargazer Tiêu chuẩn 1.5 AT,455000000.0,Nhập khẩu,TP HCM,Van/Minivan,0.0,Tự động,Xe mới,Xăng
2025-10-23,2022,Lexus RX 300,2000000000.0,Nhập khẩu,Hà Nội,SUV,20000.0,Tự động,Đã sử dụng,Xăng
2025-10-23,2022,Kia Sonet Premium 1.5 AT,535000000.0,Nội địa,Hà Nội,Crossover,38000.0,Tự động,Đã sử dụng,Xăng
2025-10-23,2025,Toyota Yaris Cross 1.5 D,612000000.0,Nhập khẩu,TP HCM,SUV,0.0,Tự động,Xe mới,Xăng
2025-10-23,2025,Ford Territory Titanium 1.5 AT,840000000.0,Nội địa,TP HCM,SUV,0.0,Tự động,Xe mới,Xăng
2025-10-23,2022,Toyota Corolla Cross 1.8V,705000000.0,Nhập khẩu,Hà Nội,SUV,39000.0,Tự động,Đã sử dụng,Xăng
2025-10-23,2022,Toyota Raize G 1.0 CVT,458000000.0,Nhập khẩu,Bình Dương,SUV,55000.0,Tự động,Đã sử dụng,Xăng
2025-10-23,2021,Lexus GX 460,4000000000.0,Nhập khẩu,Hà Nội,SUV,26000.0,Tự động,Đã sử dụng,Xăng
2025-10-23,2025,Subaru Outback 2.5i,1000000000.0,Nhập khẩu,TP HCM,SUV,0.0,Tự động,Xe mới,Xăng
2025-10-23,2018,Toyota Yaris 1.5G,500000000.0,Nhập khẩu,TP HCM,Hatchback,41553.0,Tự động,Đã sử dụng,Xăng
2025-10-23,2021,Kia Cerato 1.6 AT Deluxe,457000000.0,Nội địa,TP HCM,Sedan,64000.0,Tự động,Đã sử dụng,Xăng
2025-10-23,2019,VinFast Lux A 2.0 Plus 2.0 AT,485000000.0,Nội địa,Hà Nội,Sedan,69000.0,Tự động,Đã sử dụng,Xăng
2025-10-23,2021,Hyundai Tucson 2.0 AT Đặc biệt,705000000.0,Nội địa,Hà Nội,Crossover,70000.0,Tự động,Đã sử dụng,Xăng
2025-10-23,2022,VinFast VF8 Plus AWD,740000000.0,Nội địa,Hà Nội,SUV,43000.0,Tự động,Đã sử dụng,Điện
2025-10-23,2016,Mazda 3 1.5 AT,355000000.0,Nội địa,Hà Nội,Sedan,11872.0,Tự động,Đã sử dụng,Xăng
2025-10-23,2023,Lexus RX 350 Luxury,3000000000.0,Nhập khẩu,Hà Nội,SUV,49000.0,Tự động,Đã sử dụng,Xăng
2025-10-23,2009,Kia Carnival GS 2.5 AT,188000000.0,Nội địa,TP HCM,Van/Minivan,98000.0,Tự động,Đã sử dụng,Xăng
2025-10-23,2015,Cadillac Escalade ESV Premium,1000000000.0,Nhập khẩu,TP HCM,SUV,58700.0,Tự động,Đã sử dụng,Xăng
2025-10-23,2016,Lexus LS 460L,2000000000.0,Nhập khẩu,Hà Nội,Sedan,71000.0,Tự động,Đã sử dụng,Xăng
2025-10-23,2020,Kia Morning AT,278000000.0,Nội địa,Hà Nội,Hatchback,70689.0,Tự động,Đã sử dụng,Xăng
2025-10-23,2014,Audi A7 3.0 TFSI,599000000.0,Nhập khẩu,Hà Nội,Sedan,138000.0,Tự động,Đã sử dụng,Xăng
2025-10-23,2018,Mercedes Benz S class S450L,2000000000.0,Nội địa,Hà Nội,Sedan,63000.0,Tự động,Đã sử dụng,Xăng
2025-10-23,2021,Mercedes Benz GLE Class GLE 450 4Matic,2000000000.0,Nhập khẩu,Hà Nội,SUV,20000.0,Tự động,Đã sử dụng,Xăng
2025-10-23,2025,Isuzu Dmax Prestige 1.9L 4x2 AT,610000000.0,Nhập khẩu,Hà Nội,Bán tải / Pickup,0.0,Tự động,Xe mới,Dầu diesel
2025-10-23,2019,Mercedes Benz E class E300 AMG,1000000000.0,Nội địa,Hà Nội,Sedan,46000.0,Tự động,Đã sử dụng,Xăng
2025-10-23,2025,VinFast VF3 Plus,259000000.0,Nội địa,Hà Nội,Hatchback,7000.0,Tự động,Đã sử dụng,Điện
2025-10-23,2017,Mazda 3 1.5 AT,370000000.0,Nội địa,Hà Nội,Sedan,150000.0,Tự động,Đã sử dụng,Xăng
2025-10-23,2009,Mazda 3 1.6 AT,210000000.0,Nhập khẩu,Hà Nội,Hatchback,13000.0,Tự động,Đã sử dụng,Xăng
2025-10-23,2018,Ford Everest Titanium 2.0L 4x4 AT,685000000.0,Nhập khẩu,Hà Nội,SUV,110000.0,Tự động,Đã sử dụng,Dầu diesel
2025-10-23,2019,Hyundai Tucson 2.0 AT CRDi,645000000.0,Nội địa,Hà Nội,Crossover,91000.0,Tự động,Đã sử dụng,Dầu diesel
2025-10-23,2018,Peugeot 3008 1.6 AT,555000000.0,Nội địa,Hà Nội,Crossover,48000.0,Tự động,Đã sử dụng,Xăng
2025-10-23,2020,Kia Cerato 2.0 AT Premium,468000000.0,Nội địa,Hà Nội,Sedan,62000.0,Tự động,Đã sử dụng,Xăng
2025-10-23,2017,Kia Sorento DATH,555000000.0,Nội địa,Hà Nội,SUV,85000.0,Tự động,Đã sử dụng,Dầu diesel
2025-10-23,2016,Toyota Innova 2.0E,320000000.0,Nội địa,Đăk Lăk,Crossover,116000.0,Số Tay,Đã sử dụng,Xăng
2025-10-23,2024,Ford Ranger Raptor 2.0L 4x4 AT,1000000000.0,Nhập khẩu,Hà Nội,Bán tải / Pickup,12000.0,Tự động,Đã sử dụng,Dầu diesel
2025-10-23,2025,Mitsubishi Xforce Premium,582000000.0,Nhập khẩu,Hà Nội,SUV,0.0,Tự động,Xe mới,Xăng
2025-10-23,2012,Lexus LX 570,2000000000.0,Nhập khẩu,Hà Nội,SUV,150000.0,Tự động,Đã sử dụng,Xăng
2025-10-23,2019,Mercedes Benz C class C300 AMG,989000000.0,Nội địa,Hải Phòng,Sedan,42500.0,Tự động,Đã sử dụng,Xăng
2025-10-23,2017,Honda CRV 2.4 AT,560000000.0,Nội địa,Hà Nội,SUV,130000.0,Tự động,Đã sử dụng,Xăng
2025-10-23,2025,Ford Ranger Wildtrak 2.0L 4x4 AT,864000000.0,Nội địa,Hà Nội,Bán tải / Pickup,0.0,Tự động,Xe mới,Dầu diesel
2025-10-23,2025,Jaecoo J7 Flagship 1.6 AT Turbo,729000000.0,Nhập khẩu,Hà Nội,SUV,0.0,Tự động,Xe mới,Xăng
2025-10-23,2025,Hyundai i10 1.2 AT,420000000.0,Nội địa,TP HCM,Hatchback,0.0,Tự động,Xe mới,Xăng
2025-10-23,2021,Mercedes Benz GLC 300 4Matic,1000000000.0,Nội địa,TP HCM,SUV,30000.0,Tự động,Đã sử dụng,Xăng
2025-10-23,2020,Mercedes Benz GLC 200,1000000000.0,Nội địa,TP HCM,SUV,69000.0,Tự động,Đã sử dụng,Xăng
2025-10-23,2016,Mini Cooper S 5Dr,750000000.0,Nhập khẩu,Hà Nội,Hatchback,86000.0,Tự động,Đã sử dụng,Xăng
2025-10-23,2020,Mercedes Benz GLC 200 4Matic,1000000000.0,Nội địa,Hà Nội,SUV,80000.0,Tự động,Đã sử dụng,Xăng
2025-10-23,2019,Mazda 3 1.5L Luxury,475000000.0,Nội địa,Hà Nội,Sedan,80000.0,Tự động,Đã sử dụng,Xăng
2025-10-23,2017,Toyota Camry 2.0E,585000000.0,Nội địa,Bình Dương,Sedan,102000.0,Tự động,Đã sử dụng,Xăng
2025-10-23,2024,Peugeot 5008 GT 1.6 AT,979000000.0,Nội địa,Hà Nội,SUV,8000.0,Tự động,Đã sử dụng,Xăng
2025-10-23,2015,Lexus NX 200t,980000000.0,Nhập khẩu,TP HCM,SUV,75000.0,Tự động,Đã sử dụng,Xăng
2025-10-23,2025,Honda BR V L,633000000.0,Nhập khẩu,Hà Nội,SUV,0.0,Tự động,Xe mới,Xăng
2025-10-23,2020,Kia Sedona 3.3 GAT Premium,750000000.0,Nội địa,TP HCM,Van/Minivan,109000.0,Tự động,Đã sử dụng,Xăng
2025-10-23,2022,BMW X5 xDrive40i M Sport,2000000000.0,Nội địa,Hà Nội,SUV,31313.0,Tự động,Đã sử dụng,Xăng
2025-10-23,2018,Honda Accord 2.4 AT,658000000.0,Nhập khẩu,Hà Nội,Sedan,90000.0,Tự động,Đã sử dụng,Xăng
2025-10-23,2015,Mercedes Benz C class C200,565000000.0,Nội địa,Thái Bình,Sedan,55000.0,Tự động,Đã sử dụng,Xăng
2025-10-23,2024,VinFast VF5 Plus,435000000.0,Nội địa,Vĩnh Phúc,SUV,28000.0,Tự động,Đã sử dụng,Điện
2025-10-23,2018,Ford Ranger XLS 2.2L 4x2 AT,470000000.0,Nhập khẩu,Hà Nội,Bán tải / Pickup,120000.0,Tự động,Đã sử dụng,Dầu diesel
2025-10-23,2014,Hyundai Elantra 1.6 AT,325000000.0,Nhập khẩu,Hà Nội,Sedan,42000.0,Tự động,Đã sử dụng,Xăng
2025-10-23,2022,Nissan Kicks e,578000000.0,Nhập khẩu,TP HCM,SUV,50000.0,Tự động,Đã sử dụng,Hybrid
2025-10-23,2022,Porsche Panamera 4,5000000000.0,Nhập khẩu,Hà Nội,Sedan,17000.0,Tự động,Đã sử dụng,Xăng
2025-10-23,2025,Toyota Corolla Cross 1.8V,740000000.0,Nhập khẩu,TP HCM,SUV,0.0,Tự động,Xe mới,Xăng
2025-10-23,2025,Kia Sportage Signature 2.0G,929000000.0,Nội địa,Hà Nội,Crossover,0.0,Tự động,Xe mới,Xăng
2025-10-23,2025,VinFast VF6 Eco,648000000.0,Nội địa,Hà Nội,SUV,0.0,Tự động,Xe mới,Điện
2025-10-23,2025,BMW 3 Series 320i Sport Line,1000000000.0,Nội địa,TP HCM,Sedan,16800.0,Tự động,Đã sử dụng,Xăng
2025-10-23,2021,Mercedes Benz GLC 200,1000000000.0,Nội địa,Hà Nội,SUV,69900.0,Tự động,Đã sử dụng,Xăng
2025-10-23,2022,Mercedes Benz E class E300 AMG,1000000000.0,Nội địa,Hà Nội,Sedan,84000.0,Tự động,Đã sử dụng,Xăng
2025-10-23,2015,Mercedes Benz C class C200,496000000.0,Nội địa,Hà Nội,Sedan,90000.0,Tự động,Đã sử dụng,Xăng
2025-10-23,2025,Volvo XC60 Ultra B6 AWD,2000000000.0,Nhập khẩu,Hà Nội,SUV,4050.0,Tự động,Đã sử dụng,Xăng
2025-10-23,2022,Suzuki XL7 1.5 AT,499000000.0,Nhập khẩu,TP HCM,SUV,56000.0,Tự động,Đã sử dụng,Xăng
2025-10-23,2024,BMW X3 sDrive20i,1000000000.0,Nội địa,Hà Nội,SUV,2900.0,Tự động,Đã sử dụng,Xăng
2025-10-23,2018,Ford Transit Limousine,555000000.0,Nội địa,TP HCM,Van/Minivan,91000.0,Số Tay,Đã sử dụng,Dầu diesel
2025-10-23,2022,Hyundai SantaFe Cao cấp 2.2L HTRAC,1000000000.0,Nội địa,Hà Nội,SUV,59000.0,Tự động,Đã sử dụng,Dầu diesel
2025-10-23,2025,VinFast VF7 Plus AWD,893000000.0,Nội địa,Hà Nội,SUV,0.0,Tự động,Xe mới,Điện
2025-10-23,2024,Hyundai Venue 1.0 T,510000000.0,Nội địa,Hà Nội,SUV,15000.0,Tự động,Đã sử dụng,Xăng
2025-10-23,2022,VinFast Fadil Tiêu chuẩn 1.4 AT,340000000.0,Nội địa,Hà Nội,Hatchback,40000.0,Tự động,Đã sử dụng,Xăng
2025-10-23,2024,Ford Everest Titanium Plus 2.0L 4x4 AT,1000000000.0,Nhập khẩu,Hà Nội,SUV,25000.0,Tự động,Đã sử dụng,Dầu diesel
2025-10-23,2014,LandRover Range Rover Evoque Prestige,620000000.0,Nhập khẩu,Hà Nội,SUV,70000.0,Tự động,Đã sử dụng,Xăng
2025-10-23,2025,Lexus LX 600 F,8000000000.0,Nhập khẩu,Hà Nội,SUV,0.0,Tự động,Xe mới,Xăng
2025-10-23,2013,LandRover Range Rover Supercharged LWB 5.0,2000000000.0,Nhập khẩu,Hà Nội,SUV,80000.0,Tự động,Đã sử dụng,Xăng
2025-10-23,2019,Mercedes Benz C class C300 AMG,979000000.0,Nội địa,Hải Phòng,Sedan,43000.0,Tự động,Đã sử dụng,Xăng
2025-10-23,2023,Mercedes Benz GLC 300 4Matic,2000000000.0,Nội địa,TP HCM,SUV,2000.0,Tự động,Đã sử dụng,Hybrid
2025-10-23,2016,Mazda CX5 2.5 AT AWD,520000000.0,Nội địa,Hà Nội,SUV,95000.0,Tự động,Đã sử dụng,Xăng
2025-10-23,2025,Subaru BRZ 2.4 AT EyeSight,1000000000.0,Nhập khẩu,Hà Nội,Coupe,0.0,Tự động,Xe mới,Xăng
2025-10-23,2023,VinFast VF8 Eco AWD,660000000.0,Nội địa,Hà Nội,SUV,33000.0,Tự động,Đã sử dụng,Điện
2025-10-23,2019,Toyota Prado VX 2.7L,1000000000.0,Nhập khẩu,Hà Nội,SUV,128000.0,Tự động,Đã sử dụng,Xăng
2025-10-23,2019,Nissan X trail 2.0SL,560000000.0,Nội địa,Hà Nội,SUV,75000.0,Tự động,Đã sử dụng,Xăng
2025-10-23,2025,Toyota Vios G 1.5 CVT,493000000.0,Nội địa,TP HCM,Sedan,0.0,Tự động,Xe mới,Xăng
2025-10-23,2022,BMW X6 xDrive40i M Sport,3000000000.0,Nhập khẩu,Hà Nội,SUV,0.0,Tự động,Xe mới,Xăng
2025-10-23,2025,Toyota Raize G 1.0 CVT,482000000.0,Nhập khẩu,Hà Nội,SUV,0.0,Tự động,Xe mới,Xăng
2025-10-23,2025,Mini Cooper S 3 Door,2000000000.0,Nhập khẩu,Hà Nội,Hatchback,0.0,Tự động,Xe mới,Xăng
2025-10-23,2024,Volkswagen Viloran Luxury,2000000000.0,Nhập khẩu,TP HCM,Van/Minivan,0.0,Tự động,Xe mới,Xăng
2025-10-23,2024,VinFast VF9 Plus,999000000.0,Nội địa,Hà Nội,SUV,12345.0,Tự động,Đã sử dụng,Điện
2025-10-23,2024,BMW 3 Series 320i Sport Line,1000000000.0,Nội địa,TP HCM,Sedan,15000.0,Tự động,Đã sử dụng,Xăng
2025-10-23,2011,Toyota Land Cruiser VX 4.7 V8,1000000000.0,Nhập khẩu,Hà Nội,SUV,160000.0,Tự động,Đã sử dụng,Xăng
2025-10-23,2021,Hyundai SantaFe Cao cấp 2.2L HTRAC,1000000000.0,Nội địa,Hà Nội,SUV,790.0,Tự động,Đã sử dụng,Dầu diesel
2025-10-23,2023,MG 5 Luxury 1.5 AT,405000000.0,Nhập khẩu,Hà Nội,Sedan,47123.0,Tự động,Đã sử dụng,Xăng
2025-10-23,2023,Ford Everest Titanium Plus 2.0L 4x4 AT,1000000000.0,Nhập khẩu,Hà Nội,SUV,39000.0,Tự động,Đã sử dụng,Dầu diesel
2025-10-23,2018,Mercedes Benz GLC 200,860000000.0,Nội địa,Hà Nội,SUV,82000.0,Tự động,Đã sử dụng,Xăng
2025-10-23,2018,Hyundai Kona 1.6 Turbo,470000000.0,Nội địa,Hà Nội,Crossover,72000.0,Tự động,Đã sử dụng,Xăng
2025-10-23,2024,Lexus RX 350 Luxury,4000000000.0,Nhập khẩu,TP HCM,SUV,3900.0,Tự động,Đã sử dụng,Xăng
2025-10-23,2018,Mercedes Benz Maybach S450 4Matic,3000000000.0,Nhập khẩu,Hà Nội,Sedan,45000.0,Tự động,Đã sử dụng,Xăng
2025-10-23,2016,Lexus NX 200t,1000000000.0,Nhập khẩu,Hà Nội,SUV,90000.0,Tự động,Đã sử dụng,Xăng
2025-10-23,2019,Mercedes Benz G class G63 AMG,7000000000.0,Nhập khẩu,Hà Nội,SUV,60000.0,Tự động,Đã sử dụng,Xăng
2025-10-23,2025,Ford Ranger Wildtrak 2.0L 4x4 AT,979000000.0,Nội địa,TP HCM,Bán tải / Pickup,0.0,Tự động,Xe mới,Dầu diesel
2025-10-23,2020,BMW 3 Series 330i M Sport,1000000000.0,Nhập khẩu,Hà Nội,Sedan,56000.0,Tự động,Đã sử dụng,Xăng
2025-10-23,2018,Mazda 3 1.5 AT,410000000.0,Nội địa,Bà Rịa Vũng Tàu,Sedan,68000.0,Tự động,Đã sử dụng,Xăng
2025-10-23,2016,Audi Q7 3.0 AT,1000000000.0,Nhập khẩu,Hà Nội,SUV,145000.0,Tự động,Đã sử dụng,Xăng
2025-10-23,2021,Mercedes Benz GLC 200,1000000000.0,Nội địa,Hà Nội,SUV,46000.0,Tự động,Đã sử dụng,Xăng
2025-10-23,2023,Toyota Vios E CVT,435000000.0,Nội địa,Đăk Lăk,Sedan,26000.0,Tự động,Đã sử dụng,Xăng
2025-10-23,2017,Mazda CX5 2.0 AT,489000000.0,Nội địa,Hải Phòng,SUV,100000.0,Tự động,Đã sử dụng,Xăng
2025-10-23,2024,VinFast VF7 S,705000000.0,Nội địa,Long An,SUV,11000.0,Tự động,Đã sử dụng,Điện
2025-10-23,2020,Porsche Macan 2.0,2000000000.0,Nhập khẩu,Hà Nội,SUV,23000.0,Tự động,Đã sử dụng,Xăng
2025-10-23,2017,Audi A6 1.8 TFSI,850000000.0,Nhập khẩu,Hà Nội,Sedan,76000.0,Tự động,Đã sử dụng,Xăng
2025-10-23,2022,Honda City RS 1.5 AT,450000000.0,Nội địa,Hà Nội,Sedan,60000.0,Tự động,Đã sử dụng,Xăng
2025-10-23,2022,Audi A6 45 TFSI,1000000000.0,Nhập khẩu,Hà Nội,Sedan,19000.0,Tự động,Đã sử dụng,Xăng
2025-10-23,2012,Lexus GS 350,890000000.0,Nhập khẩu,Hà Nội,Sedan,28000.0,Tự động,Đã sử dụng,Xăng
2025-10-23,2021,Ford Explorer Limited 2.3L EcoBoost,1000000000.0,Nhập khẩu,Hà Nội,SUV,42000.0,Tự động,Đã sử dụng,Xăng
2025-10-23,2024,BMW 3 Series 320i Sport Line,1000000000.0,Nội địa,Hà Nội,Sedan,16000.0,Tự động,Đã sử dụng,Xăng
2025-10-23,2020,Lexus LS 500h,4000000000.0,Nhập khẩu,Hà Nội,Sedan,62000.0,Tự động,Đã sử dụng,Hybrid
2025-10-23,2025,Hyundai Custin Đặc Biệt 1.5T,894000000.0,Nội địa,Hà Nội,Van/Minivan,0.0,Tự động,Xe mới,Xăng
2025-10-23,2019,Honda HRV L,565000000.0,Nhập khẩu,Hà Nội,Crossover,50000.0,Tự động,Đã sử dụng,Xăng
2025-10-23,2016,Ford Ranger XLS 2.2L 4x2 MT,355000000.0,Nhập khẩu,Hà Nội,Bán tải / Pickup,120000.0,Số Tay,Đã sử dụng,Dầu diesel
2025-10-23,2022,Mercedes Benz GLC 300 4Matic,1000000000.0,Nội địa,TP HCM,SUV,38000.0,Tự động,Đã sử dụng,Xăng
2025-10-23,2020,Mercedes Benz GLC 300 4Matic,1000000000.0,Nội địa,Hà Nội,SUV,71000.0,Tự động,Đã sử dụng,Xăng
2025-10-23,2023,Kia Sportage Signature 2.0G,859000000.0,Nội địa,Hải Phòng,Crossover,38000.0,Tự động,Đã sử dụng,Xăng
2025-10-23,2017,Mercedes Benz Maybach S450 4Matic,3000000000.0,Nhập khẩu,Hà Nội,Sedan,35000.0,Tự động,Đã sử dụng,Xăng
2025-10-23,2025,Toyota Corolla Cross 1.8V,750000000.0,Nhập khẩu,TP HCM,SUV,0.0,Tự động,Xe mới,Xăng
2025-10-23,2022,Toyota Corolla altis 1.8V,675000000.0,Nhập khẩu,Hà Nội,Sedan,61000.0,Tự động,Đã sử dụng,Xăng
2025-10-23,2015,Mercedes Benz G class G63 AMG,5000000000.0,Nhập khẩu,Hà Nội,SUV,55000.0,Tự động,Đã sử dụng,Xăng
2025-10-23,2018,Mazda CX5 2.5 AT 2WD,595000000.0,Nội địa,Hà Nội,SUV,70000.0,Tự động,Đã sử dụng,Xăng
2025-10-23,2019,Mercedes Benz Maybach S450 4Matic,3000000000.0,Nhập khẩu,Hà Nội,Sedan,58000.0,Tự động,Đã sử dụng,Xăng
2025-10-23,2009,Toyota Innova G,225000000.0,Nội địa,Bình Dương,Crossover,180000.0,Số Tay,Đã sử dụng,Xăng
2025-10-23,2017,Ford Ranger Wildtrak 3.2L 4x4 AT,575000000.0,Nhập khẩu,Hà Nội,Bán tải / Pickup,100000.0,Tự động,Đã sử dụng,Dầu diesel
2025-10-23,2010,Mazda 3 1.6 AT,248000000.0,Nhập khẩu,Hà Nội,Hatchback,150000.0,Tự động,Đã sử dụng,Xăng
2025-10-23,2025,Hyundai Accent 1.5 AT,485000000.0,Nội địa,Hà Nội,Sedan,6000.0,Tự động,Đã sử dụng,Xăng
2025-10-23,2020,Toyota Vios 1.5G,390000000.0,Nội địa,Hà Nội,Sedan,75000.0,Tự động,Đã sử dụng,Xăng
2025-10-23,2024,VinFast VF5 Plus,450000000.0,Nội địa,Hà Nội,SUV,24000.0,Tự động,Đã sử dụng,Điện
2025-10-23,2017,Nissan Sunny XV Premium S,275000000.0,Nội địa,Hà Nội,Sedan,80000.0,Tự động,Đã sử dụng,Xăng
2025-10-23,2017,Ford Ranger XLS 2.2L 4x2 AT,430000000.0,Nhập khẩu,Hà Nội,Bán tải / Pickup,120000.0,Tự động,Đã sử dụng,Dầu diesel
2025-10-23,2022,Mercedes Benz Maybach S450 4Matic,6000000000.0,Nhập khẩu,TP HCM,Sedan,600.0,Tự động,Đã sử dụng,Xăng
2025-10-23,2019,BMW 5 Series 530i Luxury Line,1000000000.0,Nhập khẩu,Hà Nội,Sedan,51000.0,Tự động,Đã sử dụng,Xăng
2025-10-23,2019,Honda CRV L,735000000.0,Nhập khẩu,Hà Nội,SUV,75000.0,Tự động,Đã sử dụng,Xăng
2025-10-23,2018,Mercedes Benz GLC 200,860000000.0,Nội địa,Hà Nội,SUV,60000.0,Tự động,Đã sử dụng,Xăng
2025-10-23,2024,Kia Carnival Signature 2.2D,1000000000.0,Nội địa,TP HCM,Van/Minivan,20000.0,Tự động,Đã sử dụng,Dầu diesel
2025-10-23,2020,Hyundai Elantra Sport 1.6 AT,520000000.0,Nội địa,TP HCM,Sedan,61000.0,Tự động,Đã sử dụng,Xăng
2025-10-23,2023,Kia Carnival Signature 2.2D,1000000000.0,Nội địa,Hà Nội,Van/Minivan,46000.0,Tự động,Đã sử dụng,Dầu diesel
2025-10-23,2017,Mercedes Benz GLC 300 4Matic,889000000.0,Nội địa,Hà Nội,SUV,50000.0,Tự động,Đã sử dụng,Xăng
2025-10-23,2022,Toyota Raize G 1.0 CVT,465000000.0,Nhập khẩu,Hà Nội,SUV,23000.0,Tự động,Đã sử dụng,Xăng
2025-10-23,2016,Mercedes Benz Vito Tourer 121,615000000.0,Nhập khẩu,Hà Nội,Van/Minivan,91000.0,Tự động,Đã sử dụng,Xăng
2025-10-23,2013,Audi A6 2.0T,438000000.0,Nhập khẩu,Hà Nội,Sedan,120000.0,Tự động,Đã sử dụng,Xăng
2025-10-23,2025,Hyundai Accent 1.5 AT,460000000.0,Nội địa,Hà Nội,Sedan,0.0,Tự động,Xe mới,Xăng
2025-10-23,2025,Mercedes Benz GLS 450 4Matic,4000000000.0,Nhập khẩu,Quảng Ninh,SUV,0.0,Tự động,Xe mới,Xăng
2025-10-23,2025,Mitsubishi Triton Athlete 4WD AT,830000000.0,Nhập khẩu,Hà Nội,Bán tải / Pickup,0.0,Tự động,Xe mới,Dầu diesel
2025-10-23,2020,Mazda 3 1.5L Luxury,475000000.0,Nội địa,Hà Nội,Sedan,60000.0,Tự động,Đã sử dụng,Xăng
2025-10-23,2021,Honda Civic G 1.8 AT,585000000.0,Nhập khẩu,Hà Nội,Sedan,36000.0,Tự động,Đã sử dụng,Xăng
2025-10-23,2021,Ford Ranger Wildtrak 2.0L 4x4 AT,745000000.0,Nhập khẩu,TP HCM,Bán tải / Pickup,67000.0,Tự động,Đã sử dụng,Dầu diesel
2025-10-23,2023,Hyundai Palisade Prestige 2.2 AT HTRAC,1000000000.0,Nội địa,Hà Nội,SUV,20000.0,Tự động,Đã sử dụng,Dầu diesel
2025-10-23,2020,Ford Ranger Raptor 2.0L 4x4 AT,880000000.0,Nhập khẩu,Quảng Ninh,Bán tải / Pickup,90000.0,Tự động,Đã sử dụng,Dầu diesel
2025-10-23,2021,Mazda CX8 Luxury,718000000.0,Nội địa,TP HCM,SUV,83000.0,Tự động,Đã sử dụng,Xăng
2025-10-23,2024,Hyundai Tucson 1.6 AT Turbo HTRAC Đặc biệt,919000000.0,Nội địa,Long An,Crossover,32000.0,Tự động,Đã sử dụng,Xăng
2025-10-23,2024,Hyundai Stargazer X Cao cấp 1.5 AT,530000000.0,Nhập khẩu,Long An,Van/Minivan,0.0,Tự động,Xe mới,Xăng
2025-10-23,2021,Mitsubishi Xpander 1.5 MT,403000000.0,Nhập khẩu,Hà Nội,SUV,70000.0,Số Tay,Đã sử dụng,Xăng
2025-10-23,2025,VinFast VF5 Plus,475000000.0,Nội địa,Hà Nội,SUV,0.0,Tự động,Xe mới,Điện
2025-10-23,2010,Porsche Panamera 3.6 V6,795000000.0,Nhập khẩu,Hà Nội,Sedan,100000.0,Tự động,Đã sử dụng,Xăng
2025-10-23,2018,Mazda 3 1.5 AT,445000000.0,Nội địa,Bình Dương,Sedan,76000.0,Tự động,Đã sử dụng,Xăng
2025-10-23,2022,Hyundai i10 1.2 AT,365000000.0,Nội địa,Đăk Lăk,Sedan,50000.0,Tự động,Đã sử dụng,Xăng
2025-10-23,2014,LandRover Range Rover HSE 3.0,1000000000.0,Nhập khẩu,Hà Nội,SUV,15000.0,Tự động,Đã sử dụng,Xăng
2025-10-23,2022,Hyundai Creta Đặc biệt 1.5 AT,580000000.0,Nhập khẩu,Hải Phòng,SUV,41000.0,Tự động,Đã sử dụng,Xăng
2025-10-23,2021,BMW X4 xDrive20i,1000000000.0,Nhập khẩu,Hà Nội,SUV,20000.0,Tự động,Đã sử dụng,Xăng
2025-10-23,2009,Lexus LS 460L,650000000.0,Nhập khẩu,Hà Nội,Sedan,90000.0,Tự động,Đã sử dụng,Xăng
2025-10-23,2019,Hyundai Accent 1.4 ATH,360000000.0,Nội địa,Hà Nội,Sedan,70000.0,Tự động,Đã sử dụng,Xăng
2025-10-23,2025,Ford Territory Titanium 1.5 AT,762000000.0,Nội địa,Hà Nội,SUV,0.0,Tự động,Xe mới,Xăng
2025-10-23,2022,Mercedes Benz C class C300 AMG,1000000000.0,Nội địa,Hà Nội,Sedan,27000.0,Tự động,Đã sử dụng,Xăng
2025-10-23,2021,Mercedes Benz G class G63 AMG,8000000000.0,Nhập khẩu,Hà Nội,SUV,39000.0,Tự động,Đã sử dụng,Xăng
2025-10-23,2023,Lexus RX 350 Luxury,4000000000.0,Nhập khẩu,Hà Nội,SUV,18000.0,Tự động,Đã sử dụng,Xăng
2025-10-23,2024,Ford Ranger Wildtrak 2.0L 4x4 AT,879000000.0,Nội địa,TP HCM,Bán tải / Pickup,20000.0,Tự động,Đã sử dụng,Dầu diesel
2025-10-23,2017,Lexus GS 300 Sport,1000000000.0,Nhập khẩu,TP HCM,Sedan,48000.0,Tự động,Đã sử dụng,Xăng
2025-10-23,2016,Mazda 6 2.0L Premium,375000000.0,Nội địa,Hải Phòng,Sedan,80000.0,Tự động,Đã sử dụng,Xăng
2025-10-23,2012,Mitsubishi Pajero Sport D 4x2 AT,359000000.0,Nội địa,Hà Nội,SUV,150000.0,Tự động,Đã sử dụng,Dầu diesel
2025-10-23,2019,Ford Ranger Wildtrak 2.0L 4x2 AT,570000000.0,Nhập khẩu,Hà Nội,Bán tải / Pickup,84000.0,Tự động,Đã sử dụng,Dầu diesel
2025-10-23,2023,Toyota Land Cruiser 3.5 V6,5000000000.0,Nhập khẩu,Hà Nội,SUV,4000.0,Tự động,Đã sử dụng,Xăng
2025-10-23,2019,Nissan Terra E 2.5 AT 2WD,595000000.0,Nhập khẩu,Hà Nội,SUV,77000.0,Tự động,Đã sử dụng,Xăng
2025-10-23,2024,Porsche Cayenne 3.0 V6,6000000000.0,Nhập khẩu,Hà Nội,SUV,3000.0,Tự động,Đã sử dụng,Xăng
2025-10-23,2025,Hyundai Venue 1.0 T,492000000.0,Nội địa,Hà Nội,SUV,0.0,Tự động,Xe mới,Xăng
2025-10-23,2023,Lexus LX 600 F,8000000000.0,Nhập khẩu,Hà Nội,SUV,31000.0,Tự động,Đã sử dụng,Xăng
2025-10-23,2025,Ford Territory Titanium 1.5 AT,815000000.0,Nội địa,Hà Nội,SUV,0.0,Tự động,Xe mới,Xăng
2025-10-23,2014,Audi Q5 2.0 AT,599000000.0,Nhập khẩu,Thái Bình,SUV,50000.0,Tự động,Đã sử dụng,Xăng
2025-10-23,2016,Lexus LS 460L,2000000000.0,Nhập khẩu,Hà Nội,Sedan,70000.0,Tự động,Đã sử dụng,Xăng
2025-10-23,2023,Hyundai Creta Tiêu chuẩn 1.5 AT,548000000.0,Nội địa,Hà Nội,SUV,10000.0,Tự động,Đã sử dụng,Xăng
2025-10-23,2017,Ford Ranger Wildtrak 3.2L 4x4 AT,565000000.0,Nhập khẩu,Hà Nội,Bán tải / Pickup,90000.0,Tự động,Đã sử dụng,Dầu diesel
2025-10-23,2018,Lexus LX 570 Super Sport,6000000000.0,Nhập khẩu,Hà Nội,SUV,80000.0,Tự động,Đã sử dụng,Xăng
2025-10-23,2022,Lexus ES 250 F Sport,2000000000.0,Nhập khẩu,Hà Nội,Sedan,60000.0,Tự động,Đã sử dụng,Xăng
2025-10-23,2025,VinFast VF7 Plus,960000000.0,Nội địa,TP HCM,SUV,0.0,Tự động,Xe mới,Điện
2025-10-23,2019,Toyota Alphard Executive Lounge,2000000000.0,Nhập khẩu,Hà Nội,Van/Minivan,85295.0,Tự động,Đã sử dụng,Xăng
2025-10-23,2025,VinFast VF5 Plus,509000000.0,Nội địa,TP HCM,SUV,0.0,Tự động,Xe mới,Điện
2025-10-23,2021,Mercedes Benz C class C300 AMG,1000000000.0,Nội địa,Hà Nội,Sedan,38000.0,Tự động,Đã sử dụng,Xăng
2025-10-23,2023,VinFast VF8 Plus,860000000.0,Nội địa,Hà Nội,SUV,49000.0,Tự động,Đã sử dụng,Điện
2025-10-23,2021,VinFast Lux SA 2.0 2.0 AT,666000000.0,Nội địa,Hà Nội,SUV,80000.0,Tự động,Đã sử dụng,Xăng
2025-10-23,2024,Toyota Corolla Cross 1.8HEV,840000000.0,Nhập khẩu,Hà Nội,SUV,21000.0,Tự động,Đã sử dụng,Hybrid
2025-10-23,2022,Kia K3 Luxury 1.6 AT,530000000.0,Nội địa,Hà Nội,Sedan,50000.0,Tự động,Đã sử dụng,Xăng
2025-10-23,2018,Mercedes Benz C class C200,680000000.0,Nội địa,Hà Nội,Sedan,84000.0,Tự động,Đã sử dụng,Xăng
2025-10-23,2014,Mazda 3 S 1.6 AT,318000000.0,Nội địa,Hà Nội,Sedan,100000.0,Tự động,Đã sử dụng,Xăng
2025-10-23,2020,Ford Ranger XLS 2.2L 4x2 AT,530000000.0,Nhập khẩu,Hà Nội,Bán tải / Pickup,70000.0,Tự động,Đã sử dụng,Dầu diesel
2025-10-23,2022,BMW 3 Series 320i M Sport,1000000000.0,Nội địa,Hà Nội,Sedan,0.0,Tự động,Xe mới,Xăng
2025-10-23,2025,Hyundai Accent Cao cấp 1.5 AT,510000000.0,Nội địa,Hà Nội,Sedan,0.0,Tự động,Xe mới,Xăng
2025-10-23,2022,Mini Cooper Countryman S,2000000000.0,Nhập khẩu,Hà Nội,Hatchback,10000.0,Tự động,Đã sử dụng,Xăng
2025-10-23,2011,Mercedes Benz C class C200,295000000.0,Nội địa,Hà Nội,Sedan,108000.0,Tự động,Đã sử dụng,Xăng
2025-10-23,2022,Kia K3 Premium 2.0 AT,550000000.0,Nội địa,Hà Nội,Sedan,35000.0,Tự động,Đã sử dụng,Xăng
2025-10-23,2021,Lexus RX 450h,3000000000.0,Nhập khẩu,Hà Nội,SUV,50000.0,Tự động,Đã sử dụng,Hybrid
2025-10-23,2021,Toyota Land Cruiser VX 4.0 V6,6000000000.0,Nhập khẩu,Hà Nội,SUV,50000.0,Tự động,Đã sử dụng,Xăng
2025-10-23,2023,Lexus RX 350 Premium,3000000000.0,Nhập khẩu,Hà Nội,SUV,40000.0,Tự động,Đã sử dụng,Xăng
2025-10-23,2020,Mercedes Benz V class V250 Luxury,1000000000.0,Nhập khẩu,TP HCM,Van/Minivan,52000.0,Tự động,Đã sử dụng,Xăng
2025-10-23,2021,Porsche Macan S,2000000000.0,Nhập khẩu,Hà Nội,SUV,48000.0,Tự động,Đã sử dụng,Xăng
2025-10-23,2024,Ford Territory Titanium X 1.5 AT,845000000.0,Nội địa,TP HCM,SUV,17000.0,Tự động,Đã sử dụng,Xăng
2025-10-23,2020,Toyota Vios 1.5G,405000000.0,Nội địa,Hà Nội,Sedan,90000.0,Tự động,Đã sử dụng,Xăng
2025-10-23,2015,LandRover Range Rover Sport HSE,1000000000.0,Nhập khẩu,Hà Nội,SUV,50000.0,Tự động,Đã sử dụng,Xăng
2025-10-23,2017,Mercedes Benz GLC 300 4Matic,895000000.0,Nội địa,Hà Nội,SUV,100000.0,Tự động,Đã sử dụng,Xăng
2025-10-23,2021,VinFast Fadil 1.4 AT Plus,305000000.0,Nội địa,Hà Nội,Hatchback,40000.0,Tự động,Đã sử dụng,Xăng
2025-10-23,2021,VinFast Lux A 2.0 Base 2.0 AT,485000000.0,Nội địa,Hà Nội,Sedan,60000.0,Tự động,Đã sử dụng,Xăng
2025-10-23,2017,Honda CRV 2.4 AT,540000000.0,Nội địa,Bình Dương,SUV,110000.0,Tự động,Đã sử dụng,Xăng
2025-10-23,2025,VinFast VF5 Plus,445000000.0,Nội địa,Vĩnh Phúc,SUV,31000.0,Tự động,Đã sử dụng,Điện
2025-10-23,2016,Toyota Prado TXL 2.7L,1000000000.0,Nhập khẩu,Hà Nội,SUV,150000.0,Tự động,Đã sử dụng,Xăng
2025-10-23,2022,VinFast Lux A 2.0 Tiêu chuẩn,560000000.0,Nội địa,Hà Nội,Sedan,40000.0,Tự động,Đã sử dụng,Xăng
2025-10-23,2019,Mazda 3 1.5L Luxury,435000000.0,Nội địa,Hà Nội,Sedan,8000.0,Tự động,Đã sử dụng,Xăng
2025-10-23,2018,Hyundai Elantra 2.0 AT,405000000.0,Nội địa,Hà Nội,Sedan,80886.0,Tự động,Đã sử dụng,Xăng
2025-10-23,2017,Kia Cerato 1.6 MT,325000000.0,Nội địa,Phú Thọ,Sedan,90000.0,Số Tay,Đã sử dụng,Xăng
2025-10-23,2024,Kia Sonet Premium 1.5 AT,595000000.0,Nội địa,Hà Nội,SUV,7108.0,Tự động,Đã sử dụng,Xăng
2025-10-23,2019,Mazda CX8 Premium,715000000.0,Nội địa,Hà Nội,SUV,45000.0,Tự động,Đã sử dụng,Xăng
2025-10-23,2025,Toyota Vios E 1.5 MT,403000000.0,Nội địa,TP HCM,Sedan,0.0,Số Tay,Xe mới,Xăng
2025-10-23,2022,Suzuki XL7 1.5 AT,485000000.0,Nhập khẩu,Bình Dương,SUV,67000.0,Tự động,Đã sử dụng,Xăng
2025-10-23,2023,VinFast VF5 Plus,430000000.0,Nội địa,Hà Nội,SUV,42000.0,Tự động,Đã sử dụng,Điện
2025-10-23,2021,Mazda 3 1.5L Luxury,555000000.0,Nội địa,Hà Nội,Sedan,49912.0,Tự động,Đã sử dụng,Xăng
2025-10-23,2025,Ford Territory Titanium X 1.5 AT,856000000.0,Nội địa,Hà Nội,SUV,0.0,Tự động,Xe mới,Xăng
2025-10-23,2005,Porsche Cayenne 3.2i,310000000.0,Nhập khẩu,TP HCM,SUV,98900.0,Tự động,Đã sử dụng,Xăng
2025-10-23,2018,Toyota Vios 1.5G,375000000.0,Nội địa,Hà Nội,Sedan,80000.0,Tự động,Đã sử dụng,Xăng
2025-10-23,2022,Kia Carnival Premium 2.2D,1000000000.0,Nội địa,Hà Nội,Van/Minivan,76000.0,Tự động,Đã sử dụng,Dầu diesel
2025-10-23,2023,Toyota Alphard Luxury Executive Lounge,4000000000.0,Nhập khẩu,Hà Nội,Van/Minivan,10000.0,Tự động,Đã sử dụng,Xăng
2025-10-23,2024,MG ZS Standard 1.5 AT 2WD,459000000.0,Nhập khẩu,Hà Nội,Crossover,17000.0,Tự động,Đã sử dụng,Xăng
2025-10-23,2023,Mercedes Benz GLC 200 4Matic,1000000000.0,Nội địa,Hà Nội,SUV,9000.0,Tự động,Đã sử dụng,Hybrid
2025-10-23,2015,Mercedes Benz E class E250 AMG,580000000.0,Nội địa,Hà Nội,Sedan,93000.0,Tự động,Đã sử dụng,Xăng
2025-10-23,2023,Toyota Alphard Luxury Executive Lounge,4000000000.0,Nhập khẩu,Hà Nội,Van/Minivan,30000.0,Tự động,Đã sử dụng,Xăng
2025-10-23,2015,BMW 5 Series 520i,575000000.0,Nhập khẩu,Hà Nội,Sedan,77000.0,Tự động,Đã sử dụng,Xăng
2025-10-23,2024,Mazda CX5 Deluxe 2.0 AT,725000000.0,Nội địa,Hà Nội,SUV,9000.0,Tự động,Đã sử dụng,Xăng
2025-10-23,2022,Mazda 2 Luxury,419000000.0,Nhập khẩu,TP HCM,Sedan,48000.0,Tự động,Đã sử dụng,Xăng
2025-10-23,2025,Isuzu Dmax UTZ 1.9L 4x4 MT,560000000.0,Nhập khẩu,Hà Nội,Bán tải / Pickup,0.0,Số Tay,Xe mới,Dầu diesel
2025-10-23,2021,Ford Everest Titanium 2.0L 4x4 AT,880000000.0,Nhập khẩu,Hà Nội,SUV,90000.0,Tự động,Đã sử dụng,Dầu diesel
2025-10-23,2020,Mercedes Benz C class C300 AMG,998000000.0,Nội địa,Hà Nội,Sedan,60000.0,Tự động,Đã sử dụng,Xăng
2025-10-23,2019,VinFast Fadil 1.4 AT Plus,286000000.0,Nội địa,TP HCM,Hatchback,34000.0,Tự động,Đã sử dụng,Xăng
2025-10-23,2017,Toyota Yaris 1.5G,399000000.0,Nhập khẩu,Hà Nội,Hatchback,110000.0,Tự động,Đã sử dụng,Xăng
2025-10-23,2022,Kia Carnival Premium 2.2D,1000000000.0,Nội địa,Hà Nội,Van/Minivan,100000.0,Tự động,Đã sử dụng,Dầu diesel
2025-10-23,2025,Toyota Veloz Cross Top 1.5 CVT,565000000.0,Nội địa,Hải Phòng,SUV,0.0,Tự động,Xe mới,Xăng
2025-10-23,2025,VinFast Herio Green AT,499000000.0,Nội địa,TP HCM,SUV,0.0,Tự động,Xe mới,Điện
2025-10-23,2024,MG 5 1.5 MT,310000000.0,Nhập khẩu,Hà Nội,Sedan,25000.0,Số Tay,Đã sử dụng,Xăng
2025-10-23,2024,Toyota Yaris Cross 1.5 D,620000000.0,Nhập khẩu,Hà Nội,SUV,33000.0,Tự động,Đã sử dụng,Xăng
2025-10-23,2022,Hyundai Creta Cao cấp 1.5 AT,580000000.0,Nhập khẩu,TP HCM,Crossover,30000.0,Tự động,Đã sử dụng,Xăng
2025-10-23,2016,BMW 3 Series 320i,560000000.0,Nhập khẩu,Hà Nội,Sedan,110000.0,Tự động,Đã sử dụng,Xăng
2025-10-23,2022,Volvo XC60 Ultimate Bright B6 AWD,1000000000.0,Nhập khẩu,Hà Nội,SUV,44000.0,Tự động,Đã sử dụng,Xăng
2025-10-23,2022,Mercedes Benz E class E200 Exclusive,1000000000.0,Nội địa,Hà Nội,Sedan,15000.0,Tự động,Đã sử dụng,Hybrid
2025-10-23,2024,Mitsubishi Outlander 2.0 CVT,730000000.0,Nội địa,Thái Bình,SUV,500.0,Tự động,Đã sử dụng,Xăng
2025-10-23,2021,VinFast Lux A 2.0 Premium 2.0 AT,600000000.0,Nội địa,Hải Phòng,Sedan,35000.0,Tự động,Đã sử dụng,Xăng
2025-10-23,2024,VinFast VF5 Plus,428000000.0,Nội địa,TP HCM,SUV,24000.0,Tự động,Đã sử dụng,Điện
2025-10-23,2018,Mazda BT50 2.2L 4x2 AT,410000000.0,Nhập khẩu,Hà Nội,Bán tải / Pickup,100000.0,Tự động,Đã sử dụng,Dầu diesel
2025-10-23,2022,Hyundai Accent 1.4 AT Đặc Biệt,425000000.0,Nội địa,Hà Nội,Sedan,41000.0,Tự động,Đã sử dụng,Xăng
2025-10-23,2021,VinFast Lux SA 2.0 Premium 2.0 AT,695000000.0,Nội địa,Hà Nội,SUV,90000.0,Tự động,Đã sử dụng,Xăng
2025-10-23,2016,Mazda 3 1.5 AT,369000000.0,Nội địa,Hà Nội,Sedan,90000.0,Tự động,Đã sử dụng,Xăng
2025-10-23,2014,Kia K3 2.0 AT,340000000.0,Nội địa,Bình Dương,Sedan,125000.0,Tự động,Đã sử dụng,Xăng
2025-10-23,2019,BMW 5 Series 530i Luxury Line,1000000000.0,Nhập khẩu,Hà Nội,Sedan,61000.0,Tự động,Đã sử dụng,Xăng
2025-10-23,2009,Lexus RX 350 AWD,699000000.0,Nhập khẩu,Hà Nội,SUV,132000.0,Tự động,Đã sử dụng,Xăng
2025-10-23,2016,Toyota Camry 2.5Q,688000000.0,Nội địa,TP HCM,Sedan,36000.0,Tự động,Đã sử dụng,Xăng
2025-10-23,2019,Ford Ranger Wildtrak 2.0L 4x4 AT,589000000.0,Nhập khẩu,Hà Nội,Bán tải / Pickup,56000.0,Tự động,Đã sử dụng,Dầu diesel
2025-10-23,2024,Volkswagen Viloran Luxury,2000000000.0,Nhập khẩu,Hà Nội,Van/Minivan,10000.0,Tự động,Đã sử dụng,Xăng
2025-10-23,2018,Honda City 1.5,329000000.0,Nội địa,Bình Dương,Sedan,88000.0,Tự động,Đã sử dụng,Xăng
2025-10-23,2013,LandRover Range Rover Autobiography 5.0,1000000000.0,Nhập khẩu,Đà Nẵng,SUV,51000.0,Tự động,Đã sử dụng,Xăng
2025-10-23,2018,Kia Sedona Luxury,660000000.0,Nội địa,Hà Nội,Van/Minivan,80000.0,Tự động,Đã sử dụng,Dầu diesel
2025-10-23,2023,Kia Sonet Premium 1.5 AT,567000000.0,Nội địa,Đăk Lăk,Crossover,14000.0,Tự động,Đã sử dụng,Xăng
2025-10-23,2024,Hyundai i10 1.2 AT,399000000.0,Nội địa,Hải Phòng,Hatchback,28000.0,Tự động,Đã sử dụng,Xăng
2025-10-23,2017,Maserati Levante 3.0 V6,2000000000.0,Nhập khẩu,TP HCM,SUV,62245.0,Tự động,Đã sử dụng,Xăng
2025-10-23,2022,Kia Carnival Signature 2.2D,1000000000.0,Nội địa,Hà Nội,Van/Minivan,92000.0,Tự động,Đã sử dụng,Dầu diesel
2025-10-23,2023,Isuzu Dmax Prestige 1.9L 4x2 MT,499000000.0,Nhập khẩu,Hà Nội,Bán tải / Pickup,45000.0,Số Tay,Đã sử dụng,Dầu diesel
2025-10-23,2017,Toyota Yaris 1.5G,410000000.0,Nhập khẩu,Hà Nội,Hatchback,66000.0,Tự động,Đã sử dụng,Xăng
2025-10-23,2015,Mazda CX5 2.0 AT AWD,420000000.0,Nội địa,Hà Nội,SUV,110000.0,Tự động,Đã sử dụng,Xăng
2025-10-23,2015,Kia Sportage 2.0 AT,460000000.0,Nhập khẩu,Hà Nội,Crossover,130000.0,Tự động,Đã sử dụng,Xăng
2025-10-23,2005,Toyota Zace GL,145000000.0,Nội địa,Hà Nội,SUV,150000.0,Số Tay,Đã sử dụng,Xăng
2025-10-23,2018,Mazda BT50 2.2L 4x4 MT,405000000.0,Nhập khẩu,Hà Nội,Bán tải / Pickup,92000.0,Số Tay,Đã sử dụng,Dầu diesel
2025-10-23,2016,Hyundai SantaFe 2.4L 4WD,560000000.0,Nội địa,Hà Nội,SUV,88000.0,Tự động,Đã sử dụng,Xăng
2025-10-23,2015,Mazda 3 2.0 AT,399000000.0,Nội địa,Hà Nội,Sedan,60000.0,Tự động,Đã sử dụng,Xăng
2025-10-23,2020,VinFast Lux SA 2.0 Premium 2.0 AT,590000000.0,Nội địa,Hà Nội,SUV,80000.0,Tự động,Đã sử dụng,Xăng
2025-10-23,2022,Nissan Almera VL 1.0 CVT Cao cấp,439000000.0,Nhập khẩu,Hà Nội,Sedan,52000.0,Tự động,Đã sử dụng,Xăng
2025-10-23,2013,Lexus RX 350 AWD,1000000000.0,Nhập khẩu,Phú Thọ,SUV,88000.0,Tự động,Đã sử dụng,Xăng
2025-10-23,2013,Hyundai i20 1.4 AT,245000000.0,Nhập khẩu,Hà Nội,Hatchback,78000.0,Tự động,Đã sử dụng,Xăng
2025-10-23,2018,Hyundai SantaFe 2.2L 4WD,695000000.0,Nội địa,Hà Nội,SUV,92000.0,Tự động,Đã sử dụng,Dầu diesel
2025-10-23,2019,Ford Ranger XLS 2.2L 4x2 AT,499000000.0,Nhập khẩu,Hà Nội,Bán tải / Pickup,90000.0,Tự động,Đã sử dụng,Dầu diesel
2025-10-23,2020,Lexus RX 300,2000000000.0,Nhập khẩu,Hà Nội,SUV,40000.0,Tự động,Đã sử dụng,Xăng
2025-10-23,2025,Mercedes Benz C class C200 Avantgarde Plus,1000000000.0,Nội địa,TP HCM,Sedan,0.0,Tự động,Xe mới,Xăng
2025-10-23,2018,BMW 7 Series 730Li,1000000000.0,Nhập khẩu,Hà Nội,Sedan,70000.0,Tự động,Đã sử dụng,Xăng
2025-10-23,2023,Mercedes Benz GLC 300 4Matic,2000000000.0,Nội địa,Hà Nội,SUV,50000.0,Tự động,Đã sử dụng,Hybrid
2025-10-23,2015,LandRover Range Rover Autobiography LWB 5.0,2000000000.0,Nhập khẩu,Hà Nội,SUV,80000.0,Tự động,Đã sử dụng,Xăng
2025-10-23,2010,Toyota Corolla altis 1.8G AT,275000000.0,Nội địa,Hà Nội,Sedan,11.0,Tự động,Đã sử dụng,Xăng
2025-10-23,2025,VinFast VF8 Plus,1000000000.0,Nội địa,TP HCM,SUV,0.0,Tự động,Xe mới,Điện
2025-10-23,2015,Peugeot 508 1.6 AT,379000000.0,Nhập khẩu,Hà Nội,Sedan,110000.0,Tự động,Đã sử dụng,Xăng
2025-10-23,2018,Toyota Camry 2.5Q,725000000.0,Nội địa,Hà Nội,Sedan,68000.0,Tự động,Đã sử dụng,Xăng
2025-10-23,2022,Mitsubishi Outlander 2.0 CVT,660000000.0,Nội địa,Hà Nội,SUV,50000.0,Tự động,Đã sử dụng,Xăng
2025-10-23,2017,Toyota Fortuner 2.4G 4x2 MT,640000000.0,Nhập khẩu,Hà Nội,SUV,190000.0,Số Tay,Đã sử dụng,Dầu diesel
2025-10-23,2020,Ford Ranger XLS 2.2L 4x2 AT,553000000.0,Nhập khẩu,TP HCM,Bán tải / Pickup,64000.0,Tự động,Đã sử dụng,Dầu diesel
2025-10-23,2018,Toyota Hiace 3.0,715000000.0,Nhập khẩu,TP HCM,Van/Minivan,131000.0,Số Tay,Đã sử dụng,Dầu diesel
2025-10-23,2016,Suzuki Swift Special,295000000.0,Nội địa,Hà Nội,Hatchback,80000.0,Tự động,Đã sử dụng,Xăng
2025-10-23,2024,Suzuki Jimny 1.5L 4x4 AT,800000000.0,Nhập khẩu,Hà Nội,SUV,0.0,Tự động,Xe mới,Xăng
2025-10-23,2020,BMW X3 xDrive20i,1000000000.0,Nhập khẩu,Hà Nội,SUV,89000.0,Tự động,Đã sử dụng,Xăng
2025-10-23,2020,Mercedes Benz GLE Class GLE 450 4Matic,2000000000.0,Nhập khẩu,Hà Nội,SUV,28000.0,Tự động,Đã sử dụng,Xăng
2025-10-23,2024,Ford Explorer Limited 2.3L EcoBoost,1000000000.0,Nhập khẩu,TP HCM,SUV,23000.0,Tự động,Đã sử dụng,Xăng
2025-10-23,2025,BMW X5 xDrive40i xLine,4000000000.0,Nội địa,Hà Nội,SUV,0.0,Tự động,Xe mới,Xăng
2025-10-23,2022,VinFast Lux A 2.0 Tiêu chuẩn,585000000.0,Nội địa,TP HCM,Sedan,33000.0,Tự động,Đã sử dụng,Xăng
2025-10-23,2024,Toyota Corolla Cross 1.8HEV,905000000.0,Nhập khẩu,Hà Nội,SUV,7300.0,Tự động,Đã sử dụng,Hybrid
2025-10-23,2021,Toyota Land Cruiser VX 4.0 V6,5000000000.0,Nhập khẩu,Hà Nội,SUV,50000.0,Tự động,Đã sử dụng,Xăng
2025-10-23,2019,Mercedes Benz C class C200,738000000.0,Nội địa,Hà Nội,Sedan,80000.0,Tự động,Đã sử dụng,Xăng
2025-10-23,2018,Hyundai i10 Grand 1.2 AT,299000000.0,Nội địa,Đà Nẵng,Sedan,110000.0,Tự động,Đã sử dụng,Xăng
2025-10-23,2022,Kia K3 Premium 2.0 AT,567000000.0,Nội địa,TP HCM,Sedan,23000.0,Tự động,Đã sử dụng,Xăng
2025-10-23,2018,Mercedes Benz C class C200 Exclusive,898000000.0,Nội địa,Hà Nội,Sedan,30000.0,Tự động,Đã sử dụng,Hybrid
2025-10-23,2019,Nissan Navara EL 2.5 AT 2WD,445000000.0,Nhập khẩu,Hà Nội,Bán tải / Pickup,80000.0,Tự động,Đã sử dụng,Dầu diesel
2025-10-23,2024,Hyundai Custin Cao Cấp 2.0T,875000000.0,Nội địa,TP HCM,Van/Minivan,34000.0,Tự động,Đã sử dụng,Xăng
2025-10-23,2019,Porsche Macan 2.0,2000000000.0,Nhập khẩu,TP HCM,SUV,42000.0,Tự động,Đã sử dụng,Xăng
2025-10-23,2022,Mini Cooper S 5 Door,1000000000.0,Nhập khẩu,TP HCM,Hatchback,48809.0,Tự động,Đã sử dụng,Xăng
2025-10-23,2014,Toyota Avalon Limited Hybrid,1000000000.0,Nhập khẩu,Hà Nội,Sedan,110000.0,Tự động,Đã sử dụng,Hybrid
2025-10-23,2024,Toyota Yaris Cross 1.5 D,620000000.0,Nhập khẩu,Hà Nội,SUV,32000.0,Tự động,Đã sử dụng,Xăng
2025-10-23,2023,Mercedes Benz GLC 300 4Matic,2000000000.0,Nội địa,Hải Phòng,SUV,13500.0,Tự động,Đã sử dụng,Hybrid
2025-10-23,2025,Mitsubishi Xpander Premium 1.5 AT,590000000.0,Nhập khẩu,Thái Bình,SUV,18000.0,Tự động,Đã sử dụng,Xăng
2025-10-23,2017,Mercedes Benz Maybach S450 4Matic,3000000000.0,Nhập khẩu,Hà Nội,Sedan,80000.0,Tự động,Đã sử dụng,Xăng
2025-10-23,2013,Toyota Sienna Limited 3.5 AWD,935000000.0,Nhập khẩu,Hà Nội,Van/Minivan,170000.0,Tự động,Đã sử dụng,Xăng
2025-10-23,2019,Kia Rondo GAT Deluxe,420000000.0,Nội địa,Hà Nội,SUV,79000.0,Tự động,Đã sử dụng,Xăng
2025-10-23,2021,Toyota Camry 2.5Q,898000000.0,Nhập khẩu,TP HCM,Sedan,79268.0,Tự động,Đã sử dụng,Xăng
2025-10-23,2024,Ford Everest Titanium 2.0L 4x2 AT,1000000000.0,Nhập khẩu,Hà Nội,SUV,5000.0,Tự động,Đã sử dụng,Dầu diesel
2025-10-23,2023,Toyota Veloz Cross Top 1.5 CVT,560000000.0,Nội địa,TP HCM,SUV,70000.0,Tự động,Đã sử dụng,Xăng
2025-10-23,2021,Toyota Prado VX 2.7L,2000000000.0,Nhập khẩu,Hà Nội,SUV,100000.0,Tự động,Đã sử dụng,Xăng
2025-10-23,2019,Toyota Camry 2.5Q,850000000.0,Nhập khẩu,TP HCM,Sedan,65000.0,Tự động,Đã sử dụng,Xăng
2025-10-23,2014,Suzuki Swift 1.4 AT,260000000.0,Nội địa,Hà Nội,Hatchback,120000.0,Tự động,Đã sử dụng,Xăng
2025-10-23,2022,Toyota Veloz Cross Top 1.5 CVT,538000000.0,Nhập khẩu,Gia Lai,SUV,79000.0,Tự động,Đã sử dụng,Xăng
2025-10-23,2025,Toyota Fortuner 2.4L 4x2 AT,1000000000.0,Nội địa,Hải Phòng,SUV,25000.0,Tự động,Đã sử dụng,Dầu diesel
2025-10-23,2025,Mazda 3 1.5L Deluxe,586000000.0,Nội địa,TP HCM,Sedan,0.0,Tự động,Xe mới,Xăng
2025-10-23,2023,Toyota Land Cruiser 3.5 V6,5000000000.0,Nhập khẩu,Hà Nội,SUV,14000.0,Tự động,Đã sử dụng,Xăng
2025-10-23,2019,Mercedes Benz C class C200,786000000.0,Nội địa,Hà Nội,Sedan,96000.0,Tự động,Đã sử dụng,Xăng
2025-10-23,2018,Mercedes Benz C class C200,739000000.0,Nội địa,TP HCM,Sedan,69800.0,Tự động,Đã sử dụng,Xăng
2025-10-23,2022,Mitsubishi Outlander Premium 2.0 CVT,740000000.0,Nội địa,Quảng Ninh,SUV,60000.0,Tự động,Đã sử dụng,Xăng
2025-10-23,2019,Mazda 3 1.5L Luxury,468000000.0,Nội địa,Hà Nội,Sedan,95000.0,Tự động,Đã sử dụng,Xăng
2025-10-23,2015,LandRover Discovery Sport HSE,799000000.0,Nhập khẩu,Hà Nội,SUV,80000.0,Tự động,Đã sử dụng,Xăng
2025-10-23,2018,Ford EcoSport Trend 1.5L AT,375000000.0,Nội địa,Hà Nội,SUV,28000.0,Tự động,Đã sử dụng,Xăng
2025-10-23,2024,Hyundai Accent Cao cấp 1.5 AT,509000000.0,Nội địa,Bình Dương,Sedan,5000.0,Tự động,Đã sử dụng,Xăng
2025-10-23,2023,VinFast VF5 Plus,459000000.0,Nội địa,Hà Nội,SUV,25000.0,Tự động,Đã sử dụng,Điện
2025-10-23,2017,Mercedes Benz GLC 300 4Matic,855000000.0,Nội địa,Hà Nội,SUV,90000.0,Tự động,Đã sử dụng,Xăng
2025-10-23,2022,Kia Carnival Signature 3.5G,1000000000.0,Nội địa,Bình Dương,Van/Minivan,46000.0,Tự động,Đã sử dụng,Xăng
2025-10-23,2019,Ford Explorer Limited 2.3L EcoBoost,1000000000.0,Nhập khẩu,Hà Nội,SUV,68000.0,Tự động,Đã sử dụng,Xăng
2025-10-23,2021,Mercedes Benz E class E200 Exclusive,1000000000.0,Nội địa,Hà Nội,Sedan,48000.0,Tự động,Đã sử dụng,Xăng
2025-10-23,2025,VinFast VF6 Plus,683000000.0,Nội địa,Hà Nội,SUV,0.0,Tự động,Xe mới,Điện
2025-10-23,2025,MG ZS Luxury 1.5 AT 2WD,495000000.0,Nhập khẩu,Hà Nội,Crossover,0.0,Tự động,Xe mới,Xăng
2025-10-23,2025,Toyota Veloz Cross Top 1.5 CVT,560000000.0,Nội địa,Hà Nội,SUV,0.0,Tự động,Xe mới,Xăng
2025-10-23,2025,Toyota Veloz Cross Top 1.5 CVT,575000000.0,Nội địa,TP HCM,SUV,0.0,Tự động,Xe mới,Xăng
2025-10-23,2019,Ford Transit Luxury,415000000.0,Nội địa,Thái Nguyên,Van/Minivan,96000.0,Số Tay,Đã sử dụng,Dầu diesel
2025-10-23,2012,Audi Q5 2.0 AT,355000000.0,Nhập khẩu,TP HCM,SUV,79000.0,Tự động,Đã sử dụng,Xăng
2025-10-23,2022,Ford Ranger XLS 2.0L 4x2 AT,590000000.0,Nội địa,Thái Nguyên,Bán tải / Pickup,62000.0,Tự động,Đã sử dụng,Dầu diesel
2025-10-23,2017,Mercedes Benz S class S400L,1000000000.0,Nội địa,TP HCM,Sedan,70000.0,Tự động,Đã sử dụng,Xăng
2025-10-23,2019,Toyota Corolla altis 1.8G AT,555000000.0,Nội địa,Hà Nội,Sedan,53000.0,Tự động,Đã sử dụng,Xăng
2025-10-23,2021,Toyota Camry 2.0Q,985000000.0,Nhập khẩu,Hà Nội,Sedan,40000.0,Tự động,Đã sử dụng,Xăng
2025-10-23,2023,Mercedes Benz GLC 200 4Matic,1000000000.0,Nội địa,Hà Nội,SUV,38000.0,Tự động,Đã sử dụng,Xăng
2025-10-23,2023,Lexus RX 350 Luxury,4000000000.0,Nhập khẩu,TP HCM,SUV,7000.0,Tự động,Đã sử dụng,Xăng
2025-10-23,2024,Toyota Alphard 2.4 AT,4000000000.0,Nhập khẩu,Hà Nội,Van/Minivan,0.0,Tự động,Xe mới,Xăng
2025-10-23,2009,Toyota Corolla altis 1.8G AT,280000000.0,Nội địa,Bình Định,Sedan,107000.0,Tự động,Đã sử dụng,Xăng
2025-10-23,2017,Mercedes Benz GLC 250 4Matic,785000000.0,Nội địa,Hà Nội,SUV,90000.0,Tự động,Đã sử dụng,Xăng
2025-10-23,2019,Audi Q7 45 TFSI Quattro,1000000000.0,Nhập khẩu,TP HCM,SUV,45000.0,Tự động,Đã sử dụng,Xăng
2025-10-23,2021,Ford Ranger XLS 2.2L 4x2 MT,540000000.0,Nội địa,Hà Nội,Bán tải / Pickup,78000.0,Số Tay,Đã sử dụng,Dầu diesel
2025-10-23,2024,Honda City L 1.5 AT,498000000.0,Nội địa,Hà Nội,Sedan,26000.0,Tự động,Đã sử dụng,Xăng
2025-10-23,2022,Toyota Corolla Cross 1.8V,725000000.0,Nhập khẩu,Hà Nội,SUV,38000.0,Tự động,Đã sử dụng,Xăng
2025-10-23,2023,Lexus RX 350 Premium,3000000000.0,Nhập khẩu,Hà Nội,SUV,41000.0,Tự động,Đã sử dụng,Xăng
2025-10-23,2019,Ford Ranger Wildtrak 2.0L 4x4 AT,620000000.0,Nhập khẩu,Hà Nội,Bán tải / Pickup,90000.0,Tự động,Đã sử dụng,Dầu diesel
2025-10-23,2024,Mazda 3 1.5L Luxury,620000000.0,Nội địa,Thái Bình,Sedan,9000.0,Tự động,Đã sử dụng,Xăng
2025-10-23,2015,Toyota Fortuner 2.7V 4x2 AT,449000000.0,Nội địa,TP HCM,SUV,124000.0,Tự động,Đã sử dụng,Xăng
2025-10-23,2009,Hyundai i30 CW 1.6 AT,225000000.0,Nhập khẩu,Hà Nội,Hatchback,125000.0,Tự động,Đã sử dụng,Xăng
2025-10-23,2024,Mazda CX5 Premium 2.0 AT,795000000.0,Nội địa,TP HCM,SUV,20000.0,Tự động,Đã sử dụng,Xăng
2025-10-23,2018,Kia Rondo GAT,375000000.0,Nội địa,Hà Nội,SUV,80000.0,Tự động,Đã sử dụng,Xăng
2025-10-23,2017,Chevrolet Cruze LT 1.6L,255000000.0,Nội địa,Bình Dương,Sedan,13000.0,Số Tay,Đã sử dụng,Xăng
2025-10-23,2012,Lexus GX 460,1000000000.0,Nhập khẩu,Hà Nội,SUV,123456.0,Tự động,Đã sử dụng,Xăng
2025-10-23,2016,Mercedes Benz C class C300 AMG,655000000.0,Nội địa,Hà Nội,Sedan,85000.0,Tự động,Đã sử dụng,Xăng
2025-10-23,2020,Mercedes Benz GLC 200,1000000000.0,Nội địa,Hà Nội,SUV,90000.0,Tự động,Đã sử dụng,Xăng
2025-10-23,2023,Mitsubishi Xpander 1.5 MT,425000000.0,Nội địa,Hà Nội,SUV,60000.0,Số Tay,Đã sử dụng,Xăng
2025-10-23,2020,Mitsubishi Xpander 1.5 MT,380000000.0,Nhập khẩu,Hà Nội,SUV,85000.0,Số Tay,Đã sử dụng,Xăng
2025-10-23,2022,Hyundai Tucson 1.6 AT Turbo HTRAC Đặc biệt,850000000.0,Nội địa,Hà Nội,Crossover,38000.0,Tự động,Đã sử dụng,Xăng
2025-10-23,2017,Ford Ranger Wildtrak 3.2L 4x4 AT,575000000.0,Nhập khẩu,Hà Nội,Bán tải / Pickup,90000.0,Tự động,Đã sử dụng,Dầu diesel
2025-10-23,2025,VinFast VF6 Plus,719000000.0,Nội địa,TP HCM,SUV,0.0,Tự động,Xe mới,Điện
2025-10-23,2013,Kia Morning 1.0 AT,248000000.0,Nhập khẩu,Hà Nội,Hatchback,110000.0,Tự động,Đã sử dụng,Xăng
2025-10-23,2019,Hyundai i10 Grand 1.2 AT,315000000.0,Nội địa,Hà Nội,Sedan,40000.0,Tự động,Đã sử dụng,Xăng
2025-10-23,2020,Toyota Vios 1.5G,428000000.0,Nội địa,Hà Nội,Sedan,61000.0,Tự động,Đã sử dụng,Xăng
2025-10-23,2025,VinFast VF3 Plus,269000000.0,Nội địa,Hà Nội,Hatchback,0.0,Tự động,Xe mới,Điện
2025-10-23,2019,Kia Sedona 2.2 DAT Deluxe,699000000.0,Nội địa,TP HCM,Van/Minivan,87000.0,Tự động,Đã sử dụng,Dầu diesel
2025-10-23,2011,Toyota Innova G,225000000.0,Nội địa,TP HCM,Crossover,175000.0,Số Tay,Đã sử dụng,Xăng
2025-10-23,2024,VinFast VF3 Plus,220000000.0,Nội địa,Hà Nội,Hatchback,30123.0,Tự động,Đã sử dụng,Điện
2025-10-23,2023,Mercedes Benz S class S450 4Matic Luxury,5000000000.0,Nhập khẩu,TP HCM,Sedan,5000.0,Tự động,Đã sử dụng,Xăng
2025-10-23,2019,Ford Transit Van,499000000.0,Nội địa,TP HCM,Van/Minivan,84000.0,Số Tay,Đã sử dụng,Dầu diesel
2025-10-23,2016,Ford Ranger Wildtrak 3.2L 4x4 AT,458000000.0,Nhập khẩu,Hà Nội,Bán tải / Pickup,130012.0,Tự động,Đã sử dụng,Dầu diesel
2025-10-23,2019,Toyota Yaris 1.5G,440000000.0,Nhập khẩu,Hà Nội,Hatchback,60000.0,Tự động,Đã sử dụng,Xăng
2025-10-23,2018,Lexus RX 350,2000000000.0,Nhập khẩu,Hà Nội,SUV,56000.0,Tự động,Đã sử dụng,Xăng
2025-10-23,2024,Lexus RX 350 Premium,3000000000.0,Nhập khẩu,Hà Nội,SUV,18000.0,Tự động,Đã sử dụng,Xăng
2025-10-23,2022,VinFast Lux A 2.0 Tiêu chuẩn,535000000.0,Nội địa,Hà Nội,Sedan,50000.0,Tự động,Đã sử dụng,Xăng
2025-10-23,2017,BMW 5 Series 528i GT,779000000.0,Nhập khẩu,TP HCM,Sedan,62000.0,Tự động,Đã sử dụng,Xăng
2025-10-23,2023,Volkswagen T,788000000.0,Nhập khẩu,TP HCM,Crossover,2300.0,Tự động,Đã sử dụng,Xăng
2025-10-23,2024,Hyundai Tucson 1.6 AT Turbo HTRAC Đặc biệt,939000000.0,Nội địa,TP HCM,Crossover,7000.0,Tự động,Đã sử dụng,Xăng
2025-10-23,2018,Ford Focus Sport 1.5L,418000000.0,Nội địa,Hà Nội,Hatchback,110000.0,Tự động,Đã sử dụng,Xăng
2025-10-23,2021,Mazda CX 30 Premium 2.0 AT,606000000.0,Nhập khẩu,Hà Nội,Crossover,46000.0,Tự động,Đã sử dụng,Xăng
2025-10-23,2017,Hyundai SantaFe 2.2L 4WD,690000000.0,Nội địa,Hà Nội,SUV,64000.0,Tự động,Đã sử dụng,Dầu diesel
2025-10-23,2019,Mitsubishi Pajero Sport 2.4D 4x2 AT,710000000.0,Nhập khẩu,Đăk Lăk,SUV,74000.0,Tự động,Đã sử dụng,Dầu diesel
2025-10-23,2016,Kia Morning Van 1.0 AT,205000000.0,Nhập khẩu,Thái Bình,Van/Minivan,55000.0,Tự động,Đã sử dụng,Xăng
2025-10-23,2014,Honda City 1.5 AT,295000000.0,Nội địa,Hà Nội,Sedan,120000.0,Tự động,Đã sử dụng,Xăng
2025-10-23,2023,Kia K3 Luxury 1.6 AT,555000000.0,Nội địa,Hà Nội,Sedan,60000.0,Tự động,Đã sử dụng,Xăng
2025-10-23,2022,Suzuki Super Carry Van Blind Van,215000000.0,Nội địa,TP HCM,Van/Minivan,52000.0,Số Tay,Đã sử dụng,Xăng
2025-10-23,2017,Porsche Panamera 3.0 V6,2000000000.0,Nhập khẩu,Hà Nội,Sedan,110000.0,Tự động,Đã sử dụng,Xăng
2025-10-23,2020,Peugeot 5008 Allure 1.6 AT,645000000.0,Nội địa,Hà Nội,SUV,60000.0,Tự động,Đã sử dụng,Xăng
2025-10-23,2024,Mini Cooper Convertible S,2000000000.0,Nhập khẩu,Hà Nội,Convertible/Cabriolet,0.0,Tự động,Xe mới,Xăng
2025-10-23,2016,Mazda 3 1.5 AT,375000000.0,Nội địa,Hải Phòng,Sedan,93000.0,Tự động,Đã sử dụng,Xăng
2025-10-23,2016,Volkswagen Touareg 3.6 AT,795000000.0,Nhập khẩu,Bình Dương,SUV,85000.0,Tự động,Đã sử dụng,Xăng
2025-10-23,2012,Hyundai i20 1.4 AT,218000000.0,Nhập khẩu,Hà Nội,Hatchback,120000.0,Tự động,Đã sử dụng,Xăng
2025-10-23,2019,VinFast Fadil 1.4 AT Plus,285000000.0,Nội địa,Hà Nội,Hatchback,80000.0,Tự động,Đã sử dụng,Xăng
2025-10-23,2022,Mercedes Benz GLC 200 4Matic,1000000000.0,Nội địa,Hải Phòng,SUV,33000.0,Tự động,Đã sử dụng,Xăng
2025-10-23,2015,Lexus IS 250 F,985000000.0,Nhập khẩu,TP HCM,Sedan,75000.0,Tự động,Đã sử dụng,Xăng
2025-10-23,2016,Kia Morning EX,135000000.0,Nội địa,Hải Phòng,Hatchback,100000.0,Số Tay,Đã sử dụng,Xăng
2025-10-23,2010,Porsche Panamera 3.6 V6,860000000.0,Nhập khẩu,Hà Nội,Sedan,84000.0,Tự động,Đã sử dụng,Xăng
2025-10-23,2012,Toyota Innova 2.0G,350000000.0,Nội địa,TP HCM,Crossover,149000.0,Tự động,Đã sử dụng,Xăng
2025-10-23,2017,Hyundai SantaFe 2.4L,499000000.0,Nội địa,Hà Nội,SUV,120000.0,Tự động,Đã sử dụng,Xăng
2025-10-23,2023,Ford Everest Titanium 2.0L 4x2 AT,1000000000.0,Nhập khẩu,Hà Nội,SUV,35000.0,Tự động,Đã sử dụng,Dầu diesel
2025-10-23,2020,Porsche Macan S,2000000000.0,Nhập khẩu,Hà Nội,SUV,40000.0,Tự động,Đã sử dụng,Xăng
2025-10-23,2022,Mercedes Benz S class S450 4Matic Luxury,4000000000.0,Nhập khẩu,TP HCM,Sedan,500.0,Tự động,Đã sử dụng,Xăng
2025-10-23,2015,Hyundai Avante 1.6 MT,245000000.0,Nội địa,Phú Thọ,Sedan,150000.0,Số Tay,Đã sử dụng,Xăng
2025-10-23,2019,Ford EcoSport Titanium 1.5L AT,430000000.0,Nội địa,Hà Nội,SUV,80000.0,Tự động,Đã sử dụng,Xăng
2025-10-23,2017,Audi Q2 1.4 TFSI,720000000.0,Nhập khẩu,Hà Nội,Crossover,63000.0,Tự động,Đã sử dụng,Xăng
2025-10-23,2025,Toyota Raize G 1.0 CVT,525000000.0,Nhập khẩu,Hà Nội,SUV,6800.0,Tự động,Đã sử dụng,Xăng
2025-10-23,2025,Ford Territory Titanium X 1.5 AT,804000000.0,Nội địa,Hà Nội,SUV,0.0,Tự động,Xe mới,Xăng
2025-10-23,2017,Lexus RX 350,2000000000.0,Nhập khẩu,Hà Nội,SUV,50000.0,Tự động,Đã sử dụng,Xăng
2025-10-23,2023,Mercedes Benz GLC 300 4Matic,2000000000.0,Nội địa,Hải Phòng,SUV,13000.0,Tự động,Đã sử dụng,Hybrid
2025-10-23,2022,Toyota Prado VX 2.7L,2000000000.0,Nhập khẩu,Hà Nội,SUV,95000.0,Tự động,Đã sử dụng,Xăng
2025-10-23,2019,Ford Ranger XLS 2.2L 4x2 AT,560000000.0,Nhập khẩu,Hà Nội,Bán tải / Pickup,35000.0,Tự động,Đã sử dụng,Dầu diesel
2025-10-23,2021,Hyundai Elantra 2.0 AT,485000000.0,Nội địa,Hà Nội,Sedan,65000.0,Tự động,Đã sử dụng,Xăng
2025-10-23,2022,Mitsubishi Outlander Premium 2.0 CVT,750000000.0,Nội địa,Hà Nội,SUV,53000.0,Tự động,Đã sử dụng,Xăng
2025-10-23,2022,Kia Seltos Premium 1.4 AT,600000000.0,Nội địa,Hà Nội,Crossover,60000.0,Tự động,Đã sử dụng,Xăng
2025-10-23,2022,Mercedes Benz S class S450 4Matic,3000000000.0,Nhập khẩu,TP HCM,Sedan,32000.0,Tự động,Đã sử dụng,Xăng
2025-10-23,2024,Hyundai HD 1000,2000000000.0,Nhập khẩu,Ninh Bình,Truck,0.0,Số Tay,Xe mới,Dầu diesel
2025-10-23,2015,Mercedes Benz GL 400 4Matic,985000000.0,Nhập khẩu,Hà Nội,SUV,152000.0,Tự động,Đã sử dụng,Xăng
2025-10-23,2019,Mercedes Benz S class S450L,2000000000.0,Nội địa,Đà Nẵng,Sedan,60000.0,Tự động,Đã sử dụng,Xăng
2025-10-23,2015,Mercedes Benz S class S400L,1000000000.0,Nội địa,Hà Nội,Sedan,110000.0,Tự động,Đã sử dụng,Xăng
2025-10-23,2024,Toyota Veloz Cross 1.5 CVT,560000000.0,Nội địa,Bà Rịa Vũng Tàu,SUV,39000.0,Tự động,Đã sử dụng,Xăng
2025-10-23,2024,Mazda CX8 Premium,940000000.0,Nội địa,TP HCM,SUV,41000.0,Tự động,Đã sử dụng,Xăng
2025-10-23,2020,Kia Seltos Premium 1.4 AT,568000000.0,Nội địa,Hà Nội,Crossover,60000.0,Tự động,Đã sử dụng,Xăng
2025-10-23,2019,Mercedes Benz GLC 200 4Matic,1000000000.0,Nội địa,Hà Nội,SUV,80000.0,Tự động,Đã sử dụng,Xăng
2025-10-23,2019,Toyota Camry 2.0G,699000000.0,Nhập khẩu,Bình Dương,Sedan,118000.0,Tự động,Đã sử dụng,Xăng
2025-10-23,2025,Honda HRV e:HEV RS,838000000.0,Nhập khẩu,Hà Nội,Crossover,0.0,Tự động,Xe mới,Hybrid
2025-10-23,2015,Lexus LS 460L,1000000000.0,Nhập khẩu,Hà Nội,Sedan,98000.0,Tự động,Đã sử dụng,Xăng
2025-10-23,2020,Mercedes Benz GLC 300 4Matic,1000000000.0,Nội địa,Hà Nội,SUV,55000.0,Tự động,Đã sử dụng,Xăng
2025-10-23,2023,Hyundai Accent 1.4 AT,458000000.0,Nội địa,Hà Nội,Sedan,56000.0,Tự động,Đã sử dụng,Xăng
2025-10-23,2020,Toyota Corolla altis 1.8G AT,639000000.0,Nội địa,Hà Nội,Sedan,6000.0,Tự động,Đã sử dụng,Xăng
2025-10-23,2023,Mitsubishi Pajero Sport 2.4D 4x2 AT,950000000.0,Nhập khẩu,Hà Nội,SUV,10000.0,Tự động,Đã sử dụng,Dầu diesel
2025-10-23,2021,Mitsubishi Triton 4x2 AT Mivec,486000000.0,Nhập khẩu,Hà Nội,Bán tải / Pickup,59000.0,Tự động,Đã sử dụng,Dầu diesel
2025-10-23,2016,Kia Morning EX,148000000.0,Nội địa,TP HCM,Hatchback,120.0,Số Tay,Đã sử dụng,Xăng
2025-10-23,2022,Kia Sportage Signature 1.6T AWD,880000000.0,Nội địa,TP HCM,Crossover,15000.0,Tự động,Đã sử dụng,Xăng
2025-10-23,2023,Mitsubishi Xpander Premium 1.5 AT,550000000.0,Nhập khẩu,Hà Nội,SUV,58000.0,Tự động,Đã sử dụng,Xăng
2025-10-23,2018,Audi Q5 2.0 AT,1000000000.0,Nhập khẩu,Hà Nội,SUV,64000.0,Tự động,Đã sử dụng,Xăng
2025-10-23,2022,Kia Carens 1.5D Premium,615000000.0,Nội địa,Hà Nội,SUV,50000.0,Tự động,Đã sử dụng,Dầu diesel
2025-10-23,2021,Ford Everest Titanium 2.0L 4x2 AT,900000000.0,Nhập khẩu,Long An,SUV,63000.0,Tự động,Đã sử dụng,Dầu diesel
2025-10-23,2023,Mazda 3 1.5L Luxury,599000000.0,Nội địa,Hà Nội,Sedan,46000.0,Tự động,Đã sử dụng,Xăng
2025-10-23,2004,Toyota Land Cruiser GX 4.5,395000000.0,Nội địa,Hà Nội,SUV,170000.0,Số Tay,Đã sử dụng,Xăng
2025-10-23,2013,Toyota Innova 2.0G,318000000.0,Nội địa,TP HCM,Crossover,120000.0,Tự động,Đã sử dụng,Xăng
2025-10-23,2013,Toyota 4 Runner Limited,1000000000.0,Nhập khẩu,Hà Nội,SUV,110000.0,Tự động,Đã sử dụng,Xăng
2025-10-23,2020,Hyundai Elantra Sport 1.6 AT,505000000.0,Nội địa,Hà Nội,Sedan,60000.0,Tự động,Đã sử dụng,Xăng
2025-10-23,2020,Ford Everest Titanium 2.0L 4x2 AT,865000000.0,Nhập khẩu,TP HCM,SUV,73000.0,Tự động,Đã sử dụng,Dầu diesel
2025-10-23,2025,Mitsubishi Xforce Ultimate,630000000.0,Nhập khẩu,TP HCM,SUV,0.0,Tự động,Xe mới,Xăng
2025-10-23,2015,Toyota Innova 2.0E,310000000.0,Nội địa,Hà Nội,Crossover,100000.0,Số Tay,Đã sử dụng,Xăng
2025-10-23,2024,Hyundai Accent 1.4 AT Đặc Biệt,479000000.0,Nội địa,Bình Dương,Sedan,6000.0,Tự động,Đã sử dụng,Xăng
2025-10-23,2017,Nissan Navara EL 2.5 AT 2WD,370000000.0,Nhập khẩu,Hà Nội,Bán tải / Pickup,75000.0,Tự động,Đã sử dụng,Dầu diesel
2025-10-23,2024,Kia Seltos Deluxe 1.5 AT,599000000.0,Nội địa,Thái Bình,Crossover,5000.0,Tự động,Đã sử dụng,Xăng
2025-10-23,2020,Honda HRV G,545000000.0,Nhập khẩu,Hà Nội,Crossover,34000.0,Tự động,Đã sử dụng,Xăng
2025-10-23,2023,Toyota Fortuner 2.7L 4x2 AT,1000000000.0,Nhập khẩu,TP HCM,SUV,7000.0,Tự động,Đã sử dụng,Xăng
2025-10-23,2016,Toyota Fortuner 2.4G 4x2 MT,550000000.0,Nhập khẩu,Đăk Lăk,SUV,110000.0,Số Tay,Đã sử dụng,Dầu diesel
2025-10-23,2022,Ford Everest Titanium 2.0L 4x2 AT,1000000000.0,Nhập khẩu,TP HCM,SUV,35000.0,Tự động,Đã sử dụng,Dầu diesel
2025-10-23,2016,Jaguar XF 2.0 AT,888000000.0,Nhập khẩu,TP HCM,Sedan,39000.0,Tự động,Đã sử dụng,Xăng
2025-10-23,2023,VinFast VF8 Plus AWD,890000000.0,Nội địa,Hà Nội,SUV,40000.0,Tự động,Đã sử dụng,Điện
2025-10-23,2014,Toyota Camry 2.0E,455000000.0,Nội địa,Vĩnh Phúc,Sedan,85000.0,Tự động,Đã sử dụng,Xăng
2025-10-23,2022,Toyota Corolla Cross 1.8G,670000000.0,Nhập khẩu,Hà Nội,SUV,50000.0,Tự động,Đã sử dụng,Xăng
2025-10-23,2017,Lexus RX 350,1000000000.0,Nhập khẩu,Hà Nội,SUV,150000.0,Tự động,Đã sử dụng,Xăng
2025-10-23,2025,Ford Ranger Wildtrak 2.0L 4x4 AT,830000000.0,Nội địa,Hà Nội,Bán tải / Pickup,0.0,Tự động,Xe mới,Dầu diesel
2025-10-23,2025,Toyota Corolla Cross 1.8V,735000000.0,Nhập khẩu,Hà Nội,SUV,0.0,Tự động,Xe mới,Xăng
2025-10-23,2025,Ford Ranger Wildtrak 2.0L 4x4 AT,819000000.0,Nội địa,Hà Nội,Bán tải / Pickup,0.0,Tự động,Xe mới,Dầu diesel
2025-10-23,2023,Hyundai SantaFe Cao cấp 2.5L HTRAC,1000000000.0,Nội địa,Hà Nội,SUV,42000.0,Tự động,Đã sử dụng,Xăng
2025-10-23,2023,Ford Ranger Raptor 2.0L 4x4 AT,1000000000.0,Nhập khẩu,TP HCM,Bán tải / Pickup,28000.0,Tự động,Đã sử dụng,Dầu diesel
2025-10-23,2025,Hyundai Custin Đặc Biệt 1.5T,880000000.0,Nội địa,TP HCM,Van/Minivan,0.0,Tự động,Xe mới,Xăng
2025-10-23,2021,Hyundai Accent 1.4 AT Đặc Biệt,435000000.0,Nội địa,Thanh Hóa,Sedan,18000.0,Tự động,Đã sử dụng,Xăng
2025-10-23,2025,Ford Territory Titanium 1.5 AT,780000000.0,Nội địa,Hà Nội,SUV,0.0,Tự động,Xe mới,Xăng
2025-10-23,2025,Mazda CX3 Luxury 1.5 AT,589000000.0,Nội địa,TP HCM,Crossover,0.0,Tự động,Xe mới,Xăng
2025-10-23,2019,Lexus RX 350,2000000000.0,Nhập khẩu,Hà Nội,SUV,87000.0,Tự động,Đã sử dụng,Xăng
2025-10-23,2024,Volkswagen Viloran Luxury,2000000000.0,Nhập khẩu,Hà Nội,Van/Minivan,5000.0,Tự động,Đã sử dụng,Xăng
2025-10-23,2021,Mercedes Benz GLC 300 4Matic Coupe,2000000000.0,Nhập khẩu,Hà Nội,SUV,69000.0,Tự động,Đã sử dụng,Xăng
2025-10-23,2022,Ford Ranger XLS 2.2L 4x2 AT,590000000.0,Nội địa,TP HCM,Bán tải / Pickup,85000.0,Tự động,Đã sử dụng,Dầu diesel
2025-10-23,2019,LandRover Range Rover Velar R,2000000000.0,Nhập khẩu,Hà Nội,SUV,63000.0,Tự động,Đã sử dụng,Xăng
2025-10-23,2018,Kia Sorento DATH,645000000.0,Nội địa,Bình Dương,SUV,90000.0,Tự động,Đã sử dụng,Dầu diesel
2025-10-23,2022,Hyundai Creta Cao cấp 1.5 AT,589000000.0,Nhập khẩu,Hải Phòng,SUV,9700.0,Tự động,Đã sử dụng,Xăng
2025-10-23,2024,Hyundai Stargazer X 1.5 AT,529000000.0,Nhập khẩu,TP HCM,Van/Minivan,8000.0,Tự động,Đã sử dụng,Xăng
2025-10-23,2023,VinFast VF5 Plus,399000000.0,Nội địa,Hà Nội,SUV,65000.0,Tự động,Đã sử dụng,Điện
2025-10-23,2020,Mercedes Benz GLC 300 4Matic,1000000000.0,Nội địa,Hà Nội,SUV,70000.0,Tự động,Đã sử dụng,Xăng
2025-10-23,2024,Ford Everest Platinum 2.0L 4x4 AT,1000000000.0,Nhập khẩu,Hà Nội,SUV,10000.0,Tự động,Đã sử dụng,Dầu diesel
2025-10-23,2019,Mercedes Benz GLC 300 4Matic,1000000000.0,Nội địa,Hà Nội,SUV,80000.0,Tự động,Đã sử dụng,Xăng
2025-10-23,2023,Lexus ES 250 F Sport,2000000000.0,Nhập khẩu,Hà Nội,Sedan,19000.0,Tự động,Đã sử dụng,Xăng
2025-10-23,2012,Audi A7 3.0 TFSI,585000000.0,Nhập khẩu,TP HCM,Sedan,87900.0,Tự động,Đã sử dụng,Xăng
2025-10-23,2021,VinFast Fadil 1.4 AT Plus,315000000.0,Nội địa,Hải Phòng,Hatchback,70200.0,Tự động,Đã sử dụng,Xăng
2025-10-23,2025,Mitsubishi Xforce GLX,516000000.0,Nhập khẩu,Hà Nội,SUV,0.0,Tự động,Xe mới,Xăng
2025-10-23,2017,Hyundai i10 Grand 1.2 AT,255000000.0,Nội địa,Bình Dương,Sedan,64000.0,Tự động,Đã sử dụng,Xăng
2025-10-23,2021,Kia Morning GT,335000000.0,Nội địa,Hải Phòng,Hatchback,55000.0,Tự động,Đã sử dụng,Xăng
2025-10-23,2023,Mercedes Benz C class C200 Avantgarde,1000000000.0,Nội địa,Bình Dương,Sedan,3300.0,Tự động,Đã sử dụng,Xăng
2025-10-23,2024,Hyundai SantaFe Cao cấp 2.2L HTRAC,1000000000.0,Nội địa,Hà Nội,SUV,30000.0,Tự động,Đã sử dụng,Dầu diesel
2025-10-23,2020,Kia Cerato 1.6 AT Luxury,479000000.0,Nội địa,Hà Nội,Sedan,42000.0,Tự động,Đã sử dụng,Xăng
2025-10-23,2014,LandRover Range Rover Autobiography LWB 5.0,2000000000.0,Nhập khẩu,Hà Nội,SUV,91000.0,Tự động,Đã sử dụng,Xăng
2025-10-23,2022,Mazda CX 30 Premium 2.0 AT,655000000.0,Nhập khẩu,Hà Nội,Crossover,62000.0,Tự động,Đã sử dụng,Xăng
2025-10-23,2020,Mazda 6 Premium 2.0 AT,655000000.0,Nội địa,Hà Nội,Sedan,89000.0,Tự động,Đã sử dụng,Xăng
2025-10-23,2023,Kia Carnival Premium 2.2D 8S,1000000000.0,Nội địa,TP HCM,Van/Minivan,80000.0,Tự động,Đã sử dụng,Dầu diesel
2025-10-23,2014,Ford Ranger Wildtrak 3.2L 4x4 AT,380000000.0,Nhập khẩu,Hà Tĩnh,Bán tải / Pickup,160000.0,Tự động,Đã sử dụng,Dầu diesel
2025-10-23,2013,Lexus LX 570,2000000000.0,Nhập khẩu,Hà Nội,SUV,10000.0,Tự động,Đã sử dụng,Xăng
2025-10-23,2021,Mercedes Benz C class C300 AMG,1000000000.0,Nội địa,Hà Nội,Sedan,26000.0,Tự động,Đã sử dụng,Xăng
2025-10-23,2021,Mercedes Benz E class E200 Exclusive,1000000000.0,Nội địa,Hà Nội,Sedan,51000.0,Tự động,Đã sử dụng,Hybrid
2025-10-23,2025,Toyota Avanza Premio 1.5 AT,518000000.0,Nội địa,Hải Phòng,SUV,0.0,Tự động,Xe mới,Xăng
2025-10-23,2025,Toyota Camry 2.5 HEV Mid,1000000000.0,Nhập khẩu,Đăk Lăk,Sedan,3000.0,Tự động,Đã sử dụng,Hybrid
2025-10-23,2010,Toyota Prado TXL 2.7L,828000000.0,Nhập khẩu,Hưng Yên,SUV,168980.0,Tự động,Đã sử dụng,Xăng
2025-10-23,2023,Lynk & Co 01 Hyper Pro,779000000.0,Nhập khẩu,Hà Nội,SUV,27000.0,Tự động,Đã sử dụng,Xăng
2025-10-23,2025,Ford Territory Titanium X 1.5 AT,880000000.0,Nội địa,Hà Nội,SUV,1400.0,Tự động,Đã sử dụng,Xăng
2025-10-23,2015,Isuzu Dmax LS 2.5 4x4 AT,400000000.0,Nhập khẩu,Hà Nội,Bán tải / Pickup,100000.0,Tự động,Đã sử dụng,Dầu diesel
2025-10-23,2022,Kia Carens 1.5D Premium,610000000.0,Nội địa,Hà Nội,SUV,31000.0,Tự động,Đã sử dụng,Dầu diesel
2025-10-23,2024,Kia Soluto 1.4 AT Luxury,415000000.0,Nội địa,Hải Phòng,Sedan,18000.0,Tự động,Đã sử dụng,Xăng
2025-10-23,2025,Kia Sorento Signature 2.2D AT,1000000000.0,Nội địa,Hà Nội,SUV,9000.0,Tự động,Đã sử dụng,Dầu diesel
2025-10-23,2021,Mercedes Benz GLC 200 4Matic,1000000000.0,Nội địa,Hà Nội,SUV,58000.0,Tự động,Đã sử dụng,Xăng
2025-10-23,2019,Toyota Fortuner 2.4G 4x2 AT,696000000.0,Nội địa,TP HCM,SUV,87000.0,Tự động,Đã sử dụng,Dầu diesel
2025-10-23,2015,Ford Everest 2.5L 4x2 AT,329000000.0,Nội địa,TP HCM,SUV,91000.0,Tự động,Đã sử dụng,Dầu diesel
2025-10-23,2020,Hyundai Tucson 2.0 AT,519000000.0,Nội địa,TP HCM,Crossover,72000.0,Tự động,Đã sử dụng,Xăng
2025-10-23,2020,Honda City 1.5TOP,352000000.0,Nội địa,TP HCM,Sedan,56000.0,Tự động,Đã sử dụng,Xăng
2025-10-23,2020,Hyundai SantaFe Premium 2.2L HTRAC,809000000.0,Nội địa,TP HCM,SUV,71000.0,Tự động,Đã sử dụng,Dầu diesel
2025-10-23,2018,Toyota Wigo 1.2G AT,290000000.0,Nhập khẩu,Vĩnh Phúc,Hatchback,34000.0,Tự động,Đã sử dụng,Xăng
2025-10-23,2021,Mercedes Benz C class C300 AMG,1000000000.0,Nội địa,TP HCM,Sedan,21600.0,Tự động,Đã sử dụng,Xăng
2025-10-23,2020,Mercedes Benz S class S450L,2000000000.0,Nội địa,Hà Nội,Sedan,30000.0,Tự động,Đã sử dụng,Xăng
2025-10-23,2012,Mercedes Benz C class C200,255000000.0,Nội địa,Hà Nội,Sedan,120000.0,Tự động,Đã sử dụng,Xăng
2025-10-23,2014,Toyota Corolla altis 1.8G AT,425000000.0,Nội địa,Hà Nội,Sedan,112000.0,Tự động,Đã sử dụng,Xăng
2025-10-23,2018,Peugeot 5008 1.6 AT,609000000.0,Nội địa,Hà Nội,SUV,80000.0,Tự động,Đã sử dụng,Xăng
2025-10-23,2024,Gaz Gazelle NN Van 2.5 MT,448000000.0,Nội địa,TP HCM,Van/Minivan,15000.0,Số Tay,Đã sử dụng,Dầu diesel
2025-10-23,2020,Mercedes Benz E class E180,999000000.0,Nội địa,Hà Nội,Sedan,53000.0,Tự động,Đã sử dụng,Xăng
2025-10-23,2009,Toyota Camry 3.5Q,285000000.0,Nội địa,Hà Nội,Sedan,120000.0,Tự động,Đã sử dụng,Xăng
2025-10-23,2024,VinFast VF5 Plus,435000000.0,Nội địa,Hà Nội,SUV,20000.0,Tự động,Đã sử dụng,Điện
2025-10-23,2022,Mercedes Benz GLC 200,1000000000.0,Nội địa,TP HCM,SUV,27000.0,Tự động,Đã sử dụng,Xăng
2025-10-23,2011,Kia Forte SX 1.6 MT,215000000.0,Nội địa,TP HCM,Sedan,70000.0,Số Tay,Đã sử dụng,Xăng
2025-10-23,2025,Ford Ranger XLS 2.0L 4x2 AT,620000000.0,Nội địa,Hà Nội,Bán tải / Pickup,0.0,Tự động,Xe mới,Dầu diesel
2025-10-23,2025,Hyundai Stargazer X 1.5 AT,510000000.0,Nhập khẩu,TP HCM,Van/Minivan,0.0,Tự động,Xe mới,Xăng
2025-10-23,2024,Mitsubishi Xpander Cross 1.5 AT,625000000.0,Nhập khẩu,Hà Nội,SUV,13000.0,Tự động,Đã sử dụng,Xăng
2025-10-23,2020,Kia Cerato 1.6 AT Luxury,440000000.0,Nội địa,Hà Nội,Sedan,65836.0,Tự động,Đã sử dụng,Xăng
2025-10-23,2021,Ford Ranger XLS 2.2L 4x2 AT,545000000.0,Nhập khẩu,Quảng Ninh,Bán tải / Pickup,80000.0,Tự động,Đã sử dụng,Dầu diesel
2025-10-23,2025,Suzuki Swift 1.2 AT,544000000.0,Nhập khẩu,Hà Nội,Hatchback,0.0,Tự động,Xe mới,Hybrid
2025-10-23,2025,Hyundai Stargazer X Cao cấp 1.5 AT,560000000.0,Nhập khẩu,Hà Nội,Van/Minivan,0.0,Tự động,Xe mới,Xăng
2025-10-23,2023,Ford Transit Tiêu chuẩn,735000000.0,Nội địa,TP HCM,Van/Minivan,21000.0,Số Tay,Đã sử dụng,Dầu diesel
2025-10-23,2021,Mazda CX3 Deluxe 1.5 AT,470000000.0,Nhập khẩu,Hà Nội,Crossover,69000.0,Tự động,Đã sử dụng,Xăng
2025-10-23,2020,Hyundai Elantra Sport 1.6 AT,500000000.0,Nội địa,Hà Nội,Sedan,60000.0,Tự động,Đã sử dụng,Xăng
2025-10-23,2025,BYD Seal 5 DM,690000000.0,Nhập khẩu,Đồng Nai,Sedan,0.0,Tự động,Xe mới,Hybrid
2025-10-23,2015,Honda CRV 2.0 AT,488000000.0,Nội địa,Hà Nội,SUV,70000.0,Tự động,Đã sử dụng,Xăng
2025-10-23,2021,Toyota Prado VX 2.7L,2000000000.0,Nhập khẩu,Hà Nội,SUV,48000.0,Tự động,Đã sử dụng,Xăng
2025-10-23,2021,BMW 7 Series 740Li,3000000000.0,Nhập khẩu,Hà Nội,Sedan,60000.0,Tự động,Đã sử dụng,Xăng
2025-10-23,2025,Jaecoo J7 Flagship 1.6 AT Turbo,739000000.0,Nhập khẩu,Hải Phòng,SUV,0.0,Tự động,Xe mới,Xăng
2025-10-23,2024,VinFast VF5 Plus,415000000.0,Nội địa,Thanh Hóa,SUV,22400.0,Tự động,Đã sử dụng,Điện
2025-10-23,2010,Mazda 3 1.6 AT,235000000.0,Nhập khẩu,Hà Nội,Hatchback,80000.0,Tự động,Đã sử dụng,Xăng
2025-10-23,2023,VinFast VF8 Eco AWD,745000000.0,Nội địa,TP HCM,SUV,38600.0,Tự động,Đã sử dụng,Điện
2025-10-23,2024,Ford Transit Premium,860000000.0,Nội địa,Hà Nội,Van/Minivan,35000.0,Số Tay,Đã sử dụng,Dầu diesel
2025-10-23,2023,Kia Sportage Signature 1.6T AWD,899000000.0,Nội địa,Hà Nội,Crossover,30000.0,Tự động,Đã sử dụng,Xăng
2025-10-23,2016,Lexus RX 200t,1000000000.0,Nhập khẩu,Hà Nội,SUV,10.0,Tự động,Đã sử dụng,Xăng
2025-10-23,2019,VinFast Lux SA 2.0 Premium 2.0 AT,630000000.0,Nội địa,Hà Nội,SUV,71000.0,Tự động,Đã sử dụng,Xăng
2025-10-23,2020,Kia Sedona 2.2 DAT Luxury,830000000.0,Nội địa,Hà Nội,Van/Minivan,87000.0,Tự động,Đã sử dụng,Dầu diesel
2025-10-23,2017,Mercedes Benz C class C200,639000000.0,Nội địa,TP HCM,Sedan,71000.0,Tự động,Đã sử dụng,Xăng
2025-10-23,2023,Lexus RX 350 Luxury,4000000000.0,Nhập khẩu,Hà Nội,SUV,13000.0,Tự động,Đã sử dụng,Xăng
2025-10-23,2018,Peugeot 5008 1.6 AT,615000000.0,Nội địa,Hà Nội,SUV,80000.0,Tự động,Đã sử dụng,Xăng
2025-10-23,2022,Kia Morning X,385000000.0,Nội địa,Bà Rịa Vũng Tàu,Hatchback,26000.0,Tự động,Đã sử dụng,Xăng
2025-10-23,2019,Toyota Wigo 1.2G AT,285000000.0,Nhập khẩu,Vĩnh Phúc,Hatchback,27600.0,Tự động,Đã sử dụng,Xăng
2025-10-23,2018,Ford Ranger Wildtrak 2.0L 4x4 AT,575000000.0,Nhập khẩu,Hà Nội,Bán tải / Pickup,100000.0,Tự động,Đã sử dụng,Dầu diesel
2025-10-23,2025,Volvo S90 Ultra B6 AWD,2000000000.0,Nhập khẩu,Hà Nội,Sedan,0.0,Tự động,Xe mới,Xăng
2025-10-23,2016,Nissan Navara EL 2.5AT 2WD,355000000.0,Nhập khẩu,Tuyên Quang,Bán tải / Pickup,110000.0,Tự động,Đã sử dụng,Dầu diesel
2025-10-23,2010,Lexus RX 350,820000000.0,Nhập khẩu,Hà Nội,SUV,100000.0,Tự động,Đã sử dụng,Xăng
2025-10-23,2021,Mazda 6 Signature Premium 2.5 AT,699000000.0,Nội địa,Hà Nội,Sedan,30000.0,Tự động,Đã sử dụng,Xăng
2025-10-23,2019,Kia Sedona 2.2 DAT Luxury,779000000.0,Nội địa,TP HCM,Van/Minivan,87000.0,Tự động,Đã sử dụng,Dầu diesel
2025-10-23,2021,VinFast Lux A 2.0 Plus 2.0 AT,528000000.0,Nội địa,Hà Nội,Sedan,53000.0,Tự động,Đã sử dụng,Xăng
2025-10-23,2020,Hyundai SantaFe Premium 2.2L HTRAC,855000000.0,Nội địa,Hà Nội,SUV,70000.0,Tự động,Đã sử dụng,Dầu diesel
2025-10-23,2014,Suzuki Swift 1.4 AT,269000000.0,Nội địa,Hà Nội,Hatchback,110000.0,Tự động,Đã sử dụng,Xăng
2025-10-23,2016,Ford Focus Titanium 1.5L,355000000.0,Nội địa,Hà Nội,Sedan,130000.0,Tự động,Đã sử dụng,Xăng
2025-10-23,2019,VinFast Lux A 2.0 Premium 2.0 AT,500000000.0,Nội địa,Hà Nội,Sedan,60000.0,Tự động,Đã sử dụng,Xăng
2025-10-23,2021,Hyundai SantaFe Cao cấp 2.5L HTRAC,950000000.0,Nội địa,Hà Nội,SUV,55000.0,Tự động,Đã sử dụng,Xăng
2025-10-23,2024,VinFast VF5 Plus,425000000.0,Nội địa,Hà Nội,SUV,65000.0,Tự động,Đã sử dụng,Điện
2025-10-23,2014,Kia K3 1.6 AT,320000000.0,Nội địa,Hà Nội,Sedan,90000.0,Tự động,Đã sử dụng,Xăng
2025-10-23,2022,Suzuki Swift GLX 1.2 AT,519000000.0,Nhập khẩu,Hà Nội,Hatchback,40000.0,Tự động,Đã sử dụng,Xăng
2025-10-23,2018,Toyota Vios 1.5E CVT,300000000.0,Nội địa,TP HCM,Sedan,79000.0,Tự động,Đã sử dụng,Xăng
2025-10-23,2022,Peugeot 2008 Active 1.2 AT,555000000.0,Nội địa,Hà Nội,Crossover,33000.0,Tự động,Đã sử dụng,Xăng
2025-10-23,2011,Mercedes Benz S class S63 AMG,630000000.0,Nhập khẩu,TP HCM,Sedan,75000.0,Tự động,Đã sử dụng,Xăng
2025-10-23,2012,Hyundai Grand Starex 2.5 MT,395000000.0,Nhập khẩu,Hà Nội,Van/Minivan,110000.0,Số Tay,Đã sử dụng,Dầu diesel
2025-10-23,2019,Toyota Alphard Executive Lounge,3000000000.0,Nhập khẩu,Hà Nội,Van/Minivan,67000.0,Tự động,Đã sử dụng,Xăng
2025-10-23,2024,Toyota Raize G 1.0 CVT,488000000.0,Nhập khẩu,Nghệ An,SUV,37000.0,Tự động,Đã sử dụng,Xăng
2025-10-23,2025,Hyundai Tucson 1.6 AT Turbo HTRAC Đặc biệt,936000000.0,Nội địa,Hà Nội,Crossover,0.0,Tự động,Xe mới,Xăng
2025-10-23,2022,Toyota Vios E CVT,425000000.0,Nội địa,Hà Nội,Sedan,38000.0,Tự động,Đã sử dụng,Xăng
2025-10-23,2025,BMW 5 Series 520i Premium,2000000000.0,Nội địa,Hà Nội,Sedan,0.0,Tự động,Xe mới,Xăng
2025-10-23,2020,Ford Everest Titanium 2.0L 4x4 AT,868000000.0,Nhập khẩu,Hà Nội,SUV,80000.0,Tự động,Đã sử dụng,Dầu diesel
2025-10-23,2024,Toyota Yaris Cross 1.5 D,645000000.0,Nhập khẩu,Hà Nội,SUV,5000.0,Tự động,Đã sử dụng,Xăng
2025-10-23,2024,Hyundai Tucson 2.0 AT Đặc biệt,820000000.0,Nội địa,Hà Nội,Crossover,26000.0,Tự động,Đã sử dụng,Xăng
2025-10-23,2021,Kia Carnival Signature 2.2D,1000000000.0,Nội địa,Hà Nội,Van/Minivan,79000.0,Tự động,Đã sử dụng,Dầu diesel
2025-10-23,2008,Toyota Yaris 1.3 AT,245000000.0,Nhập khẩu,Thái Bình,Hatchback,140000.0,Tự động,Đã sử dụng,Xăng
2025-10-23,2022,Mercedes Benz C class C300 AMG,1000000000.0,Nội địa,TP HCM,Sedan,26000.0,Tự động,Đã sử dụng,Xăng
2025-10-23,2011,Hyundai Sonata 2.0 AT,315000000.0,Nhập khẩu,TP HCM,Sedan,116000.0,Tự động,Đã sử dụng,Xăng
2025-10-23,2017,Mercedes Benz GLC 250 4Matic,779000000.0,Nội địa,Hải Phòng,SUV,110000.0,Tự động,Đã sử dụng,Xăng
2025-10-23,2025,Kia K3 Luxury 1.6 AT,584000000.0,Nội địa,Bắc Ninh,Sedan,0.0,Tự động,Xe mới,Xăng
2025-10-23,2008,Toyota Innova J,150000000.0,Nội địa,Khánh Hòa,Crossover,128618.0,Số Tay,Đã sử dụng,Xăng
2025-10-23,2024,Toyota Fortuner Legender 2.4L 4x2 AT,1000000000.0,Nội địa,Bắc Ninh,SUV,9000.0,Tự động,Đã sử dụng,Dầu diesel
2025-10-23,2024,Toyota Veloz Cross Top 1.5 CVT,575000000.0,Nội địa,TP HCM,SUV,76170.0,Tự động,Đã sử dụng,Xăng
2025-10-23,2017,Toyota Fortuner 2.4G 4x2 MT,665000000.0,Nhập khẩu,TP HCM,SUV,66000.0,Số Tay,Đã sử dụng,Dầu diesel
2025-10-23,2025,Toyota Yaris Cross 1.5 D,590000000.0,Nhập khẩu,TP HCM,SUV,0.0,Tự động,Xe mới,Xăng
2025-10-23,2017,Mercedes Benz E class E250,830000000.0,Nội địa,Hà Nội,Sedan,110000.0,Tự động,Đã sử dụng,Xăng
2025-10-23,2023,Ford Everest Titanium Plus 2.0L 4x4 AT,1000000000.0,Nhập khẩu,Hà Nội,SUV,55000.0,Tự động,Đã sử dụng,Dầu diesel
2025-10-23,2022,Toyota Raize G 1.0 CVT,458000000.0,Nhập khẩu,Hà Nội,SUV,44000.0,Tự động,Đã sử dụng,Xăng
2025-10-23,2019,VinFast Lux A 2.0 Premium 2.0 AT,499000000.0,Nội địa,Hà Nội,Sedan,69000.0,Tự động,Đã sử dụng,Xăng
2025-10-23,2014,Mazda 3 S 1.6 AT,288000000.0,Nội địa,Hà Nội,Sedan,90000.0,Tự động,Đã sử dụng,Xăng
2025-10-23,2024,Ford Everest Sport 2.0L 4x2 AT,1000000000.0,Nhập khẩu,TP HCM,SUV,22000.0,Tự động,Đã sử dụng,Dầu diesel
2025-10-23,2021,Peugeot 2008 GT Line 1.2 AT,585000000.0,Nội địa,Hải Phòng,Crossover,32000.0,Tự động,Đã sử dụng,Xăng
2025-10-23,2025,Kia Sportage Premium 2.0G,820000000.0,Nội địa,Hà Nội,Crossover,6000.0,Tự động,Đã sử dụng,Xăng
2025-10-23,2022,Hyundai SantaFe Tiêu chuẩn 2.2L,935000000.0,Nội địa,Hà Nội,SUV,61000.0,Tự động,Đã sử dụng,Dầu diesel
2025-10-23,2015,Kia Sorento DATH,445000000.0,Nội địa,Hà Nội,SUV,90000.0,Tự động,Đã sử dụng,Dầu diesel
2025-10-23,2021,Hyundai SantaFe Cao cấp 2.2L HTRAC,1000000000.0,Nội địa,Hà Nội,SUV,58000.0,Tự động,Đã sử dụng,Dầu diesel
2025-10-23,2019,VinFast Fadil 1.4 AT Plus,280000000.0,Nội địa,Hà Nội,Hatchback,50000.0,Tự động,Đã sử dụng,Xăng
2025-10-23,2017,McLaren 720S 4.0 V8,8000000000.0,Nhập khẩu,Hà Nội,Coupe,12000.0,Tự động,Đã sử dụng,Xăng
2025-10-23,2018,Peugeot 5008 1.6 AT,650000000.0,Nội địa,Bình Dương,SUV,49219.0,Tự động,Đã sử dụng,Xăng
2025-10-23,2019,Hyundai Tucson 2.0 AT CRDi,629000000.0,Nội địa,Hà Nội,Crossover,110000.0,Tự động,Đã sử dụng,Dầu diesel
2025-10-23,2016,Honda City 1.5 AT,325000000.0,Nội địa,Hà Nội,Sedan,81000.0,Tự động,Đã sử dụng,Xăng
2025-10-23,2015,Lexus ES 250,1000000000.0,Nhập khẩu,Hà Nội,Sedan,100000.0,Tự động,Đã sử dụng,Xăng
2025-10-23,2020,Suzuki XL7 1.5 AT,430000000.0,Nhập khẩu,Đăk Lăk,SUV,62000.0,Tự động,Đã sử dụng,Xăng
2025-10-23,2023,Kia Carnival Signature 2.2D,1000000000.0,Nội địa,Bắc Ninh,Van/Minivan,34000.0,Tự động,Đã sử dụng,Dầu diesel
2025-10-23,2016,Mercedes Benz GLC 300 4Matic,770000000.0,Nội địa,Hà Nội,SUV,140000.0,Tự động,Đã sử dụng,Xăng
2025-10-23,2019,Suzuki Swift GL 1.2 AT,385000000.0,Nhập khẩu,Hà Nội,Hatchback,83256.0,Tự động,Đã sử dụng,Xăng
2025-10-23,2024,Honda CRV e:HEV RS,1000000000.0,Nhập khẩu,TP HCM,SUV,22000.0,Tự động,Đã sử dụng,Hybrid
2025-10-23,2025,VinFast VF6 Eco,640000000.0,Nội địa,TP HCM,SUV,0.0,Tự động,Xe mới,Điện
2025-10-23,2011,Isuzu Dmax LS 3.0 4x2 MT,235000000.0,Nhập khẩu,Hà Nội,Bán tải / Pickup,160000.0,Số Tay,Đã sử dụng,Dầu diesel
2025-10-23,2022,VinFast VF8 Plus AWD,700000000.0,Nội địa,Hà Nội,SUV,57000.0,Tự động,Đã sử dụng,Điện
2025-10-23,2022,Toyota Fortuner 2.7L 4x2 AT,930000000.0,Nhập khẩu,Hà Nội,SUV,23000.0,Tự động,Đã sử dụng,Xăng
2025-10-23,2023,Ford Territory Titanium 1.5 AT,720000000.0,Nội địa,Hà Nội,SUV,39000.0,Tự động,Đã sử dụng,Xăng
2025-10-23,2015,Toyota Yaris 1.3G,360000000.0,Nhập khẩu,Hà Nội,Hatchback,53000.0,Tự động,Đã sử dụng,Xăng
2025-10-23,2014,Bentley Mulsanne Speed,7000000000.0,Nhập khẩu,Hà Nội,Sedan,54000.0,Tự động,Đã sử dụng,Xăng
2025-10-23,2019,Toyota Yaris 1.5G,450000000.0,Nhập khẩu,Hà Nội,Hatchback,26000.0,Tự động,Đã sử dụng,Xăng
2025-10-23,2010,Rolls Royce Ghost 6.6 V12,3000000000.0,Nhập khẩu,Hà Nội,Sedan,70000.0,Tự động,Đã sử dụng,Xăng
2025-10-23,2022,Mercedes Benz GLC 300 4Matic,1000000000.0,Nội địa,TP HCM,SUV,39000.0,Tự động,Đã sử dụng,Xăng
2025-10-23,2022,Mercedes Benz S class S450,3000000000.0,Nhập khẩu,Hà Nội,Sedan,32000.0,Tự động,Đã sử dụng,Xăng
2025-10-23,2022,Kia K3 Premium 1.6 AT,545000000.0,Nội địa,Hà Nội,Sedan,50000.0,Tự động,Đã sử dụng,Xăng
2025-10-23,2022,Mercedes Benz S class S450 Luxury,4000000000.0,Nhập khẩu,TP HCM,Sedan,20.0,Tự động,Đã sử dụng,Xăng
2025-10-23,2020,Honda CRV L,815000000.0,Nội địa,Bình Dương,SUV,67000.0,Tự động,Đã sử dụng,Xăng
2025-10-23,2020,Kia Sorento 2.4 GAT Deluxe,565000000.0,Nội địa,Hà Nội,SUV,77000.0,Tự động,Đã sử dụng,Xăng
2025-10-23,2022,Mazda 3 1.5L Luxury,530000000.0,Nội địa,Nam Định,Sedan,40000.0,Tự động,Đã sử dụng,Xăng
2025-10-23,2018,Toyota Yaris 1.5G,440000000.0,Nhập khẩu,Tây Ninh,Hatchback,53364.0,Tự động,Đã sử dụng,Xăng
2025-10-23,2024,Toyota Raize G 1.0 CVT,500000000.0,Nhập khẩu,TP HCM,SUV,8035.0,Tự động,Đã sử dụng,Xăng
2025-10-23,2021,Honda City RS 1.5 AT,455000000.0,Nội địa,Quảng Ninh,Sedan,50000.0,Tự động,Đã sử dụng,Xăng
2025-10-23,2016,Honda CRV 2.0 AT,495000000.0,Nội địa,Hà Nội,SUV,90000.0,Tự động,Đã sử dụng,Xăng
2025-10-23,2023,VinFast VF9 Plus,930000000.0,Nội địa,Hà Nội,SUV,100000.0,Tự động,Đã sử dụng,Điện
2025-10-23,2019,Mercedes Benz C class C200,779000000.0,Nội địa,Hà Nội,Sedan,80000.0,Tự động,Đã sử dụng,Xăng
2025-10-23,2022,Kia Seltos Premium 1.6 AT,599000000.0,Nội địa,Bà Rịa Vũng Tàu,Crossover,35000.0,Tự động,Đã sử dụng,Xăng
2025-10-23,2011,BMW 7 Series 730Li,565000000.0,Nhập khẩu,Hà Nội,Sedan,83000.0,Tự động,Đã sử dụng,Xăng
2025-10-23,2018,Mercedes Benz S class S450L Luxury,1000000000.0,Nội địa,Hà Nội,Sedan,80000.0,Tự động,Đã sử dụng,Xăng
2025-10-23,2020,Nissan X trail 2.5 SV Luxury,660000000.0,Nội địa,Hà Nội,SUV,60000.0,Tự động,Đã sử dụng,Xăng
2025-10-23,2020,Mercedes Benz GLC 200 4Matic,1000000000.0,Nội địa,Hà Nội,SUV,60000.0,Tự động,Đã sử dụng,Xăng
2025-10-23,2010,Hyundai Verna 1.4 MT,135000000.0,Nhập khẩu,Phú Thọ,Sedan,180000.0,Số Tay,Đã sử dụng,Xăng
2025-10-23,2022,Kia Carnival Signature 2.2D,1000000000.0,Nội địa,Hà Nội,Van/Minivan,78000.0,Tự động,Đã sử dụng,Dầu diesel
2025-10-23,2022,Mitsubishi Xpander Premium 1.5 AT,505000000.0,Nhập khẩu,Hà Nội,SUV,45000.0,Tự động,Đã sử dụng,Xăng
2025-10-23,2022,Ford Everest Titanium 2.0L 4x2 AT,1000000000.0,Nhập khẩu,Quảng Ninh,SUV,30000.0,Tự động,Đã sử dụng,Dầu diesel
2025-10-23,2019,Porsche Cayenne 3.0 V6,3000000000.0,Nhập khẩu,Hà Nội,SUV,57000.0,Tự động,Đã sử dụng,Xăng
2025-10-23,2018,Mazda CX5 2.5 AT 2WD,619000000.0,Nội địa,Hà Nội,SUV,66666.0,Tự động,Đã sử dụng,Xăng
2025-10-23,2010,BMW 3 Series 320i,270000000.0,Nhập khẩu,Hải Phòng,Sedan,8700.0,Tự động,Đã sử dụng,Xăng
2025-10-23,2019,Mercedes Benz E class E300 AMG,1000000000.0,Nội địa,Hà Nội,Sedan,63000.0,Tự động,Đã sử dụng,Xăng
2025-10-23,2021,Mercedes Benz GLC 200 4Matic,1000000000.0,Nội địa,Hà Nội,SUV,69000.0,Tự động,Đã sử dụng,Xăng
2025-10-23,2010,Hyundai i10 1.2 AT,185000000.0,Nhập khẩu,Bình Định,Hatchback,131000.0,Tự động,Đã sử dụng,Xăng
2025-10-23,2015,BMW 3 Series 320i,499000000.0,Nhập khẩu,Hà Nội,Sedan,78000.0,Tự động,Đã sử dụng,Xăng
2025-10-23,2018,Hyundai Tucson 2.0 AT CRDi,570000000.0,Nội địa,Hà Nội,Crossover,60000.0,Tự động,Đã sử dụng,Dầu diesel
2025-10-23,2021,Mercedes Benz GLC 200,1000000000.0,Nội địa,Hà Nội,SUV,63000.0,Tự động,Đã sử dụng,Xăng
2025-10-23,2014,Toyota Fortuner 2.7V 4x2 AT,435000000.0,Nội địa,TP HCM,SUV,135000.0,Tự động,Đã sử dụng,Xăng
2025-10-23,2020,VinFast Lux SA 2.0 Plus 2.0 AT,615000000.0,Nội địa,Thái Nguyên,SUV,60000.0,Tự động,Đã sử dụng,Xăng
2025-10-23,2021,Volkswagen Teramont 2.0 AT,1000000000.0,Nhập khẩu,TP HCM,SUV,79000.0,Tự động,Đã sử dụng,Xăng
2025-10-23,2015,Mercedes Benz GLA class GLA 45 AMG 4Matic,689000000.0,Nhập khẩu,TP HCM,SUV,63000.0,Tự động,Đã sử dụng,Xăng
2025-10-23,2021,Kia Seltos Deluxe 1.4 AT,530000000.0,Nội địa,Đăk Lăk,Crossover,46000.0,Tự động,Đã sử dụng,Xăng
2025-10-23,2014,Honda CRV 2.0 AT,458000000.0,Nội địa,Bắc Ninh,SUV,100000.0,Tự động,Đã sử dụng,Xăng
2025-10-23,2019,Toyota Corolla altis 1.8G AT,485000000.0,Nội địa,TP HCM,Sedan,75000.0,Tự động,Đã sử dụng,Xăng
2025-10-23,2022,Mercedes Benz C class C300 AMG,1000000000.0,Nội địa,Hà Nội,Sedan,10000.0,Tự động,Đã sử dụng,Xăng
2025-10-23,2011,BMW 5 Series 523i,395000000.0,Nhập khẩu,Bình Dương,Sedan,120000.0,Tự động,Đã sử dụng,Xăng
2025-10-23,2010,Toyota Camry LE 2.5,420000000.0,Nhập khẩu,Hưng Yên,Sedan,100000.0,Tự động,Đã sử dụng,Xăng
2025-10-23,2018,Kia Morning Si AT,270000000.0,Nội địa,Hải Phòng,Hatchback,78000.0,Tự động,Đã sử dụng,Xăng
2025-10-23,2017,Hyundai SantaFe 2.4L 4WD,575000000.0,Nội địa,Hà Nội,SUV,78000.0,Tự động,Đã sử dụng,Xăng
2025-10-23,2015,Kia Sorento DATH,495000000.0,Nội địa,Hà Nội,SUV,130000.0,Tự động,Đã sử dụng,Dầu diesel
2025-10-23,2019,Mitsubishi Outlander 2.0 CVT Special Edition,599000000.0,Nội địa,Hà Nội,SUV,80000.0,Tự động,Đã sử dụng,Xăng
2025-10-23,2023,Toyota Vios E 1.5 MT,388000000.0,Nội địa,Hà Nội,Sedan,24000.0,Số Tay,Đã sử dụng,Xăng
2025-10-23,2023,Ford Transit Tiêu chuẩn,705000000.0,Nội địa,TP HCM,Van/Minivan,62000.0,Số Tay,Đã sử dụng,Dầu diesel
2025-10-23,2021,Mazda 6 Luxury 2.0 AT,619000000.0,Nội địa,TP HCM,Sedan,52000.0,Tự động,Đã sử dụng,Xăng
2025-10-23,2019,Mercedes Benz S class S450L,1000000000.0,Nội địa,Hà Nội,Sedan,80000.0,Tự động,Đã sử dụng,Xăng
2025-10-23,2016,Hyundai i10 Grand 1.2 MT Base,163000000.0,Nhập khẩu,Hà Nội,Sedan,93000.0,Số Tay,Đã sử dụng,Xăng
2025-10-23,2010,Mercedes Benz C class C200 CGI,268000000.0,Nội địa,TP HCM,Sedan,106000.0,Tự động,Đã sử dụng,Xăng
2025-10-23,2020,BMW X6 xDrive40i M Sport,2000000000.0,Nhập khẩu,TP HCM,SUV,54000.0,Tự động,Đã sử dụng,Xăng
2025-10-23,2023,Volvo S90 LWB Ultimate B6 AWD,1000000000.0,Nhập khẩu,Hà Nội,Sedan,20000.0,Tự động,Đã sử dụng,Xăng
2025-10-23,2020,Volkswagen Polo 1.6 AT,388000000.0,Nhập khẩu,TP HCM,Hatchback,60000.0,Tự động,Đã sử dụng,Xăng
2025-10-23,2019,Ford Ranger Wildtrak 2.0L 4x4 AT,590000000.0,Nhập khẩu,Hà Nội,Bán tải / Pickup,90000.0,Tự động,Đã sử dụng,Dầu diesel
2025-10-23,2018,Toyota Fortuner 2.7V 4x2 AT,702000000.0,Nhập khẩu,TP HCM,SUV,71000.0,Tự động,Đã sử dụng,Xăng
2025-10-23,2025,VinFast VF8 Plus AWD,1000000000.0,Nội địa,TP HCM,SUV,0.0,Tự động,Xe mới,Điện
2025-10-23,2021,Suzuki Swift GLX 1.2 AT,490000000.0,Nhập khẩu,Hà Nội,Hatchback,26000.0,Tự động,Đã sử dụng,Xăng
2025-10-23,2025,Toyota Land Cruiser VXR 3.5 V6,4000000000.0,Nhập khẩu,Hà Nội,SUV,0.0,Tự động,Xe mới,Xăng
2025-10-23,2016,Mazda CX5 2.0 AT,488000000.0,Nội địa,Ninh Bình,SUV,90000.0,Tự động,Đã sử dụng,Xăng
2025-10-23,2025,VinFast VF3 Plus,305000000.0,Nội địa,TP HCM,Hatchback,3000.0,Tự động,Đã sử dụng,Điện
2025-10-23,2025,Bestune Xiaoma,199000000.0,Nhập khẩu,Hà Nội,Hatchback,0.0,Tự động,Xe mới,Điện
2025-10-23,2017,Toyota Camry 2.0E,560000000.0,Nội địa,Bình Dương,Sedan,88000.0,Tự động,Đã sử dụng,Xăng
2025-10-23,2017,Toyota Fortuner 2.7V 4x2 AT,638000000.0,Nhập khẩu,Hải Phòng,SUV,80000.0,Tự động,Đã sử dụng,Xăng
2025-10-23,2016,Toyota Prado TXL 2.7L,1000000000.0,Nhập khẩu,Hà Nội,SUV,15000.0,Tự động,Đã sử dụng,Xăng
2025-10-23,2021,Toyota Corolla Cross 1.8V,670000000.0,Nhập khẩu,Hà Nội,SUV,45000.0,Tự động,Đã sử dụng,Xăng
2025-10-23,2018,Lexus NX 300,1000000000.0,Nhập khẩu,Hà Nội,SUV,40000.0,Tự động,Đã sử dụng,Xăng
2025-10-23,2025,Ford Territory Titanium 1.5 AT,768000000.0,Nội địa,Hà Nội,SUV,0.0,Tự động,Xe mới,Xăng
2025-10-23,2025,Honda HRV e:HEV RS,800000000.0,Nhập khẩu,Hà Nội,Crossover,0.0,Tự động,Xe mới,Hybrid
2025-10-23,2025,Ford Territory Titanium 1.5 AT,810000000.0,Nội địa,TP HCM,SUV,0.0,Tự động,Xe mới,Xăng
2025-10-23,2025,Mazda CX5 Deluxe 2.0 AT,704000000.0,Nội địa,Hà Nội,SUV,0.0,Tự động,Xe mới,Xăng
2025-10-23,2024,Mercedes Benz C class C43 AMG 4Matic,2000000000.0,Nội địa,Hà Nội,Sedan,0.0,Tự động,Xe mới,Xăng
2025-10-23,2013,Toyota Innova 2.0E,255000000.0,Nội địa,Hà Nội,Crossover,12000.0,Số Tay,Đã sử dụng,Xăng
2025-10-23,2023,Ford Territory Titanium X 1.5 AT,785000000.0,Nội địa,Hà Nội,SUV,16000.0,Tự động,Đã sử dụng,Xăng
2025-10-23,2020,Kia Cerato 2.0 AT Premium,485000000.0,Nội địa,Hà Nội,Sedan,63000.0,Tự động,Đã sử dụng,Xăng
2025-10-23,2015,Toyota Camry 2.0E,488000000.0,Nội địa,TP HCM,Sedan,45000.0,Tự động,Đã sử dụng,Xăng
2025-10-23,2019,Mercedes Benz C class C200,810000000.0,Nội địa,Hà Nội,Sedan,26000.0,Tự động,Đã sử dụng,Xăng
2025-10-23,2017,Ford Ranger XLS 2.2L 4x2 AT,440000000.0,Nhập khẩu,Hà Nội,Bán tải / Pickup,130000.0,Tự động,Đã sử dụng,Dầu diesel
2025-10-23,2021,Mercedes Benz C class C200 Exclusive,999000000.0,Nội địa,Hà Nội,Sedan,70000.0,Tự động,Đã sử dụng,Xăng
2025-10-23,2016,Suzuki Vitara 1.6 AT,385000000.0,Nhập khẩu,Hà Nội,SUV,100000.0,Tự động,Đã sử dụng,Xăng
2025-10-23,2020,Ford Ranger Raptor 2.0L 4x4 AT,925000000.0,Nhập khẩu,Đăk Lăk,Bán tải / Pickup,66000.0,Tự động,Đã sử dụng,Dầu diesel
2025-10-23,2018,Ford EcoSport Trend 1.5L AT,360000000.0,Nội địa,Gia Lai,SUV,80000.0,Tự động,Đã sử dụng,Xăng
2025-10-23,2020,Hyundai Kona 2.0 AT,465000000.0,Nội địa,Hải Phòng,Crossover,58000.0,Tự động,Đã sử dụng,Xăng
2025-10-23,2017,Toyota Corolla altis 1.8G AT,470000000.0,Nội địa,Phú Thọ,Sedan,110000.0,Tự động,Đã sử dụng,Xăng
2025-10-23,2010,Hyundai SantaFe SLX,428000000.0,Nhập khẩu,Thái Nguyên,SUV,16700.0,Tự động,Đã sử dụng,Dầu diesel
2025-10-23,2017,Mercedes Benz C class C300 AMG,699000000.0,Nội địa,Hà Nội,Sedan,145000.0,Tự động,Đã sử dụng,Xăng
2025-10-23,2017,Hyundai Grand Starex Van 2.4 MT,380000000.0,Nhập khẩu,TP HCM,Van/Minivan,78000.0,Số Tay,Đã sử dụng,Xăng
2025-10-23,2020,Mazda 3 1.5L Luxury,525000000.0,Nội địa,Hưng Yên,Sedan,42000.0,Tự động,Đã sử dụng,Xăng
2025-10-23,2024,Kia Morning GT,380000000.0,Nội địa,Lâm Đồng,Hatchback,12000.0,Tự động,Đã sử dụng,Xăng
2025-10-23,2025,Ford Everest Ambiente 2.0L 4x2 AT,1000000000.0,Nhập khẩu,Hà Nội,SUV,12000.0,Tự động,Đã sử dụng,Dầu diesel
2025-10-23,2020,VinFast Lux A 2.0 Base 2.0 AT,465000000.0,Nội địa,Hà Nội,Sedan,90000.0,Tự động,Đã sử dụng,Xăng
2025-10-23,2020,Ford Ranger XLS 2.2L 4x2 AT,525000000.0,Nhập khẩu,Hà Nội,Bán tải / Pickup,70000.0,Tự động,Đã sử dụng,Dầu diesel
2025-10-23,2015,LandRover Range Rover Autobiography LWB 5.0,3000000000.0,Nhập khẩu,Hà Nội,SUV,66000.0,Tự động,Đã sử dụng,Xăng
2025-10-23,2024,Toyota Fortuner Legender 2.7L 4x2 AT,1000000000.0,Nhập khẩu,TP HCM,SUV,0.0,Tự động,Xe mới,Xăng
2025-10-23,2024,Toyota Raize G 1.0 CVT,517000000.0,Nhập khẩu,Hà Nội,SUV,24000.0,Tự động,Đã sử dụng,Xăng
2025-10-23,2021,Hyundai i10 Grand 1.2 AT,339000000.0,Nội địa,Hải Phòng,Hatchback,52356.0,Tự động,Đã sử dụng,Xăng
2025-10-23,2013,Mercedes Benz E class E200,455000000.0,Nội địa,Bắc Ninh,Sedan,13000.0,Tự động,Đã sử dụng,Xăng
2025-10-23,2021,Mercedes Benz C class C300 AMG,1000000000.0,Nội địa,Hà Nội,Sedan,40000.0,Tự động,Đã sử dụng,Xăng
2025-10-23,2023,Ford Everest Titanium 2.0L 4x2 AT,1000000000.0,Nhập khẩu,Bình Thuận,SUV,45000.0,Tự động,Đã sử dụng,Dầu diesel
2025-10-23,2021,Mazda CX5 Signature Premium 2.5 AT 2WD I,735000000.0,Nội địa,Hà Nội,SUV,35000.0,Tự động,Đã sử dụng,Xăng
2025-10-23,2013,Honda CRV 2.4 AT,395000000.0,Nội địa,Hà Nội,SUV,90000.0,Tự động,Đã sử dụng,Xăng
2025-10-23,2024,Honda HRV RS,790000000.0,Nhập khẩu,TP HCM,Crossover,19000.0,Tự động,Đã sử dụng,Xăng
2025-10-23,2020,Nissan Navara EL A,519000000.0,Nhập khẩu,Hà Nội,Bán tải / Pickup,90000.0,Tự động,Đã sử dụng,Dầu diesel
2025-10-23,2020,Toyota Vios 1.5G,335000000.0,Nội địa,TP HCM,Sedan,76000.0,Tự động,Đã sử dụng,Xăng
2025-10-23,2024,Hyundai Accent 1.4 AT,392000000.0,Nội địa,TP HCM,Sedan,68000.0,Tự động,Đã sử dụng,Xăng
2025-10-23,2023,Ford Territory Titanium X 1.5 AT,769000000.0,Nội địa,Bắc Ninh,SUV,42000.0,Tự động,Đã sử dụng,Xăng
2025-10-23,2023,Mitsubishi Xpander Cross 1.5 AT,579000000.0,Nhập khẩu,Hà Nội,SUV,62000.0,Tự động,Đã sử dụng,Xăng
2025-10-23,2019,Kia Morning MT,186000000.0,Nội địa,Vĩnh Phúc,Hatchback,15000.0,Số Tay,Đã sử dụng,Xăng
2025-10-23,2020,Mercedes Benz GLC 300 4Matic,1000000000.0,Nội địa,Hà Nội,SUV,43000.0,Tự động,Đã sử dụng,Xăng
2025-10-23,2022,VinFast Fadil Tiêu chuẩn 1.4 AT,325000000.0,Nội địa,Quảng Ninh,Hatchback,40000.0,Tự động,Đã sử dụng,Xăng
2025-10-23,2018,Toyota Vios 1.5E MT,239000000.0,Nội địa,Bình Dương,Sedan,100000.0,Số Tay,Đã sử dụng,Xăng
2025-10-23,2022,Honda CRV L,875000000.0,Nội địa,Hà Nội,SUV,58000.0,Tự động,Đã sử dụng,Xăng
2025-10-23,2015,Hyundai SantaFe 2.4L 4WD,525000000.0,Nội địa,Hà Nội,SUV,120000.0,Tự động,Đã sử dụng,Xăng
2025-10-23,2016,Mercedes Benz C class C200,510000000.0,Nội địa,Hà Nội,Sedan,107000.0,Tự động,Đã sử dụng,Xăng
2025-10-23,2016,Ford EcoSport Titanium 1.5L AT,325000000.0,Nội địa,Hà Nội,SUV,70000.0,Tự động,Đã sử dụng,Xăng
2025-10-23,2016,Mercedes Benz C class C200,579000000.0,Nội địa,TP HCM,Sedan,110000.0,Tự động,Đã sử dụng,Xăng
2025-10-23,2021,Mercedes Benz G class G63 AMG,7000000000.0,Nhập khẩu,Hà Nội,SUV,80000.0,Tự động,Đã sử dụng,Xăng
2025-10-23,2023,VinFast VF8 Eco AWD,780000000.0,Nội địa,Hà Nội,SUV,50000.0,Tự động,Đã sử dụng,Điện
2025-10-23,2010,Audi Q5 2.0 AT,399000000.0,Nhập khẩu,TP HCM,SUV,107000.0,Tự động,Đã sử dụng,Xăng
2025-10-23,2018,Mercedes Benz GLE Class GLE 43 AMG 4Matic Coupe,1000000000.0,Nhập khẩu,Hà Nội,Coupe,130000.0,Tự động,Đã sử dụng,Xăng
2025-10-23,2024,Volkswagen Viloran Luxury,2000000000.0,Nhập khẩu,TP HCM,Van/Minivan,30000.0,Tự động,Đã sử dụng,Xăng
2025-10-23,2022,Toyota Vios G 1.5 CVT,460000000.0,Nội địa,Đà Nẵng,Sedan,42000.0,Tự động,Đã sử dụng,Xăng
2025-10-23,2024,Kia Carens 1.4T Signature 7S,735000000.0,Nội địa,Hà Nội,SUV,11000.0,Tự động,Đã sử dụng,Xăng
2025-10-23,2009,BMW 5 Series 523i,280000000.0,Nhập khẩu,Hà Tĩnh,Sedan,94000.0,Tự động,Đã sử dụng,Xăng
2025-10-23,2019,Mazda 3 1.5L Luxury,425000000.0,Nội địa,Đăk Lăk,Sedan,69000.0,Tự động,Đã sử dụng,Xăng
2025-10-23,2012,Toyota Yaris 1.5 AT,269000000.0,Nhập khẩu,Hà Nội,Hatchback,92000.0,Tự động,Đã sử dụng,Xăng
2025-10-23,2019,Mercedes Benz C class C300 AMG,999000000.0,Nội địa,TP HCM,Sedan,89000.0,Tự động,Đã sử dụng,Xăng
2025-10-23,2024,Lexus RX 350 Premium,3000000000.0,Nhập khẩu,TP HCM,SUV,6800.0,Tự động,Đã sử dụng,Xăng
2025-10-23,2022,Porsche Cayenne 3.0 V6,4000000000.0,Nhập khẩu,TP HCM,SUV,40000.0,Tự động,Đã sử dụng,Xăng
2025-10-23,2022,Ford Everest Titanium 2.0L 4x2 AT,1000000000.0,Nhập khẩu,Hà Nội,SUV,58000.0,Tự động,Đã sử dụng,Dầu diesel
2025-10-23,2025,Audi A5 Sline 2.0 TFSI,2000000000.0,Nhập khẩu,Hà Nội,Sedan,0.0,Tự động,Xe mới,Xăng
2025-10-23,2023,VinFast VF8 Eco,695000000.0,Nội địa,Hà Nội,SUV,52000.0,Tự động,Đã sử dụng,Điện
2025-10-23,2022,Ford Everest Titanium 2.0L 4x2 AT,1000000000.0,Nhập khẩu,Tây Ninh,SUV,27000.0,Tự động,Đã sử dụng,Dầu diesel
2025-10-23,2020,Mazda CX5 2.0 Luxury,620000000.0,Nội địa,Quảng Ninh,SUV,70000.0,Tự động,Đã sử dụng,Xăng
2025-10-23,2022,Ford Ranger Wildtrak 2.0L 4x4 AT,739000000.0,Nội địa,Đồng Nai,Bán tải / Pickup,85000.0,Tự động,Đã sử dụng,Dầu diesel
2025-10-23,2019,VinFast Lux A 2.0 Premium 2.0 AT,559000000.0,Nội địa,Hà Nội,Sedan,74000.0,Tự động,Đã sử dụng,Xăng
2025-10-23,2022,Hyundai SantaFe Cao cấp 2.2L HTRAC,1000000000.0,Nội địa,Thái Nguyên,SUV,56000.0,Tự động,Đã sử dụng,Dầu diesel
2025-10-23,2025,Toyota Vios E 1.5 MT,414000000.0,Nội địa,TP HCM,Sedan,0.0,Số Tay,Xe mới,Xăng
2025-10-23,2025,VinFast VF5 Plus,430000000.0,Nội địa,Hà Nội,SUV,8000.0,Tự động,Đã sử dụng,Điện
2025-10-23,2013,Honda CRV 2.4 AT,410000000.0,Nội địa,Hà Nội,SUV,120000.0,Tự động,Đã sử dụng,Xăng
2025-10-23,2024,Mitsubishi Triton Athlete 4WD AT,848000000.0,Nhập khẩu,TP HCM,Bán tải / Pickup,15000.0,Tự động,Đã sử dụng,Dầu diesel
2025-10-23,2021,Mercedes Benz C class C200 Exclusive,999000000.0,Nội địa,Hà Nội,Sedan,44000.0,Tự động,Đã sử dụng,Xăng
2025-10-23,2020,Toyota Innova 2.0E,495000000.0,Nội địa,Lâm Đồng,Crossover,97000.0,Số Tay,Đã sử dụng,Xăng
2025-10-23,2021,Mazda 6 Premium 2.0 AT,575000000.0,Nội địa,Vĩnh Phúc,Sedan,30000.0,Tự động,Đã sử dụng,Xăng
2025-10-23,2022,Lexus RX 300 F Sport,3000000000.0,Nhập khẩu,Hà Nội,SUV,20000.0,Tự động,Đã sử dụng,Xăng
2025-10-23,2021,LandRover Defender 110 P300 2.0 AT,4000000000.0,Nhập khẩu,TP HCM,SUV,0.0,Tự động,Xe mới,Xăng
2025-10-23,2025,Suzuki XL7 Hybrid 1.5 AT,515000000.0,Nhập khẩu,Hà Nội,SUV,0.0,Tự động,Xe mới,Hybrid
2025-10-23,2025,Ford Territory Titanium X 1.5 AT,850000000.0,Nội địa,Đăk Lăk,SUV,8000.0,Tự động,Đã sử dụng,Xăng
2025-10-23,2024,Hyundai Tucson 1.6 AT Turbo HTRAC Đặc biệt,925000000.0,Nội địa,Vĩnh Phúc,Crossover,13000.0,Tự động,Đã sử dụng,Xăng
2025-10-23,2011,Toyota Prado TXL 2.7L,668000000.0,Nhập khẩu,Phú Thọ,SUV,158000.0,Tự động,Đã sử dụng,Xăng
2025-10-23,2019,Ford Everest Trend 2.0L 4x2 AT,690000000.0,Nhập khẩu,Sơn La,SUV,90000.0,Tự động,Đã sử dụng,Dầu diesel
2025-10-23,2019,Peugeot 3008 1.6 AT,629000000.0,Nội địa,Hải Phòng,Crossover,48000.0,Tự động,Đã sử dụng,Xăng
2025-10-23,2017,Mini Cooper Clubman S,1000000000.0,Nhập khẩu,TP HCM,Hatchback,46836.0,Tự động,Đã sử dụng,Xăng
2025-10-23,2020,Kia Cerato 2.0 AT Premium,478000000.0,Nội địa,TP HCM,Sedan,84000.0,Tự động,Đã sử dụng,Xăng
2025-10-23,2023,Mercedes Benz EQB 250,1000000000.0,Nhập khẩu,Khánh Hòa,SUV,1000.0,Tự động,Đã sử dụng,Điện
2025-10-23,2025,Hyundai Accent 1.5 AT,451000000.0,Nội địa,Hải Phòng,Sedan,0.0,Tự động,Xe mới,Xăng
2025-10-23,2024,Hyundai Stargazer X 1.5 AT,515000000.0,Nhập khẩu,Đà Nẵng,Van/Minivan,18000.0,Tự động,Đã sử dụng,Xăng
2025-10-23,2020,Toyota Camry 2.5Q,885000000.0,Nhập khẩu,Hà Nội,Sedan,66000.0,Tự động,Đã sử dụng,Xăng
2025-10-23,2021,Mazda 3 1.5L Deluxe,480000000.0,Nội địa,Thái Nguyên,Sedan,38000.0,Tự động,Đã sử dụng,Xăng
2025-10-23,2019,Mercedes Benz E class E300 AMG,1000000000.0,Nội địa,Hà Nội,Sedan,76000.0,Tự động,Đã sử dụng,Xăng
2025-10-23,2021,Ford Ranger Raptor 2.0L 4x4 AT,995000000.0,Nhập khẩu,TP HCM,Bán tải / Pickup,60000.0,Tự động,Đã sử dụng,Dầu diesel
2025-10-23,2021,VinFast Lux A 2.0 Base 2.0 AT,535000000.0,Nội địa,Hà Nội,Sedan,21000.0,Tự động,Đã sử dụng,Xăng
2025-10-23,2025,Mazda 3 1.5L Sport Luxury,633000000.0,Nội địa,TP HCM,Hatchback,0.0,Tự động,Xe mới,Xăng
2025-10-23,2023,Mercedes Benz S class S450 4Matic Luxury,5000000000.0,Nhập khẩu,Hà Nội,Sedan,0.0,Tự động,Xe mới,Xăng
2025-10-23,2021,Mitsubishi Outlander Premium 2.0 CVT,684000000.0,Nội địa,Hà Nội,SUV,39000.0,Tự động,Đã sử dụng,Xăng
2025-10-23,2019,Lexus LX 570,6000000000.0,Nhập khẩu,TP HCM,SUV,50000.0,Tự động,Đã sử dụng,Xăng
2025-10-23,2019,Toyota Fortuner 2.7V 4x2 AT TRD,780000000.0,Nội địa,Hà Nội,SUV,79000.0,Tự động,Đã sử dụng,Xăng
2025-10-23,2016,Mazda 6 2.5L Premium,410000000.0,Nội địa,Vĩnh Phúc,Sedan,110000.0,Tự động,Đã sử dụng,Xăng
2025-10-23,2009,Lexus RX 350,650000000.0,Nhập khẩu,Quảng Ninh,SUV,100000.0,Tự động,Đã sử dụng,Xăng
2025-10-23,2025,Hyundai Custin Cao Cấp 2.0T,965000000.0,Nội địa,TP HCM,Van/Minivan,0.0,Tự động,Xe mới,Xăng
2025-10-23,2023,Ford Territory Titanium X 1.5 AT,805000000.0,Nội địa,TP HCM,SUV,46000.0,Tự động,Đã sử dụng,Xăng
2025-10-23,2021,Kia Cerato 1.6 AT Deluxe,450000000.0,Nội địa,Hà Nội,Sedan,31000.0,Tự động,Đã sử dụng,Xăng
2025-10-23,2023,VinFast VF8 Eco AWD,660000000.0,Nội địa,Hà Nội,SUV,40999.0,Tự động,Đã sử dụng,Điện
2025-10-23,2025,Ford Territory Titanium X 1.5 AT,885000000.0,Nội địa,Hà Nội,SUV,0.0,Tự động,Xe mới,Xăng
2025-10-23,2021,Hyundai SantaFe Cao cấp 2.5L HTRAC,1000000000.0,Nội địa,Hà Nội,SUV,30000.0,Tự động,Đã sử dụng,Xăng
2025-10-23,2023,BMW Z4 sDrive20i M Sport,3000000000.0,Nhập khẩu,Hà Nội,Convertible/Cabriolet,0.0,Tự động,Xe mới,Xăng
2025-10-23,2025,Hyundai Accent 1.5 AT,436000000.0,Nội địa,Hà Nội,Sedan,0.0,Tự động,Xe mới,Xăng
2025-10-23,2024,Toyota Vios E 1.5 MT,405000000.0,Nội địa,Đăk Lăk,Sedan,4800.0,Số Tay,Đã sử dụng,Xăng
2025-10-23,2025,Subaru WRX 2.4 CVT EyeSight,1000000000.0,Nhập khẩu,Hà Nội,Sedan,0.0,Tự động,Xe mới,Xăng
2025-10-23,2007,Mercedes Benz S class S63 AMG,399000000.0,Nhập khẩu,Hà Nội,Sedan,160000.0,Tự động,Đã sử dụng,Xăng
2025-10-23,2021,Kia Cerato 1.6 AT Luxury,478000000.0,Nội địa,Hà Nội,Sedan,68000.0,Tự động,Đã sử dụng,Xăng
2025-10-23,2023,MG ZS Standard 1.5 AT 2WD,435000000.0,Nhập khẩu,Hà Nội,Crossover,50000.0,Tự động,Đã sử dụng,Xăng
2025-10-23,2025,Mitsubishi Xpander 1.5 AT,508000000.0,Nội địa,Hà Nội,SUV,0.0,Tự động,Xe mới,Xăng
2025-10-23,2010,Toyota Yaris 1.0 MT,145000000.0,Nhập khẩu,Thái Bình,Hatchback,100000.0,Số Tay,Đã sử dụng,Xăng
2025-10-23,2023,VinFast VF8 Plus AWD,800000000.0,Nội địa,Hà Nội,SUV,29000.0,Tự động,Đã sử dụng,Điện
2025-10-23,2017,Mazda 2 1.5 AT,325000000.0,Nội địa,Hà Nội,Sedan,100000.0,Tự động,Đã sử dụng,Xăng
2025-10-23,2024,Hyundai Accent 1.4 AT,468000000.0,Nội địa,Hà Nội,Sedan,20000.0,Tự động,Đã sử dụng,Xăng
2025-10-23,2023,Volkswagen Viloran Luxury,1000000000.0,Nhập khẩu,Hà Nội,Van/Minivan,26000.0,Tự động,Đã sử dụng,Xăng
2025-10-23,2022,Volvo V60 Cross Country B5 AWD,1000000000.0,Nhập khẩu,Hà Nội,Wagon,20000.0,Tự động,Đã sử dụng,Xăng
2025-10-23,2024,Audi Q5 Sline 45 TFSI Quattro,2000000000.0,Nhập khẩu,Hà Nội,SUV,7000.0,Tự động,Đã sử dụng,Xăng
2025-10-23,2013,Toyota Innova 2.0E,265000000.0,Nội địa,Thanh Hóa,Crossover,13000.0,Số Tay,Đã sử dụng,Xăng
2025-10-23,2017,Lexus RX 350,2000000000.0,Nhập khẩu,Hà Nội,SUV,55000.0,Tự động,Đã sử dụng,Xăng
2025-10-23,2022,BMW X7 xDrive40i M Sport,4000000000.0,Nhập khẩu,Hà Nội,SUV,29999.0,Tự động,Đã sử dụng,Xăng
2025-10-23,2020,Mazda 3 1.5L Luxury,530000000.0,Nội địa,Hà Nội,Sedan,30000.0,Tự động,Đã sử dụng,Xăng
2025-10-23,2019,Ford EcoSport Titanium 1.5L AT,395000000.0,Nội địa,Hà Nội,SUV,90000.0,Tự động,Đã sử dụng,Xăng
2025-10-23,2020,Mercedes Benz C class C200 Exclusive,950000000.0,Nội địa,Bình Dương,Sedan,70000.0,Tự động,Đã sử dụng,Xăng
2025-10-23,2022,Lexus ES 250,2000000000.0,Nhập khẩu,Hà Nội,Sedan,59000.0,Tự động,Đã sử dụng,Xăng
2025-10-23,2022,Kia K5 Premium 2.0 AT,720000000.0,Nội địa,Hà Nội,Sedan,60000.0,Tự động,Đã sử dụng,Xăng
2025-10-23,2023,VinFast VF8 Eco AWD,685000000.0,Nội địa,Vĩnh Phúc,SUV,45000.0,Tự động,Đã sử dụng,Điện
2025-10-23,2020,Kia Cerato 2.0 AT Premium,460000000.0,Nội địa,Gia Lai,Sedan,70000.0,Tự động,Đã sử dụng,Xăng
2025-10-23,2025,Toyota Yaris Cross 1.5 D,603000000.0,Nhập khẩu,Hà Nội,SUV,0.0,Tự động,Xe mới,Xăng
2025-10-23,2021,VinFast Lux A 2.0 Base 2.0 AT,499000000.0,Nội địa,Hà Nội,Sedan,38000.0,Tự động,Đã sử dụng,Xăng
2025-10-23,2019,LandRover Range Rover Autobiography LWB 3.0 V6,6000000000.0,Nhập khẩu,Hà Nội,SUV,68000.0,Tự động,Đã sử dụng,Xăng
2025-10-23,2025,Toyota Innova Cross 2.0 CVT,825000000.0,Nhập khẩu,Nam Định,Crossover,0.0,Tự động,Xe mới,Xăng
2025-10-23,2025,Mini Countryman S ALL4,2000000000.0,Nhập khẩu,Hà Nội,SUV,0.0,Tự động,Xe mới,Xăng
2025-10-23,2022,Mercedes Benz S class S450 Luxury,3000000000.0,Nhập khẩu,Hà Nội,Sedan,29000.0,Tự động,Đã sử dụng,Xăng
2025-10-23,2021,Mercedes Benz GLC 200,1000000000.0,Nội địa,Hà Nội,SUV,45000.0,Tự động,Đã sử dụng,Xăng
2025-10-23,2022,Mercedes Benz GLC 200 4Matic,1000000000.0,Nội địa,Hà Nội,SUV,35000.0,Tự động,Đã sử dụng,Xăng
2025-10-23,2019,Mercedes Benz GLC 300 4Matic,1000000000.0,Nội địa,Hà Nội,SUV,63000.0,Tự động,Đã sử dụng,Xăng
2025-10-23,2022,Mercedes Benz E class E180,1000000000.0,Nội địa,Hà Nội,Sedan,9000.0,Tự động,Đã sử dụng,Xăng
2025-10-23,2025,Mitsubishi Xpander Premium 1.5 AT,570000000.0,Nhập khẩu,Hà Nội,SUV,0.0,Tự động,Xe mới,Xăng
2025-10-23,2018,Lexus RX 350L,2000000000.0,Nhập khẩu,Hà Nội,SUV,93000.0,Tự động,Đã sử dụng,Xăng
2025-10-23,2023,Mercedes Benz E class E200 Exclusive,2000000000.0,Nội địa,TP HCM,Sedan,30.0,Tự động,Đã sử dụng,Xăng
2025-10-23,2024,BMW X3 sDrive20i M Sport,1000000000.0,Nội địa,Hà Nội,SUV,9999.0,Tự động,Đã sử dụng,Xăng
2025-10-23,2024,Volvo XC40 Ultimate B5 AWD,1000000000.0,Nhập khẩu,TP HCM,SUV,0.0,Tự động,Xe mới,Xăng
2025-10-23,2020,Mercedes Benz E class E200 Exclusive,1000000000.0,Nội địa,Hà Nội,Sedan,80000.0,Tự động,Đã sử dụng,Xăng
2025-10-23,2017,Honda Civic 1.5L Vtec Turbo,439000000.0,Nhập khẩu,Đà Nẵng,Sedan,117000.0,Tự động,Đã sử dụng,Xăng
2025-10-23,2021,Hyundai i10 1.2 AT,360000000.0,Nội địa,Khánh Hòa,Sedan,42379.0,Tự động,Đã sử dụng,Xăng
2025-10-23,2021,BMW X3 xDrive20i,1000000000.0,Nhập khẩu,Hà Nội,SUV,40000.0,Tự động,Đã sử dụng,Xăng
2025-10-23,2019,VinFast Lux SA 2.0 2.0 AT,565000000.0,Nội địa,Hà Nội,SUV,40000.0,Tự động,Đã sử dụng,Xăng
2025-10-23,2025,Toyota Innova Cross HEV 2.0 CVT,980000000.0,Nhập khẩu,TP HCM,Crossover,0.0,Tự động,Xe mới,Hybrid
2025-10-23,2021,Mercedes Benz V class V250 Luxury,2000000000.0,Nhập khẩu,Hà Nội,Van/Minivan,24000.0,Tự động,Đã sử dụng,Xăng
2025-10-23,2023,Toyota Corolla Cross 1.8G,685000000.0,Nhập khẩu,Hà Nội,SUV,16000.0,Tự động,Đã sử dụng,Xăng
2025-10-23,2023,Toyota Corolla altis 1.8V,688000000.0,Nhập khẩu,Hà Nội,Sedan,28000.0,Tự động,Đã sử dụng,Xăng
2025-10-23,2015,Mercedes Benz C class C250 AMG,570000000.0,Nội địa,TP HCM,Sedan,80000.0,Tự động,Đã sử dụng,Xăng
2025-10-23,2022,Mercedes Benz S class S450 4Matic,3000000000.0,Nhập khẩu,Hà Nội,Sedan,33000.0,Tự động,Đã sử dụng,Xăng
2025-10-23,2019,Suzuki Celerio 1.0 AT,249000000.0,Nhập khẩu,TP HCM,Hatchback,80000.0,Tự động,Đã sử dụng,Xăng
2025-10-23,2017,Mitsubishi Mirage 1.2CVT,260000000.0,Nhập khẩu,Hà Nội,Hatchback,80000.0,Tự động,Đã sử dụng,Xăng
2025-10-23,2018,Hyundai i10 Grand 1.2 AT,279000000.0,Nội địa,Hà Nội,Sedan,80000.0,Tự động,Đã sử dụng,Xăng
2025-10-23,2014,Suzuki Swift 1.4 AT,245000000.0,Nội địa,Hà Nội,Hatchback,100000.0,Tự động,Đã sử dụng,Xăng
2025-10-23,2016,Kia Rio 1.4 AT,285000000.0,Nhập khẩu,Hà Nội,Sedan,80000.0,Tự động,Đã sử dụng,Xăng
2025-10-23,2022,Ford Ranger XLS 2.2L 4x2 AT,570000000.0,Nội địa,Thái Nguyên,Bán tải / Pickup,59000.0,Tự động,Đã sử dụng,Dầu diesel
2025-10-23,2016,LandRover Discovery Sport HSE Luxury,959000000.0,Nhập khẩu,TP HCM,SUV,60000.0,Tự động,Đã sử dụng,Xăng
2025-10-23,2025,Hyundai i10 1.2 AT,410000000.0,Nội địa,Hà Nội,Hatchback,0.0,Tự động,Xe mới,Xăng
2025-10-23,2010,Kia Carens LX 1.6 MT,165000000.0,Nội địa,Hà Nội,Crossover,130000.0,Số Tay,Đã sử dụng,Xăng
2025-10-23,2019,Mazda 3 1.5L Sport Luxury,450000000.0,Nội địa,Vĩnh Phúc,Hatchback,72000.0,Tự động,Đã sử dụng,Xăng
2025-10-23,2021,Hyundai SantaFe Cao cấp 2.2L HTRAC,1000000000.0,Nội địa,Vĩnh Phúc,SUV,60000.0,Tự động,Đã sử dụng,Dầu diesel
2025-10-23,2022,Toyota Camry 2.5Q,1000000000.0,Nhập khẩu,Vĩnh Phúc,Sedan,71000.0,Tự động,Đã sử dụng,Xăng
2025-10-23,2022,Kia K3 Luxury 1.6 AT,515000000.0,Nội địa,Vĩnh Phúc,Sedan,23000.0,Tự động,Đã sử dụng,Xăng
2025-10-23,2021,Mercedes Benz E class E300 AMG,1000000000.0,Nội địa,Hà Nội,Sedan,36000.0,Tự động,Đã sử dụng,Xăng
2025-10-23,2021,BMW X4 xDrive20i M Sport,1000000000.0,Nhập khẩu,Hà Nội,SUV,60000.0,Tự động,Đã sử dụng,Xăng
2025-10-23,2018,Toyota Prado VX 2.7L,1000000000.0,Nhập khẩu,Hà Nội,SUV,140000.0,Tự động,Đã sử dụng,Xăng
2025-10-23,2018,Ford Focus Trend 1.5L,359000000.0,Nội địa,Hà Nội,Hatchback,85000.0,Tự động,Đã sử dụng,Xăng
2025-10-23,2021,Mitsubishi Attrage 1.2 CVT,285000000.0,Nhập khẩu,Hà Nội,Sedan,110000.0,Tự động,Đã sử dụng,Xăng
2025-10-23,2022,Toyota Vios E CVT,415000000.0,Nội địa,Hà Nội,Sedan,55000.0,Tự động,Đã sử dụng,Xăng
2025-10-23,2024,Hyundai SantaFe Prestige 2.5L HTRAC,1000000000.0,Nội địa,Hà Nội,SUV,9000.0,Tự động,Đã sử dụng,Xăng
2025-10-23,2023,Toyota Corolla Cross 1.8G,685000000.0,Nhập khẩu,Hà Nội,SUV,27000.0,Tự động,Đã sử dụng,Xăng
2025-10-23,2018,Lexus NX 300,1000000000.0,Nhập khẩu,Hà Nội,SUV,94666.0,Tự động,Đã sử dụng,Xăng
2025-10-23,2018,Hyundai Solati H350 2.5 MT,650000000.0,Nội địa,Hà Nội,Van/Minivan,160000.0,Số Tay,Đã sử dụng,Dầu diesel
2025-10-23,2025,Hyundai Creta Cao cấp 1.5 AT,695000000.0,Nội địa,Hà Nội,SUV,0.0,Tự động,Xe mới,Xăng
2025-10-23,2014,Mercedes Benz S class S400L,1000000000.0,Nội địa,Hà Nội,Sedan,90000.0,Tự động,Đã sử dụng,Xăng
2025-10-23,2015,Mercedes Benz V class V220d CDI,899000000.0,Nhập khẩu,Hà Nội,Van/Minivan,140000.0,Tự động,Đã sử dụng,Dầu diesel
2025-10-23,2018,Kia Sedona Platinum D,680000000.0,Nội địa,Hà Nội,Van/Minivan,96000.0,Tự động,Đã sử dụng,Dầu diesel
2025-10-23,2022,Volvo XC60 Inscription B6 AWD,1000000000.0,Nhập khẩu,TP HCM,SUV,46000.0,Tự động,Đã sử dụng,Xăng
2025-10-23,2020,Ford EcoSport Titanium 1.5L AT,450000000.0,Nội địa,Phú Thọ,SUV,23000.0,Tự động,Đã sử dụng,Xăng
2025-10-23,2025,Honda City RS 1.5 AT,510000000.0,Nội địa,Hà Nội,Sedan,0.0,Tự động,Xe mới,Xăng
2025-10-23,2016,Mercedes Benz S class S400L,1000000000.0,Nội địa,Hà Nội,Sedan,86000.0,Tự động,Đã sử dụng,Xăng
2025-10-23,2021,Kia Morning AT,310000000.0,Nội địa,Hà Nội,Hatchback,82000.0,Tự động,Đã sử dụng,Xăng
2025-10-23,2020,Kia Cerato 2.0 AT Premium,485000000.0,Nội địa,Hà Nội,Sedan,39000.0,Tự động,Đã sử dụng,Xăng
2025-10-23,2016,Nissan X trail 2.0 2WD,415000000.0,Nội địa,Hà Nội,SUV,15000.0,Tự động,Đã sử dụng,Xăng
2025-10-23,2022,Ford Ranger XLS 2.2L 4x2 AT,585000000.0,Nội địa,TP HCM,Bán tải / Pickup,86000.0,Tự động,Đã sử dụng,Dầu diesel
2025-10-23,2023,Toyota Veloz Cross Top 1.5 CVT,555000000.0,Nội địa,TP HCM,SUV,70000.0,Tự động,Đã sử dụng,Xăng
2025-10-23,2021,Porsche Cayenne 3.0 V6,3000000000.0,Nhập khẩu,Hà Nội,SUV,63000.0,Tự động,Đã sử dụng,Xăng
2025-10-23,2008,Lexus GS 350,555000000.0,Nhập khẩu,Phú Thọ,Sedan,120000.0,Tự động,Đã sử dụng,Xăng
2025-10-23,2021,Ford Ranger XLS 2.2L 4x2 AT,562000000.0,Nhập khẩu,TP HCM,Bán tải / Pickup,78000.0,Tự động,Đã sử dụng,Dầu diesel
2025-10-23,2018,Toyota Yaris 1.5G,445000000.0,Nhập khẩu,Hà Nội,Hatchback,45000.0,Tự động,Đã sử dụng,Xăng
2025-10-23,2025,MG G50 1.5 MT Com,515000000.0,Nhập khẩu,TP HCM,Van/Minivan,230.0,Số Tay,Đã sử dụng,Xăng
2025-10-23,2019,Mercedes Benz GLC 200,970000000.0,Nội địa,TP HCM,SUV,69000.0,Tự động,Đã sử dụng,Xăng
2025-10-23,2020,Toyota Land Cruiser 4.6 V8,4000000000.0,Nhập khẩu,Hà Nội,SUV,55000.0,Tự động,Đã sử dụng,Xăng
2025-10-23,2022,Kia Sportage Signature X,865000000.0,Nội địa,Hà Nội,Crossover,46000.0,Tự động,Đã sử dụng,Xăng
2025-10-23,2019,Toyota Camry 2.5Q,880000000.0,Nhập khẩu,Đồng Nai,Sedan,65000.0,Tự động,Đã sử dụng,Xăng
2025-10-23,2009,Lexus LS 460,830000000.0,Nhập khẩu,Hà Nội,Sedan,90000.0,Tự động,Đã sử dụng,Xăng
2025-10-23,2023,Ford Everest Wildtrak 2.0L 4x4 AT,1000000000.0,Nhập khẩu,Hà Nội,SUV,45000.0,Tự động,Đã sử dụng,Dầu diesel
2025-10-23,2021,Kia Morning Luxury,330000000.0,Nội địa,Hà Nội,Hatchback,57000.0,Tự động,Đã sử dụng,Xăng
2025-10-23,2019,Lexus LX 570,6000000000.0,Nhập khẩu,TP HCM,SUV,57000.0,Tự động,Đã sử dụng,Xăng
2025-10-23,2021,Mitsubishi Pajero Sport 2.4D 4x2 AT,829000000.0,Nhập khẩu,Hà Nội,SUV,60000.0,Tự động,Đã sử dụng,Dầu diesel
2025-10-23,2025,Ford Territory Titanium X 1.5 AT,870000000.0,Nội địa,Hà Nội,SUV,5000.0,Tự động,Đã sử dụng,Xăng
2025-10-23,2015,Toyota Fortuner 2.7V 4x2 AT,450000000.0,Nội địa,Bình Dương,SUV,112000.0,Tự động,Đã sử dụng,Xăng
2025-10-23,2024,VinFast VF3 Plus,210000000.0,Nội địa,Vĩnh Phúc,Hatchback,4000.0,Tự động,Đã sử dụng,Điện
2025-10-23,2021,VinFast Lux SA 2.0 Premium 2.0 AT,685000000.0,Nội địa,Hà Nội,SUV,72000.0,Tự động,Đã sử dụng,Xăng
2025-10-23,2024,VinFast VF5 Plus,425000000.0,Nội địa,Thái Bình,SUV,4000.0,Tự động,Đã sử dụng,Điện
2025-10-23,2019,Mercedes Benz E class E300 AMG,1000000000.0,Nội địa,Hà Nội,Sedan,45000.0,Tự động,Đã sử dụng,Xăng
2025-10-23,2024,Mercedes Benz GLB 200 AMG,1000000000.0,Nhập khẩu,TP HCM,SUV,0.0,Tự động,Xe mới,Xăng
2025-10-23,2022,Mercedes Benz C class C300 AMG,1000000000.0,Nhập khẩu,Hà Nội,Sedan,19000.0,Tự động,Đã sử dụng,Xăng
2025-10-23,2015,LandRover Range Rover Evoque HSE,880000000.0,Nhập khẩu,TP HCM,SUV,63065.0,Tự động,Đã sử dụng,Xăng
2025-10-23,2019,Toyota Camry 2.5Q,820000000.0,Nhập khẩu,Hà Nội,Sedan,138000.0,Tự động,Đã sử dụng,Xăng
2025-10-23,2017,Kia Sorento DATH,528000000.0,Nội địa,Hà Nội,SUV,120000.0,Tự động,Đã sử dụng,Dầu diesel
2025-10-23,2022,Hyundai SantaFe Cao cấp 2.2L HTRAC,1000000000.0,Nội địa,Hà Nội,SUV,50000.0,Tự động,Đã sử dụng,Dầu diesel
2025-10-23,2019,Toyota Camry 2.5Q,852000000.0,Nhập khẩu,TP HCM,Sedan,44000.0,Tự động,Đã sử dụng,Xăng
2025-10-23,2016,Toyota Corolla altis 1.8G AT,440000000.0,Nội địa,TP HCM,Sedan,73000.0,Tự động,Đã sử dụng,Xăng
2025-10-23,2010,Toyota Camry 2.4G,360000000.0,Nội địa,TP HCM,Sedan,112383.0,Tự động,Đã sử dụng,Xăng
2025-10-23,2015,Ford Ranger XLT 2.2L 4x4 MT,385000000.0,Nhập khẩu,Hà Nội,Bán tải / Pickup,15000.0,Số Tay,Đã sử dụng,Dầu diesel
2025-10-23,2023,VinFast VF8 Eco AWD,695000000.0,Nội địa,TP HCM,SUV,57000.0,Tự động,Đã sử dụng,Điện
2025-10-23,2020,Honda HRV G,545000000.0,Nhập khẩu,Hà Nội,Crossover,33000.0,Tự động,Đã sử dụng,Xăng
2025-10-23,2018,Hyundai Tucson 2.0 ATH,570000000.0,Nội địa,Hà Nội,Crossover,76000.0,Tự động,Đã sử dụng,Xăng
2025-10-23,2018,Volvo V90 Cross County T6 AWD,1000000000.0,Nhập khẩu,Hải Phòng,Crossover,11900.0,Tự động,Đã sử dụng,Xăng
2025-10-23,2021,Mercedes Benz GLS 450 4Matic,3000000000.0,Nhập khẩu,Hà Nội,SUV,70000.0,Tự động,Đã sử dụng,Xăng
2025-10-23,2025,Mazda CX3 Deluxe 1.5 AT,546000000.0,Nhập khẩu,TP HCM,Crossover,0.0,Tự động,Xe mới,Xăng
2025-10-23,2019,Toyota Camry 2.5Q,850000000.0,Nhập khẩu,TP HCM,Sedan,73856.0,Tự động,Đã sử dụng,Xăng
2025-10-23,2023,Mercedes Benz GLC 300 4Matic,2000000000.0,Nội địa,TP HCM,SUV,16000.0,Tự động,Đã sử dụng,Xăng
2025-10-23,2019,VinFast Lux SA 2.0 Plus 2.0 AT,595000000.0,Nội địa,Hà Nội,SUV,53000.0,Tự động,Đã sử dụng,Xăng
2025-10-23,2025,Kia Seltos Luxury 1.5 AT,675000000.0,Nội địa,Hà Nội,Crossover,7000.0,Tự động,Đã sử dụng,Xăng
2025-10-23,2025,Isuzu MU,830000000.0,Nhập khẩu,TP HCM,SUV,0.0,Số Tay,Xe mới,Dầu diesel
2025-10-23,2025,Isuzu FRR 90NE5,1000000000.0,Nội địa,TP HCM,Truck,0.0,Số Tay,Xe mới,Dầu diesel
2025-10-23,2023,Kia Sonet Deluxe 1.5 AT,495000000.0,Nội địa,Hải Phòng,Crossover,30000.0,Tự động,Đã sử dụng,Xăng
2025-10-23,2021,VinFast Lux A 2.0 Premium 2.0 AT,610000000.0,Nội địa,Hà Nội,Sedan,32000.0,Tự động,Đã sử dụng,Xăng
2025-10-23,2025,Kia Sonet Luxury 1.5 AT,552000000.0,Nội địa,Vĩnh Phúc,SUV,26000.0,Tự động,Đã sử dụng,Xăng
2025-10-23,2018,Kia Sedona 2.2L DATH,670000000.0,Nội địa,TP HCM,Van/Minivan,120000.0,Tự động,Đã sử dụng,Dầu diesel
2025-10-23,2022,Ford Ranger XLS 2.0L 4x2 MT,545000000.0,Nội địa,Hà Nội,Bán tải / Pickup,65000.0,Số Tay,Đã sử dụng,Dầu diesel
2025-10-23,2018,BMW 3 Series 320i,679000000.0,Nhập khẩu,Hà Nội,Sedan,60000.0,Tự động,Đã sử dụng,Xăng
2025-10-23,2024,Kia Sportage Premium 2.0G,820000000.0,Nội địa,Hà Nội,Crossover,2900.0,Tự động,Đã sử dụng,Xăng
2025-10-23,2020,Ford EcoSport Titanium 1.5 AT,419000000.0,Nội địa,Bình Dương,SUV,32000.0,Tự động,Đã sử dụng,Xăng
2025-10-23,2021,Mercedes Benz C class C200 Exclusive,1000000000.0,Nội địa,Bình Dương,Sedan,30000.0,Tự động,Đã sử dụng,Xăng
2025-10-23,2019,Hyundai i10 Grand 1.2 MT,255000000.0,Nội địa,Hà Giang,Hatchback,66900.0,Số Tay,Đã sử dụng,Xăng
2025-10-23,2020,Suzuki Ertiga Sport 1.5 AT,393000000.0,Nhập khẩu,Hải Phòng,SUV,74000.0,Tự động,Đã sử dụng,Xăng
2025-10-23,2019,Ford Ranger Raptor 2.0L 4x4 AT,835000000.0,Nhập khẩu,Đăk Lăk,Bán tải / Pickup,103000.0,Tự động,Đã sử dụng,Dầu diesel
2025-10-23,2009,Lexus RX 350 AWD,695000000.0,Nhập khẩu,Hà Nội,SUV,112000.0,Tự động,Đã sử dụng,Xăng
2025-10-23,2021,Toyota Hilux 2.4L 4x2 AT,620000000.0,Nhập khẩu,Ninh Bình,Bán tải / Pickup,61243.0,Tự động,Đã sử dụng,Dầu diesel
2025-10-23,2019,VinFast Lux A 2.0 Premium 2.0 AT,545000000.0,Nội địa,Hà Nội,Sedan,40000.0,Tự động,Đã sử dụng,Xăng
2025-10-23,2021,Ford Ranger XLS 2.2L 4x2 AT,535000000.0,Nhập khẩu,TP HCM,Bán tải / Pickup,55000.0,Tự động,Đã sử dụng,Dầu diesel
2025-10-23,2023,Lexus RX 350 Luxury,3000000000.0,Nhập khẩu,Hà Nội,SUV,35000.0,Tự động,Đã sử dụng,Xăng
2025-10-23,2019,Toyota Land Cruiser 4.6 V8,3000000000.0,Nhập khẩu,Hà Nội,SUV,129000.0,Tự động,Đã sử dụng,Xăng
2025-10-23,2014,Mercedes Benz CLA class CLA 200,459000000.0,Nhập khẩu,Hà Nội,Sedan,52000.0,Tự động,Đã sử dụng,Xăng
2025-10-23,2020,Ford Ranger XLS 2.2L 4x2 AT,545000000.0,Nhập khẩu,Hà Nội,Bán tải / Pickup,75000.0,Tự động,Đã sử dụng,Dầu diesel
2025-10-23,2025,Mitsubishi Xforce Ultimate,619000000.0,Nhập khẩu,Hà Nội,SUV,0.0,Tự động,Xe mới,Xăng
2025-10-23,2021,Porsche Macan 2.0,2000000000.0,Nhập khẩu,Hà Nội,SUV,50000.0,Tự động,Đã sử dụng,Xăng
2025-10-23,2008,Mercedes Benz GL 450 4Matic,315000000.0,Nhập khẩu,TP HCM,SUV,89800.0,Tự động,Đã sử dụng,Xăng
2025-10-23,2021,Mercedes Benz GLC 200,1000000000.0,Nội địa,Hà Nội,SUV,62000.0,Tự động,Đã sử dụng,Xăng
2025-10-23,2016,Nissan Navara VL 2.5 AT 4WD,350000000.0,Nhập khẩu,Hà Nội,Bán tải / Pickup,120000.0,Tự động,Đã sử dụng,Dầu diesel
2025-10-23,2021,Hyundai Accent 1.4 AT Đặc Biệt,430000000.0,Nội địa,Hải Phòng,Sedan,25000.0,Tự động,Đã sử dụng,Xăng
2025-10-23,2023,Toyota Yaris Cross 1.5 D,635000000.0,Nhập khẩu,Hà Nội,SUV,36076.0,Tự động,Đã sử dụng,Xăng
2025-10-23,2015,Honda Accord 2.4 AT,490000000.0,Nhập khẩu,TP HCM,Sedan,186000.0,Tự động,Đã sử dụng,Xăng
2025-10-23,2022,Kia Carnival Signature 2.2D,1000000000.0,Nội địa,TP HCM,Van/Minivan,60000.0,Tự động,Đã sử dụng,Dầu diesel
2025-10-23,2025,Mitsubishi Triton Athlete 4WD AT,828000000.0,Nhập khẩu,Hà Nội,Bán tải / Pickup,0.0,Tự động,Xe mới,Dầu diesel
2025-10-23,2021,Mercedes Benz E class E200 Exclusive,1000000000.0,Nội địa,Hà Nội,Sedan,40000.0,Tự động,Đã sử dụng,Hybrid
2025-10-23,2007,Bentley Flying Spur 6.0 V8,1000000000.0,Nhập khẩu,Hà Nội,Sedan,15000.0,Tự động,Đã sử dụng,Xăng
2025-10-23,2016,Lexus LS 460L,2000000000.0,Nhập khẩu,Hà Nội,Sedan,6000.0,Tự động,Đã sử dụng,Xăng
2025-10-23,2024,VinFast VF6 Plus,739000000.0,Nội địa,TP HCM,SUV,0.0,Tự động,Xe mới,Điện
2025-10-23,2025,Isuzu Dmax Type Z 1.9L 4x4 AT,805000000.0,Nhập khẩu,Hà Nội,Bán tải / Pickup,0.0,Tự động,Xe mới,Dầu diesel
2025-10-23,2025,Mitsubishi Xpander Cross 1.5 AT,699000000.0,Nhập khẩu,TP HCM,SUV,0.0,Tự động,Xe mới,Xăng
2025-10-23,2025,Kia Sportage Signature X,999000000.0,Nội địa,Thái Bình,Crossover,4000.0,Tự động,Đã sử dụng,Xăng
2025-10-23,2023,Ford Ranger Wildtrak 2.0L 4x4 AT,855000000.0,Nội địa,TP HCM,Bán tải / Pickup,33000.0,Tự động,Đã sử dụng,Dầu diesel
2025-10-23,2024,Ford Transit Tiêu chuẩn,695000000.0,Nội địa,Hà Nội,Van/Minivan,76000.0,Số Tay,Đã sử dụng,Dầu diesel
2025-10-23,2020,VinFast Fadil 1.4 AT,298000000.0,Nội địa,Hà Nội,Hatchback,46000.0,Tự động,Đã sử dụng,Xăng
2025-10-23,2022,Mercedes Benz GLC 200,1000000000.0,Nội địa,Hà Nội,SUV,40000.0,Tự động,Đã sử dụng,Xăng
2025-10-23,2021,Porsche Macan S,2000000000.0,Nhập khẩu,Hà Nội,SUV,50000.0,Tự động,Đã sử dụng,Xăng
2025-10-23,2023,Hyundai Tucson 2.0 AT Đặc biệt,818000000.0,Nội địa,TP HCM,Crossover,28000.0,Tự động,Đã sử dụng,Xăng
2025-10-23,2022,Ford Ranger Wildtrak 2.0L 4x4 AT,835000000.0,Nội địa,TP HCM,Bán tải / Pickup,20000.0,Tự động,Đã sử dụng,Dầu diesel
2025-10-23,2025,Toyota Vios E CVT,423000000.0,Nội địa,Hà Nội,Sedan,0.0,Tự động,Xe mới,Xăng
2025-10-23,2019,Volvo XC60 T6 AWD Inscription,1000000000.0,Nhập khẩu,Hà Nội,SUV,120000.0,Tự động,Đã sử dụng,Xăng
2025-10-23,2015,Cadillac Escalade ESV Platinum,2000000000.0,Nhập khẩu,Hà Nội,SUV,70000.0,Tự động,Đã sử dụng,Xăng
2025-10-23,2021,Audi Q7 45 TFSI Quattro,2000000000.0,Nhập khẩu,Hà Nội,SUV,28000.0,Tự động,Đã sử dụng,Xăng
2025-10-23,2025,Toyota Wigo G 1.2 AT,395000000.0,Nhập khẩu,TP HCM,Hatchback,0.0,Tự động,Xe mới,Xăng
2025-10-23,2018,Lexus RX 300,2000000000.0,Nhập khẩu,Hà Nội,SUV,72000.0,Tự động,Đã sử dụng,Xăng
2025-10-23,2018,Toyota Yaris 1.5G,450000000.0,Nhập khẩu,Hà Nội,Hatchback,67000.0,Tự động,Đã sử dụng,Xăng
2025-10-23,2024,Hyundai Accent 1.5 AT,468000000.0,Nội địa,Hà Nội,Sedan,20000.0,Tự động,Đã sử dụng,Xăng
2025-10-23,2020,Toyota Camry 2.0G,748000000.0,Nhập khẩu,Hà Nội,Sedan,52000.0,Tự động,Đã sử dụng,Xăng
2025-10-23,2017,Mazda 3 1.5 AT,396000000.0,Nội địa,Hà Nội,Sedan,58000.0,Tự động,Đã sử dụng,Xăng
2025-10-23,2018,Hyundai SantaFe 2.2L 4WD,690000000.0,Nội địa,Hà Nội,SUV,7.0,Tự động,Đã sử dụng,Dầu diesel
2025-10-23,2023,Kia Sportage Signature X,915000000.0,Nội địa,Hà Nội,Crossover,21000.0,Tự động,Đã sử dụng,Xăng
2025-10-23,2025,Lexus RX 350h Luxury,3000000000.0,Nhập khẩu,Hà Nội,SUV,4500.0,Tự động,Đã sử dụng,Hybrid
2025-10-23,2018,Mercedes Benz Maybach S450 4Matic,3000000000.0,Nhập khẩu,Hà Nội,Sedan,40000.0,Tự động,Đã sử dụng,Xăng
2025-10-23,2018,Lexus LX 570,6000000000.0,Nhập khẩu,Hà Nội,SUV,70000.0,Tự động,Đã sử dụng,Xăng
2025-10-23,2013,Kia Optima 2.0 AT,430000000.0,Nhập khẩu,Bình Dương,Sedan,72000.0,Tự động,Đã sử dụng,Xăng
2025-10-23,2025,Mercedes Benz V class V250 AMG,3000000000.0,Nhập khẩu,Hà Nội,Van/Minivan,0.0,Tự động,Xe mới,Xăng
2025-10-23,2022,Ford Everest Titanium 2.0L 4x2 AT,1000000000.0,Nhập khẩu,Quảng Ninh,SUV,50000.0,Tự động,Đã sử dụng,Dầu diesel
2025-10-23,2015,Kia Rio 1.4 AT,305000000.0,Nhập khẩu,Hà Nội,Hatchback,95000.0,Tự động,Đã sử dụng,Xăng
2025-10-23,2023,Kia Sonet Premium 1.5 AT,569000000.0,Nội địa,Hà Nội,Crossover,26000.0,Tự động,Đã sử dụng,Xăng
2025-10-23,2024,Lexus RX 350 Premium,3000000000.0,Nhập khẩu,Hà Nội,SUV,7000.0,Tự động,Đã sử dụng,Xăng
2025-10-23,2021,Kia Carnival Signature 2.2D,1000000000.0,Nội địa,Hà Nội,Van/Minivan,80000.0,Tự động,Đã sử dụng,Dầu diesel
2025-10-23,2024,Ford Everest Titanium 2.0L 4x2 AT,1000000000.0,Nhập khẩu,Đăk Lăk,SUV,16000.0,Tự động,Đã sử dụng,Dầu diesel
2025-10-23,2022,Toyota Corolla Cross 1.8G,685000000.0,Nhập khẩu,Hải Phòng,SUV,59000.0,Tự động,Đã sử dụng,Xăng
2025-10-23,2019,LandRover Range Rover Vogue LWB 3.0 I6,5000000000.0,Nhập khẩu,Hà Nội,SUV,60000.0,Tự động,Đã sử dụng,Xăng
2025-10-23,2024,Mazda CX8 Premium 2.5 AT,939000000.0,Nội địa,Hà Nội,SUV,22000.0,Tự động,Đã sử dụng,Xăng
2025-10-23,2017,Mercedes Benz E class E300 AMG CBU,879000000.0,Nhập khẩu,Hà Nội,Sedan,70000.0,Tự động,Đã sử dụng,Xăng
2025-10-23,2022,Mercedes Benz GLC 200,1000000000.0,Nội địa,Hà Nội,SUV,30000.0,Tự động,Đã sử dụng,Xăng
2025-10-23,2018,Mercedes Benz S class S450L,1000000000.0,Nội địa,Hà Nội,Sedan,60000.0,Tự động,Đã sử dụng,Xăng
2025-10-23,2025,Mazda CX5 Deluxe 2.0 AT,701000000.0,Nội địa,TP HCM,SUV,0.0,Tự động,Xe mới,Xăng
2025-10-23,2025,Hyundai Venue 1.0 T,555000000.0,Nội địa,Hà Nội,SUV,8000.0,Tự động,Đã sử dụng,Xăng
2025-10-23,2016,Mercedes Benz S class S500L,1000000000.0,Nội địa,Hà Nội,Sedan,65000.0,Tự động,Đã sử dụng,Xăng
2025-10-23,2024,Ford Everest Titanium 2.0L 4x2 AT,1000000000.0,Nhập khẩu,Hà Tĩnh,SUV,22000.0,Tự động,Đã sử dụng,Dầu diesel
2025-10-23,2021,Ford Ranger XLS 2.2L 4x2 AT,535000000.0,Nhập khẩu,Hà Nội,Bán tải / Pickup,60000.0,Tự động,Đã sử dụng,Dầu diesel
2025-10-23,2025,Kia Sportage Premium 2.0G,830000000.0,Nội địa,Hà Nội,Crossover,6000.0,Tự động,Đã sử dụng,Xăng
2025-10-23,2025,Toyota Hilux Adventure 2.8L 4x4 AT,964000000.0,Nhập khẩu,TP HCM,Bán tải / Pickup,0.0,Tự động,Xe mới,Dầu diesel
2025-10-23,2019,Ford Ranger XLS 2.2L 4x2 AT,495000000.0,Nhập khẩu,Quảng Ninh,Bán tải / Pickup,97000.0,Tự động,Đã sử dụng,Dầu diesel
2025-10-23,2025,Toyota Yaris Cross 1.5 D,660000000.0,Nhập khẩu,Hà Nội,SUV,5000.0,Tự động,Đã sử dụng,Xăng
2025-10-23,2014,BMW 5 Series 528i GT,595000000.0,Nhập khẩu,TP HCM,Sedan,75000.0,Tự động,Đã sử dụng,Xăng
2025-10-23,2024,Ford Everest Wildtrak 2.0L 4x4 AT,1000000000.0,Nhập khẩu,Hà Nội,SUV,22000.0,Tự động,Đã sử dụng,Dầu diesel
2025-10-23,2022,Kia Sonet Premium 1.5 AT,535000000.0,Nội địa,Hà Nội,Crossover,19000.0,Tự động,Đã sử dụng,Xăng
2025-10-23,2021,Toyota Prado VX 2.7L,2000000000.0,Nhập khẩu,Hà Nội,SUV,88000.0,Tự động,Đã sử dụng,Xăng
2025-10-23,2022,Ford Ranger Wildtrak 2.0L 4x4 AT,845000000.0,Nội địa,TP HCM,Bán tải / Pickup,20100.0,Tự động,Đã sử dụng,Dầu diesel
2025-10-23,2020,Lexus LX 570,6000000000.0,Nhập khẩu,Hà Nội,SUV,65538.0,Tự động,Đã sử dụng,Xăng
2025-10-23,2019,Mercedes Benz GLE Class GLE 400 4Matic Coupe,1000000000.0,Nhập khẩu,Hà Nội,Coupe,69000.0,Tự động,Đã sử dụng,Xăng
2025-10-23,2025,Hyundai Stargazer X 1.5 AT,525000000.0,Nhập khẩu,Hà Nội,Van/Minivan,0.0,Tự động,Xe mới,Xăng
2025-10-23,2021,Volvo XC90 Recharge T8 AWD,2000000000.0,Nhập khẩu,Hà Nội,SUV,72000.0,Tự động,Đã sử dụng,Hybrid
2025-10-23,2013,Mercedes Benz A class A200,378000000.0,Nhập khẩu,Hà Nội,Hatchback,100000.0,Tự động,Đã sử dụng,Xăng
2025-10-23,2008,Toyota Yaris 1.3 AT,190000000.0,Nhập khẩu,Tuyên Quang,Hatchback,170000.0,Tự động,Đã sử dụng,Xăng
2025-10-23,2025,Hyundai Accent Đặc biệt 1.5 AT,483000000.0,Nội địa,Hà Nội,Sedan,0.0,Tự động,Xe mới,Xăng
2025-10-23,2025,Geely Coolray Premium,509000000.0,Nhập khẩu,Hải Dương,SUV,0.0,Tự động,Xe mới,Xăng
2025-10-23,2017,Lexus NX 300,1000000000.0,Nhập khẩu,TP HCM,SUV,66000.0,Tự động,Đã sử dụng,Xăng
2025-10-23,2023,Hyundai Accent 1.4 AT,439000000.0,Nội địa,Bình Dương,Sedan,51000.0,Tự động,Đã sử dụng,Xăng
2025-10-23,2013,Toyota Fortuner 2.7V 4x2 AT,368000000.0,Nội địa,Hà Nội,SUV,130000.0,Tự động,Đã sử dụng,Xăng
2025-10-23,2021,Toyota Sienna Platinum 2.5 AT AWD,3000000000.0,Nhập khẩu,TP HCM,Van/Minivan,32000.0,Tự động,Đã sử dụng,Hybrid
2025-10-23,2017,Mazda 6 2.0L Premium,480000000.0,Nội địa,Hà Nội,Sedan,68000.0,Tự động,Đã sử dụng,Xăng
2025-10-23,2015,Mercedes Benz CLA class CLA 250 4Matic,630000000.0,Nhập khẩu,Hà Nội,Sedan,80000.0,Tự động,Đã sử dụng,Xăng
2025-10-23,2012,Kia Morning Van 1.0 AT,145000000.0,Nhập khẩu,Hà Nội,Van/Minivan,120000.0,Tự động,Đã sử dụng,Xăng
2025-10-23,2020,Mercedes Benz G class G63 AMG,7000000000.0,Nhập khẩu,Hà Nội,SUV,37000.0,Tự động,Đã sử dụng,Xăng
2025-10-23,2015,Honda CRV 2.4 AT,499000000.0,Nội địa,Hà Nội,SUV,100000.0,Tự động,Đã sử dụng,Xăng
2025-10-23,2025,Mitsubishi Attrage Premium 1.2 CVT,430000000.0,Nhập khẩu,Hà Nội,Sedan,0.0,Tự động,Xe mới,Xăng
2025-10-23,2022,Toyota Corolla Cross 1.8V,675000000.0,Nhập khẩu,Gia Lai,SUV,64000.0,Tự động,Đã sử dụng,Xăng
2025-10-23,2018,Hyundai i10 Grand 1.2 AT,310000000.0,Nội địa,Hà Nội,Hatchback,69000.0,Tự động,Đã sử dụng,Xăng
2025-10-23,2022,Toyota Prado VX 2.7L,2000000000.0,Nhập khẩu,Hà Nội,SUV,50000.0,Tự động,Đã sử dụng,Xăng
2025-10-23,2019,Volvo XC60 T6 AWD Inscription,1000000000.0,Nhập khẩu,Hà Nội,SUV,75000.0,Tự động,Đã sử dụng,Xăng
2025-10-23,2022,Hyundai Stargazer Đặc biệt 1.5 AT,448000000.0,Nhập khẩu,TP HCM,Van/Minivan,41000.0,Tự động,Đã sử dụng,Xăng
2025-10-23,2023,Mazda CX8 Premium,899000000.0,Nội địa,Thái Bình,SUV,35000.0,Tự động,Đã sử dụng,Xăng
2025-10-23,2023,VinFast VF8 Eco AWD,685000000.0,Nội địa,Vĩnh Phúc,SUV,52000.0,Tự động,Đã sử dụng,Điện
2025-10-23,2020,Toyota Land Cruiser 4.6 V8,4000000000.0,Nhập khẩu,Hà Nội,SUV,66666.0,Tự động,Đã sử dụng,Xăng
2025-10-23,2021,Mercedes Benz S class S450 Luxury,3000000000.0,Nhập khẩu,Hà Nội,Sedan,50000.0,Tự động,Đã sử dụng,Xăng
2025-10-23,2020,VinFast Lux SA 2.0 Premium 2.0 AT,655000000.0,Nội địa,Hà Nội,SUV,60000.0,Tự động,Đã sử dụng,Xăng
2025-10-23,2022,Volvo XC60 Inscription B6 AWD,1000000000.0,Nhập khẩu,Hà Nội,SUV,34000.0,Tự động,Đã sử dụng,Xăng
2025-10-23,2009,Lexus LS 460,790000000.0,Nhập khẩu,Hà Nội,Sedan,120000.0,Tự động,Đã sử dụng,Xăng
2025-10-23,2019,Toyota Innova 2.0G,539000000.0,Nội địa,TP HCM,Crossover,108999.0,Tự động,Đã sử dụng,Xăng
2025-10-23,2022,Kia K3 Luxury 1.6 AT,535000000.0,Nội địa,Hải Phòng,Sedan,28000.0,Tự động,Đã sử dụng,Xăng
2025-10-23,2023,Kia Sonet Premium 1.5 AT,555000000.0,Nội địa,Hà Nội,Crossover,22000.0,Tự động,Đã sử dụng,Xăng
2025-10-23,2024,Ford Ranger XLS 2.0L 4x2 AT,650000000.0,Nội địa,Đăk Lăk,Bán tải / Pickup,17140.0,Tự động,Đã sử dụng,Dầu diesel
2025-10-23,2016,Lexus NX 200t,1000000000.0,Nhập khẩu,Hà Nội,SUV,34000.0,Tự động,Đã sử dụng,Xăng
2025-10-23,2022,Peugeot 3008 AL,760000000.0,Nội địa,Hà Nội,Crossover,40000.0,Tự động,Đã sử dụng,Xăng
2025-10-23,2023,Ford Ranger XLS 2.0L 4x4 AT,680000000.0,Nội địa,Bình Dương,Bán tải / Pickup,63000.0,Tự động,Đã sử dụng,Dầu diesel
2025-10-23,2019,Mitsubishi Xpander 1.5 AT,430000000.0,Nhập khẩu,Hà Nội,SUV,75000.0,Tự động,Đã sử dụng,Xăng
2025-10-23,2025,BMW X3 xDrive20i,2000000000.0,Nội địa,Hà Nội,SUV,1300.0,Tự động,Đã sử dụng,Hybrid
2025-10-23,2015,Toyota Prado TXL 2.7L,999000000.0,Nhập khẩu,Hà Nội,SUV,97000.0,Tự động,Đã sử dụng,Xăng
2025-10-23,2021,Ford Ranger Wildtrak 2.0L 4x4 AT,649000000.0,Nhập khẩu,Hà Nội,Bán tải / Pickup,90000.0,Tự động,Đã sử dụng,Dầu diesel
2025-10-23,2019,Toyota Camry 2.5Q,820000000.0,Nhập khẩu,TP HCM,Sedan,99891.0,Tự động,Đã sử dụng,Xăng
2025-10-23,2025,Mazda CX8 Premium 2.5 AT,996000000.0,Nội địa,TP HCM,SUV,0.0,Tự động,Xe mới,Xăng
2025-10-23,2021,Volvo S90 Inscription T6 AWD,1000000000.0,Nhập khẩu,Hà Nội,Sedan,90000.0,Tự động,Đã sử dụng,Xăng
2025-10-23,2025,Ford Ranger Wildtrak 2.0L 4x4 AT,859000000.0,Nội địa,Hà Nội,Bán tải / Pickup,0.0,Tự động,Xe mới,Dầu diesel
2025-10-23,2017,Mercedes Benz C class C200,655000000.0,Nội địa,Hà Nội,Sedan,64000.0,Tự động,Đã sử dụng,Xăng
2025-10-23,2022,Suzuki Swift GLX 1.2 AT,515000000.0,Nhập khẩu,Hà Nội,Hatchback,20000.0,Tự động,Đã sử dụng,Xăng
2025-10-23,2020,Mercedes Benz GLC 200,1000000000.0,Nội địa,Hà Nội,SUV,46000.0,Tự động,Đã sử dụng,Xăng
2025-10-23,2025,MG ZS Standard 1.5 AT 2WD,438000000.0,Nhập khẩu,Hà Nội,Crossover,0.0,Tự động,Xe mới,Xăng
2025-10-23,2020,Hyundai Elantra 1.6 AT,455000000.0,Nội địa,Hà Nội,Sedan,69000.0,Tự động,Đã sử dụng,Xăng
2025-10-23,2019,Mitsubishi Outlander 2.0 CVT,540000000.0,Nội địa,Hà Nội,SUV,48900.0,Tự động,Đã sử dụng,Xăng
2025-10-23,2010,Ford Everest 2.5L 4x2 MT,285000000.0,Nội địa,Lâm Đồng,SUV,123456.0,Số Tay,Đã sử dụng,Dầu diesel
2025-10-23,2017,Toyota Innova 2.0E,385000000.0,Nội địa,Hà Nội,Crossover,120000.0,Số Tay,Đã sử dụng,Xăng
2025-10-23,2024,Toyota Vios E CVT,445000000.0,Nội địa,Hà Nội,Sedan,26000.0,Tự động,Đã sử dụng,Xăng
2025-10-23,2016,Hyundai i10 Grand 1.2 AT,255000000.0,Nhập khẩu,Nghệ An,Hatchback,108108.0,Tự động,Đã sử dụng,Xăng
2025-10-23,2023,Toyota Vios G 1.5 CVT,475000000.0,Nội địa,Bắc Giang,Sedan,25000.0,Tự động,Đã sử dụng,Xăng
2025-10-23,2016,Mazda CX5 2.0 AT,420000000.0,Nội địa,Hà Nội,SUV,99000.0,Tự động,Đã sử dụng,Xăng
2025-10-23,2025,Honda CRV L,999000000.0,Nội địa,Hà Nội,SUV,0.0,Tự động,Xe mới,Xăng
2025-10-23,2025,BMW X3 xDrive20i,2000000000.0,Nội địa,Hà Nội,SUV,3000.0,Tự động,Đã sử dụng,Hybrid
2025-10-23,2023,Toyota Veloz Cross Top 1.5 CVT,535000000.0,Nội địa,Bắc Giang,SUV,70000.0,Tự động,Đã sử dụng,Xăng
2025-10-23,2025,Toyota Yaris Cross 1.5 D,640000000.0,Nhập khẩu,Bắc Giang,SUV,11000.0,Tự động,Đã sử dụng,Xăng
2025-10-23,2024,Ford Territory Titanium X 1.5 AT,815000000.0,Nội địa,Hà Nội,SUV,18000.0,Tự động,Đã sử dụng,Xăng
2025-10-23,2015,Hyundai i10 Grand 1.2 AT,245000000.0,Nhập khẩu,Hà Nội,Hatchback,100000.0,Tự động,Đã sử dụng,Xăng
2025-10-23,2019,Peugeot 5008 1.6 AT,580000000.0,Nội địa,Bình Dương,SUV,65000.0,Tự động,Đã sử dụng,Xăng
2025-10-23,2015,Mitsubishi Outlander Sport 2.0 CVT Premium,430000000.0,Nhập khẩu,Hà Nội,SUV,140000.0,Tự động,Đã sử dụng,Xăng
2025-10-23,2025,Honda HRV G,639000000.0,Nhập khẩu,Hà Nội,Crossover,0.0,Tự động,Xe mới,Xăng
2025-10-23,2025,Honda BR V G,579000000.0,Nhập khẩu,Hà Nội,SUV,0.0,Tự động,Xe mới,Xăng
2025-10-23,2024,Mitsubishi Xpander Premium 1.5 AT,580000000.0,Nhập khẩu,Hà Nội,SUV,31000.0,Tự động,Đã sử dụng,Xăng
2025-10-23,2025,VinFast VF6 Plus,666000000.0,Nội địa,Thái Bình,SUV,10000.0,Tự động,Đã sử dụng,Điện
2025-10-23,2025,Honda CRV G,970000000.0,Nội địa,Hà Nội,SUV,0.0,Tự động,Xe mới,Xăng
2025-10-23,2025,Mazda CX 30 Premium 2.0 AT,719000000.0,Nhập khẩu,Hà Nội,Crossover,0.0,Tự động,Xe mới,Xăng
2025-10-23,2025,Ford Ranger XLS 2.0L 4x4 AT,720000000.0,Nội địa,TP HCM,Bán tải / Pickup,12000.0,Tự động,Đã sử dụng,Dầu diesel
2025-10-23,2021,BMW 3 Series 330i M Sport,1000000000.0,Nhập khẩu,TP HCM,Sedan,42000.0,Tự động,Đã sử dụng,Xăng
2025-10-23,2023,Suzuki Swift GLX 1.2 AT,535000000.0,Nhập khẩu,Hà Nội,Hatchback,10000.0,Tự động,Đã sử dụng,Xăng
2025-10-23,2016,Volkswagen Polo 1.6 AT,310000000.0,Nhập khẩu,TP HCM,Sedan,32000.0,Tự động,Đã sử dụng,Xăng
2025-10-23,2019,Kia Sedona 2.2 DAT Luxury,799000000.0,Nội địa,TP HCM,Van/Minivan,58000.0,Tự động,Đã sử dụng,Dầu diesel
2025-10-23,2021,Toyota Hilux 2.4L 4x2 AT,640000000.0,Nhập khẩu,Hà Nội,Bán tải / Pickup,76023.0,Tự động,Đã sử dụng,Dầu diesel
2025-10-23,2011,Mercedes Benz E class E250,355000000.0,Nội địa,Hà Nội,Sedan,120000.0,Tự động,Đã sử dụng,Xăng
2025-10-23,2025,VinFast VF5 Plus,440000000.0,Nội địa,Hà Nội,SUV,24000.0,Tự động,Đã sử dụng,Điện
2025-10-23,2023,Toyota Fortuner 2.4L 4x2 AT,985000000.0,Nội địa,Hà Nội,SUV,30000.0,Tự động,Đã sử dụng,Dầu diesel
2025-10-23,2019,VinFast Fadil 1.4 AT Premium,318000000.0,Nội địa,Hà Nội,Hatchback,88000.0,Tự động,Đã sử dụng,Xăng
2025-10-23,2025,Honda BR V L,635000000.0,Nhập khẩu,Hà Nội,SUV,0.0,Tự động,Xe mới,Xăng
2025-10-23,2010,Porsche Cayenne Turbo Diesel,1000000000.0,Nhập khẩu,TP HCM,SUV,43200.0,Tự động,Đã sử dụng,Dầu diesel
2025-10-23,2007,Toyota Innova G,160000000.0,Nội địa,Hà Nội,Crossover,20000.0,Số Tay,Đã sử dụng,Xăng
2025-10-23,2023,Ford Territory Titanium X 1.5 AT,795000000.0,Nội địa,TP HCM,SUV,20000.0,Tự động,Đã sử dụng,Xăng
2025-10-23,2023,Kia Sportage Signature 1.6T AWD,889000000.0,Nội địa,Hà Nội,Crossover,30000.0,Tự động,Đã sử dụng,Xăng
2025-10-23,2021,Peugeot 5008 GT 1.6 AT,685000000.0,Nội địa,TP HCM,SUV,43000.0,Tự động,Đã sử dụng,Xăng
2025-10-23,2016,Mercedes Benz Vito Tourer 121,680000000.0,Nhập khẩu,TP HCM,Van/Minivan,75000.0,Tự động,Đã sử dụng,Xăng
2025-10-23,2023,Ford Ranger Wildtrak 2.0L 4x4 AT,856000000.0,Nội địa,TP HCM,Bán tải / Pickup,13000.0,Tự động,Đã sử dụng,Dầu diesel
2025-10-23,2023,VinFast VF8 Plus AWD,730000000.0,Nội địa,Hà Nội,SUV,34000.0,Tự động,Đã sử dụng,Điện
2025-10-23,2023,Suzuki Ertiga Hybrid 1.5 AT,450000000.0,Nhập khẩu,Hà Nội,SUV,88000.0,Tự động,Đã sử dụng,Hybrid
2025-10-23,2022,Toyota Vios E CVT,395000000.0,Nội địa,Hà Nội,Sedan,70000.0,Tự động,Đã sử dụng,Xăng
2025-10-23,2024,Subaru Crosstrek 2.0 i,1000000000.0,Nhập khẩu,TP HCM,SUV,0.0,Tự động,Xe mới,Hybrid
2025-10-23,2011,Toyota Camry LE 2.5,565000000.0,Nhập khẩu,Hà Nội,Sedan,80000.0,Tự động,Đã sử dụng,Xăng
2025-10-23,2024,Peugeot 3008 GT,899000000.0,Nội địa,Hà Nội,Crossover,10000.0,Tự động,Đã sử dụng,Xăng
2025-10-23,2022,Toyota Prado VX 2.7L,2000000000.0,Nhập khẩu,Hà Nội,SUV,72000.0,Tự động,Đã sử dụng,Xăng
2025-10-23,2015,Kia Rio 1.4 AT,282000000.0,Nhập khẩu,Hà Nội,Sedan,120.0,Tự động,Đã sử dụng,Xăng
2025-10-23,2017,Kia Sorento DATH,575000000.0,Nội địa,Hải Phòng,SUV,92000.0,Tự động,Đã sử dụng,Dầu diesel
2025-10-23,2019,Isuzu MU,635000000.0,Nhập khẩu,Bình Dương,SUV,40000.0,Tự động,Đã sử dụng,Dầu diesel
2025-10-23,2025,Toyota Yaris Cross 1.5 D,658000000.0,Nhập khẩu,Hà Nội,SUV,6000.0,Tự động,Đã sử dụng,Xăng
2025-10-23,2016,Ford Fiesta Titanium 1.5 AT,290000000.0,Nội địa,Bình Dương,Sedan,110000.0,Tự động,Đã sử dụng,Xăng
2025-10-23,2024,Toyota Alphard HEV 2.5 AT,4000000000.0,Nhập khẩu,TP HCM,Van/Minivan,0.0,Tự động,Xe mới,Hybrid
2025-10-23,2012,Porsche Cayenne 3.6 V6,1000000000.0,Nhập khẩu,Hà Nội,SUV,100000.0,Tự động,Đã sử dụng,Xăng
2025-10-23,2023,Mercedes Benz E class E200 Exclusive,2000000000.0,Nội địa,TP HCM,Sedan,4600.0,Tự động,Đã sử dụng,Hybrid
2025-10-23,2024,Toyota Yaris Cross 1.5 D,620000000.0,Nhập khẩu,Vĩnh Phúc,SUV,18000.0,Tự động,Đã sử dụng,Xăng
2025-10-23,2025,VinFast VF6 Plus,680000000.0,Nội địa,Hải Phòng,SUV,10.0,Tự động,Đã sử dụng,Điện
2025-10-23,2025,Toyota Hilux 2.4L 4x2 AT,666000000.0,Nhập khẩu,TP HCM,Bán tải / Pickup,0.0,Tự động,Xe mới,Dầu diesel
2025-10-23,2015,LandRover Range Rover HSE 3.0,2000000000.0,Nhập khẩu,Hà Nội,SUV,110000.0,Tự động,Đã sử dụng,Xăng
2025-10-23,2017,Hyundai Grand Starex 2.5 MT,555000000.0,Nhập khẩu,Hà Nội,Van/Minivan,130000.0,Số Tay,Đã sử dụng,Dầu diesel
2025-10-23,2024,Mitsubishi Triton Athlete 4WD AT,818000000.0,Nhập khẩu,Hà Nội,Bán tải / Pickup,4300.0,Tự động,Đã sử dụng,Dầu diesel
2025-10-23,2018,BMW 7 Series 740Li,1000000000.0,Nhập khẩu,Đà Nẵng,Sedan,50000.0,Tự động,Đã sử dụng,Xăng
2025-10-23,2010,Jaguar XJ series XJL 3.0d,900000000.0,Nhập khẩu,TP HCM,Sedan,91000.0,Tự động,Đã sử dụng,Dầu diesel
2025-10-23,2015,Hyundai i10 Grand 1.2 MT Base,175000000.0,Nhập khẩu,Cần Thơ,Sedan,105000.0,Số Tay,Đã sử dụng,Xăng
2025-10-23,2023,Toyota Veloz Cross Top 1.5 CVT,589000000.0,Nội địa,Hải Phòng,SUV,20000.0,Tự động,Đã sử dụng,Xăng
2025-10-23,2016,Kia Morning Si AT,239000000.0,Nội địa,TP HCM,Hatchback,89000.0,Tự động,Đã sử dụng,Xăng
2025-10-23,2020,Suzuki XL7 1.5 AT,410000000.0,Nhập khẩu,Hà Nội,SUV,65000.0,Tự động,Đã sử dụng,Xăng
2025-10-23,2014,Lexus RX 350 AWD,1000000000.0,Nhập khẩu,Hà Nội,SUV,86000.0,Tự động,Đã sử dụng,Xăng
2025-10-23,2022,Toyota Raize G 1.0 CVT,469000000.0,Nhập khẩu,Bình Dương,SUV,13000.0,Tự động,Đã sử dụng,Xăng
2025-10-23,2010,Mini Cooper S,479000000.0,Nhập khẩu,Hà Nội,Coupe,80000.0,Tự động,Đã sử dụng,Xăng
2025-10-23,2020,Mercedes Benz C class C180,820000000.0,Nội địa,Hà Nội,Sedan,40000.0,Tự động,Đã sử dụng,Xăng
2025-10-23,2019,Ford Ranger Wildtrak 2.0L 4x4 AT,575000000.0,Nhập khẩu,Hà Nội,Bán tải / Pickup,100000.0,Tự động,Đã sử dụng,Dầu diesel
2025-10-23,2024,Toyota Fortuner 2.4L 4x2 AT,975000000.0,Nội địa,TP HCM,SUV,38000.0,Tự động,Đã sử dụng,Dầu diesel
2025-10-23,2023,Lexus LX 600 F,8000000000.0,Nhập khẩu,Hà Nội,SUV,42500.0,Tự động,Đã sử dụng,Xăng
2025-10-23,2024,Volkswagen Teramont 2.0 AT,1000000000.0,Nhập khẩu,Hà Nội,SUV,0.0,Tự động,Xe mới,Xăng
2025-10-23,2016,Kia Morning Si AT,268000000.0,Nội địa,Lâm Đồng,Hatchback,85000.0,Tự động,Đã sử dụng,Xăng
2025-10-23,2022,Peugeot 3008 GT,840000000.0,Nội địa,Hà Nội,Crossover,39000.0,Tự động,Đã sử dụng,Xăng
2025-10-23,2021,Mercedes Benz E class E200 Exclusive,1000000000.0,Nội địa,Hà Nội,Sedan,64000.0,Tự động,Đã sử dụng,Hybrid
2025-10-23,2011,Lexus RX 350 AWD,745000000.0,Nhập khẩu,TP HCM,SUV,98900.0,Tự động,Đã sử dụng,Xăng
2025-10-23,2017,Toyota Corolla altis 1.8G AT,450000000.0,Nội địa,Hà Nội,Sedan,125000.0,Tự động,Đã sử dụng,Xăng
2025-10-23,2025,Mitsubishi Xpander 1.5 AT,499000000.0,Nội địa,Hà Nội,SUV,0.0,Tự động,Xe mới,Xăng
2025-10-23,2018,Toyota Fortuner 2.4G 4x2 MT,693000000.0,Nhập khẩu,TP HCM,SUV,49888.0,Số Tay,Đã sử dụng,Dầu diesel
2025-10-23,2023,Mitsubishi Attrage Premium 1.2 CVT,418000000.0,Nhập khẩu,TP HCM,Sedan,31000.0,Tự động,Đã sử dụng,Xăng
2025-10-23,2025,VinFast VF3 Plus,270000000.0,Nội địa,Hải Phòng,Hatchback,0.0,Tự động,Xe mới,Điện
2025-10-23,2006,Toyota Solara SLE 3.3 V6,620000000.0,Nhập khẩu,Cần Thơ,Convertible/Cabriolet,60000.0,Tự động,Đã sử dụng,Xăng
2025-10-23,2025,Kia Carnival Signature 2.2D,1000000000.0,Nội địa,TP HCM,Van/Minivan,0.0,Tự động,Xe mới,Dầu diesel
2025-10-23,2019,LandRover Range Rover HSE 3.0 V6,4000000000.0,Nhập khẩu,Hà Nội,SUV,59000.0,Tự động,Đã sử dụng,Xăng
2025-10-23,2021,Mercedes Benz GLC 300 4Matic,1000000000.0,Nội địa,Hà Nội,SUV,42000.0,Tự động,Đã sử dụng,Xăng
2025-10-23,2023,BMW 3 Series 320i Sport Line,1000000000.0,Nội địa,Hà Nội,Sedan,23000.0,Tự động,Đã sử dụng,Xăng
2025-10-23,2017,Kia Cerato 1.6 AT,385000000.0,Nội địa,Hà Nội,Sedan,69000.0,Tự động,Đã sử dụng,Xăng
2025-10-23,2024,Ford Territory Titanium X 1.5 AT,830000000.0,Nội địa,Hà Nội,SUV,15000.0,Tự động,Đã sử dụng,Xăng
2025-10-23,2025,Ford Transit Premium,909000000.0,Nội địa,Hà Nội,Van/Minivan,0.0,Số Tay,Xe mới,Dầu diesel
2025-10-23,2024,Lexus RX 350 Luxury,4000000000.0,Nhập khẩu,Hà Nội,SUV,25000.0,Tự động,Đã sử dụng,Xăng
2025-10-23,2025,Toyota Vios E 1.5 MT,435000000.0,Nội địa,Khánh Hòa,Sedan,0.0,Số Tay,Xe mới,Xăng
2025-10-23,2024,Hyundai Accent Cao cấp 1.5 AT,499000000.0,Nội địa,TP HCM,Sedan,0.0,Tự động,Xe mới,Xăng
2025-10-23,2017,Mercedes Benz S class S400L,1000000000.0,Nội địa,Hà Nội,Sedan,100000.0,Tự động,Đã sử dụng,Xăng
2025-10-23,2021,VinFast Fadil 1.4 AT Plus,300000000.0,Nội địa,Hà Nội,Hatchback,79000.0,Tự động,Đã sử dụng,Xăng
2025-10-23,2023,Lexus RX 350 Luxury,4000000000.0,Nhập khẩu,Hà Nội,SUV,9000.0,Tự động,Đã sử dụng,Xăng
2025-10-23,2022,Ford Ranger Limited 2.0L 4x4 AT,695000000.0,Nội địa,Đăk Lăk,Bán tải / Pickup,100.0,Tự động,Đã sử dụng,Dầu diesel
2025-10-23,2023,BMW 4 Series 430i Convertible M Sport,2000000000.0,Nhập khẩu,Hà Nội,Convertible/Cabriolet,11000.0,Tự động,Đã sử dụng,Xăng
2025-10-23,2023,Mercedes Benz GLC 300 4Matic,2000000000.0,Nội địa,Hà Nội,SUV,10000.0,Tự động,Đã sử dụng,Hybrid
2025-10-23,2023,Kia Seltos Premium 1.4 AT,645000000.0,Nội địa,Đăk Lăk,Crossover,8000.0,Tự động,Đã sử dụng,Xăng
2025-10-23,2024,Toyota Wigo G 1.2 AT,405000000.0,Nhập khẩu,Hải Phòng,Hatchback,12000.0,Tự động,Đã sử dụng,Xăng
2025-10-23,2020,Toyota Yaris 1.5G,489000000.0,Nhập khẩu,Hà Nội,Hatchback,60000.0,Tự động,Đã sử dụng,Xăng
2025-10-23,2016,Hyundai Elantra 1.6 AT,385000000.0,Nội địa,Bình Dương,Sedan,127000.0,Tự động,Đã sử dụng,Xăng
2025-10-23,2025,Toyota Fortuner 2.4L 4x2 AT,1000000000.0,Nội địa,Hà Nội,SUV,8000.0,Tự động,Đã sử dụng,Dầu diesel
2025-10-23,2016,Mazda CX5 2.5 AT,485000000.0,Nội địa,TP HCM,SUV,100000.0,Tự động,Đã sử dụng,Xăng
2025-10-23,2025,Audi Q5 Black Edition 45 TFSI Quattro,2000000000.0,Nhập khẩu,TP HCM,SUV,0.0,Tự động,Xe mới,Xăng
2025-10-23,2016,Kia Morning Si AT,249000000.0,Nội địa,TP HCM,Hatchback,53000.0,Tự động,Đã sử dụng,Xăng
2025-10-23,2019,Kia Soluto 1.4 AT Deluxe,340000000.0,Nội địa,Lâm Đồng,Sedan,22000.0,Tự động,Đã sử dụng,Xăng
2025-10-23,2020,Suzuki XL7 1.5 AT,429000000.0,Nhập khẩu,TP HCM,SUV,92000.0,Tự động,Đã sử dụng,Xăng
2025-10-23,2021,Hyundai SantaFe Cao cấp 2.2L HTRAC,1000000000.0,Nội địa,Hà Nội,SUV,68000.0,Tự động,Đã sử dụng,Dầu diesel
2025-10-23,2016,Mitsubishi Attrage 1.2CVT,265000000.0,Nhập khẩu,Hà Nội,Sedan,79000.0,Tự động,Đã sử dụng,Xăng
2025-10-23,2024,Hyundai Porter H150 Thùng Ben,610000000.0,Nội địa,TP HCM,Truck,0.0,Số Tay,Xe mới,Dầu diesel
2025-10-23,2024,Ford Everest Titanium 2.0L 4x2 AT,1000000000.0,Nhập khẩu,Bình Dương,SUV,20000.0,Tự động,Đã sử dụng,Dầu diesel
2025-10-23,2023,VinFast VF8 Plus AWD,775000000.0,Nội địa,Vĩnh Phúc,SUV,56000.0,Tự động,Đã sử dụng,Điện
2025-10-23,2023,Volvo XC60 Ultimate Bright B6 AWD,1000000000.0,Nhập khẩu,Hà Nội,SUV,7000.0,Tự động,Đã sử dụng,Xăng
2025-10-23,2018,Toyota Fortuner 2.4G 4x2 AT,768000000.0,Nhập khẩu,Hà Nội,SUV,98000.0,Tự động,Đã sử dụng,Dầu diesel
2025-10-23,2015,Toyota Vios 1.5G,320000000.0,Nội địa,Điện Biên,Sedan,80000.0,Tự động,Đã sử dụng,Xăng
2025-10-23,2021,Ford Ranger Wildtrak 2.0L 4x4 AT,678000000.0,Nhập khẩu,Hà Nội,Bán tải / Pickup,65000.0,Tự động,Đã sử dụng,Dầu diesel
2025-10-23,2017,Toyota Innova 2.0E,399000000.0,Nội địa,TP HCM,Crossover,91000.0,Số Tay,Đã sử dụng,Xăng
2025-10-23,2022,Toyota Corolla Cross 1.8V,725000000.0,Nhập khẩu,Hà Nội,SUV,46000.0,Tự động,Đã sử dụng,Xăng
2025-10-23,2020,Toyota Innova 2.0E,535000000.0,Nội địa,TP HCM,Crossover,114000.0,Số Tay,Đã sử dụng,Xăng
2025-10-23,2022,Mazda 2 Sport Luxury,435000000.0,Nhập khẩu,Hà Nội,Hatchback,46000.0,Tự động,Đã sử dụng,Xăng
2025-10-23,2019,Mercedes Benz C class C200 Exclusive,799000000.0,Nội địa,TP HCM,Sedan,70000.0,Tự động,Đã sử dụng,Xăng
2025-10-23,2024,MG 5 Standard 1.5 AT,419000000.0,Nhập khẩu,TP HCM,Sedan,14900.0,Tự động,Đã sử dụng,Xăng
2025-10-23,2025,Kia Carens 1.4T Signature,769000000.0,Nội địa,TP HCM,SUV,0.0,Tự động,Xe mới,Xăng
2025-10-23,2021,Hyundai Accent 1.4 AT,392000000.0,Nội địa,Bình Dương,Sedan,70000.0,Tự động,Đã sử dụng,Xăng
2025-10-23,2023,Mazda CX5 Luxury 2.0 AT,715000000.0,Nội địa,Hà Nội,SUV,26000.0,Tự động,Đã sử dụng,Xăng
2025-10-23,2016,Kia Sorento GATH,445000000.0,Nội địa,Bình Dương,SUV,56000.0,Tự động,Đã sử dụng,Xăng
2025-10-23,2022,Kia K3 Premium 1.6 AT,569000000.0,Nội địa,Hà Nội,Sedan,48000.0,Tự động,Đã sử dụng,Xăng
2025-10-23,2020,VinFast Fadil 1.4 AT Premium,305000000.0,Nội địa,Bình Dương,Hatchback,50000.0,Tự động,Đã sử dụng,Xăng
2025-10-23,2019,Mercedes Benz E class E200 Sport,1000000000.0,Nội địa,Hà Nội,Sedan,11000.0,Tự động,Đã sử dụng,Xăng
2025-10-23,2024,Ford Everest Titanium Plus 2.0L 4x4 AT,1000000000.0,Nhập khẩu,Hà Nội,SUV,5700.0,Tự động,Đã sử dụng,Dầu diesel
2025-10-23,2024,BMW X3 sDrive20i M Sport,1000000000.0,Nội địa,Hà Nội,SUV,5000.0,Tự động,Đã sử dụng,Xăng
2025-10-23,2009,Honda CRV 2.4 AT,255000000.0,Nội địa,Hà Nội,SUV,15000.0,Tự động,Đã sử dụng,Xăng
2025-10-23,2021,Hyundai SantaFe Cao cấp 2.2L HTRAC,879000000.0,Nội địa,TP HCM,SUV,65000.0,Tự động,Đã sử dụng,Dầu diesel
2025-10-23,2023,Ford Ranger Raptor 2.0L 4x4 AT,1000000000.0,Nhập khẩu,TP HCM,Bán tải / Pickup,81000.0,Tự động,Đã sử dụng,Dầu diesel
2025-10-23,2023,Porsche Cayenne Coupe Platinum Edition,5000000000.0,Nhập khẩu,Hà Nội,SUV,33000.0,Tự động,Đã sử dụng,Xăng
2025-10-23,2016,Kia Sorento DATH,515000000.0,Nội địa,Hà Nội,SUV,110000.0,Tự động,Đã sử dụng,Dầu diesel
2025-10-23,2021,BMW Z4 sDrive30i M Sport,2000000000.0,Nhập khẩu,Hà Nội,Convertible/Cabriolet,28800.0,Tự động,Đã sử dụng,Xăng
2025-10-23,2025,Mitsubishi Xforce GLX,520000000.0,Nhập khẩu,Hà Nội,SUV,0.0,Tự động,Xe mới,Xăng
2025-10-23,2024,Mazda CX 30 Premium 2.0 AT,729000000.0,Nhập khẩu,Hà Nội,Crossover,16000.0,Tự động,Đã sử dụng,Xăng
2025-10-23,2022,Mitsubishi Outlander 2.0 CVT,688000000.0,Nội địa,Hà Nội,SUV,50000.0,Tự động,Đã sử dụng,Xăng
2025-10-23,2023,Volvo XC40 Ultimate B5 AWD,1000000000.0,Nhập khẩu,TP HCM,SUV,17900.0,Tự động,Đã sử dụng,Xăng
2025-10-23,2009,Hyundai Grand Starex Van 2.5 MT,245000000.0,Nhập khẩu,Hà Nội,Van/Minivan,160000.0,Số Tay,Đã sử dụng,Dầu diesel
2025-10-23,2025,Mercedes Benz GLB 200 AMG,1000000000.0,Nhập khẩu,Hà Nội,SUV,0.0,Tự động,Xe mới,Xăng
2025-10-23,2020,Ford Ranger Wildtrak 2.0L 4x4 AT,640000000.0,Nhập khẩu,Vĩnh Phúc,Bán tải / Pickup,100000.0,Tự động,Đã sử dụng,Dầu diesel
2025-10-23,2025,VinFast VF3 Plus,283000000.0,Nội địa,Bình Dương,Hatchback,0.0,Tự động,Xe mới,Điện
2025-10-23,2023,Kia Carnival Signature 2.2D,1000000000.0,Nội địa,Hà Nội,Van/Minivan,40000.0,Tự động,Đã sử dụng,Dầu diesel
2025-10-23,2015,Toyota Fortuner 2.7V 4x4 AT,485000000.0,Nội địa,Hà Nội,SUV,110000.0,Tự động,Đã sử dụng,Xăng
2025-10-23,2022,Toyota Vios G 1.5 CVT,460000000.0,Nội địa,Đồng Nai,Sedan,55000.0,Tự động,Đã sử dụng,Xăng
2025-10-23,2020,Mini Cooper JCW 3Dr,1000000000.0,Nhập khẩu,TP HCM,Hatchback,23000.0,Tự động,Đã sử dụng,Xăng
2025-10-23,2024,Toyota Alphard 2.4 AT,4000000000.0,Nhập khẩu,Hà Nội,Van/Minivan,13000.0,Tự động,Đã sử dụng,Xăng
2025-10-23,2025,Toyota Yaris Cross 1.5 D,588000000.0,Nhập khẩu,TP HCM,SUV,0.0,Tự động,Xe mới,Xăng
2025-10-23,2020,Mercedes Benz GLC 200 4Matic,1000000000.0,Nội địa,Hà Nội,SUV,90000.0,Tự động,Đã sử dụng,Xăng
2025-10-23,2025,Ford Transit Premium,999000000.0,Nội địa,Hà Nội,Van/Minivan,0.0,Số Tay,Xe mới,Dầu diesel
2025-10-23,2024,Mercedes Benz GLB 35 4Matic,2000000000.0,Nhập khẩu,TP HCM,SUV,0.0,Tự động,Xe mới,Xăng
2025-10-23,2025,Toyota Vios E 1.5 MT,458000000.0,Nội địa,Vĩnh Phúc,Sedan,0.0,Số Tay,Xe mới,Xăng
2025-10-23,2019,Mercedes Benz E class E200 Sport,1000000000.0,Nội địa,TP HCM,Sedan,50533.0,Tự động,Đã sử dụng,Xăng
2025-10-23,2011,Hyundai i30 CW 1.6 AT,255000000.0,Nhập khẩu,Hà Nội,Hatchback,90000.0,Tự động,Đã sử dụng,Xăng
2025-10-23,2024,BMW X3 sDrive20i M Sport,1000000000.0,Nội địa,Hà Nội,SUV,2600.0,Tự động,Đã sử dụng,Xăng
2025-10-23,2021,Honda City L 1.5 AT,415000000.0,Nội địa,Đăk Lăk,Sedan,48000.0,Tự động,Đã sử dụng,Xăng
2025-10-23,2019,Toyota Innova 2.0G,539000000.0,Nội địa,Hải Phòng,Crossover,60000.0,Tự động,Đã sử dụng,Xăng
2025-10-23,2018,Honda HRV L,520000000.0,Nhập khẩu,Bình Dương,Crossover,78797.0,Tự động,Đã sử dụng,Xăng
2025-10-23,2015,Toyota Prado TXL 2.7L,1000000000.0,Nhập khẩu,Hà Nội,SUV,150000.0,Tự động,Đã sử dụng,Xăng
2025-10-23,2025,BMW 3 Series 320i M Sport,1000000000.0,Nội địa,TP HCM,Sedan,0.0,Tự động,Xe mới,Xăng
2025-10-23,2022,Hyundai Accent 1.4 AT,425000000.0,Nội địa,Gia Lai,Sedan,62000.0,Tự động,Đã sử dụng,Xăng
2025-10-23,2019,Kia Cerato 2.0 AT Premium,468000000.0,Nội địa,Hà Nội,Sedan,100000.0,Tự động,Đã sử dụng,Xăng
2025-10-23,2021,Mercedes Benz GLC 200,1000000000.0,Nội địa,Hà Nội,SUV,26000.0,Tự động,Đã sử dụng,Xăng
2025-10-23,2021,Kia Sedona 2.2 DAT Deluxe,818000000.0,Nội địa,TP HCM,Van/Minivan,68000.0,Tự động,Đã sử dụng,Dầu diesel
2025-10-23,2020,Ford EcoSport Titanium 1.5L AT,450000000.0,Nội địa,TP HCM,SUV,65000.0,Tự động,Đã sử dụng,Xăng
2025-10-23,2016,Ford Focus Titanium 1.5L,345000000.0,Nội địa,Hà Nội,Sedan,15000.0,Tự động,Đã sử dụng,Xăng
2025-10-23,2022,Mercedes Benz E class E300 AMG,1000000000.0,Nội địa,Hà Nội,Sedan,54000.0,Tự động,Đã sử dụng,Hybrid
2025-10-23,2021,VinFast Lux A 2.0 Premium 2.0 AT,599000000.0,Nội địa,Hà Nội,Sedan,60000.0,Tự động,Đã sử dụng,Xăng
2025-10-23,2024,VinFast VF8 S,855000000.0,Nội địa,Hà Nội,SUV,5.0,Tự động,Đã sử dụng,Điện
2025-10-23,2021,Toyota Corolla altis 1.8G AT,615000000.0,Nội địa,Hà Nội,Sedan,56000.0,Tự động,Đã sử dụng,Xăng
2025-10-23,2013,LandRover Range Rover Autobiography 5.0,1000000000.0,Nhập khẩu,Hà Nội,SUV,120000.0,Tự động,Đã sử dụng,Xăng
2025-10-23,2023,Mercedes Benz GLC 200 4Matic,1000000000.0,Nội địa,Hà Nội,SUV,2000.0,Tự động,Đã sử dụng,Hybrid
2025-10-23,2025,Volvo S90 Ultra B6 AWD,2000000000.0,Nhập khẩu,Hà Nội,Sedan,279.0,Tự động,Đã sử dụng,Xăng
2025-10-23,2024,Kia Sportage Signature 2.0D,955000000.0,Nội địa,Hà Nội,Crossover,20000.0,Tự động,Đã sử dụng,Dầu diesel
2025-10-23,2020,Honda City 1.5TOP,395000000.0,Nội địa,Hà Nội,Sedan,92000.0,Tự động,Đã sử dụng,Xăng
2025-10-23,2015,Mercedes Benz GLA class GLA 45 AMG 4Matic,530000000.0,Nhập khẩu,TP HCM,SUV,73000.0,Tự động,Đã sử dụng,Xăng
2025-10-23,2019,Suzuki Swift GLX 1.2 AT,379000000.0,Nhập khẩu,Hà Nội,Hatchback,39000.0,Tự động,Đã sử dụng,Xăng
2025-10-23,2021,Mercedes Benz GLC 200,1000000000.0,Nội địa,Hà Nội,SUV,72000.0,Tự động,Đã sử dụng,Xăng
2025-10-23,2013,Mitsubishi Pajero Sport G 4x2 AT,345000000.0,Nội địa,Hà Nội,SUV,110000.0,Tự động,Đã sử dụng,Xăng
2025-10-23,2018,Volkswagen Tiguan Allspace,730000000.0,Nhập khẩu,Hà Nội,SUV,100000.0,Tự động,Đã sử dụng,Xăng
2025-10-23,2019,Honda Brio G,310000000.0,Nhập khẩu,Hà Nội,Hatchback,63000.0,Tự động,Đã sử dụng,Xăng
2025-10-23,2019,Toyota Yaris 1.5G,470000000.0,Nhập khẩu,Hà Nội,Hatchback,63000.0,Tự động,Đã sử dụng,Xăng
2025-10-23,2022,Hyundai Accent 1.4 AT Đặc Biệt,439000000.0,Nội địa,Hà Nội,Sedan,50000.0,Tự động,Đã sử dụng,Xăng
2025-10-23,2018,Toyota Fortuner 2.4G 4x2 MT,720000000.0,Nhập khẩu,TP HCM,SUV,94000.0,Số Tay,Đã sử dụng,Dầu diesel
2025-10-23,2019,Hyundai Tucson 2.0 ATH,635000000.0,Nội địa,TP HCM,Crossover,54.0,Tự động,Đã sử dụng,Xăng
2025-10-23,2021,BMW 3 Series 320i Sport Line,1000000000.0,Nhập khẩu,Hà Nội,Sedan,43000.0,Tự động,Đã sử dụng,Xăng
2025-10-23,2021,Volvo XC90 Recharge T8 AWD,3000000000.0,Nhập khẩu,Hà Nội,SUV,40000.0,Tự động,Đã sử dụng,Hybrid
2025-10-23,2024,Ford Everest Titanium Plus 2.0L 4x4 AT,1000000000.0,Nhập khẩu,Hà Nội,SUV,5500.0,Tự động,Đã sử dụng,Dầu diesel
2025-10-23,2021,Lexus RX 300,2000000000.0,Nhập khẩu,Hà Nội,SUV,42000.0,Tự động,Đã sử dụng,Xăng
2025-10-23,2016,Honda CRV 2.4 AT,530000000.0,Nội địa,Hà Nội,SUV,89000.0,Tự động,Đã sử dụng,Xăng
2025-10-23,2025,Toyota Vios G 1.5 CVT,472000000.0,Nội địa,Hà Nội,Sedan,0.0,Tự động,Xe mới,Xăng
2025-10-23,2019,Toyota Alphard Executive Lounge,2000000000.0,Nhập khẩu,Hà Nội,Van/Minivan,60000.0,Tự động,Đã sử dụng,Xăng
2025-10-23,2023,Suzuki Super Carry Van Blind Van,293000000.0,Nội địa,Hà Nội,Van/Minivan,0.0,Số Tay,Xe mới,Xăng
2025-10-23,2018,Volvo XC60 Inscription,1000000000.0,Nhập khẩu,Hà Nội,SUV,80000.0,Tự động,Đã sử dụng,Xăng
2025-10-23,2019,Ford EcoSport Titanium 1.5L AT,405000000.0,Nội địa,Hà Nội,SUV,80000.0,Tự động,Đã sử dụng,Xăng
2025-10-23,2018,Toyota Innova 2.0 Venturer,545000000.0,Nội địa,Hà Nội,Crossover,80000.0,Tự động,Đã sử dụng,Xăng
2025-10-23,2025,VinFast VF5 Plus,460000000.0,Nội địa,TP HCM,SUV,2000.0,Tự động,Đã sử dụng,Điện
2025-10-23,2018,Hyundai Tucson 2.0 ATH,550000000.0,Nội địa,Hà Nội,Crossover,100000.0,Tự động,Đã sử dụng,Xăng
2025-10-23,2020,BMW 7 Series 730Li,2000000000.0,Nhập khẩu,Hà Nội,Sedan,40000.0,Tự động,Đã sử dụng,Xăng
2025-10-23,2024,Toyota Veloz Cross 1.5 CVT,585000000.0,Nội địa,Bình Dương,SUV,24000.0,Tự động,Đã sử dụng,Xăng
2025-10-23,2004,Volkswagen New Beetle 2.5 AT,285000000.0,Nhập khẩu,TP HCM,Coupe,124800.0,Tự động,Đã sử dụng,Xăng
2025-10-23,2018,Chevrolet Spark Duo Van 1.2 MT,138000000.0,Nội địa,Hải Phòng,Van/Minivan,132000.0,Số Tay,Đã sử dụng,Xăng
2025-10-23,2024,Ford Ranger Raptor 2.0L 4x4 AT,1000000000.0,Nhập khẩu,Đăk Lăk,Bán tải / Pickup,8000.0,Tự động,Đã sử dụng,Dầu diesel
2025-10-23,2018,Hyundai Elantra 2.0 AT,445000000.0,Nội địa,Bình Dương,Sedan,51000.0,Tự động,Đã sử dụng,Xăng
2025-10-23,2022,Honda CRV L,875000000.0,Nội địa,Hà Nội,SUV,55000.0,Tự động,Đã sử dụng,Xăng
2025-10-23,2021,Mercedes Benz GLC 200,1000000000.0,Nội địa,Hà Nội,SUV,40000.0,Tự động,Đã sử dụng,Xăng
2025-10-23,2018,Mazda 3 1.5 AT,415000000.0,Nội địa,Hà Nội,Sedan,88000.0,Tự động,Đã sử dụng,Xăng
2025-10-23,2020,Mercedes Benz C class C180,820000000.0,Nội địa,Quảng Ninh,Sedan,70000.0,Tự động,Đã sử dụng,Xăng
2025-10-23,2023,Lexus RX 350 Premium,3000000000.0,Nhập khẩu,Hà Nội,SUV,18000.0,Tự động,Đã sử dụng,Xăng
2025-10-23,2021,VinFast Lux SA 2.0 Base 2.0 AT,595000000.0,Nội địa,Hà Nội,SUV,80000.0,Tự động,Đã sử dụng,Xăng
2025-10-23,2023,Toyota Land Cruiser 3.5 V6,5000000000.0,Nhập khẩu,Hà Nội,SUV,37000.0,Tự động,Đã sử dụng,Xăng
2025-10-23,2020,Mercedes Benz GLC 300 4Matic,1000000000.0,Nội địa,Hà Nội,SUV,69000.0,Tự động,Đã sử dụng,Xăng
2025-10-23,2021,Mercedes Benz GLC 200,1000000000.0,Nội địa,Hà Nội,SUV,50000.0,Tự động,Đã sử dụng,Xăng
2025-10-23,2019,Toyota Vios 1.5G,389000000.0,Nội địa,Hà Nội,Sedan,50000.0,Tự động,Đã sử dụng,Xăng
2025-10-23,2024,Ford Territory Titanium X 1.5 AT,828000000.0,Nội địa,Hà Nội,SUV,15000.0,Tự động,Đã sử dụng,Xăng
2025-10-23,2020,BMW 7 Series 740Li,3000000000.0,Nhập khẩu,TP HCM,Sedan,19000.0,Tự động,Đã sử dụng,Xăng
2025-10-23,2022,Ford Ranger XLS 2.2L 4x2 MT,515000000.0,Nội địa,Long An,Bán tải / Pickup,57000.0,Số Tay,Đã sử dụng,Dầu diesel
2025-10-23,2019,Toyota Fortuner 2.4G 4x2 AT,830000000.0,Nội địa,Đăk Lăk,SUV,86.0,Tự động,Đã sử dụng,Dầu diesel
2025-10-23,2019,Lexus RX 300,2000000000.0,Nhập khẩu,Hà Nội,SUV,43000.0,Tự động,Đã sử dụng,Xăng
2025-10-23,2020,VinFast Fadil 1.4 AT,260000000.0,Nội địa,Vĩnh Phúc,Hatchback,55000.0,Tự động,Đã sử dụng,Xăng
2025-10-23,2022,Kia Sonet Premium 1.5 AT,520000000.0,Nội địa,Hà Nội,Crossover,50000.0,Tự động,Đã sử dụng,Xăng
2025-10-23,2022,Mitsubishi Xpander Premium 1.5 AT,539000000.0,Nhập khẩu,Bình Dương,SUV,53000.0,Tự động,Đã sử dụng,Xăng
2025-10-23,2018,Mazda 2 Premium,358000000.0,Nhập khẩu,Hà Nội,Sedan,100000.0,Tự động,Đã sử dụng,Xăng
2025-10-23,2015,Mercedes Benz S class S400L,1000000000.0,Nội địa,Hà Nội,Sedan,70000.0,Tự động,Đã sử dụng,Xăng
2025-10-23,2020,BMW X5 xDrive40i xLine,2000000000.0,Nhập khẩu,Hà Nội,SUV,22000.0,Tự động,Đã sử dụng,Xăng
2025-10-23,2021,Mercedes Benz C class C180 AMG,869000000.0,Nội địa,Hà Nội,Sedan,49000.0,Tự động,Đã sử dụng,Xăng
2025-10-23,2019,Mazda CX8 Premium,748000000.0,Nội địa,TP HCM,SUV,48000.0,Tự động,Đã sử dụng,Xăng
2025-10-23,2015,Mazda CX5 2.0 AT,445000000.0,Nội địa,TP HCM,SUV,98000.0,Tự động,Đã sử dụng,Xăng
2025-10-23,2025,Toyota Veloz Cross Top 1.5 CVT,578000000.0,Nội địa,Hà Nội,SUV,0.0,Tự động,Xe mới,Xăng
2025-10-23,2024,Ford Ranger Wildtrak 2.0L 4x4 AT,865000000.0,Nội địa,TP HCM,Bán tải / Pickup,15000.0,Tự động,Đã sử dụng,Dầu diesel
2025-10-23,2020,Kia Cerato 2.0 AT Premium,495000000.0,Nội địa,Hà Nội,Sedan,64000.0,Tự động,Đã sử dụng,Xăng
2025-10-23,2022,Ford Everest Titanium 2.0L 4x2 AT,1000000000.0,Nhập khẩu,Bình Dương,SUV,70000.0,Tự động,Đã sử dụng,Dầu diesel
2025-10-23,2020,Audi A4 40 TFSI Advanced,998000000.0,Nhập khẩu,Hà Nội,Sedan,45000.0,Tự động,Đã sử dụng,Xăng
2025-10-23,2023,Mercedes Benz GLC 200 4Matic,1000000000.0,Nội địa,Hà Nội,SUV,21000.0,Tự động,Đã sử dụng,Hybrid
2025-10-23,2016,Porsche Macan 2.0,1000000000.0,Nhập khẩu,Hà Nội,SUV,96560.0,Tự động,Đã sử dụng,Xăng
2025-10-23,2020,Toyota Corolla Cross 1.8V,599000000.0,Nhập khẩu,Hà Nội,SUV,71000.0,Tự động,Đã sử dụng,Xăng
2025-10-23,2018,Porsche Panamera 4 Executive,3000000000.0,Nhập khẩu,Hà Nội,Sedan,90000.0,Tự động,Đã sử dụng,Xăng
2025-10-23,2025,Mazda CX5 Premium 2.0 AT,791000000.0,Nội địa,TP HCM,SUV,0.0,Tự động,Xe mới,Xăng
2025-10-23,2019,Toyota Alphard Executive Lounge,2000000000.0,Nhập khẩu,Hà Nội,Van/Minivan,67000.0,Tự động,Đã sử dụng,Xăng
2025-10-23,2021,Lexus RX 350,3000000000.0,Nhập khẩu,Hà Nội,SUV,70000.0,Tự động,Đã sử dụng,Xăng
2025-10-23,2022,BMW 5 Series 520i M Sport,2000000000.0,Nội địa,Hà Nội,Sedan,0.0,Tự động,Xe mới,Xăng
2025-10-23,2024,VinFast VF3 Plus,229000000.0,Nội địa,Hà Nội,Hatchback,8600.0,Tự động,Đã sử dụng,Điện
2025-10-23,2020,Ford EcoSport Titanium 1.5 AT,475000000.0,Nội địa,TP HCM,SUV,13000.0,Tự động,Đã sử dụng,Xăng
2025-10-23,2022,Kia Sonet Premium 1.5 AT,550000000.0,Nội địa,Bình Dương,Crossover,86000.0,Tự động,Đã sử dụng,Xăng
2025-10-23,2015,Lexus GX 460,2000000000.0,Nhập khẩu,Hà Nội,SUV,110000.0,Tự động,Đã sử dụng,Xăng
2025-10-23,2022,Hyundai Creta Đặc biệt 1.5 AT,580000000.0,Nhập khẩu,Đăk Lăk,SUV,25000.0,Tự động,Đã sử dụng,Xăng
2025-10-23,2022,Toyota Fortuner 2.4L 4x2 AT,960000000.0,Nội địa,Hà Nội,SUV,60000.0,Tự động,Đã sử dụng,Dầu diesel
2025-10-23,2021,VinFast Lux SA 2.0 Premium 2.0 AT,720000000.0,Nội địa,Hà Nội,SUV,57000.0,Tự động,Đã sử dụng,Xăng
2025-10-23,2016,Mazda BT50 2.2L 4x2 AT,375000000.0,Nhập khẩu,Đăk Lăk,Bán tải / Pickup,90000.0,Tự động,Đã sử dụng,Dầu diesel
2025-10-23,2021,Kia Sorento Signature 2.5 AT AWD,839000000.0,Nội địa,TP HCM,SUV,54000.0,Tự động,Đã sử dụng,Xăng
2025-10-23,2017,Mercedes Benz E class E250,895000000.0,Nội địa,Đà Nẵng,Sedan,37000.0,Tự động,Đã sử dụng,Xăng
2025-10-23,2018,Mazda 3 1.5 AT,439000000.0,Nội địa,Hà Nội,Sedan,75000.0,Tự động,Đã sử dụng,Xăng
2025-10-23,2017,Nissan X trail 2.0 SL 2WD PREMIUM,470000000.0,Nội địa,Hà Nội,SUV,99000.0,Tự động,Đã sử dụng,Xăng
2025-10-23,2020,Mazda CX5 2.0 Premium,709000000.0,Nội địa,Hà Nội,SUV,35000.0,Tự động,Đã sử dụng,Xăng
2025-10-23,2021,Toyota Wigo 1.2 AT,343000000.0,Nhập khẩu,Hà Nội,Hatchback,20000.0,Tự động,Đã sử dụng,Xăng
2025-10-23,2014,Honda CRV 2.4 AT,475000000.0,Nội địa,Hà Nội,SUV,110000.0,Tự động,Đã sử dụng,Xăng
2025-10-23,2025,Mitsubishi Triton GLX 2WD AT,610000000.0,Nhập khẩu,Hà Nội,Bán tải / Pickup,14000.0,Tự động,Đã sử dụng,Dầu diesel
2025-10-23,2022,Toyota Fortuner 2.4L 4x2 AT,935000000.0,Nội địa,Hà Nội,SUV,90000.0,Tự động,Đã sử dụng,Dầu diesel
2025-10-23,2023,Hyundai SantaFe Cao cấp 2.2L HTRAC,1000000000.0,Nội địa,Hà Nội,SUV,41000.0,Tự động,Đã sử dụng,Dầu diesel
2025-10-23,2023,Hyundai Creta Tiêu chuẩn 1.5 AT,539000000.0,Nhập khẩu,Tuyên Quang,SUV,11000.0,Tự động,Đã sử dụng,Xăng
2025-10-23,2024,VinFast VF6 Plus,640000000.0,Nội địa,Thanh Hóa,SUV,23500.0,Tự động,Đã sử dụng,Điện
2025-10-23,2023,VinFast VF e34 AT,368000000.0,Nội địa,Hà Nội,Crossover,150000.0,Tự động,Đã sử dụng,Điện
2025-10-23,2019,Ford Tourneo Titanium 2.0 AT,655000000.0,Nội địa,TP HCM,Van/Minivan,52600.0,Tự động,Đã sử dụng,Xăng
2025-10-23,2025,Ford Territory Titanium X 1.5 AT,865000000.0,Nội địa,Hà Nội,SUV,7000.0,Tự động,Đã sử dụng,Xăng
2025-10-23,2021,Mercedes Benz E class E200 Exclusive,1000000000.0,Nội địa,Hà Nội,Sedan,41000.0,Tự động,Đã sử dụng,Xăng
2025-10-23,2019,Ford EcoSport Titanium 1.5L AT,450000000.0,Nội địa,Hà Nội,SUV,58000.0,Tự động,Đã sử dụng,Xăng
2025-10-23,2023,Toyota Vios E CVT,415000000.0,Nội địa,Hà Nội,Sedan,53000.0,Tự động,Đã sử dụng,Xăng
2025-10-23,2019,Lexus ES 250,1000000000.0,Nhập khẩu,Hà Nội,Sedan,56000.0,Tự động,Đã sử dụng,Xăng
2025-10-23,2012,Toyota 86 2.0 AT,850000000.0,Nhập khẩu,TP HCM,Coupe,82389.0,Tự động,Đã sử dụng,Xăng
2025-10-23,2024,Mazda CX5 Deluxe 2.0 AT,710000000.0,Nội địa,Hà Nội,SUV,21000.0,Tự động,Đã sử dụng,Xăng
2025-10-23,2024,Toyota Innova Cross HEV 2.0 CVT,999000000.0,Nhập khẩu,Hải Phòng,Crossover,7000.0,Tự động,Đã sử dụng,Hybrid
2025-10-23,2018,Chevrolet Trailblazer LTZ 2.5L VGT 4x4 AT,550000000.0,Nhập khẩu,Hà Nội,SUV,90000.0,Tự động,Đã sử dụng,Dầu diesel
2025-10-23,2024,Ford Territory Titanium 1.5 AT,785000000.0,Nội địa,Hà Nội,SUV,11000.0,Tự động,Đã sử dụng,Xăng
2025-10-23,2016,Kia Rio 1.4 AT,299000000.0,Nhập khẩu,TP HCM,Sedan,66000.0,Tự động,Đã sử dụng,Xăng
2025-10-23,2024,Kia Seltos Premium 1.5 AT,725000000.0,Nội địa,Hà Nội,Crossover,7000.0,Tự động,Đã sử dụng,Xăng
2025-10-23,2010,Toyota Yaris 1.3 AT,268000000.0,Nhập khẩu,TP HCM,Hatchback,59000.0,Tự động,Đã sử dụng,Xăng
2025-10-23,2020,VinFast Lux A 2.0 Plus 2.0 AT,490000000.0,Nội địa,Hà Nội,Sedan,36913.0,Tự động,Đã sử dụng,Xăng
2025-10-23,2023,Mazda 3 1.5L Luxury,560000000.0,Nội địa,Hà Nội,Sedan,30000.0,Tự động,Đã sử dụng,Xăng
2025-10-23,2014,Toyota Fortuner 2.7V 4x2 AT,435000000.0,Nội địa,TP HCM,SUV,127000.0,Tự động,Đã sử dụng,Xăng
2025-10-23,2025,VinFast VF6 Plus,729000000.0,Nội địa,TP HCM,SUV,0.0,Tự động,Xe mới,Điện
2025-10-23,2021,Peugeot 5008 Allure 1.6 AT,758000000.0,Nội địa,Hà Nội,SUV,82000.0,Tự động,Đã sử dụng,Xăng
2025-10-23,2025,VinFast VF5 Plus,486000000.0,Nội địa,TP HCM,SUV,0.0,Tự động,Xe mới,Điện
2025-10-23,2016,Mitsubishi Mirage 1.2 AT,215000000.0,Nhập khẩu,Hà Nội,Hatchback,140000.0,Tự động,Đã sử dụng,Xăng
2025-10-23,2019,Mercedes Benz E class E200 Sport,1000000000.0,Nội địa,Hà Nội,Sedan,80000.0,Tự động,Đã sử dụng,Xăng
2025-10-23,2016,BMW 5 Series 520i,589000000.0,Nhập khẩu,TP HCM,Sedan,65000.0,Tự động,Đã sử dụng,Xăng
2025-10-23,2022,Mazda 3 1.5L Sport Premium,575000000.0,Nội địa,TP HCM,Hatchback,28000.0,Tự động,Đã sử dụng,Xăng
2025-10-23,2022,Toyota Camry 2.5Q,1000000000.0,Nhập khẩu,Hà Nội,Sedan,68000.0,Tự động,Đã sử dụng,Xăng
2025-10-23,2023,Toyota Vios G 1.5 CVT,489000000.0,Nội địa,TP HCM,Sedan,26870.0,Tự động,Đã sử dụng,Xăng
2025-10-23,2016,Ford Everest Titanium 2.2L 4x2 AT,599000000.0,Nhập khẩu,Hải Phòng,SUV,98000.0,Tự động,Đã sử dụng,Dầu diesel
2025-10-23,2018,Ford Ranger Wildtrak 2.0L 4x4 AT,586000000.0,Nhập khẩu,Hà Nội,Bán tải / Pickup,96000.0,Tự động,Đã sử dụng,Dầu diesel
2025-10-23,2021,Ford Ranger XLS 2.2L 4x2 AT,550000000.0,Nhập khẩu,Hà Nội,Bán tải / Pickup,80000.0,Tự động,Đã sử dụng,Dầu diesel
2025-10-23,2023,Mitsubishi Xpander Premium 1.5 AT,535000000.0,Nhập khẩu,Hà Nội,SUV,29864.0,Tự động,Đã sử dụng,Xăng
2025-10-23,2025,Suzuki XL7 Hybrid 1.5 AT,516000000.0,Nhập khẩu,Hà Nội,SUV,0.0,Tự động,Xe mới,Hybrid
2025-10-23,2015,Chevrolet Aveo LT 1.5 MT,155000000.0,Nội địa,Khánh Hòa,Sedan,152618.0,Số Tay,Đã sử dụng,Xăng
2025-10-23,2013,Honda City 1.5 AT,275000000.0,Nội địa,Quảng Ninh,Sedan,150000.0,Tự động,Đã sử dụng,Xăng
2025-10-23,2015,BMW i8 1.5L Hybrid,2000000000.0,Nhập khẩu,Hà Nội,Coupe,70000.0,Tự động,Đã sử dụng,Hybrid
2025-10-23,2019,Hyundai Accent 1.4 ATH,379000000.0,Nội địa,Hà Nội,Sedan,85000.0,Tự động,Đã sử dụng,Xăng
2025-10-23,2020,Volvo S90 Inscription T6,1000000000.0,Nhập khẩu,TP HCM,Sedan,37000.0,Tự động,Đã sử dụng,Xăng
2025-10-23,2013,Audi Q5 2.0 AT,465000000.0,Nhập khẩu,Hà Nội,SUV,110000.0,Tự động,Đã sử dụng,Xăng
2025-10-23,2011,Toyota Vios 1.5G,250000000.0,Nội địa,Bắc Ninh,Sedan,140000.0,Tự động,Đã sử dụng,Xăng
2025-10-23,2024,Kia Seltos Luxury 1.4 AT,660000000.0,Nội địa,Hà Nội,Crossover,14000.0,Tự động,Đã sử dụng,Xăng
2025-10-23,2010,Mercedes Benz E class E250,315000000.0,Nội địa,TP HCM,Sedan,87000.0,Tự động,Đã sử dụng,Xăng
2025-10-23,2022,Mercedes Benz GLC 300 4Matic,2000000000.0,Nội địa,Hà Nội,SUV,30.0,Tự động,Đã sử dụng,Xăng
2025-10-23,2025,Toyota Vios E CVT,420000000.0,Nội địa,Hà Nội,Sedan,0.0,Tự động,Xe mới,Xăng
2025-10-23,2025,Honda BR V G,574000000.0,Nhập khẩu,Hà Nội,SUV,0.0,Tự động,Xe mới,Xăng
2025-10-23,2015,Kia Sorento DATH,486000000.0,Nội địa,Hà Nội,SUV,110000.0,Tự động,Đã sử dụng,Dầu diesel
2025-10-23,2024,VinFast VF3 Plus,225000000.0,Nội địa,Hà Nội,Hatchback,1000.0,Tự động,Đã sử dụng,Điện
2025-10-23,2021,Mazda BT50 Luxury 1.9L 4x2 AT,520000000.0,Nhập khẩu,Bình Dương,Bán tải / Pickup,110000.0,Tự động,Đã sử dụng,Dầu diesel
2025-10-23,2020,BMW X6 xDrive40i M Sport,2000000000.0,Nhập khẩu,Hà Nội,SUV,73000.0,Tự động,Đã sử dụng,Xăng
2025-10-23,2017,Ford EcoSport Trend 1.5L MT,275000000.0,Nội địa,Phú Thọ,SUV,100000.0,Số Tay,Đã sử dụng,Xăng
2025-10-23,2019,Honda City 1.5TOP,385000000.0,Nội địa,Hà Nội,Sedan,91000.0,Tự động,Đã sử dụng,Xăng
2025-10-23,2008,Chrysler 300C 3.5 V6,390000000.0,Nhập khẩu,TP HCM,Sedan,89850.0,Tự động,Đã sử dụng,Xăng
2025-10-23,2021,VinFast Lux A 2.0 2.0 AT,465000000.0,Nội địa,Vĩnh Phúc,Sedan,36000.0,Tự động,Đã sử dụng,Xăng
2025-10-23,2019,Toyota Innova 2.0E,460000000.0,Nội địa,TP HCM,Crossover,190687.0,Số Tay,Đã sử dụng,Xăng
2025-10-23,2022,Peugeot 3008 AL,740000000.0,Nội địa,Hà Nội,Crossover,40000.0,Tự động,Đã sử dụng,Xăng
2025-10-23,2022,Kia Morning Luxury,335000000.0,Nội địa,Hà Nội,Hatchback,54000.0,Tự động,Đã sử dụng,Xăng
2025-10-23,2024,Mazda CX8 Premium AWD,1000000000.0,Nội địa,TP HCM,SUV,17000.0,Tự động,Đã sử dụng,Xăng
2025-10-23,2018,Ford EcoSport Titanium 1.5L AT,392000000.0,Nội địa,TP HCM,SUV,67000.0,Tự động,Đã sử dụng,Xăng
2025-10-23,2019,Toyota Fortuner 2.4G 4x2 AT,800000000.0,Nhập khẩu,Hà Nội,SUV,85000.0,Tự động,Đã sử dụng,Dầu diesel
2025-10-23,2019,Lexus RX 300,2000000000.0,Nhập khẩu,Hà Nội,SUV,68000.0,Tự động,Đã sử dụng,Xăng
2025-10-23,2009,Lexus RX 350,719000000.0,Nhập khẩu,Hà Nội,SUV,70000.0,Tự động,Đã sử dụng,Xăng
2025-10-23,2024,Kia K3 Luxury 1.6 AT,585000000.0,Nội địa,Hà Nội,Sedan,6800.0,Tự động,Đã sử dụng,Xăng
2025-10-23,2017,Mercedes Benz C class C200,668000000.0,Nội địa,TP HCM,Sedan,38000.0,Tự động,Đã sử dụng,Xăng
2025-10-23,2019,Nissan X trail V Series 2.5 SV Premium 4WD,605000000.0,Nội địa,Hà Nội,SUV,80000.0,Tự động,Đã sử dụng,Xăng
2025-10-23,2019,Hyundai SantaFe 2.2L,759000000.0,Nội địa,Hà Nội,SUV,76000.0,Tự động,Đã sử dụng,Dầu diesel
2025-10-23,2024,Hyundai Tucson 1.6 AT Turbo HTRAC Đặc biệt,935000000.0,Nội địa,Hà Nội,Crossover,7800.0,Tự động,Đã sử dụng,Xăng
2025-10-23,2018,Mercedes Benz C class C200,739000000.0,Nội địa,Bình Dương,Sedan,83000.0,Tự động,Đã sử dụng,Xăng
2025-10-23,2021,Mercedes Benz GLC 200,1000000000.0,Nội địa,Hà Nội,SUV,48000.0,Tự động,Đã sử dụng,Xăng
2025-10-23,2020,Mercedes Benz Maybach S450 4Matic,4000000000.0,Nhập khẩu,Hà Nội,Sedan,58000.0,Tự động,Đã sử dụng,Xăng
2025-10-23,2013,LandRover Range Rover Autobiography 5.0,1000000000.0,Nhập khẩu,Hà Nội,SUV,9.0,Tự động,Đã sử dụng,Xăng
2025-10-23,2024,Kia K5 Premium 2.0 AT,785000000.0,Nội địa,Hà Nội,Sedan,10000.0,Tự động,Đã sử dụng,Xăng
2025-10-23,2023,Lexus RX 350 Luxury,3000000000.0,Nhập khẩu,Hà Nội,SUV,18000.0,Tự động,Đã sử dụng,Xăng
2025-10-23,2024,Mazda 3 1.5L Sport Luxury,610000000.0,Nội địa,Phú Thọ,Hatchback,15000.0,Tự động,Đã sử dụng,Xăng
2025-10-23,2018,Ford EcoSport Titanium 1.5L AT,399000000.0,Nội địa,TP HCM,SUV,86000.0,Tự động,Đã sử dụng,Xăng
2025-10-23,2025,Mazda CX3 1.5 AT,525000000.0,Nhập khẩu,Nam Định,Crossover,4000.0,Tự động,Đã sử dụng,Xăng
2025-10-23,2022,Hyundai Elantra 1.6 AT Tiêu chuẩn,499000000.0,Nội địa,Quảng Ninh,Sedan,30000.0,Tự động,Đã sử dụng,Xăng
2025-10-23,2024,Skoda Kodiaq Ambition 1.4 AT,1000000000.0,Nhập khẩu,TP HCM,SUV,0.0,Tự động,Xe mới,Xăng
2025-10-23,2023,Toyota Avanza Premio 1.5 MT,439000000.0,Nội địa,Tây Ninh,SUV,84722.0,Số Tay,Đã sử dụng,Xăng
2025-10-23,2008,Acura MDX SH,325000000.0,Nhập khẩu,Hà Nội,SUV,140000.0,Tự động,Đã sử dụng,Xăng
2025-10-23,2023,BMW 3 Series 320i Sport Line,1000000000.0,Nội địa,TP HCM,Sedan,53000.0,Tự động,Đã sử dụng,Xăng
2025-10-23,2018,Mercedes Benz S class S450L,1000000000.0,Nội địa,TP HCM,Sedan,61000.0,Tự động,Đã sử dụng,Xăng
2025-10-23,2014,LandRover Range Rover Autobiography LWB 3.0,2000000000.0,Nhập khẩu,Hà Nội,SUV,130000.0,Tự động,Đã sử dụng,Xăng
2025-10-23,2022,Toyota Vios E CVT,410000000.0,Nội địa,Nghệ An,Sedan,52000.0,Tự động,Đã sử dụng,Xăng
2025-10-23,2020,Hyundai SantaFe 2.2L,800000000.0,Nội địa,Đăk Lăk,SUV,57000.0,Tự động,Đã sử dụng,Dầu diesel
2025-10-23,2011,Ford Fiesta S 1.6 AT,197000000.0,Nội địa,Bình Định,Hatchback,80000.0,Tự động,Đã sử dụng,Xăng
2025-10-23,2023,Mercedes Benz GLC 300 4Matic,2000000000.0,Nội địa,Hà Nội,SUV,32000.0,Tự động,Đã sử dụng,Hybrid
2025-10-23,2021,Toyota Prado VX 2.7L,2000000000.0,Nhập khẩu,Hà Nội,SUV,60000.0,Tự động,Đã sử dụng,Xăng
2025-10-23,2021,Mercedes Benz GLS 450 4Matic,3000000000.0,Nhập khẩu,Hà Nội,SUV,28500.0,Tự động,Đã sử dụng,Xăng
2025-10-23,2025,Mercedes Benz GLA class GLA 45 S AMG 4Matic,2000000000.0,Nhập khẩu,TP HCM,SUV,4000.0,Tự động,Đã sử dụng,Xăng
2025-10-23,2023,Ford Everest Titanium 2.0L 4x2 AT,1000000000.0,Nhập khẩu,TP HCM,SUV,50000.0,Tự động,Đã sử dụng,Dầu diesel
2025-10-23,2023,Kia Sonet Premium 1.5 AT,565000000.0,Nội địa,Hải Dương,Crossover,23000.0,Tự động,Đã sử dụng,Xăng
2025-10-23,2020,Mitsubishi Xpander 1.5 AT,468000000.0,Nhập khẩu,Hà Nội,SUV,80000.0,Tự động,Đã sử dụng,Xăng
2025-10-23,2021,Lexus RX 300,2000000000.0,Nhập khẩu,Hà Nội,SUV,47000.0,Tự động,Đã sử dụng,Xăng
2025-10-23,2020,Mercedes Benz S class S450L Luxury,2000000000.0,Nội địa,Hà Nội,Sedan,43000.0,Tự động,Đã sử dụng,Xăng
2025-10-23,2019,Ford EcoSport Titanium 1.5L AT,395000000.0,Nội địa,Hà Nội,SUV,51000.0,Tự động,Đã sử dụng,Xăng
2025-10-23,2019,Toyota Wigo 1.2G AT,290000000.0,Nhập khẩu,Đồng Nai,Hatchback,30000.0,Tự động,Đã sử dụng,Xăng
2025-10-23,2014,Mazda 3 S 1.6 AT,287000000.0,Nội địa,Hải Phòng,Sedan,105000.0,Tự động,Đã sử dụng,Xăng
2025-10-23,2023,Ford Transit Tiêu chuẩn,642000000.0,Nội địa,TP HCM,Van/Minivan,62000.0,Số Tay,Đã sử dụng,Dầu diesel
2025-10-23,2022,Ford Ranger XLS 2.0L 4x2 MT,550000000.0,Nội địa,TP HCM,Bán tải / Pickup,63000.0,Số Tay,Đã sử dụng,Dầu diesel
2025-10-23,2023,Mazda 3 1.5L Luxury,560000000.0,Nội địa,Hà Nội,Sedan,40000.0,Tự động,Đã sử dụng,Xăng
2025-10-23,2025,Mercedes Benz GLC 200 4Matic,2000000000.0,Nội địa,TP HCM,SUV,11.0,Tự động,Đã sử dụng,Hybrid
2025-10-23,2024,BMW X3 sDrive20i,1000000000.0,Nội địa,Hà Nội,SUV,20000.0,Tự động,Đã sử dụng,Xăng
2025-10-23,2019,Mitsubishi Triton 4x4 AT Mivec Premium,585000000.0,Nhập khẩu,Hà Nội,Bán tải / Pickup,80000.0,Tự động,Đã sử dụng,Dầu diesel
2025-10-23,2021,Kia Sportage Signature 2.0G,799000000.0,Nhập khẩu,Hà Nội,Crossover,16000.0,Tự động,Đã sử dụng,Xăng
2025-10-23,2019,LandRover Range Rover HSE 3.0 V6,4000000000.0,Nhập khẩu,Hà Nội,SUV,64000.0,Tự động,Đã sử dụng,Xăng
2025-10-23,2024,Toyota Innova Cross HEV 2.0 CVT,1000000000.0,Nhập khẩu,Hà Nội,Crossover,7000.0,Tự động,Đã sử dụng,Hybrid
2025-10-23,2016,BMW 5 Series 520i,680000000.0,Nhập khẩu,Hà Nội,Sedan,120000.0,Tự động,Đã sử dụng,Xăng
2025-10-23,2021,Mercedes Benz GLC 300 4Matic,1000000000.0,Nội địa,TP HCM,SUV,24000.0,Tự động,Đã sử dụng,Xăng
2025-10-23,2020,Kia Sedona 2.2 DAT Luxury,768000000.0,Nội địa,Hà Nội,Van/Minivan,120.0,Tự động,Đã sử dụng,Dầu diesel
2025-10-23,2022,Hyundai Elantra 1.6 AT Tiêu chuẩn,498000000.0,Nội địa,Hà Nội,Sedan,46000.0,Tự động,Đã sử dụng,Xăng
2025-10-23,2024,Volkswagen Viloran Luxury,2000000000.0,Nhập khẩu,Hà Nội,Van/Minivan,11000.0,Tự động,Đã sử dụng,Xăng
2025-10-23,2015,Ford Transit Luxury,349000000.0,Nội địa,Bình Dương,Van/Minivan,79000.0,Số Tay,Đã sử dụng,Dầu diesel
2025-10-23,2019,Kia Morning Luxury,285000000.0,Nội địa,Hà Nội,Hatchback,55000.0,Tự động,Đã sử dụng,Xăng
2025-10-23,2011,Hyundai i20 1.4 AT,199000000.0,Nhập khẩu,Hà Nội,Hatchback,150000.0,Tự động,Đã sử dụng,Xăng
2025-10-23,2021,Suzuki Swift GLX 1.2 AT,455000000.0,Nhập khẩu,Hà Nội,Hatchback,30000.0,Tự động,Đã sử dụng,Xăng
2025-10-23,2018,Honda CRV L,739000000.0,Nhập khẩu,Hà Nội,SUV,54000.0,Tự động,Đã sử dụng,Xăng
2025-10-23,2021,Honda CRV L,840000000.0,Nội địa,TP HCM,SUV,37500.0,Tự động,Đã sử dụng,Xăng
2025-10-23,2021,Hyundai i10 1.2 MT Tiêu Chuẩn,288000000.0,Nội địa,Phú Thọ,Sedan,36000.0,Số Tay,Đã sử dụng,Xăng
2025-10-23,2009,Mercedes Benz Sprinter Panel Van 311,185000000.0,Nội địa,TP HCM,Van/Minivan,5000.0,Số Tay,Đã sử dụng,Dầu diesel
2025-10-23,2015,LandRover Range Rover Evoque Dynamic,666000000.0,Nhập khẩu,Hưng Yên,SUV,96000.0,Tự động,Đã sử dụng,Xăng
2025-10-23,2022,Mitsubishi Xpander Premium 1.5 AT,495000000.0,Nhập khẩu,TP HCM,SUV,85000.0,Tự động,Đã sử dụng,Xăng
2025-10-23,2022,Peugeot 5008 GT 1.6 AT,909000000.0,Nội địa,Hà Nội,SUV,42000.0,Tự động,Đã sử dụng,Xăng
2025-10-23,2025,Isuzu Dmax Prestige 1.9L 4x2 AT,605000000.0,Nhập khẩu,Hà Nội,Bán tải / Pickup,0.0,Tự động,Xe mới,Dầu diesel
2025-10-23,2021,Hyundai SantaFe Cao cấp 2.5L HTRAC,939000000.0,Nội địa,Bắc Ninh,SUV,80000.0,Tự động,Đã sử dụng,Xăng
2025-10-23,2016,Toyota Camry 2.0E,499000000.0,Nội địa,Hà Nội,Sedan,120000.0,Tự động,Đã sử dụng,Xăng
2025-10-23,2017,Mercedes Benz S class S450L Luxury,1000000000.0,Nội địa,Hà Nội,Sedan,80000.0,Tự động,Đã sử dụng,Xăng
2025-10-23,2021,Mercedes Benz S class S450L Limited Edition,2000000000.0,Nội địa,Hà Nội,Sedan,50000.0,Tự động,Đã sử dụng,Xăng
2025-10-23,2023,BMW Z4 sDrive20i M Sport,2000000000.0,Nhập khẩu,Hà Nội,Convertible/Cabriolet,8000.0,Tự động,Đã sử dụng,Xăng
2025-10-23,2022,BMW 5 Series 520i M Sport,1000000000.0,Nhập khẩu,Hà Nội,Sedan,10000.0,Tự động,Đã sử dụng,Xăng
2025-10-23,2025,Isuzu QKR QMR77HE5 Thùng Bạt,648000000.0,Nội địa,Hà Nội,Truck,0.0,Số Tay,Xe mới,Dầu diesel
2025-10-23,2023,BMW X5 xDrive40i M Sport,3000000000.0,Nội địa,Hà Nội,SUV,8900.0,Tự động,Đã sử dụng,Xăng
2025-10-23,2019,Kia Cerato 1.6 AT Luxury,440000000.0,Nội địa,Hải Phòng,Sedan,68000.0,Tự động,Đã sử dụng,Xăng
2025-10-23,2021,Lexus RX 350,3000000000.0,Nhập khẩu,Hà Nội,SUV,10000.0,Tự động,Đã sử dụng,Xăng
2025-10-23,2016,Mercedes Benz GLS 400 4Matic,1000000000.0,Nhập khẩu,Hà Nội,SUV,99000.0,Tự động,Đã sử dụng,Xăng
2025-10-23,2020,Mercedes Benz GLE Class GLE 450 4Matic,2000000000.0,Nhập khẩu,Hà Nội,SUV,176000.0,Tự động,Đã sử dụng,Hybrid
2025-10-23,2018,Lexus RX 350,2000000000.0,Nhập khẩu,TP HCM,SUV,64330.0,Tự động,Đã sử dụng,Xăng
2025-10-23,2012,LandRover Range Rover Evoque Prestige,499000000.0,Nhập khẩu,Hà Nội,SUV,67000.0,Tự động,Đã sử dụng,Xăng
2025-10-23,2022,BMW X5 xDrive40i M Sport,2000000000.0,Nội địa,Hà Nội,SUV,30000.0,Tự động,Đã sử dụng,Xăng
2025-10-23,2020,Toyota Land Cruiser 4.6 V8,4000000000.0,Nhập khẩu,Hà Nội,SUV,17000.0,Tự động,Đã sử dụng,Xăng
2025-10-23,2021,Audi Q5 45 TFSI Quattro,1000000000.0,Nhập khẩu,Hà Nội,SUV,30000.0,Tự động,Đã sử dụng,Xăng
2025-10-23,2021,Toyota Prado VX 2.7L,2000000000.0,Nhập khẩu,Hà Nội,SUV,51000.0,Tự động,Đã sử dụng,Xăng
2025-10-23,2021,Mercedes Benz GLC 200 4Matic,1000000000.0,Nội địa,Hà Nội,SUV,25252.0,Tự động,Đã sử dụng,Xăng
2025-10-23,2023,Mitsubishi Xpander 1.5 MT,423000000.0,Nội địa,Hà Nội,SUV,63000.0,Số Tay,Đã sử dụng,Xăng
2025-10-23,2022,VinFast Lux SA 2.0 Nâng cao,745000000.0,Nội địa,Thái Nguyên,SUV,66000.0,Tự động,Đã sử dụng,Xăng
2025-10-23,2023,VinFast VF8 Plus,765000000.0,Nội địa,Hà Nội,SUV,30000.0,Tự động,Đã sử dụng,Điện
2025-10-23,2020,Hyundai Kona 2.0 ATH,485000000.0,Nội địa,TP HCM,Crossover,61000.0,Tự động,Đã sử dụng,Xăng
2025-10-23,2017,Suzuki Swift 1.4 AT,299000000.0,Nội địa,Hà Nội,Hatchback,78000.0,Tự động,Đã sử dụng,Xăng
2025-10-23,2020,Toyota Camry 2.0G,765000000.0,Nhập khẩu,Hà Nội,Sedan,80000.0,Tự động,Đã sử dụng,Xăng
2025-10-23,2023,Volkswagen Viloran Luxury,1000000000.0,Nhập khẩu,Đà Nẵng,Van/Minivan,16000.0,Tự động,Đã sử dụng,Xăng
2025-10-23,2012,Toyota Innova 2.0E,235000000.0,Nội địa,Hà Nội,Crossover,110000.0,Số Tay,Đã sử dụng,Xăng
2025-10-23,2019,Mitsubishi Attrage 1.2 CVT,292000000.0,Nhập khẩu,Hà Nội,Sedan,56000.0,Tự động,Đã sử dụng,Xăng
2025-10-23,2008,Mini Cooper S,370000000.0,Nhập khẩu,TP HCM,Coupe,75000.0,Tự động,Đã sử dụng,Xăng
2025-10-23,2020,VinFast Lux SA 2.0 Plus 2.0 AT,589000000.0,Nội địa,Nam Định,SUV,90000.0,Tự động,Đã sử dụng,Xăng
2025-10-23,2023,Honda Civic G 1.5 AT,699000000.0,Nhập khẩu,Hà Nội,Sedan,40000.0,Tự động,Đã sử dụng,Xăng
2025-10-23,2022,Mitsubishi Outlander Premium 2.0 CVT,718000000.0,Nội địa,Hà Nội,SUV,50000.0,Tự động,Đã sử dụng,Xăng
2025-10-23,2021,Volkswagen Tiguan Luxury S,1000000000.0,Nhập khẩu,Hà Nội,SUV,29000.0,Tự động,Đã sử dụng,Xăng
2025-10-23,2022,Mercedes Benz S class S450 Luxury,4000000000.0,Nhập khẩu,TP HCM,Sedan,45.0,Tự động,Đã sử dụng,Xăng
2025-10-23,2020,Hyundai Tucson 2.0 ATH,670000000.0,Nội địa,Bà Rịa Vũng Tàu,Crossover,52000.0,Tự động,Đã sử dụng,Xăng
2025-10-23,2022,VinFast Lux A 2.0 Nâng cao,655000000.0,Nội địa,Hà Nội,Sedan,49000.0,Tự động,Đã sử dụng,Xăng
2025-10-23,2018,Toyota Innova 2.0 Venturer,510000000.0,Nội địa,Hà Nội,Crossover,120000.0,Tự động,Đã sử dụng,Xăng
2025-10-23,2016,Mercedes Benz G class G63 AMG,5000000000.0,Nhập khẩu,Hà Nội,SUV,50000.0,Tự động,Đã sử dụng,Xăng
2025-10-23,2025,Toyota Yaris Cross HEV 1.5 CVT,700000000.0,Nhập khẩu,Hà Nội,SUV,0.0,Tự động,Xe mới,Hybrid
2025-10-23,2019,Honda CRV L,750000000.0,Nhập khẩu,TP HCM,SUV,74000.0,Tự động,Đã sử dụng,Xăng
2025-10-23,2019,Toyota Hilux 2.4E 4x2 AT,586000000.0,Nhập khẩu,Bình Dương,Bán tải / Pickup,91000.0,Tự động,Đã sử dụng,Dầu diesel
2025-10-23,2016,Mercedes Benz E class E300 AMG,1000000000.0,Nội địa,Hà Nội,Sedan,60000.0,Tự động,Đã sử dụng,Xăng
2025-10-23,2019,Toyota Innova 2.0E,506000000.0,Nội địa,TP HCM,Crossover,49000.0,Số Tay,Đã sử dụng,Xăng
2025-10-23,2019,Hyundai SantaFe Premium 2.4L HTRAC,750000000.0,Nội địa,Hà Nội,SUV,75000.0,Tự động,Đã sử dụng,Xăng
2025-10-23,2025,Mini Convertible Cooper S,2000000000.0,Nhập khẩu,Hà Nội,Convertible/Cabriolet,0.0,Tự động,Xe mới,Xăng
2025-10-23,2020,Lexus LX 570,7000000000.0,Nhập khẩu,Hà Nội,SUV,60000.0,Tự động,Đã sử dụng,Xăng
2025-10-23,2022,Kia Sportage Signature 2.0D,785000000.0,Nội địa,Phú Thọ,Crossover,41000.0,Tự động,Đã sử dụng,Dầu diesel
2025-10-23,2020,Mercedes Benz C class C180,818000000.0,Nội địa,Hà Nội,Sedan,55000.0,Tự động,Đã sử dụng,Xăng
2025-10-23,2018,Toyota Vios 1.5G,385000000.0,Nội địa,Hưng Yên,Sedan,87000.0,Tự động,Đã sử dụng,Xăng
2025-10-23,2021,Mercedes Benz GLS 450 4Matic,4000000000.0,Nhập khẩu,TP HCM,SUV,29000.0,Tự động,Đã sử dụng,Xăng
2025-10-23,2023,VinFast VF5 Plus,399000000.0,Nội địa,Hà Nội,SUV,50000.0,Tự động,Đã sử dụng,Điện
2025-10-23,2025,Ford Territory Titanium X 1.5 AT,855000000.0,Nội địa,Hà Nội,SUV,4500.0,Tự động,Đã sử dụng,Xăng
2025-10-23,2019,Mitsubishi Xpander 1.5 AT,420000000.0,Nhập khẩu,TP HCM,SUV,90000.0,Tự động,Đã sử dụng,Xăng
2025-10-23,2024,Hyundai Mobistar 24 giường,4000000000.0,Nội địa,Ninh Bình,Van/Minivan,0.0,Số Tay,Xe mới,Dầu diesel
2025-10-23,2023,Mercedes Benz GLC 300 4Matic,2000000000.0,Nội địa,Hà Nội,SUV,1500.0,Tự động,Đã sử dụng,Xăng
2025-10-23,2023,Mercedes Benz GLC 300 4Matic,2000000000.0,Nội địa,Hà Nội,SUV,50.0,Tự động,Đã sử dụng,Xăng
2025-10-23,2025,Ford Transit Premium,924000000.0,Nội địa,Hà Nội,Van/Minivan,0.0,Số Tay,Xe mới,Dầu diesel
2025-10-23,2021,Mercedes Benz E class E200 Exclusive,1000000000.0,Nội địa,Hà Nội,Sedan,26000.0,Tự động,Đã sử dụng,Hybrid
2025-10-23,2013,Honda CRV 2.4 AT,455000000.0,Nội địa,Hà Nội,SUV,96000.0,Tự động,Đã sử dụng,Xăng
2025-10-23,2022,Hyundai Accent 1.4 AT,420000000.0,Nội địa,Hà Nội,Sedan,80000.0,Tự động,Đã sử dụng,Xăng
2025-10-23,2012,Toyota Fortuner 2.7V 4x2 AT,385000000.0,Nội địa,Hà Nội,SUV,12568.0,Tự động,Đã sử dụng,Xăng
2025-10-23,2023,Toyota Raize G 1.0 CVT,499000000.0,Nhập khẩu,Hà Nội,SUV,10000.0,Tự động,Đã sử dụng,Xăng
2025-10-23,2022,Subaru Forester 2.0i,715000000.0,Nhập khẩu,Hà Nội,SUV,21000.0,Tự động,Đã sử dụng,Xăng
2025-10-23,2022,Mitsubishi Outlander 2.0 CVT,675000000.0,Nội địa,Hà Nội,SUV,62000.0,Tự động,Đã sử dụng,Xăng
2025-10-23,2022,Hyundai Elantra Sport 1.6 AT,485000000.0,Nội địa,Phú Thọ,Sedan,72000.0,Tự động,Đã sử dụng,Xăng
2025-10-23,2021,Hyundai Tucson 2.0 AT Đặc biệt,715000000.0,Nội địa,Hải Phòng,Crossover,50000.0,Tự động,Đã sử dụng,Xăng
2025-10-23,2021,Hyundai Elantra 2.0 AT,480000000.0,Nội địa,Hà Nội,Sedan,60000.0,Tự động,Đã sử dụng,Xăng
2025-10-23,2021,VinFast Fadil 1.4 AT,288000000.0,Nội địa,Hải Phòng,Hatchback,72000.0,Tự động,Đã sử dụng,Xăng
2025-10-23,2022,Mercedes Benz C class C300 AMG,1000000000.0,Nội địa,Hà Nội,Sedan,9000.0,Tự động,Đã sử dụng,Xăng
2025-10-23,2025,Toyota Corolla Cross 1.8V,828000000.0,Nhập khẩu,Hà Nội,SUV,0.0,Tự động,Xe mới,Xăng
2025-10-23,2017,Lexus NX 200t,1000000000.0,Nhập khẩu,Hà Nội,SUV,60000.0,Tự động,Đã sử dụng,Xăng
2025-10-23,2020,VinFast Lux SA 2.0 Premium 2.0 AT,680000000.0,Nội địa,Quảng Ninh,SUV,80000.0,Tự động,Đã sử dụng,Xăng
2025-10-23,2021,Lexus RX 300,2000000000.0,Nhập khẩu,Hải Phòng,SUV,30000.0,Tự động,Đã sử dụng,Xăng
2025-10-23,2024,Ford Ranger XLS 2.0L 4x2 AT,639000000.0,Nội địa,Hà Nội,Bán tải / Pickup,18000.0,Tự động,Đã sử dụng,Dầu diesel
2025-10-23,2009,Isuzu Hi lander V,180000000.0,Nội địa,Thái Nguyên,SUV,98000.0,Số Tay,Đã sử dụng,Dầu diesel
2025-10-23,2020,BMW X4 xDrive20i M Sport,1000000000.0,Nhập khẩu,Hà Nội,SUV,39000.0,Tự động,Đã sử dụng,Xăng
2025-10-23,2021,Suzuki Ertiga Sport 1.5 AT,430000000.0,Nhập khẩu,Hà Nội,SUV,60000.0,Tự động,Đã sử dụng,Xăng
2025-10-23,2009,BMW 7 Series 750Li,599000000.0,Nhập khẩu,TP HCM,Sedan,72000.0,Tự động,Đã sử dụng,Xăng
2025-10-23,2025,Hyundai Accent 1.5 MT,439000000.0,Nội địa,Hà Nội,Sedan,0.0,Số Tay,Xe mới,Xăng
2025-10-23,2022,VinFast VF8 Plus AWD,675000000.0,Nội địa,Hà Nội,SUV,60000.0,Tự động,Đã sử dụng,Điện
2025-10-23,2018,Toyota Innova 2.0G,530000000.0,Nội địa,TP HCM,Crossover,35336.0,Tự động,Đã sử dụng,Xăng
2025-10-23,2020,Lexus RX 350,2000000000.0,Nhập khẩu,Hà Nội,SUV,80000.0,Tự động,Đã sử dụng,Xăng
2025-10-23,2017,Toyota Innova 2.0E,465000000.0,Nội địa,TP HCM,Crossover,22258.0,Số Tay,Đã sử dụng,Xăng
2025-10-23,2021,Toyota Raize G 1.0 CVT,450000000.0,Nhập khẩu,TP HCM,SUV,32500.0,Tự động,Đã sử dụng,Xăng
2025-10-23,2015,BMW 3 Series 320i,499000000.0,Nhập khẩu,Hà Nội,Sedan,110000.0,Tự động,Đã sử dụng,Xăng
2025-10-23,2014,BMW 3 Series 320i,445000000.0,Nhập khẩu,Hà Nội,Sedan,120000.0,Tự động,Đã sử dụng,Xăng
2025-10-23,2019,Honda CRV L,750000000.0,Nhập khẩu,Đăk Lăk,SUV,50000.0,Tự động,Đã sử dụng,Xăng
2025-10-23,2002,Toyota Camry 3.0V,135000000.0,Nội địa,Phú Thọ,Sedan,18000.0,Tự động,Đã sử dụng,Xăng
2025-10-23,2024,Mitsubishi Xforce Premium,605000000.0,Nhập khẩu,Vĩnh Phúc,SUV,13000.0,Tự động,Đã sử dụng,Xăng
2025-10-23,2021,VinFast Lux A 2.0 2.0 AT,490000000.0,Nội địa,Hà Nội,Sedan,50000.0,Tự động,Đã sử dụng,Xăng
2025-10-23,2022,LandRover Range Rover Evoque SE,2000000000.0,Nhập khẩu,Hà Nội,SUV,9600.0,Tự động,Đã sử dụng,Xăng
2025-10-23,2025,Audi Q7 45 TFSI Quattro S Line,3000000000.0,Nhập khẩu,Hà Nội,SUV,0.0,Tự động,Xe mới,Xăng
2025-10-23,2025,Mazda 2 Deluxe,459000000.0,Nhập khẩu,TP HCM,Sedan,0.0,Tự động,Xe mới,Xăng
2025-10-23,2023,Volkswagen T,799000000.0,Nhập khẩu,Hà Nội,Crossover,5000.0,Tự động,Đã sử dụng,Xăng
2025-10-23,2022,Kia Carnival Premium 2.2D,999000000.0,Nội địa,TP HCM,Van/Minivan,90000.0,Tự động,Đã sử dụng,Dầu diesel
2025-10-23,2011,Kia Carens SXMT,195000000.0,Nội địa,TP HCM,Crossover,100000.0,Số Tay,Đã sử dụng,Xăng
2025-10-23,2011,Ford Fiesta 1.4 MT,170000000.0,Nội địa,TP HCM,Sedan,100000.0,Số Tay,Đã sử dụng,Xăng
2025-10-23,2011,Kia Forte SX 1.6 MT,200000000.0,Nội địa,TP HCM,Sedan,100000.0,Số Tay,Đã sử dụng,Xăng
2025-10-23,2006,Toyota Innova G,190000000.0,Nội địa,TP HCM,Crossover,100000.0,Số Tay,Đã sử dụng,Xăng
2025-10-23,2021,Ford Ranger XLS 2.2L 4x2 AT,570000000.0,Nhập khẩu,Hà Nội,Bán tải / Pickup,58000.0,Tự động,Đã sử dụng,Dầu diesel
2025-10-23,2019,Toyota Innova 2.0 Venturer,558000000.0,Nội địa,TP HCM,Crossover,97000.0,Tự động,Đã sử dụng,Xăng
2025-10-23,2024,Mercedes Benz GLC 200 4Matic,1000000000.0,Nội địa,Hà Nội,SUV,8000.0,Tự động,Đã sử dụng,Xăng
2025-10-23,2013,Kia Morning EX,135000000.0,Nội địa,Thanh Hóa,Hatchback,130000.0,Số Tay,Đã sử dụng,Xăng
2025-10-23,2023,Mercedes Benz C class C43 AMG 4Matic,2000000000.0,Nội địa,TP HCM,Sedan,46.0,Tự động,Đã sử dụng,Xăng
2025-10-23,2016,Mercedes Benz S class S400L,1000000000.0,Nội địa,Hà Nội,Sedan,56000.0,Tự động,Đã sử dụng,Xăng
2025-10-23,2020,Hyundai SantaFe Premium 2.2L HTRAC,859000000.0,Nội địa,Hà Nội,SUV,65989.0,Tự động,Đã sử dụng,Dầu diesel
2025-10-23,2021,Mazda 3 1.5L Luxury,499000000.0,Nội địa,Hà Nội,Sedan,63000.0,Tự động,Đã sử dụng,Xăng
2025-10-23,2023,Mazda 3 1.5L Luxury,565000000.0,Nội địa,Hà Nội,Sedan,50000.0,Tự động,Đã sử dụng,Xăng
2025-10-23,2016,Lexus LX 570 Super Sport,4000000000.0,Nhập khẩu,Hà Nội,SUV,61000.0,Tự động,Đã sử dụng,Xăng
2025-10-23,2022,BMW X6 xDrive40i M Sport,3000000000.0,Nhập khẩu,TP HCM,SUV,16000.0,Tự động,Đã sử dụng,Xăng
2025-10-23,2024,Kia Sonet Luxury 1.5 AT,568000000.0,Nội địa,Thái Nguyên,SUV,18000.0,Tự động,Đã sử dụng,Xăng
2025-10-23,2025,Hyundai Tucson 1.6 AT Turbo HTRAC Đặc biệt,905000000.0,Nội địa,Hà Nội,Crossover,0.0,Tự động,Xe mới,Xăng
2025-10-23,2020,Hyundai SantaFe Premium 2.4L HTRAC,810000000.0,Nội địa,Bình Dương,SUV,89000.0,Tự động,Đã sử dụng,Xăng
2025-10-23,2017,Nissan X trail 2.5 SV 4WD PREMIUM,538000000.0,Nội địa,Hà Nội,SUV,73000.0,Tự động,Đã sử dụng,Xăng
2025-10-23,2020,Toyota Vios 1.5E CVT,345000000.0,Nội địa,TP HCM,Sedan,90000.0,Tự động,Đã sử dụng,Xăng
2025-10-23,2022,Mercedes Benz GLC 200 4Matic,1000000000.0,Nội địa,Hà Nội,SUV,59000.0,Tự động,Đã sử dụng,Xăng
2025-10-23,2019,Toyota Yaris 1.5G,460000000.0,Nhập khẩu,TP HCM,Hatchback,71231.0,Tự động,Đã sử dụng,Xăng
2025-10-23,2025,Honda BR V L,650000000.0,Nhập khẩu,Hà Nội,SUV,0.0,Tự động,Xe mới,Xăng
2025-10-23,2015,Kia Sorento DATH,488000000.0,Nội địa,Hà Nội,SUV,130779.0,Tự động,Đã sử dụng,Dầu diesel
2025-10-23,2024,Hyundai Accent Cao cấp 1.5 AT,519000000.0,Nội địa,Hà Nội,Sedan,15000.0,Tự động,Đã sử dụng,Xăng
2025-10-23,2021,Mercedes Benz GLS 450 4Matic,3000000000.0,Nhập khẩu,Hà Nội,SUV,60000.0,Tự động,Đã sử dụng,Xăng
2025-10-23,2023,Lexus RX 350 Luxury,3000000000.0,Nhập khẩu,Hà Nội,SUV,30000.0,Tự động,Đã sử dụng,Xăng
2025-10-23,2020,Ford Ranger XLS 2.2L 4x2 AT,511000000.0,Nhập khẩu,Hà Nội,Bán tải / Pickup,100000.0,Tự động,Đã sử dụng,Dầu diesel
2025-10-23,2025,Mazda 3 1.5L Luxury,576000000.0,Nội địa,TP HCM,Sedan,0.0,Tự động,Xe mới,Xăng
2025-10-23,2018,Ford EcoSport Titanium 1.5L AT,410000000.0,Nội địa,TP HCM,SUV,62000.0,Tự động,Đã sử dụng,Xăng
2025-10-23,2022,Hyundai Accent 1.4 AT,429000000.0,Nội địa,Hà Nội,Sedan,70000.0,Tự động,Đã sử dụng,Xăng
2025-10-23,2011,Hyundai i20 1.4 AT,225000000.0,Nhập khẩu,Hà Nội,Hatchback,140000.0,Tự động,Đã sử dụng,Xăng
2025-10-23,2021,Kia Cerato 1.6 AT Luxury,499000000.0,Nội địa,Hà Nội,Sedan,52000.0,Tự động,Đã sử dụng,Xăng
2025-10-23,2019,Toyota Alphard Executive Lounge,3000000000.0,Nhập khẩu,Hà Nội,Van/Minivan,60000.0,Tự động,Đã sử dụng,Xăng
2025-10-23,2021,Hyundai Elantra 1.6 AT,465000000.0,Nội địa,Hà Nội,Sedan,70000.0,Tự động,Đã sử dụng,Xăng
2025-10-23,2022,Lexus RX 350,3000000000.0,Nhập khẩu,Hà Nội,SUV,30000.0,Tự động,Đã sử dụng,Xăng
2025-10-23,2025,Hyundai Accent 1.5 MT,404000000.0,Nội địa,TP HCM,Sedan,0.0,Số Tay,Xe mới,Xăng
2025-10-23,2018,Ford Ranger XLT 2.2L 4x4 MT,470000000.0,Nhập khẩu,Hà Nội,Bán tải / Pickup,90000.0,Số Tay,Đã sử dụng,Dầu diesel
2025-10-23,2022,Ford Transit Tiêu chuẩn,655000000.0,Nội địa,Hà Nội,Van/Minivan,68000.0,Số Tay,Đã sử dụng,Dầu diesel
2025-10-23,2017,Mercedes Benz S class S450L,1000000000.0,Nội địa,Hà Nội,Sedan,68000.0,Tự động,Đã sử dụng,Xăng
2025-10-23,2022,Mercedes Benz S class S450 Luxury,3000000000.0,Nhập khẩu,TP HCM,Sedan,24000.0,Tự động,Đã sử dụng,Xăng
2025-10-23,2025,Kia Sorento Signature 2.2D AT AWD,1000000000.0,Nội địa,Hà Nội,SUV,18000.0,Tự động,Đã sử dụng,Dầu diesel
2025-10-23,2024,Ford Territory Titanium X 1.5 AT,835000000.0,Nội địa,Hà Nội,SUV,7000.0,Tự động,Đã sử dụng,Xăng
2025-10-23,2014,BMW 4 Series 420i Coupe,555000000.0,Nhập khẩu,Bình Dương,Coupe,140000.0,Tự động,Đã sử dụng,Xăng
2025-10-23,2019,Honda HRV L,565000000.0,Nhập khẩu,Hà Nội,Crossover,48000.0,Tự động,Đã sử dụng,Xăng
2025-10-23,2025,VinFast VF5 Plus,456000000.0,Nội địa,Hà Nội,SUV,10000.0,Tự động,Đã sử dụng,Điện
2025-10-23,2020,Hyundai Kona 1.6 Turbo,515000000.0,Nội địa,Hà Nội,Crossover,58000.0,Tự động,Đã sử dụng,Xăng
2025-10-23,2019,Hyundai i10 Grand 1.2 AT,298000000.0,Nội địa,Hà Nội,Hatchback,39000.0,Tự động,Đã sử dụng,Xăng
2025-10-23,2025,MG 5 Luxury 1.5 AT,420000000.0,Nhập khẩu,Hà Nội,Sedan,0.0,Tự động,Xe mới,Xăng
2025-10-23,2021,Toyota Corolla Cross 1.8G,585000000.0,Nhập khẩu,Hà Nội,SUV,68000.0,Tự động,Đã sử dụng,Xăng
2025-10-23,2021,Toyota Corolla Cross 1.8V,685000000.0,Nhập khẩu,Hà Nội,SUV,50000.0,Tự động,Đã sử dụng,Xăng
2025-10-23,2015,LandRover Range Rover Sport Autobiography,1000000000.0,Nhập khẩu,Hà Nội,SUV,88000.0,Tự động,Đã sử dụng,Xăng
2025-10-23,2019,Ford Explorer Limited 2.3L EcoBoost,995000000.0,Nhập khẩu,Hà Nội,SUV,80000.0,Tự động,Đã sử dụng,Xăng
2025-10-23,2025,Ford Ranger XLS 2.0L 4x4 AT,655000000.0,Nội địa,Hà Nội,Bán tải / Pickup,0.0,Tự động,Xe mới,Dầu diesel
2025-10-23,2018,Kia Cerato 2.0 AT,419000000.0,Nội địa,Hà Nội,Sedan,85000.0,Tự động,Đã sử dụng,Xăng
2025-10-23,2021,Volkswagen Teramont 2.0 AT,1000000000.0,Nhập khẩu,TP HCM,SUV,47700.0,Tự động,Đã sử dụng,Xăng
2025-10-23,2014,Jaguar XJ series XJL 3.0 Supercharged,1000000000.0,Nhập khẩu,Hà Nội,Sedan,72000.0,Tự động,Đã sử dụng,Xăng
2025-10-23,2005,Hyundai Libero 2.5,135000000.0,Nhập khẩu,Kon Tum,Truck,12345.0,Số Tay,Đã sử dụng,Dầu diesel
2025-10-23,2023,Hyundai Creta Cao cấp 1.5 AT,638000000.0,Nhập khẩu,Bình Dương,SUV,16000.0,Tự động,Đã sử dụng,Xăng
2025-10-23,2021,VinFast Lux SA 2.0 Premium 2.0 AT,660000000.0,Nội địa,Hà Nội,SUV,59000.0,Tự động,Đã sử dụng,Xăng
2025-10-23,2024,Ford Everest Ambiente 2.0L 4x2 AT,1000000000.0,Nhập khẩu,TP HCM,SUV,12000.0,Tự động,Đã sử dụng,Dầu diesel
2025-10-23,2024,Hyundai SantaFe Prestige 2.5L HTRAC,1000000000.0,Nội địa,Hà Nội,SUV,12000.0,Tự động,Đã sử dụng,Xăng
2025-10-23,2015,Kia Carens EXMT,255000000.0,Nội địa,Hà Giang,Crossover,155022.0,Số Tay,Đã sử dụng,Xăng
2025-10-23,2021,Honda City RS 1.5 AT,375000000.0,Nội địa,TP HCM,Sedan,17900.0,Tự động,Đã sử dụng,Xăng
2025-10-23,2005,Ford Escape XLT 3.0 AT,135000000.0,Nội địa,TP HCM,SUV,170000.0,Tự động,Đã sử dụng,Xăng
2025-10-23,2009,Hyundai SantaFe SLX,325000000.0,Nhập khẩu,Thái Nguyên,SUV,14990.0,Tự động,Đã sử dụng,Dầu diesel
2025-10-23,2017,Nissan X trail 2.0 SL 2WD PREMIUM,495000000.0,Nội địa,Hà Nội,SUV,100000.0,Tự động,Đã sử dụng,Xăng
2025-10-23,2015,Honda CRV 2.0 AT,465000000.0,Nội địa,Hà Nội,SUV,100000.0,Tự động,Đã sử dụng,Xăng
2025-10-23,2016,Hyundai Accent 1.4 MT,229000000.0,Nhập khẩu,Bình Dương,Sedan,60000.0,Số Tay,Đã sử dụng,Xăng
2025-10-23,2025,Isuzu Dmax Prestige 1.9L 4x2 MT,572000000.0,Nhập khẩu,TP HCM,Bán tải / Pickup,0.0,Số Tay,Xe mới,Dầu diesel
2025-10-23,2017,Honda CRV L,660000000.0,Nhập khẩu,Đà Nẵng,SUV,74000.0,Tự động,Đã sử dụng,Xăng
2025-10-23,2023,VinFast VF8 Eco,670000000.0,Nội địa,Hà Nội,SUV,30000.0,Tự động,Đã sử dụng,Điện
2025-10-23,2016,Kia Sedona 3.3L GATH,515000000.0,Nội địa,Hà Nội,Van/Minivan,80000.0,Tự động,Đã sử dụng,Xăng
2025-10-23,2011,BMW 5 Series 528i,425000000.0,Nhập khẩu,Hà Nội,Sedan,178000.0,Tự động,Đã sử dụng,Xăng
2025-10-23,2015,Toyota Corolla altis 2.0V,459000000.0,Nội địa,Hà Nội,Sedan,70000.0,Tự động,Đã sử dụng,Xăng
2025-10-23,2016,Mitsubishi Attrage 1.2CVT,238000000.0,Nhập khẩu,Hà Nội,Sedan,89000.0,Tự động,Đã sử dụng,Xăng
2025-10-23,2021,VinFast Lux SA 2.0 Premium 2.0 AT,680000000.0,Nội địa,Hà Nội,SUV,72000.0,Tự động,Đã sử dụng,Xăng
2025-10-23,2020,LandRover Defender 110 X P400 3.0 AT,4000000000.0,Nhập khẩu,Hà Nội,SUV,19999.0,Tự động,Đã sử dụng,Xăng
2025-10-23,2023,Mitsubishi Xpander Cross 1.5 AT,615000000.0,Nhập khẩu,Hải Phòng,SUV,30000.0,Tự động,Đã sử dụng,Xăng
2025-10-23,2013,Toyota Innova 2.0E,249000000.0,Nội địa,Bình Dương,Crossover,195.0,Số Tay,Đã sử dụng,Xăng
2025-10-23,2019,Toyota Vios 1.5E MT,305000000.0,Nội địa,Lâm Đồng,Sedan,65000.0,Số Tay,Đã sử dụng,Xăng
2025-10-23,2022,Kia Morning 1.25 MT,235000000.0,Nội địa,Bình Dương,Hatchback,40000.0,Số Tay,Đã sử dụng,Xăng
2025-10-23,2012,BMW 5 Series 520i,499000000.0,Nhập khẩu,Hà Nội,Sedan,110000.0,Tự động,Đã sử dụng,Xăng
2025-10-23,2010,Audi A4 2.0T Quattro,386000000.0,Nhập khẩu,Hà Nội,Sedan,120000.0,Tự động,Đã sử dụng,Xăng
2025-10-23,2016,Mercedes Benz E class E200,799000000.0,Nội địa,TP HCM,Sedan,100000.0,Tự động,Đã sử dụng,Xăng
2025-10-23,2023,VinFast VF5 Plus,419000000.0,Nội địa,Hà Nội,SUV,0.0,Tự động,Xe mới,Điện
2025-10-23,2021,Mercedes Benz GLC 300 4Matic,1000000000.0,Nội địa,Hà Nội,SUV,47000.0,Tự động,Đã sử dụng,Xăng
2025-10-23,2016,Porsche Macan 2.0,1000000000.0,Nhập khẩu,Hà Nội,SUV,124000.0,Tự động,Đã sử dụng,Xăng
2025-10-23,2018,Toyota Innova 2.0E,428000000.0,Nội địa,Bình Dương,Crossover,98000.0,Số Tay,Đã sử dụng,Xăng
2025-10-23,2019,Hyundai Tucson 1.6 AT Turbo,688000000.0,Nội địa,Hà Nội,Crossover,50000.0,Tự động,Đã sử dụng,Xăng
2025-10-23,2015,Bentley Flying Spur V8,5000000000.0,Nhập khẩu,TP HCM,Sedan,57186.0,Tự động,Đã sử dụng,Xăng
2025-10-23,2022,Kia Seltos Premium 1.4 AT,635000000.0,Nội địa,Quảng Ninh,Crossover,10000.0,Tự động,Đã sử dụng,Xăng
2025-10-23,2019,Toyota Vios 1.5E CVT,360000000.0,Nội địa,Hà Nội,Sedan,69000.0,Tự động,Đã sử dụng,Xăng
2025-10-23,2022,Toyota Vios E CVT,410000000.0,Nội địa,Hà Nội,Sedan,60000.0,Tự động,Đã sử dụng,Xăng
2025-10-23,2021,VinFast Fadil 1.4 AT,310000000.0,Nội địa,Hà Nội,Hatchback,50000.0,Tự động,Đã sử dụng,Xăng
2025-10-23,2025,Honda HRV G,630000000.0,Nhập khẩu,Hà Nội,Crossover,0.0,Tự động,Xe mới,Xăng
2025-10-23,2023,Mercedes Benz GLC 300 4Matic,2000000000.0,Nội địa,TP HCM,SUV,39.0,Tự động,Đã sử dụng,Xăng
2025-10-23,2017,Mercedes Benz E class E250,860000000.0,Nội địa,Hà Nội,Sedan,59000.0,Tự động,Đã sử dụng,Xăng
2025-10-23,2022,MG 5 Luxury 1.5 AT,395000000.0,Nhập khẩu,TP HCM,Sedan,45000.0,Tự động,Đã sử dụng,Xăng
2025-10-23,2022,Toyota Fortuner 2.4L 4x2 AT,930000000.0,Nội địa,Đăk Lăk,SUV,46000.0,Tự động,Đã sử dụng,Dầu diesel
2025-10-23,2017,Audi TT 2.0 TFSI,1000000000.0,Nhập khẩu,Bình Dương,Coupe,35000.0,Tự động,Đã sử dụng,Xăng
2025-10-23,2022,Mercedes Benz GLC 200 4Matic,1000000000.0,Nội địa,TP HCM,SUV,38000.0,Tự động,Đã sử dụng,Xăng
2025-10-23,2022,Mercedes Benz GLC 300 4Matic,1000000000.0,Nội địa,TP HCM,SUV,50.0,Tự động,Đã sử dụng,Xăng
2025-10-23,2023,Hyundai Tucson 2.0 AT Tiêu chuẩn,739000000.0,Nội địa,Hà Nội,Crossover,35000.0,Tự động,Đã sử dụng,Xăng
2025-10-23,2023,BMW iX3 M Sport,2000000000.0,Nhập khẩu,Hà Nội,SUV,0.0,Tự động,Xe mới,Điện
2025-10-23,2021,LandRover Range Rover Evoque 2.0 AT,1000000000.0,Nhập khẩu,Hà Nội,SUV,20000.0,Tự động,Đã sử dụng,Xăng
2025-10-23,2023,VinFast VF8 Eco,740000000.0,Nội địa,Hà Nội,SUV,20000.0,Tự động,Đã sử dụng,Điện
2025-10-23,2019,Mercedes Benz S class S450L,2000000000.0,Nội địa,Hà Nội,Sedan,64000.0,Tự động,Đã sử dụng,Xăng
2025-10-23,2022,Toyota Prado VX 2.7L,2000000000.0,Nhập khẩu,Hà Nội,SUV,32000.0,Tự động,Đã sử dụng,Xăng
2025-10-23,2024,Volkswagen Viloran Luxury,2000000000.0,Nhập khẩu,Hà Nội,Van/Minivan,26000.0,Tự động,Đã sử dụng,Xăng
2025-10-23,2021,Toyota Corolla Cross 1.8HV,715000000.0,Nhập khẩu,Hà Nội,SUV,59000.0,Tự động,Đã sử dụng,Hybrid
2025-10-23,2023,Porsche Cayenne 3.0 V6,6000000000.0,Nhập khẩu,TP HCM,SUV,19000.0,Tự động,Đã sử dụng,Xăng
2025-10-23,2016,Mercedes Benz S class S400L,1000000000.0,Nội địa,Hà Nội,Sedan,40000.0,Tự động,Đã sử dụng,Xăng
2025-10-23,2016,Toyota Land Cruiser VX 4.6 V8,2000000000.0,Nhập khẩu,Hà Nội,SUV,80000.0,Tự động,Đã sử dụng,Xăng
2025-10-23,2016,Chevrolet Cruze LTZ 1.8 AT,268000000.0,Nội địa,Hà Nội,Sedan,6.0,Tự động,Đã sử dụng,Xăng
2025-10-23,2019,Hyundai Tucson 2.0 ATH,590000000.0,Nội địa,Hà Nội,Crossover,72000.0,Tự động,Đã sử dụng,Xăng
2025-10-23,2016,Kia Morning EX,150000000.0,Nội địa,Phú Thọ,Hatchback,150000.0,Số Tay,Đã sử dụng,Xăng
2025-10-23,2020,VinFast Lux A 2.0 Base 2.0 AT,499000000.0,Nội địa,Hà Nội,Sedan,53000.0,Tự động,Đã sử dụng,Xăng
2025-10-23,2025,Ford Ranger XLS 2.0L 4x2 AT,632000000.0,Nội địa,Hà Nội,Bán tải / Pickup,0.0,Tự động,Xe mới,Dầu diesel
2025-10-23,2023,MG 5 Standard 1.5 AT,380000000.0,Nhập khẩu,Hà Nội,Sedan,40000.0,Tự động,Đã sử dụng,Xăng
2025-10-23,2016,Kia K3 2.0 AT,355000000.0,Nội địa,Hưng Yên,Sedan,91000.0,Tự động,Đã sử dụng,Xăng
2025-10-23,2021,Lexus ES 250,1000000000.0,Nhập khẩu,Hà Nội,Sedan,31000.0,Tự động,Đã sử dụng,Xăng
2025-10-23,2015,Chevrolet Aveo LTZ 1.5 AT,240000000.0,Nội địa,Gia Lai,Sedan,20000.0,Tự động,Đã sử dụng,Xăng
2025-10-23,2017,Mercedes Benz C class C300 AMG,769000000.0,Nội địa,Hà Nội,Sedan,46000.0,Tự động,Đã sử dụng,Xăng
2025-10-23,2019,Hyundai Kona 2.0 AT,445000000.0,Nội địa,Đăk Lăk,Crossover,64000.0,Tự động,Đã sử dụng,Xăng
2025-10-23,2019,VinFast Lux A 2.0 Premium 2.0 AT,545000000.0,Nội địa,Hà Nội,Sedan,56000.0,Tự động,Đã sử dụng,Xăng
2025-10-23,2014,Toyota Fortuner 2.7V 4x2 AT,419000000.0,Nội địa,Hà Nội,SUV,120000.0,Tự động,Đã sử dụng,Xăng
2025-10-23,2010,Toyota Fortuner 2.7V 4x4 AT,335000000.0,Nội địa,Hà Nội,SUV,157000.0,Tự động,Đã sử dụng,Xăng
2025-10-23,2025,VinFast VF3 Plus,265000000.0,Nội địa,Hà Nội,Hatchback,0.0,Tự động,Xe mới,Điện
2025-10-23,2022,VinFast Lux A 2.0 Nâng cao,595000000.0,Nội địa,Hà Nội,Sedan,24000.0,Tự động,Đã sử dụng,Xăng
2025-10-23,2018,Mazda 3 2.0 AT,430000000.0,Nội địa,Hà Nội,Sedan,80000.0,Tự động,Đã sử dụng,Xăng
2025-10-23,2021,Isuzu Dmax LS 1.9L 4x2 AT,515000000.0,Nhập khẩu,Hà Nội,Bán tải / Pickup,54000.0,Tự động,Đã sử dụng,Dầu diesel
2025-10-23,2018,Kia Sedona 2.2L DATH,670000000.0,Nội địa,TP HCM,Van/Minivan,85000.0,Tự động,Đã sử dụng,Dầu diesel
2025-10-23,2014,Kia Soul 2.0 AT,435000000.0,Nhập khẩu,Hà Nội,SUV,56899.0,Tự động,Đã sử dụng,Xăng
2025-10-23,2014,Toyota Camry SE 2.5 AT,650000000.0,Nhập khẩu,Hà Nội,Sedan,108888.0,Tự động,Đã sử dụng,Xăng
2025-10-23,2022,Ford Transit Tiêu chuẩn,660000000.0,Nội địa,TP HCM,Van/Minivan,79000.0,Số Tay,Đã sử dụng,Dầu diesel
2025-10-23,2024,Ford Everest Titanium Plus 2.0L 4x4 AT,1000000000.0,Nhập khẩu,Hà Nội,SUV,27000.0,Tự động,Đã sử dụng,Dầu diesel
2025-10-23,2020,Audi Q8 55 TFSI S,2000000000.0,Nhập khẩu,Hà Nội,SUV,27000.0,Tự động,Đã sử dụng,Xăng
2025-10-23,2023,Hyundai Creta Đặc biệt 1.5 AT,599000000.0,Nhập khẩu,Hà Nội,SUV,32000.0,Tự động,Đã sử dụng,Xăng
2025-10-23,2020,Hyundai Tucson 1.6 AT Turbo,699000000.0,Nội địa,Hà Nội,Crossover,25000.0,Tự động,Đã sử dụng,Xăng
2025-10-23,2025,Toyota Corolla Cross 1.8HEV,925000000.0,Nhập khẩu,Hà Nội,SUV,10000.0,Tự động,Đã sử dụng,Hybrid
2025-10-23,2022,Lexus RX 300,2000000000.0,Nhập khẩu,Hà Nội,SUV,30000.0,Tự động,Đã sử dụng,Xăng
2025-10-23,2019,Toyota Wigo 1.2G AT,275000000.0,Nhập khẩu,Hà Nội,Hatchback,66000.0,Tự động,Đã sử dụng,Xăng
2025-10-23,2019,Hyundai i10 Grand 1.2 AT,340000000.0,Nội địa,Thái Bình,Hatchback,70000.0,Tự động,Đã sử dụng,Xăng
2025-10-23,2019,Hyundai SantaFe 2.4L,650000000.0,Nội địa,TP HCM,SUV,54000.0,Tự động,Đã sử dụng,Xăng
2025-10-23,2024,Honda CRV L,1000000000.0,Nội địa,Hà Nội,SUV,10000.0,Tự động,Đã sử dụng,Xăng
2025-10-23,2025,Toyota Vios G 1.5 CVT,448000000.0,Nội địa,TP HCM,Sedan,0.0,Tự động,Xe mới,Xăng
2025-10-23,2020,VinFast Lux A 2.0 Plus 2.0 AT,520000000.0,Nội địa,Hà Nội,Sedan,69000.0,Tự động,Đã sử dụng,Xăng
2025-10-23,2024,VinFast VF5 Plus,436000000.0,Nội địa,TP HCM,SUV,12000.0,Tự động,Đã sử dụng,Điện
2025-10-23,2025,Mitsubishi Xforce Ultimate,617000000.0,Nhập khẩu,Hà Nội,SUV,0.0,Tự động,Xe mới,Xăng
2025-10-23,2015,Lexus LX 570 Super Sport,4000000000.0,Nhập khẩu,TP HCM,SUV,61000.0,Tự động,Đã sử dụng,Xăng
2025-10-23,2025,MG G50 1.5 AT Lux 8S,709000000.0,Nhập khẩu,Hà Nội,Van/Minivan,0.0,Tự động,Xe mới,Xăng
2025-10-23,2020,Porsche 718 Boxster 2.0 AT,3000000000.0,Nhập khẩu,Hà Nội,Convertible/Cabriolet,28000.0,Tự động,Đã sử dụng,Xăng
2025-10-23,2021,Mercedes Benz S class S450,3000000000.0,Nhập khẩu,Hà Nội,Sedan,28000.0,Tự động,Đã sử dụng,Xăng
2025-10-23,2023,Volvo XC40 Ultimate B5 AWD,1000000000.0,Nhập khẩu,TP HCM,SUV,17000.0,Tự động,Đã sử dụng,Xăng
2025-10-23,2024,Mazda 2 Sport Luxury,515000000.0,Nhập khẩu,Hà Nội,Hatchback,11000.0,Tự động,Đã sử dụng,Xăng
2025-10-23,2019,Mercedes Benz G class G63 AMG,7000000000.0,Nhập khẩu,Hà Nội,SUV,50000.0,Tự động,Đã sử dụng,Xăng
2025-10-23,2024,Mercedes Benz GLC 300 4Matic,2000000000.0,Nội địa,Bình Dương,SUV,15000.0,Tự động,Đã sử dụng,Hybrid
2025-10-23,2025,MG ZS Standard 1.5 AT 2WD,450000000.0,Nhập khẩu,Thanh Hóa,Crossover,0.0,Tự động,Xe mới,Xăng
2025-10-23,2025,Mitsubishi Triton GLX 2WD AT,591000000.0,Nhập khẩu,Hà Nội,Bán tải / Pickup,0.0,Tự động,Xe mới,Dầu diesel
2025-10-23,2024,Hyundai Tucson 2.0 AT CRDi Đặc biệt,939000000.0,Nội địa,Hà Nội,Crossover,13000.0,Tự động,Đã sử dụng,Dầu diesel
2025-10-23,2022,Kia Carnival Signature 2.2D,1000000000.0,Nội địa,Hà Nội,Van/Minivan,65000.0,Tự động,Đã sử dụng,Dầu diesel
2025-10-23,2025,Kia Seltos 1.5 AT,580000000.0,Nội địa,Vĩnh Phúc,Crossover,10000.0,Tự động,Đã sử dụng,Xăng
2025-10-23,2022,Kia K3 Luxury 1.6 AT,525000000.0,Nội địa,Vĩnh Phúc,Sedan,16000.0,Tự động,Đã sử dụng,Xăng
2025-10-23,2023,VinFast VF9 Plus,1000000000.0,Nội địa,Hà Nội,SUV,25000.0,Tự động,Đã sử dụng,Điện
2025-10-23,2016,Lexus RX 350,2000000000.0,Nhập khẩu,Hà Nội,SUV,100000.0,Tự động,Đã sử dụng,Xăng
2025-10-23,2014,LandRover Range Rover HSE 3.0,2000000000.0,Nhập khẩu,Hà Nội,SUV,90000.0,Tự động,Đã sử dụng,Xăng
2025-10-23,2023,Toyota Prado VX 2.7L,2000000000.0,Nhập khẩu,Hà Nội,SUV,28000.0,Tự động,Đã sử dụng,Xăng
2025-10-23,2023,Volvo S90 LWB Ultimate B6 AWD,1000000000.0,Nhập khẩu,Hà Nội,Sedan,22000.0,Tự động,Đã sử dụng,Xăng
2025-10-23,2017,Kia Sorento DATH,530000000.0,Nội địa,Hà Nội,SUV,13500.0,Tự động,Đã sử dụng,Dầu diesel
2025-10-23,2022,Mazda CX 30 Premium 2.0 AT,645000000.0,Nhập khẩu,Hà Nội,Crossover,35000.0,Tự động,Đã sử dụng,Xăng
2025-10-23,2024,VinFast VF8 S,860000000.0,Nội địa,Hà Nội,SUV,34.0,Tự động,Đã sử dụng,Điện
2025-10-23,2014,LandRover Range Rover Evoque Dynamic,655000000.0,Nhập khẩu,Hà Nội,SUV,120000.0,Tự động,Đã sử dụng,Xăng
2025-10-23,2021,Honda CRV L,858000000.0,Nội địa,Hà Nội,SUV,53000.0,Tự động,Đã sử dụng,Xăng
2025-10-23,2022,Mitsubishi Outlander 2.0 CVT,630000000.0,Nội địa,Hà Nội,SUV,53000.0,Tự động,Đã sử dụng,Xăng
2025-10-23,2017,BMW 3 Series 320i GT,690000000.0,Nhập khẩu,TP HCM,Sedan,65000.0,Tự động,Đã sử dụng,Xăng
2025-10-23,2021,Hyundai Accent 1.4 AT Đặc Biệt,425000000.0,Nội địa,Hải Phòng,Sedan,42568.0,Tự động,Đã sử dụng,Xăng
2025-10-23,2017,Toyota Corolla altis 1.8G AT,470000000.0,Nội địa,Bắc Ninh,Sedan,11000.0,Tự động,Đã sử dụng,Xăng
2025-10-23,2021,Mercedes Benz GLC 300 4Matic,1000000000.0,Nội địa,Hà Nội,SUV,25000.0,Tự động,Đã sử dụng,Xăng
2025-10-23,2016,Maserati Quattroporte 3.0 V6,1000000000.0,Nhập khẩu,Hà Nội,Sedan,57000.0,Tự động,Đã sử dụng,Xăng
2025-10-23,2018,Lexus RX 350,2000000000.0,Nhập khẩu,Hà Nội,SUV,70000.0,Tự động,Đã sử dụng,Xăng
2025-10-23,2014,Ford Focus S 2.0 AT,299000000.0,Nội địa,TP HCM,Hatchback,83000.0,Tự động,Đã sử dụng,Xăng
2025-10-23,2022,Ford Everest Titanium 2.0L 4x2 AT,919000000.0,Nhập khẩu,Hà Nội,SUV,60000.0,Tự động,Đã sử dụng,Dầu diesel
2025-10-23,2024,BMW X5 xDrive40i M Sport,3000000000.0,Nội địa,Hà Nội,SUV,3000.0,Tự động,Đã sử dụng,Xăng
2025-10-23,2023,Ford Ranger Wildtrak 2.0L 4x4 AT,880000000.0,Nội địa,TP HCM,Bán tải / Pickup,7800.0,Tự động,Đã sử dụng,Dầu diesel
2025-10-23,2024,Ford Everest Titanium Plus 2.0L 4x4 AT,1000000000.0,Nhập khẩu,Bình Thuận,SUV,54000.0,Tự động,Đã sử dụng,Dầu diesel
2025-10-23,2020,Peugeot 3008 Allure 1.6 AT,636000000.0,Nội địa,Hà Nội,Crossover,32000.0,Tự động,Đã sử dụng,Xăng
2025-10-23,2020,Ford Ranger Raptor 2.0L 4x4 AT,899000000.0,Nhập khẩu,Hà Nội,Bán tải / Pickup,60000.0,Tự động,Đã sử dụng,Dầu diesel
2025-10-23,2025,MG HS 1.5T DEL,579000000.0,Nhập khẩu,Hà Nội,Crossover,0.0,Tự động,Xe mới,Xăng
2025-10-23,2019,Mercedes Benz G class G63 AMG,7000000000.0,Nhập khẩu,TP HCM,SUV,37890.0,Tự động,Đã sử dụng,Xăng
2025-10-23,2022,Hyundai SantaFe Cao cấp 2.2L HTRAC,1000000000.0,Nội địa,Hà Nội,SUV,48000.0,Tự động,Đã sử dụng,Dầu diesel
2025-10-23,2017,Volkswagen Beetle Dune,939000000.0,Nhập khẩu,TP HCM,Coupe,45000.0,Tự động,Đã sử dụng,Xăng
2025-10-23,2015,Toyota Prado TXL 2.7L,1000000000.0,Nhập khẩu,Hà Nội,SUV,190000.0,Tự động,Đã sử dụng,Xăng
2025-10-23,2019,VinFast Lux SA 2.0 Plus 2.0 AT,535000000.0,Nội địa,Hà Nội,SUV,90000.0,Tự động,Đã sử dụng,Xăng
2025-10-23,2008,Lexus GX 470,880000000.0,Nhập khẩu,Hà Nội,SUV,90000.0,Tự động,Đã sử dụng,Xăng
2025-10-23,2023,Kia Sorento Signature 2.2 AT AWD,1000000000.0,Nội địa,Hà Nội,SUV,50000.0,Tự động,Đã sử dụng,Dầu diesel
2025-10-23,2017,Toyota Prado VX 2.7L,1000000000.0,Nhập khẩu,Hà Nội,SUV,99000.0,Tự động,Đã sử dụng,Xăng
2025-10-23,2020,Toyota Wigo 1.2 AT,295000000.0,Nhập khẩu,TP HCM,Hatchback,30000.0,Tự động,Đã sử dụng,Xăng
2025-10-23,2022,Ford Ranger Wildtrak 2.0L 4x4 AT,818000000.0,Nội địa,TP HCM,Bán tải / Pickup,22000.0,Tự động,Đã sử dụng,Dầu diesel
2025-10-23,2017,Kia Sorento GAT,485000000.0,Nội địa,TP HCM,SUV,47000.0,Tự động,Đã sử dụng,Xăng
2025-10-23,2024,Volkswagen Viloran Luxury,2000000000.0,Nhập khẩu,TP HCM,Van/Minivan,45000.0,Tự động,Đã sử dụng,Xăng
2025-10-23,2017,Mazda BT50 2.2L 4x2 AT,370000000.0,Nhập khẩu,Thanh Hóa,Bán tải / Pickup,110000.0,Tự động,Đã sử dụng,Dầu diesel
2025-10-23,2025,Toyota Innova Cross HEV 2.0 CVT,945000000.0,Nhập khẩu,Hà Nội,Crossover,0.0,Tự động,Xe mới,Hybrid
2025-10-23,2025,Hyundai Stargazer Tiêu chuẩn 1.5 AT,456000000.0,Nhập khẩu,TP HCM,Van/Minivan,0.0,Tự động,Xe mới,Xăng
2025-10-23,2021,Toyota Prado VX 2.7L,2000000000.0,Nhập khẩu,Hà Nội,SUV,62000.0,Tự động,Đã sử dụng,Xăng
2025-10-23,2025,Kia Sorento Signature 2.2D AT,1000000000.0,Nội địa,Hà Nội,SUV,0.0,Tự động,Xe mới,Dầu diesel
2025-10-23,2022,VinFast VF8 Plus,750000000.0,Nội địa,Bình Dương,SUV,50000.0,Tự động,Đã sử dụng,Điện
2025-10-23,2020,Ford Everest Titanium 2.0L 4x4 AT,890000000.0,Nhập khẩu,Hà Nội,SUV,80000.0,Tự động,Đã sử dụng,Dầu diesel
2025-10-23,2012,LandRover Range Rover Evoque Dynamic,435000000.0,Nhập khẩu,Hà Nội,SUV,92351.0,Tự động,Đã sử dụng,Xăng
2025-10-23,2022,Ford Everest Titanium 2.0L 4x4 AT,999000000.0,Nhập khẩu,Hà Nội,SUV,48000.0,Tự động,Đã sử dụng,Dầu diesel
2025-10-23,2022,Ford Everest Titanium 2.0L 4x2 AT,1000000000.0,Nhập khẩu,Quảng Ninh,SUV,77000.0,Tự động,Đã sử dụng,Dầu diesel
2025-10-23,2017,Toyota Vios 1.5E,275000000.0,Nội địa,Vĩnh Phúc,Sedan,110000.0,Số Tay,Đã sử dụng,Xăng
2025-10-23,2021,Lexus GX 460,4000000000.0,Nhập khẩu,Hà Nội,SUV,40000.0,Tự động,Đã sử dụng,Xăng
2025-10-23,2023,Toyota Fortuner 2.4L 4x2 MT,915000000.0,Nội địa,TP HCM,SUV,34000.0,Số Tay,Đã sử dụng,Dầu diesel
2025-10-23,2025,Honda City RS 1.5 AT,513000000.0,Nội địa,TP HCM,Sedan,0.0,Tự động,Xe mới,Xăng
2025-10-23,2025,Mitsubishi Xforce GLX,539000000.0,Nhập khẩu,TP HCM,SUV,0.0,Tự động,Xe mới,Xăng
2025-10-23,2023,Mercedes Benz GLC 300 4Matic,2000000000.0,Nội địa,Hà Nội,SUV,6000.0,Tự động,Đã sử dụng,Hybrid
2025-10-23,2017,Toyota Vios 1.5E,245000000.0,Nội địa,Hà Nội,Sedan,120000.0,Số Tay,Đã sử dụng,Xăng
2025-10-23,2016,Maserati Levante 3.0 V6,1000000000.0,Nhập khẩu,Hà Nội,SUV,60000.0,Tự động,Đã sử dụng,Xăng
2025-10-23,2016,Mercedes Benz GLC 250 4Matic,760000000.0,Nội địa,Hà Nội,SUV,100052.0,Tự động,Đã sử dụng,Xăng
2025-10-23,2020,Kia Cerato 2.0 AT Premium,475000000.0,Nội địa,Hà Nội,Sedan,72000.0,Tự động,Đã sử dụng,Xăng
2025-10-23,2014,Toyota Corolla altis 1.8G AT,395000000.0,Nội địa,TP HCM,Sedan,104000.0,Tự động,Đã sử dụng,Xăng
2025-10-23,2022,Kia Seltos Premium 1.4 AT,635000000.0,Nội địa,Quảng Ninh,Crossover,40000.0,Tự động,Đã sử dụng,Xăng
2025-10-23,2022,Kia Carnival Premium 2.2D,1000000000.0,Nội địa,TP HCM,Van/Minivan,80000.0,Tự động,Đã sử dụng,Dầu diesel
2025-10-23,2022,VinFast Lux A 2.0 Nâng cao,535000000.0,Nội địa,Hà Nội,Sedan,2.0,Tự động,Đã sử dụng,Xăng
2025-10-23,2020,Hyundai Accent 1.4 AT,365000000.0,Nội địa,Hà Nội,Sedan,62000.0,Tự động,Đã sử dụng,Xăng
2025-10-23,2020,Hyundai Elantra 1.6 AT,455000000.0,Nội địa,Đăk Lăk,Sedan,51000.0,Tự động,Đã sử dụng,Xăng
2025-10-23,2022,Ford Ranger XLS 2.2L 4x2 AT,575000000.0,Nội địa,Long An,Bán tải / Pickup,48000.0,Tự động,Đã sử dụng,Dầu diesel
2025-10-23,2018,Hyundai i10 Grand 1.2 MT Base,205000000.0,Nội địa,Lào Cai,Sedan,140000.0,Số Tay,Đã sử dụng,Xăng
2025-10-23,2025,Hyundai i10 1.2 AT,416000000.0,Nội địa,Hà Nội,Sedan,0.0,Tự động,Xe mới,Xăng
2025-10-23,2022,Mercedes Benz E class E300 AMG,1000000000.0,Nội địa,Hà Nội,Sedan,29000.0,Tự động,Đã sử dụng,Xăng
2025-10-23,2021,Volvo XC90 Inscription B6 AWD,3000000000.0,Nhập khẩu,Hà Nội,SUV,40000.0,Tự động,Đã sử dụng,Xăng
2025-10-23,2018,Toyota Innova 2.0E,410000000.0,Nội địa,TP HCM,Crossover,82000.0,Số Tay,Đã sử dụng,Xăng
2025-10-23,2024,Kia Sonet Premium 1.5 AT,575000000.0,Nội địa,Hà Nội,Crossover,23000.0,Tự động,Đã sử dụng,Xăng
2025-10-23,2019,Toyota Yaris 1.5G,485000000.0,Nhập khẩu,Hà Nội,Hatchback,78000.0,Tự động,Đã sử dụng,Xăng
2025-10-23,2015,Hyundai Tucson 2.0 AT,469000000.0,Nhập khẩu,Hà Nội,Crossover,130000.0,Tự động,Đã sử dụng,Xăng
2025-10-23,2015,Isuzu Dmax LS 2.5 4x4 AT,400000000.0,Nhập khẩu,Hà Nội,Bán tải / Pickup,120000.0,Tự động,Đã sử dụng,Dầu diesel
2025-10-23,2022,Toyota Corolla Cross 1.8V,719000000.0,Nhập khẩu,Hà Nội,SUV,17000.0,Tự động,Đã sử dụng,Xăng
2025-10-23,2024,Mercedes Benz GLC 300 4Matic,2000000000.0,Nội địa,Hà Nội,SUV,11000.0,Tự động,Đã sử dụng,Hybrid
2025-10-23,2025,Toyota Yaris Cross 1.5 D,650000000.0,Nhập khẩu,TP HCM,SUV,7.0,Tự động,Đã sử dụng,Xăng
2025-10-23,2022,Ford Everest Titanium 2.0L 4x4 AT,988000000.0,Nhập khẩu,Hà Nội,SUV,70000.0,Tự động,Đã sử dụng,Dầu diesel
2025-10-23,2022,VinFast Lux A 2.0 Tiêu chuẩn,549000000.0,Nội địa,TP HCM,Sedan,34000.0,Tự động,Đã sử dụng,Xăng
2025-10-23,2022,Mercedes Benz E class E200 Exclusive,1000000000.0,Nội địa,TP HCM,Sedan,17000.0,Tự động,Đã sử dụng,Xăng
2025-10-23,2023,RAM 1500 Rebel 5.7L 4x4 AT,4000000000.0,Nhập khẩu,TP HCM,Bán tải / Pickup,0.0,Tự động,Xe mới,Xăng
2025-10-23,2023,Jeep Grand cherokee L Limited 3.6 V6 AWD,3000000000.0,Nhập khẩu,TP HCM,SUV,0.0,Tự động,Xe mới,Dầu diesel
2025-10-23,2015,Ford Ranger Wildtrak 3.2L 4x4 AT,428000000.0,Nhập khẩu,Hà Nội,Bán tải / Pickup,110000.0,Tự động,Đã sử dụng,Dầu diesel
2025-10-23,2013,Toyota Fortuner 2.7V 4x2 AT,395000000.0,Nội địa,Kon Tum,SUV,10100.0,Tự động,Đã sử dụng,Xăng
2025-10-23,2023,VinFast VF8 Eco,789000000.0,Nội địa,Bình Dương,SUV,37000.0,Tự động,Đã sử dụng,Điện
2025-10-23,2021,Ford Ranger XLS 2.2L 4x2 AT,535000000.0,Nhập khẩu,TP HCM,Bán tải / Pickup,65000.0,Tự động,Đã sử dụng,Dầu diesel
2025-10-23,2023,RAM 1500 Longhorn 5.7L 4x4 AT,4000000000.0,Nhập khẩu,TP HCM,Bán tải / Pickup,0.0,Tự động,Xe mới,Xăng
2025-10-23,2023,Nissan Almera VL 1.0 CVT Cao cấp,465000000.0,Nhập khẩu,TP HCM,Sedan,72000.0,Tự động,Đã sử dụng,Xăng
2025-10-23,2020,Mercedes Benz Maybach S450 4Matic,4000000000.0,Nhập khẩu,Hà Nội,Sedan,50000.0,Tự động,Đã sử dụng,Xăng
2025-10-23,2012,Mercedes Benz E class E250,345000000.0,Nội địa,Hà Nội,Sedan,120000.0,Tự động,Đã sử dụng,Xăng
2025-10-23,2022,Jeep Wrangler Rubicon 2.0 4x4 AT,2000000000.0,Nhập khẩu,TP HCM,SUV,25.0,Tự động,Đã sử dụng,Xăng
2025-10-23,2023,Ford Ranger XLS 2.0L 4x4 AT,668000000.0,Nội địa,Hà Nội,Bán tải / Pickup,48000.0,Tự động,Đã sử dụng,Dầu diesel
2025-10-23,2017,Toyota Fortuner 2.7V 4x2 AT,588000000.0,Nhập khẩu,Hà Nội,SUV,120000.0,Tự động,Đã sử dụng,Xăng
2025-10-23,2020,Kia Sorento Signature 2.2 AT AWD,845000000.0,Nội địa,Hà Nội,SUV,114000.0,Tự động,Đã sử dụng,Dầu diesel
2025-10-23,2021,Mercedes Benz GLC 200 4Matic,1000000000.0,Nội địa,Hà Nội,SUV,80000.0,Tự động,Đã sử dụng,Xăng
2025-10-23,2022,Toyota Raize G 1.0 CVT,488000000.0,Nhập khẩu,Hải Phòng,SUV,20000.0,Tự động,Đã sử dụng,Xăng
2025-10-23,2021,Hyundai SantaFe Cao cấp 2.5L HTRAC,975000000.0,Nội địa,Hà Nội,SUV,50000.0,Tự động,Đã sử dụng,Xăng
2025-10-23,2020,Mazda CX8 Luxury,690000000.0,Nội địa,Hà Nội,SUV,80000.0,Tự động,Đã sử dụng,Xăng
2025-10-23,2015,Mazda 3 2.0 AT,385000000.0,Nội địa,Hà Nội,Sedan,80000.0,Tự động,Đã sử dụng,Xăng
2025-10-23,2021,Maserati Levante GranSport 3.0 V6,6000000000.0,Nhập khẩu,TP HCM,SUV,0.0,Tự động,Xe mới,Xăng
2025-10-23,2018,Mercedes Benz CLA class CLA 250,850000000.0,Nhập khẩu,TP HCM,Sedan,41000.0,Tự động,Đã sử dụng,Xăng
2025-10-23,2014,LandRover Range Rover Autobiography LWB 5.0,2000000000.0,Nhập khẩu,Hà Nội,SUV,80000.0,Tự động,Đã sử dụng,Xăng
2025-10-23,2023,Mercedes Benz C class C200 Avantgarde,1000000000.0,Nội địa,TP HCM,Sedan,3000.0,Tự động,Đã sử dụng,Xăng
2025-10-23,2022,Hyundai SantaFe Cao cấp 2.5L HTRAC,1000000000.0,Nội địa,Quảng Ninh,SUV,49000.0,Tự động,Đã sử dụng,Xăng
2025-10-23,2025,Kia Carens 1.5G Luxury,649000000.0,Nội địa,TP HCM,SUV,0.0,Tự động,Xe mới,Xăng
2025-10-23,2013,Honda CRV 2.0 AT,399000000.0,Nội địa,Hà Nội,SUV,130000.0,Tự động,Đã sử dụng,Xăng
2025-10-23,2020,Ford Everest Titanium 2.0L 4x2 AT,835000000.0,Nhập khẩu,TP HCM,SUV,80000.0,Tự động,Đã sử dụng,Dầu diesel
2025-10-23,2011,Toyota Sienna Limited 3.5,845000000.0,Nhập khẩu,TP HCM,Van/Minivan,125000.0,Tự động,Đã sử dụng,Xăng
2025-10-23,2017,Mazda CX5 2.0 AT,505000000.0,Nội địa,TP HCM,SUV,112000.0,Tự động,Đã sử dụng,Xăng
2025-10-23,2024,BMW X3 sDrive20i,1000000000.0,Nội địa,Hà Nội,SUV,4000.0,Tự động,Đã sử dụng,Xăng
2025-10-23,2025,Mercedes Benz GLC 200 4Matic,2000000000.0,Nội địa,TP HCM,SUV,30.0,Tự động,Đã sử dụng,Hybrid
2025-10-23,2019,Toyota Vios 1.5G,392000000.0,Nội địa,TP HCM,Sedan,67000.0,Tự động,Đã sử dụng,Xăng
2025-10-23,2020,Hyundai Tucson 2.0 ATH,675000000.0,Nội địa,Hà Nội,Crossover,60000.0,Tự động,Đã sử dụng,Xăng
2025-10-23,2022,Mazda CX8 Premium AWD,880000000.0,Nội địa,Hà Nội,SUV,72000.0,Tự động,Đã sử dụng,Xăng
2025-10-23,2019,Mazda 3 2.0L Sport Signature Premium,545000000.0,Nội địa,Hà Nội,Hatchback,60000.0,Tự động,Đã sử dụng,Xăng
2025-10-23,2017,Hyundai SantaFe 2.4L 4WD,588000000.0,Nội địa,Hà Nội,SUV,96000.0,Tự động,Đã sử dụng,Xăng
2025-10-23,2016,Subaru Outback 2.5i,620000000.0,Nhập khẩu,TP HCM,SUV,80000.0,Tự động,Đã sử dụng,Xăng
2025-10-23,2021,Toyota Vios 1.5E MT,325000000.0,Nội địa,TP HCM,Sedan,170000.0,Số Tay,Đã sử dụng,Xăng
2025-10-23,2021,Mercedes Benz GLC 200 4Matic,1000000000.0,Nội địa,Hà Nội,SUV,64000.0,Tự động,Đã sử dụng,Xăng
2025-10-23,2013,Mercedes Benz C class C250,310000000.0,Nội địa,TP HCM,Sedan,64000.0,Tự động,Đã sử dụng,Xăng
2025-10-23,2019,LandRover Range Rover Vogue LWB 3.0 I6,5000000000.0,Nhập khẩu,Hà Nội,SUV,70000.0,Tự động,Đã sử dụng,Xăng
2025-10-23,2024,Suzuki Jimny 1.5L 4x4 AT,709000000.0,Nhập khẩu,TP HCM,SUV,2700.0,Tự động,Đã sử dụng,Xăng
2025-10-23,2016,Suzuki Swift Special,280000000.0,Nội địa,Hà Nội,Hatchback,62000.0,Tự động,Đã sử dụng,Xăng
2025-10-23,2018,Kia Morning MT,177000000.0,Nội địa,Hà Nội,Hatchback,95000.0,Số Tay,Đã sử dụng,Xăng
2025-10-23,2024,Kia Sportage Premium 2.0G,799000000.0,Nội địa,TP HCM,Crossover,4200.0,Tự động,Đã sử dụng,Xăng
2025-10-23,2024,Kia Carnival Signature 2.2D,1000000000.0,Nội địa,Hà Nội,Van/Minivan,40000.0,Tự động,Đã sử dụng,Dầu diesel
2025-10-23,2022,Mazda 3 1.5L Luxury,555000000.0,Nội địa,Hà Nội,Sedan,57000.0,Tự động,Đã sử dụng,Xăng
2025-10-23,2017,Mazda CX5 2.5 AT AWD,492000000.0,Nội địa,Hà Nội,SUV,107853.0,Tự động,Đã sử dụng,Xăng
2025-10-23,2023,Mitsubishi Xpander Premium 1.5 AT,565000000.0,Nhập khẩu,Hà Nội,SUV,50000.0,Tự động,Đã sử dụng,Xăng
2025-10-23,2023,Porsche Panamera 4 Executive,6000000000.0,Nhập khẩu,Hà Nội,Sedan,14000.0,Tự động,Đã sử dụng,Xăng
2025-10-23,2025,Honda City L 1.5 AT,479000000.0,Nội địa,Hà Nội,Sedan,0.0,Tự động,Xe mới,Xăng
2025-10-23,2017,Porsche Macan 2.0,1000000000.0,Nhập khẩu,Hà Nội,SUV,49889.0,Tự động,Đã sử dụng,Xăng
2025-10-23,2022,Ford Everest Titanium 2.0L 4x2 AT,1000000000.0,Nhập khẩu,TP HCM,SUV,48000.0,Tự động,Đã sử dụng,Dầu diesel
2025-10-23,2023,VinFast VF8 Eco AWD,769000000.0,Nội địa,Bình Dương,SUV,42000.0,Tự động,Đã sử dụng,Điện
2025-10-23,2010,Honda CRV 2.4 AT,290000000.0,Nội địa,Phú Thọ,SUV,130000.0,Tự động,Đã sử dụng,Xăng
2025-10-23,2016,Ford Ranger XLS 2.2L 4x2 AT,370000000.0,Nhập khẩu,Hà Nội,Bán tải / Pickup,110000.0,Tự động,Đã sử dụng,Dầu diesel
2025-10-23,2025,Toyota Fortuner 2.4L 4x2 AT,995000000.0,Nội địa,Hà Nội,SUV,0.0,Tự động,Xe mới,Dầu diesel
2025-10-23,2020,Toyota Alphard Executive Lounge,2000000000.0,Nhập khẩu,TP HCM,Van/Minivan,67000.0,Tự động,Đã sử dụng,Xăng
2025-10-23,2025,Peugeot 408 Allure 1.6 AT,999000000.0,Nội địa,TP HCM,Crossover,0.0,Tự động,Xe mới,Xăng
2025-10-23,2012,BMW 6 Series 640i Gran Coupe,888000000.0,Nhập khẩu,TP HCM,Sedan,39000.0,Tự động,Đã sử dụng,Xăng
2025-10-23,2022,Toyota Corolla Cross 1.8V,698000000.0,Nhập khẩu,Hà Nội,SUV,50000.0,Tự động,Đã sử dụng,Xăng
2025-10-23,2024,Kia Sportage Premium 2.0G,788000000.0,Nội địa,Hà Nội,Crossover,30000.0,Tự động,Đã sử dụng,Xăng
2025-10-23,2014,Mazda 3 S 1.6 AT,299000000.0,Nội địa,Hà Nội,Sedan,50000.0,Tự động,Đã sử dụng,Xăng
2025-10-23,2024,Mini Cooper S 5 Door,2000000000.0,Nhập khẩu,Hà Nội,Hatchback,0.0,Tự động,Xe mới,Xăng
2025-10-23,2025,Mazda 2 1.5 AT,429000000.0,Nhập khẩu,Hà Nội,Sedan,3000.0,Tự động,Đã sử dụng,Xăng
2025-10-23,2016,BMW 3 Series 320i,550000000.0,Nhập khẩu,TP HCM,Sedan,67000.0,Tự động,Đã sử dụng,Xăng
2025-10-23,2022,Kia Morning 1.25 MT,220000000.0,Nội địa,TP HCM,Hatchback,94512.0,Số Tay,Đã sử dụng,Xăng
2025-10-23,2016,Lexus NX 200t,1000000000.0,Nhập khẩu,Hà Nội,SUV,95000.0,Tự động,Đã sử dụng,Xăng
2025-10-23,2022,Ford Ranger XLS 2.2L 4x2 AT,555000000.0,Nội địa,TP HCM,Bán tải / Pickup,70000.0,Tự động,Đã sử dụng,Dầu diesel
2025-10-23,2022,Kia Carnival Signature 2.2D,1000000000.0,Nội địa,Hải Dương,Van/Minivan,75000.0,Tự động,Đã sử dụng,Dầu diesel
2025-10-23,2025,Hyundai SantaFe Calligraphy 2.5L HTRAC 6S,1000000000.0,Nội địa,Hà Nội,SUV,0.0,Tự động,Xe mới,Xăng
2025-10-23,2025,Kia Sportage Signature 2.0G,915000000.0,Nội địa,Hà Nội,Crossover,10000.0,Tự động,Đã sử dụng,Xăng
2025-10-23,2025,Hyundai Creta Tiêu chuẩn 1.5 AT,548000000.0,Nội địa,Hà Nội,SUV,0.0,Tự động,Xe mới,Xăng
2025-10-23,2024,Volkswagen Viloran Premium,1000000000.0,Nhập khẩu,TP HCM,Van/Minivan,24000.0,Tự động,Đã sử dụng,Xăng
2025-10-23,2019,Mercedes Benz C class C300 AMG,1000000000.0,Nội địa,TP HCM,Sedan,51000.0,Tự động,Đã sử dụng,Xăng
2025-10-23,2019,Honda HRV L,565000000.0,Nhập khẩu,Hà Nội,Crossover,30000.0,Tự động,Đã sử dụng,Xăng
2025-10-23,2020,Hyundai Tucson 2.0 AT,639000000.0,Nội địa,Hà Nội,Crossover,70000.0,Tự động,Đã sử dụng,Xăng
2025-10-23,2022,Ford Everest Titanium Plus 2.0L 4x4 AT,1000000000.0,Nhập khẩu,Quảng Ninh,SUV,60000.0,Tự động,Đã sử dụng,Dầu diesel
2025-10-23,2019,Hyundai Kona 2.0 AT,445000000.0,Nội địa,Bắc Ninh,Crossover,77000.0,Tự động,Đã sử dụng,Xăng
2025-10-23,2015,Honda CRV 2.0 AT,475000000.0,Nội địa,Hà Nội,SUV,100000.0,Tự động,Đã sử dụng,Xăng
2025-10-23,2009,Toyota Venza 2.7,455000000.0,Nhập khẩu,Hà Nội,Crossover,140000.0,Tự động,Đã sử dụng,Xăng
2025-10-23,2020,Ford Everest Titanium 2.0L 4x4 AT,858000000.0,Nhập khẩu,Hà Nội,SUV,110000.0,Tự động,Đã sử dụng,Dầu diesel
2025-10-23,2020,Toyota Vios 1.5E CVT,339000000.0,Nội địa,Bình Dương,Sedan,66000.0,Tự động,Đã sử dụng,Xăng
2025-10-23,2022,Porsche Cayenne Coupe Platinum,4000000000.0,Nhập khẩu,TP HCM,SUV,23000.0,Tự động,Đã sử dụng,Xăng
2025-10-23,2021,Kia Sorento Signature 2.5 AT AWD,815000000.0,Nội địa,TP HCM,SUV,40000.0,Tự động,Đã sử dụng,Xăng
2025-10-23,2022,Kia Carnival Luxury 2.2D,998000000.0,Nội địa,Hà Nội,Van/Minivan,58000.0,Tự động,Đã sử dụng,Dầu diesel
2025-10-23,2024,Mitsubishi Attrage Premium 1.2 CVT,410000000.0,Nhập khẩu,Hà Nội,Sedan,0.0,Tự động,Xe mới,Xăng
2025-10-23,2017,Porsche Macan 2.0,1000000000.0,Nhập khẩu,Hà Nội,SUV,60000.0,Tự động,Đã sử dụng,Xăng
2025-10-23,2010,Toyota Camry LE 2.5,398000000.0,Nhập khẩu,Hà Nội,Sedan,110000.0,Tự động,Đã sử dụng,Xăng
2025-10-23,2025,Isuzu MU,930000000.0,Nhập khẩu,Hà Nội,SUV,0.0,Tự động,Xe mới,Dầu diesel
2025-10-23,2019,Ford Explorer Limited 2.3L EcoBoost,995000000.0,Nhập khẩu,Hưng Yên,SUV,91886.0,Tự động,Đã sử dụng,Xăng
2025-10-23,2022,Mercedes Benz S class S450 Luxury,3000000000.0,Nhập khẩu,Hà Nội,Sedan,48280.0,Tự động,Đã sử dụng,Xăng
2025-10-23,2021,VinFast Lux SA 2.0 2.0 AT,655000000.0,Nội địa,Đà Nẵng,SUV,69000.0,Tự động,Đã sử dụng,Xăng
2025-10-23,2020,Toyota Fortuner 2.4G 4x2 AT,865000000.0,Nội địa,TP HCM,SUV,46954.0,Tự động,Đã sử dụng,Dầu diesel
2025-10-23,2022,Hyundai Accent 1.4 AT Đặc Biệt,420000000.0,Nội địa,Hà Nội,Sedan,44000.0,Tự động,Đã sử dụng,Xăng
2025-10-23,2019,Mitsubishi Pajero Sport 2.4D 4x2 MT,638000000.0,Nhập khẩu,Hà Tĩnh,SUV,75000.0,Số Tay,Đã sử dụng,Dầu diesel
2025-10-23,2025,Ford Everest Titanium 2.0L 4x2 AT,1000000000.0,Nhập khẩu,TP HCM,SUV,5000.0,Tự động,Đã sử dụng,Dầu diesel
2025-10-23,2023,Kia Sportage Signature X,915000000.0,Nội địa,Hà Nội,Crossover,20000.0,Tự động,Đã sử dụng,Xăng
2025-10-23,2025,Ford Ranger XLS 2.0L 4x4 AT,676000000.0,Nội địa,Hà Nội,Bán tải / Pickup,0.0,Tự động,Xe mới,Dầu diesel
2025-10-23,2023,Ford Explorer Limited 2.3L EcoBoost,1000000000.0,Nhập khẩu,TP HCM,SUV,5000.0,Tự động,Đã sử dụng,Xăng
2025-10-23,2022,Mercedes Benz GLC 300 4Matic,1000000000.0,Nội địa,Hà Nội,SUV,33000.0,Tự động,Đã sử dụng,Xăng
2025-10-23,2025,VinFast VF8 Plus AWD,960000000.0,Nội địa,Vĩnh Phúc,SUV,9000.0,Tự động,Đã sử dụng,Điện
2025-10-23,2020,Hyundai Tucson 2.0 AT CRDi,675000000.0,Nội địa,Hải Phòng,Crossover,50000.0,Tự động,Đã sử dụng,Dầu diesel
2025-10-23,2015,Mercedes Benz S class S500L,1000000000.0,Nhập khẩu,Hà Nội,Sedan,109435.0,Tự động,Đã sử dụng,Xăng
2025-10-23,2017,Toyota Corolla altis 2.0V Sport,500000000.0,Nội địa,Đồng Nai,Sedan,85000.0,Tự động,Đã sử dụng,Xăng
2025-10-23,2023,VinFast VF9 Plus,919000000.0,Nội địa,Hà Nội,SUV,96000.0,Tự động,Đã sử dụng,Điện
2025-10-23,2023,Ford Ranger XLS 2.0L 4x2 AT,650000000.0,Nội địa,Quảng Ninh,Bán tải / Pickup,27000.0,Tự động,Đã sử dụng,Dầu diesel
2025-10-23,2022,Ford Ranger XLS 2.2L 4x2 MT,510000000.0,Nội địa,Tây Ninh,Bán tải / Pickup,57000.0,Số Tay,Đã sử dụng,Dầu diesel
2025-10-23,2022,Baic Beijing U5 Plus Luxury,375000000.0,Nhập khẩu,Thái Nguyên,Sedan,22000.0,Tự động,Đã sử dụng,Xăng
2025-10-23,2016,Lexus RX 200t,1000000000.0,Nhập khẩu,Hà Nội,SUV,100000.0,Tự động,Đã sử dụng,Xăng
2025-10-23,2018,Mazda BT50 2.2L 4x2 ATH,425000000.0,Nhập khẩu,Hà Nội,Bán tải / Pickup,100000.0,Tự động,Đã sử dụng,Dầu diesel
2025-10-23,2023,Kia Sonet Premium 1.5 AT,545000000.0,Nội địa,Phú Thọ,Crossover,50000.0,Tự động,Đã sử dụng,Xăng
2025-10-23,2023,Mercedes Benz Maybach GLS 480 4Matic,8000000000.0,Nhập khẩu,TP HCM,SUV,12222.0,Tự động,Đã sử dụng,Xăng
2025-10-23,2024,Hyundai Accent 1.4 AT Đặc Biệt,495000000.0,Nội địa,Hải Phòng,Sedan,12000.0,Tự động,Đã sử dụng,Xăng
2025-10-23,2020,Ford Ranger XLS 2.2L 4x2 MT,490000000.0,Nhập khẩu,Lâm Đồng,Bán tải / Pickup,189000.0,Số Tay,Đã sử dụng,Dầu diesel
2025-10-23,2023,Mitsubishi Attrage Premium 1.2 CVT,405000000.0,Nhập khẩu,TP HCM,Sedan,32360.0,Tự động,Đã sử dụng,Xăng
2025-10-23,2021,Mitsubishi Outlander Premium 2.0 CVT,680000000.0,Nội địa,Hà Nội,SUV,71000.0,Tự động,Đã sử dụng,Xăng
2025-10-23,2023,Mitsubishi Attrage 1.2 MT,265000000.0,Nhập khẩu,Sơn La,Sedan,60000.0,Số Tay,Đã sử dụng,Xăng
2025-10-23,2018,Hyundai Kona 2.0 ATH,450000000.0,Nội địa,Hà Nội,Crossover,63000.0,Tự động,Đã sử dụng,Xăng
2025-10-23,2008,Toyota Innova G,169000000.0,Nội địa,Hải Phòng,Crossover,100000.0,Số Tay,Đã sử dụng,Xăng
2025-10-23,2019,Ford Everest Titanium 2.0L 4x4 AT,875000000.0,Nhập khẩu,TP HCM,SUV,87000.0,Tự động,Đã sử dụng,Dầu diesel
2025-10-23,2019,Toyota Innova 2.0E,385000000.0,Nội địa,Hà Nội,Crossover,62056.0,Số Tay,Đã sử dụng,Xăng
2025-10-23,2025,Mazda 2 Sport Luxury,529000000.0,Nhập khẩu,TP HCM,Hatchback,0.0,Tự động,Xe mới,Xăng
2025-10-23,2020,Mercedes Benz C class C200 Exclusive,970000000.0,Nội địa,Hà Nội,Sedan,64000.0,Tự động,Đã sử dụng,Xăng
2025-10-23,2022,Kia Seltos Deluxe 1.4 AT,535000000.0,Nội địa,Hải Dương,Crossover,70000.0,Tự động,Đã sử dụng,Xăng
2025-10-23,2021,Mercedes Benz C class C300 AMG,1000000000.0,Nhập khẩu,Khánh Hòa,Sedan,3800.0,Tự động,Đã sử dụng,Xăng
2025-10-23,2019,Hyundai Tucson 1.6 AT Turbo,635000000.0,Nội địa,Hà Nội,Crossover,80000.0,Tự động,Đã sử dụng,Xăng
2025-10-23,2015,Jaguar XJ series XJL 2.0 Portfolio,1000000000.0,Nhập khẩu,TP HCM,Sedan,52773.0,Tự động,Đã sử dụng,Xăng
2025-10-23,2021,Mercedes Benz GLC 300 4Matic,1000000000.0,Nội địa,Hà Nội,SUV,48000.0,Tự động,Đã sử dụng,Xăng
2025-10-23,2015,Kia Sorento DATH,490000000.0,Nội địa,Hà Nội,SUV,110000.0,Tự động,Đã sử dụng,Dầu diesel
2025-10-23,2025,Hyundai Accent Đặc biệt 1.5 AT,499000000.0,Nội địa,Hà Nội,Sedan,0.0,Tự động,Xe mới,Xăng
2025-10-23,2016,Mercedes Benz V class V250 Avantgarde,1000000000.0,Nhập khẩu,TP HCM,Van/Minivan,60000.0,Tự động,Đã sử dụng,Xăng
2025-10-23,2023,Hyundai i10 1.2 AT,375000000.0,Nội địa,Hà Nội,Hatchback,23000.0,Tự động,Đã sử dụng,Xăng
2025-10-23,2020,Lexus RX 300,2000000000.0,Nhập khẩu,Hà Nội,SUV,20000.0,Tự động,Đã sử dụng,Xăng
2025-10-23,2024,Kia Sonet Premium 1.5 AT,595000000.0,Nội địa,Hà Nội,Crossover,20000.0,Tự động,Đã sử dụng,Xăng
2025-10-23,2024,Hyundai SantaFe Prestige 2.5L HTRAC,1000000000.0,Nội địa,TP HCM,SUV,10000.0,Tự động,Đã sử dụng,Xăng
2025-10-23,2014,Toyota Fortuner TRD Sportivo 4x4 AT,466000000.0,Nội địa,Hà Nội,SUV,110000.0,Tự động,Đã sử dụng,Xăng
2025-10-23,2019,Porsche Cayenne 3.0 V6,3000000000.0,Nhập khẩu,Hà Nội,SUV,80000.0,Tự động,Đã sử dụng,Xăng
2025-10-23,2019,Honda CRV L,736000000.0,Nhập khẩu,Phú Thọ,SUV,86000.0,Tự động,Đã sử dụng,Xăng
2025-10-23,2021,Hyundai Accent 1.4 AT Đặc Biệt,425000000.0,Nội địa,Đà Nẵng,Sedan,58000.0,Tự động,Đã sử dụng,Xăng
2025-10-23,2012,Mercedes Benz E class E250,370000000.0,Nội địa,Hà Nội,Sedan,99000.0,Tự động,Đã sử dụng,Xăng
2025-10-23,2025,Hyundai Creta N Line 1.5 AT,675000000.0,Nội địa,Hải Phòng,SUV,0.0,Tự động,Xe mới,Xăng
2025-10-23,2018,Mercedes Benz E class E200,990000000.0,Nội địa,Hà Nội,Sedan,60000.0,Tự động,Đã sử dụng,Xăng
2025-10-23,2025,Mitsubishi Xpander Cross 1.5 AT,636000000.0,Nhập khẩu,Hà Nội,SUV,9000.0,Tự động,Đã sử dụng,Xăng
2025-10-23,2025,VinFast VF5 Plus,470000000.0,Nội địa,Bắc Giang,SUV,28800.0,Tự động,Đã sử dụng,Điện
2025-10-23,2021,Ford Everest Titanium 2.0L 4x4 AT,910000000.0,Nhập khẩu,TP HCM,SUV,87000.0,Tự động,Đã sử dụng,Dầu diesel
2025-10-23,2015,Ford Fiesta S 1.5 AT,275000000.0,Nội địa,TP HCM,Hatchback,63000.0,Tự động,Đã sử dụng,Xăng
2025-10-23,2022,RAM 1500 Longhorn 5.7L 4x4 AT,4000000000.0,Nhập khẩu,TP HCM,Bán tải / Pickup,0.0,Tự động,Xe mới,Xăng
2025-10-23,2019,Hyundai Tucson 2.0 ATH,668000000.0,Nội địa,Hà Nội,Crossover,99000.0,Tự động,Đã sử dụng,Xăng
2025-10-23,2018,Hyundai SantaFe 2.4L 4WD,639000000.0,Nội địa,Hà Nội,SUV,73000.0,Tự động,Đã sử dụng,Xăng
2025-10-23,2024,Kia Carnival Signature 2.2D,1000000000.0,Nội địa,TP HCM,Van/Minivan,29000.0,Tự động,Đã sử dụng,Dầu diesel
2025-10-23,2016,Audi TT 2.0 TFSI,1000000000.0,Nhập khẩu,TP HCM,Coupe,24000.0,Tự động,Đã sử dụng,Xăng
2025-10-23,2022,Mercedes Benz C class C200 Avantgarde Plus,1000000000.0,Nội địa,Hà Nội,Sedan,24000.0,Tự động,Đã sử dụng,Xăng
2025-10-23,2024,Hyundai Accent 1.4 AT Đặc Biệt,470000000.0,Nội địa,Bình Dương,Sedan,25000.0,Tự động,Đã sử dụng,Xăng
2025-10-23,2016,Toyota Vios 1.5E,262000000.0,Nội địa,Hà Nội,Sedan,75662.0,Số Tay,Đã sử dụng,Xăng
2025-10-23,2023,MG 5 Luxury 1.5 AT,425000000.0,Nhập khẩu,Hà Nội,Sedan,18000.0,Tự động,Đã sử dụng,Xăng
2025-10-23,2019,Hyundai Tucson 2.0 ATH,659000000.0,Nội địa,Hà Nội,Crossover,80000.0,Tự động,Đã sử dụng,Xăng
2025-10-23,2021,Toyota Corolla Cross 1.8HV,759000000.0,Nhập khẩu,Bình Dương,SUV,69000.0,Tự động,Đã sử dụng,Hybrid
2025-10-23,2022,Mitsubishi Xpander Premium 1.5 AT,518000000.0,Nhập khẩu,Hà Nội,SUV,68000.0,Tự động,Đã sử dụng,Xăng
2025-10-23,2019,VinFast Lux A 2.0 Premium 2.0 AT,499000000.0,Nội địa,Hà Nội,Sedan,89000.0,Tự động,Đã sử dụng,Xăng
2025-10-23,2020,Ford Everest Titanium 2.0L 4x2 AT,835000000.0,Nhập khẩu,Hà Nội,SUV,65000.0,Tự động,Đã sử dụng,Dầu diesel
2025-10-23,2022,VinFast Lux A 2.0 Tiêu chuẩn,595000000.0,Nội địa,Thái Nguyên,Sedan,22000.0,Tự động,Đã sử dụng,Xăng
2025-10-23,2016,Toyota Innova 2.0E,282000000.0,Nội địa,Hà Nội,Crossover,69000.0,Số Tay,Đã sử dụng,Xăng
2025-10-23,2010,Toyota Camry LE 2.5,405000000.0,Nhập khẩu,Hà Nội,Sedan,176000.0,Tự động,Đã sử dụng,Xăng
2025-10-23,2019,Toyota Vios 1.5E MT,276000000.0,Nội địa,Hà Nội,Sedan,69879.0,Số Tay,Đã sử dụng,Xăng
2025-10-23,2025,MG ZS Standard 1.5 AT 2WD,400000000.0,Nhập khẩu,Hà Nội,Crossover,0.0,Tự động,Xe mới,Xăng
2025-10-23,2018,Honda CRV L,765000000.0,Nhập khẩu,TP HCM,SUV,12500.0,Tự động,Đã sử dụng,Xăng
2025-10-23,2003,Toyota Zace GL,138000000.0,Nội địa,TP HCM,SUV,150000.0,Số Tay,Đã sử dụng,Xăng
2025-10-23,2011,Nissan Qashqai SE AWD,260000000.0,Nhập khẩu,Hà Nội,SUV,150000.0,Tự động,Đã sử dụng,Xăng
2025-10-23,2021,Toyota Prado VX 2.7L,2000000000.0,Nhập khẩu,Hà Nội,SUV,90000.0,Tự động,Đã sử dụng,Xăng
2025-10-23,2021,Toyota Corolla altis 1.8G AT,630000000.0,Nội địa,Phú Thọ,Sedan,33000.0,Tự động,Đã sử dụng,Xăng
2025-10-23,2019,Hyundai Tucson 2.0 AT CRDi,630000000.0,Nội địa,Hà Nội,Crossover,60000.0,Tự động,Đã sử dụng,Dầu diesel
2025-10-23,2025,VinFast VF8 Eco,830000000.0,Nội địa,Hà Nội,SUV,0.0,Tự động,Xe mới,Điện
2025-10-23,2016,Toyota Innova 2.0E,282000000.0,Nội địa,Hà Nội,Crossover,69879.0,Số Tay,Đã sử dụng,Xăng
2025-10-23,2017,Toyota Camry 2.0E,595000000.0,Nội địa,Hà Nội,Sedan,85000.0,Tự động,Đã sử dụng,Xăng
2025-10-23,2025,Peugeot 3008 GT,1000000000.0,Nội địa,TP HCM,Crossover,0.0,Tự động,Xe mới,Xăng
2025-10-23,2014,Toyota Fortuner 2.5G,470000000.0,Nội địa,TP HCM,SUV,110000.0,Số Tay,Đã sử dụng,Dầu diesel
2025-10-23,2018,Mazda CX5 2.0 AT,595000000.0,Nội địa,Hải Dương,SUV,80000.0,Tự động,Đã sử dụng,Xăng
2025-10-23,2022,Toyota Fortuner 2.4L 4x2 AT,947000000.0,Nội địa,Đà Nẵng,SUV,14000.0,Tự động,Đã sử dụng,Dầu diesel
2025-10-23,2015,Mitsubishi Outlander Sport 2.0 CVT Premium,398000000.0,Nhập khẩu,TP HCM,SUV,89000.0,Tự động,Đã sử dụng,Xăng
2025-10-23,2010,Mercedes Benz E class E300,379000000.0,Nội địa,TP HCM,Sedan,82000.0,Tự động,Đã sử dụng,Xăng
2025-10-23,2021,Mitsubishi Triton 4x2 AT Mivec,508000000.0,Nhập khẩu,Hà Nội,Bán tải / Pickup,98000.0,Tự động,Đã sử dụng,Dầu diesel
2025-10-23,2024,MG 5 Standard 1.5 AT,409000000.0,Nhập khẩu,TP HCM,Sedan,15000.0,Tự động,Đã sử dụng,Xăng
2025-10-23,2009,Ford Focus 1.8 MT,185000000.0,Nội địa,TP HCM,Sedan,98000.0,Số Tay,Đã sử dụng,Xăng
2025-10-23,2016,Audi Q7 2.0 AT,1000000000.0,Nhập khẩu,Hà Nội,SUV,90000.0,Tự động,Đã sử dụng,Xăng
2025-10-23,2025,MG RX5 1.5T LUX,595000000.0,Nhập khẩu,Hà Nội,Crossover,0.0,Tự động,Xe mới,Xăng
2025-10-23,2025,VinFast VF7 Plus,778000000.0,Nội địa,TP HCM,SUV,0.0,Tự động,Xe mới,Điện
2025-10-23,2025,VinFast VF7 Eco,690000000.0,Nội địa,TP HCM,SUV,0.0,Tự động,Xe mới,Điện
2025-10-23,2011,Mercedes Benz C class C250,278000000.0,Nội địa,Thái Nguyên,Sedan,99088.0,Tự động,Đã sử dụng,Xăng
2025-10-23,2022,Mitsubishi Xpander Cross 1.5 AT,535000000.0,Nhập khẩu,Bình Dương,SUV,48000.0,Tự động,Đã sử dụng,Xăng
2025-10-23,2024,Mini Cooper Clubman S,2000000000.0,Nhập khẩu,Hà Nội,Hatchback,0.0,Tự động,Xe mới,Xăng
2025-10-23,2019,Honda Accord 1.5 AT,699000000.0,Nhập khẩu,Thái Nguyên,Sedan,68068.0,Tự động,Đã sử dụng,Xăng
2025-10-23,2025,Ford Ranger Stormtrak 2.0L 4x4 AT,1000000000.0,Nhập khẩu,TP HCM,Bán tải / Pickup,3300.0,Tự động,Đã sử dụng,Dầu diesel
2025-10-23,2019,Mazda 3 1.5L Luxury,465000000.0,Nội địa,Hà Nội,Sedan,88000.0,Tự động,Đã sử dụng,Xăng
2025-10-23,2025,Toyota Innova E 2.0 MT,725000000.0,Nội địa,TP HCM,Crossover,0.0,Số Tay,Xe mới,Xăng
2025-10-23,2021,Mitsubishi Xpander 1.5 MT,435000000.0,Nhập khẩu,Thái Nguyên,SUV,86088.0,Số Tay,Đã sử dụng,Xăng
2025-10-23,2019,Hyundai Tucson 2.0 AT,548000000.0,Nội địa,Thái Nguyên,Crossover,88065.0,Tự động,Đã sử dụng,Xăng
2025-10-23,2022,Toyota Fortuner 2.4L 4x2 AT,929000000.0,Nội địa,TP HCM,SUV,55000.0,Tự động,Đã sử dụng,Dầu diesel
2025-10-23,2022,Ford Ranger XLS 2.0L 4x2 MT,559000000.0,Nội địa,Hà Nội,Bán tải / Pickup,57000.0,Số Tay,Đã sử dụng,Dầu diesel
2025-10-23,2019,Ford EcoSport Titanium 1.5L AT,445000000.0,Nội địa,TP HCM,SUV,68000.0,Tự động,Đã sử dụng,Xăng
2025-10-23,2022,BMW 5 Series 520i M Sport,1000000000.0,Nhập khẩu,TP HCM,Sedan,11000.0,Tự động,Đã sử dụng,Xăng
2025-10-23,2010,Kia Sorento Limited 2.0 AT,335000000.0,Nhập khẩu,Thái Nguyên,SUV,186088.0,Tự động,Đã sử dụng,Dầu diesel
2025-10-23,2007,Hyundai SantaFe MLX 2.2L,278000000.0,Nhập khẩu,Thái Nguyên,SUV,160880.0,Tự động,Đã sử dụng,Dầu diesel
2025-10-23,2016,Toyota Fortuner 2.7V 4X2 AT,438000000.0,Nội địa,Thái Nguyên,SUV,88068.0,Tự động,Đã sử dụng,Xăng
2025-10-23,2020,Hyundai Elantra 1.6 AT,448000000.0,Nội địa,Thái Nguyên,Sedan,46088.0,Tự động,Đã sử dụng,Xăng
2025-10-23,2023,BMW 7 Series 735i M Sport,3000000000.0,Nhập khẩu,Hà Nội,Sedan,30000.0,Tự động,Đã sử dụng,Xăng
2025-10-23,2024,Peugeot 3008 GT,939000000.0,Nội địa,Hà Nội,Crossover,16000.0,Tự động,Đã sử dụng,Xăng
2025-10-23,2024,BMW X5 xDrive40i xLine,4000000000.0,Nội địa,Hà Nội,SUV,0.0,Tự động,Xe mới,Xăng
2025-10-23,2020,Kia Seltos Premium 1.4 AT,579000000.0,Nội địa,TP HCM,Crossover,15000.0,Tự động,Đã sử dụng,Xăng
2025-10-23,2022,Mazda 3 1.5L Luxury,567000000.0,Nội địa,TP HCM,Sedan,34000.0,Tự động,Đã sử dụng,Xăng
2025-10-23,2022,Kia Sonet Premium 1.5 AT,505000000.0,Nội địa,Hải Phòng,Crossover,30000.0,Tự động,Đã sử dụng,Xăng
2025-10-23,2022,VinFast Lux A 2.0 Nâng cao,580000000.0,Nội địa,Hà Nội,Sedan,40000.0,Tự động,Đã sử dụng,Xăng
2025-10-23,2021,Peugeot 2008 GT Line 1.2 AT,565000000.0,Nội địa,Hà Nội,Crossover,31000.0,Tự động,Đã sử dụng,Xăng
2025-10-23,2020,Kia Sedona 3.3 GAT Premium,698000000.0,Nội địa,TP HCM,Van/Minivan,60000.0,Tự động,Đã sử dụng,Xăng
2025-10-23,2021,Hyundai Accent 1.4 AT,409000000.0,Nội địa,Hà Nội,Sedan,70000.0,Tự động,Đã sử dụng,Xăng
2025-10-23,2020,Toyota Yaris 1.5G,495000000.0,Nhập khẩu,Hà Nội,Hatchback,30500.0,Tự động,Đã sử dụng,Xăng
2025-10-23,2022,Mazda 3 1.5L Luxury,535000000.0,Nội địa,Ninh Bình,Sedan,40456.0,Tự động,Đã sử dụng,Xăng
2025-10-23,2022,Kia Sorento Premium 2.5 AT,825000000.0,Nội địa,TP HCM,SUV,56789.0,Tự động,Đã sử dụng,Xăng
2025-10-23,2020,Hyundai i10 Grand 1.2 AT,330000000.0,Nội địa,Hải Phòng,Hatchback,37000.0,Tự động,Đã sử dụng,Xăng
2025-10-23,2019,Toyota Yaris 1.5G,455000000.0,Nhập khẩu,Hà Nội,Hatchback,49000.0,Tự động,Đã sử dụng,Xăng
2025-10-23,2010,Toyota Yaris 1.3 AT,379000000.0,Nhập khẩu,Hà Nội,Sedan,38888.0,Tự động,Đã sử dụng,Xăng
2025-10-23,2018,Honda CRV L,789000000.0,Nhập khẩu,Hà Nội,SUV,49999.0,Tự động,Đã sử dụng,Xăng
2025-10-23,2022,Hyundai Tucson 2.0 AT CRDi Đặc biệt,848000000.0,Nội địa,Hà Nội,Crossover,50000.0,Tự động,Đã sử dụng,Dầu diesel
2025-10-23,2025,MG G50 1.5 AT Del,663000000.0,Nhập khẩu,Hà Nội,Van/Minivan,0.0,Tự động,Xe mới,Xăng
2025-10-23,2022,VinFast Lux A 2.0 Tiêu chuẩn,555000000.0,Nội địa,Vĩnh Phúc,Sedan,54000.0,Tự động,Đã sử dụng,Xăng
2025-10-23,2019,Hyundai Kona 2.0 ATH,489000000.0,Nội địa,TP HCM,Crossover,46000.0,Tự động,Đã sử dụng,Xăng
2025-10-23,2025,Honda CRV L AWD,1000000000.0,Nội địa,Hà Nội,SUV,0.0,Tự động,Xe mới,Xăng
2025-10-23,2023,Hyundai Elantra 1.6 AT Đặc biệt,600000000.0,Nội địa,Đăk Lăk,Sedan,18000.0,Tự động,Đã sử dụng,Xăng
2025-10-23,2025,Ford Ranger XLS 2.0L 4x2 AT,629000000.0,Nội địa,Hà Nội,Bán tải / Pickup,0.0,Tự động,Xe mới,Dầu diesel
2025-10-23,2022,Mazda CX8 Premium AWD,850000000.0,Nội địa,Hà Nội,SUV,92000.0,Tự động,Đã sử dụng,Xăng
2025-10-23,2020,VinFast Lux A 2.0 2.0 AT,450000000.0,Nội địa,Hà Nội,Sedan,100000.0,Tự động,Đã sử dụng,Xăng
2025-10-23,2025,Ford Territory Titanium X 1.5 AT,836000000.0,Nội địa,Hà Nội,SUV,0.0,Tự động,Xe mới,Xăng
2025-10-23,2023,Mitsubishi Xpander Cross 1.5 AT,585000000.0,Nhập khẩu,Hà Nội,SUV,29000.0,Tự động,Đã sử dụng,Xăng
2025-10-23,2020,VinFast Lux A 2.0 Premium 2.0 AT,550000000.0,Nội địa,Hà Nội,Sedan,70000.0,Tự động,Đã sử dụng,Xăng
2025-10-23,2017,Ford Ranger XLS 2.2L 4x2 AT,458000000.0,Nhập khẩu,Hà Nội,Bán tải / Pickup,44000.0,Tự động,Đã sử dụng,Dầu diesel
2025-10-23,2024,Suzuki Jimny 1.5L 4x4 AT,678000000.0,Nhập khẩu,Hà Nội,SUV,0.0,Tự động,Xe mới,Xăng
2025-10-23,2011,Ford Escape XLT 2.3L 4x4 AT,235000000.0,Nội địa,Phú Thọ,SUV,185000.0,Tự động,Đã sử dụng,Xăng
2025-10-23,2018,Hyundai Tucson 2.0 AT CRDi,592000000.0,Nội địa,Hà Nội,Crossover,100000.0,Tự động,Đã sử dụng,Dầu diesel
2025-10-23,2021,VinFast Fadil 1.4 AT,295000000.0,Nội địa,Hà Nội,Hatchback,45000.0,Tự động,Đã sử dụng,Xăng
2025-10-23,2022,Mazda 3 1.5L Luxury,550000000.0,Nội địa,Vĩnh Phúc,Sedan,38000.0,Tự động,Đã sử dụng,Xăng
2025-10-23,2024,Kia Sonet Luxury 1.5 AT,545000000.0,Nội địa,Hà Nội,Crossover,10000.0,Tự động,Đã sử dụng,Xăng
2025-10-23,2022,Mazda CX8 Premium,839000000.0,Nội địa,Hà Nội,SUV,40000.0,Tự động,Đã sử dụng,Xăng
2025-10-23,2024,VinFast VF8 S,860000000.0,Nội địa,Hà Nội,SUV,36.0,Tự động,Đã sử dụng,Điện
2025-10-23,2015,Mercedes Benz C class C200,570000000.0,Nội địa,Hà Nội,Sedan,100000.0,Tự động,Đã sử dụng,Xăng
2025-10-23,2009,Lexus RX 350,680000000.0,Nhập khẩu,TP HCM,SUV,70000.0,Tự động,Đã sử dụng,Xăng
2025-10-23,2016,LandRover Range Rover HSE 3.0,2000000000.0,Nhập khẩu,Hà Nội,SUV,30000.0,Tự động,Đã sử dụng,Xăng
2025-10-23,2022,Toyota Veloz Cross Top 1.5 CVT,535000000.0,Nhập khẩu,Gia Lai,SUV,40000.0,Tự động,Đã sử dụng,Xăng
2025-10-23,2014,Kia Carens S SX 2.0 MT,235000000.0,Nội địa,Quảng Ninh,Crossover,138000.0,Số Tay,Đã sử dụng,Xăng
2025-10-23,2022,Hyundai i10 1.2 AT,385000000.0,Nội địa,Hải Phòng,Hatchback,29900.0,Tự động,Đã sử dụng,Xăng
2025-10-23,2022,VinFast Lux A 2.0 Tiêu chuẩn,558000000.0,Nội địa,Vĩnh Phúc,Sedan,20000.0,Tự động,Đã sử dụng,Xăng
2025-10-23,2025,Toyota Corolla Cross 1.8V,758000000.0,Nhập khẩu,Hà Nội,SUV,0.0,Tự động,Xe mới,Xăng
2025-10-23,2020,Mitsubishi Outlander 2.0 CVT Premium,648000000.0,Nội địa,Hà Nội,SUV,72000.0,Tự động,Đã sử dụng,Xăng
2025-10-23,2021,Mitsubishi Outlander Premium 2.0 CVT,690000000.0,Nội địa,Hà Nội,SUV,70000.0,Tự động,Đã sử dụng,Xăng
2025-10-23,2019,Toyota Alphard Executive Lounge,2000000000.0,Nhập khẩu,Hà Nội,Van/Minivan,100000.0,Tự động,Đã sử dụng,Xăng
2025-10-23,2022,VinFast Lux A 2.0 Tiêu chuẩn,595000000.0,Nội địa,Hà Nội,Sedan,34000.0,Tự động,Đã sử dụng,Xăng
2025-10-23,2025,Toyota Yaris Cross 1.5 D,635000000.0,Nhập khẩu,Gia Lai,SUV,2000.0,Tự động,Đã sử dụng,Xăng
2025-10-23,2022,Hyundai Tucson 2.0 AT CRDi Đặc biệt,799000000.0,Nội địa,Bình Dương,Crossover,55000.0,Tự động,Đã sử dụng,Dầu diesel
2025-10-23,2019,Mazda CX8 Premium,715000000.0,Nội địa,Hà Nội,SUV,50000.0,Tự động,Đã sử dụng,Xăng
2025-10-23,2017,Mazda CX5 2.0 AT,510000000.0,Nội địa,Hà Nội,SUV,81000.0,Tự động,Đã sử dụng,Xăng
2025-10-23,2021,Lexus RX 300,2000000000.0,Nhập khẩu,Hà Nội,SUV,15000.0,Tự động,Đã sử dụng,Xăng
2025-10-23,2014,Mercedes Benz S class S400L,1000000000.0,Nội địa,Hà Nội,Sedan,110000.0,Tự động,Đã sử dụng,Xăng
2025-10-23,2022,Hyundai SantaFe Cao cấp 2.5L HTRAC,999000000.0,Nội địa,Hải Dương,SUV,70000.0,Tự động,Đã sử dụng,Xăng
2025-10-23,2022,Ford Everest Titanium Plus 2.0L 4x4 AT,1000000000.0,Nhập khẩu,Quảng Ninh,SUV,70000.0,Tự động,Đã sử dụng,Dầu diesel
2025-10-23,2025,Toyota Vios G 1.5 CVT,485000000.0,Nội địa,Hà Nội,Sedan,0.0,Tự động,Xe mới,Xăng
2025-10-23,2017,Toyota Vios 1.5E,265000000.0,Nội địa,Hải Phòng,Sedan,66666.0,Số Tay,Đã sử dụng,Xăng
2025-10-23,2024,Kia Carnival Premium 2.2D 8S,1000000000.0,Nội địa,TP HCM,Van/Minivan,0.0,Tự động,Xe mới,Dầu diesel
2025-10-23,2025,VinFast VF5 Plus,529000000.0,Nội địa,Hải Phòng,SUV,0.0,Tự động,Xe mới,Điện
2025-10-23,2025,Audi Q7 45 TFSI Quattro,3000000000.0,Nhập khẩu,Hà Nội,SUV,0.0,Tự động,Xe mới,Xăng
2025-10-23,2025,Audi Q8 55 TFSI S,4000000000.0,Nhập khẩu,Hà Nội,SUV,0.0,Tự động,Xe mới,Xăng
2025-10-23,2021,Toyota Prado VX 2.7L,2000000000.0,Nhập khẩu,Hà Nội,SUV,50000.0,Tự động,Đã sử dụng,Xăng
2025-10-23,2024,Volkswagen Teramont President 2.0 AT,2000000000.0,Nhập khẩu,TP HCM,SUV,0.0,Tự động,Xe mới,Xăng
2025-10-23,2009,Kia Cerato 1.6 AT,210000000.0,Nhập khẩu,Hà Nội,Sedan,130000.0,Tự động,Đã sử dụng,Xăng
2025-10-23,2022,Kia Sonet Luxury 1.5 AT,515000000.0,Nội địa,Hải Phòng,Crossover,47000.0,Tự động,Đã sử dụng,Xăng
2025-10-23,2023,Toyota Yaris Cross HEV 1.5 CVT,675000000.0,Nhập khẩu,Đăk Lăk,SUV,22140.0,Tự động,Đã sử dụng,Hybrid
2025-10-23,2019,Nissan X trail V Series 2.5 SV Premium 4WD,565000000.0,Nội địa,Thanh Hóa,SUV,72000.0,Tự động,Đã sử dụng,Xăng
2025-10-23,2024,Ford Territory Titanium X 1.5 AT,828000000.0,Nội địa,Hà Nội,SUV,17000.0,Tự động,Đã sử dụng,Xăng
2025-10-23,2018,Kia Cerato 1.6 AT,410000000.0,Nội địa,Hà Nội,Sedan,76000.0,Tự động,Đã sử dụng,Xăng
2025-10-23,2023,Mercedes Benz C class C200 Avantgarde Plus,1000000000.0,Nội địa,TP HCM,Sedan,2510.0,Tự động,Đã sử dụng,Xăng
2025-10-23,2024,Volkswagen Teramont Limited Edition 2.0 AT,2000000000.0,Nhập khẩu,Hà Nội,SUV,0.0,Tự động,Xe mới,Xăng
2025-10-23,2016,Mazda BT50 2.2L 4x2 AT,370000000.0,Nhập khẩu,Đăk Lăk,Bán tải / Pickup,126000.0,Tự động,Đã sử dụng,Dầu diesel
2025-10-23,2023,Mercedes Benz Maybach GLS 480 4Matic,8000000000.0,Nhập khẩu,TP HCM,SUV,11000.0,Tự động,Đã sử dụng,Xăng
2025-10-23,2023,Hyundai Accent 1.4 AT Đặc Biệt,470000000.0,Nội địa,Hà Nội,Sedan,26000.0,Tự động,Đã sử dụng,Xăng
2025-10-23,2017,Chevrolet Colorado LT 2.5L 4x2 MT,315000000.0,Nhập khẩu,Hà Nội,Bán tải / Pickup,110000.0,Số Tay,Đã sử dụng,Dầu diesel
2025-10-23,2021,Honda City RS 1.5 AT,460000000.0,Nội địa,Hòa Bình,Sedan,30000.0,Tự động,Đã sử dụng,Xăng
2025-10-23,2022,Ford Ranger Wildtrak 2.0L 4x4 AT,756000000.0,Nội địa,Lâm Đồng,Bán tải / Pickup,59000.0,Tự động,Đã sử dụng,Dầu diesel
2025-10-23,2018,Peugeot 5008 1.6 AT,599000000.0,Nội địa,Hà Nội,SUV,90000.0,Tự động,Đã sử dụng,Xăng
2025-10-23,2024,BMW X3 sDrive20i M Sport,1000000000.0,Nội địa,Hà Nội,SUV,17000.0,Tự động,Đã sử dụng,Xăng
2025-10-23,2025,Ford Ranger XLS 2.0L 4x4 AT,696000000.0,Nội địa,Hà Nội,Bán tải / Pickup,0.0,Tự động,Xe mới,Dầu diesel
2025-10-23,2025,Kia Seltos Deluxe 1.5 AT,599000000.0,Nội địa,TP HCM,Crossover,0.0,Tự động,Xe mới,Xăng
2025-10-23,2025,Kia Morning AT,439000000.0,Nội địa,TP HCM,Hatchback,0.0,Tự động,Xe mới,Xăng
2025-10-23,2010,Volkswagen Scirocco 1.4 AT,285000000.0,Nhập khẩu,Bình Dương,Coupe,70000.0,Tự động,Đã sử dụng,Xăng
2025-10-23,2018,Kia Sedona Platinum G,638000000.0,Nội địa,Hà Nội,Van/Minivan,68.0,Tự động,Đã sử dụng,Xăng
2025-10-23,2017,Toyota Land Cruiser VX 4.6 V8,3000000000.0,Nhập khẩu,Hà Nội,SUV,120000.0,Tự động,Đã sử dụng,Xăng
2025-10-23,2020,Toyota Corolla altis 1.8E AT,550000000.0,Nội địa,Thái Nguyên,Sedan,47000.0,Tự động,Đã sử dụng,Xăng
2025-10-23,2021,Toyota Corolla Cross 1.8V,680000000.0,Nhập khẩu,Hà Nội,SUV,60000.0,Tự động,Đã sử dụng,Xăng
2025-10-23,2013,Kia Morning EX,148000000.0,Nội địa,Hà Nội,Hatchback,12.0,Số Tay,Đã sử dụng,Xăng
2025-10-23,2022,Lexus ES 250,2000000000.0,Nhập khẩu,TP HCM,Sedan,12000.0,Tự động,Đã sử dụng,Xăng
2025-10-23,2009,Toyota Venza 2.7,485000000.0,Nhập khẩu,Hà Nội,Crossover,70000.0,Tự động,Đã sử dụng,Xăng
2025-10-23,2021,Hyundai i10 Grand 1.2 AT,340000000.0,Nội địa,Hà Giang,Hatchback,20000.0,Tự động,Đã sử dụng,Xăng
2025-10-23,2007,Toyota Fortuner SR5 2.7 AT,268000000.0,Nhập khẩu,Hà Nội,SUV,180000.0,Tự động,Đã sử dụng,Xăng
2025-10-23,2017,Hyundai SantaFe 2.4L 4WD,525000000.0,Nội địa,Hà Nội,SUV,83000.0,Tự động,Đã sử dụng,Xăng
2025-10-23,2022,BMW 4 Series 430i Gran Coupe M Sport,1000000000.0,Nhập khẩu,TP HCM,Coupe,15000.0,Tự động,Đã sử dụng,Xăng
2025-10-23,2021,Lexus RX 300,2000000000.0,Nhập khẩu,Hà Nội,SUV,35000.0,Tự động,Đã sử dụng,Xăng
2025-10-23,2021,Kia Cerato 1.6 AT Luxury,508000000.0,Nội địa,Hải Phòng,Sedan,59000.0,Tự động,Đã sử dụng,Xăng
2025-10-23,2024,VinFast VF3 Plus,229000000.0,Nội địa,Hà Nội,Hatchback,10000.0,Tự động,Đã sử dụng,Điện
2025-10-23,2023,Mazda 3 1.5L Luxury,550000000.0,Nội địa,Vĩnh Phúc,Sedan,90000.0,Tự động,Đã sử dụng,Xăng
2025-10-23,2025,VinFast VF5 Plus,469000000.0,Nội địa,Hải Phòng,SUV,0.0,Tự động,Xe mới,Điện
2025-10-23,2009,Audi A4 2.0T Quattro,230000000.0,Nhập khẩu,Cần Thơ,Sedan,120000.0,Tự động,Đã sử dụng,Xăng
2025-10-23,2025,Toyota Avanza Premio 1.5 MT,489000000.0,Nội địa,TP HCM,SUV,0.0,Số Tay,Xe mới,Xăng
2025-10-23,2025,VinFast VF6 Eco,662000000.0,Nội địa,Hà Nội,SUV,0.0,Tự động,Xe mới,Điện
2025-10-23,2019,Subaru Forester 2.0i,600000000.0,Nhập khẩu,Hà Nội,SUV,60000.0,Tự động,Đã sử dụng,Xăng
2025-10-23,2021,Lexus RX 300,2000000000.0,Nhập khẩu,Hà Nội,SUV,18000.0,Tự động,Đã sử dụng,Xăng
2025-10-23,2023,Ford Transit Tiêu chuẩn,650000000.0,Nội địa,Thái Bình,Van/Minivan,50000.0,Số Tay,Đã sử dụng,Dầu diesel
2025-10-23,2017,Kia Sorento DATH,560000000.0,Nội địa,Hà Nội,SUV,100000.0,Tự động,Đã sử dụng,Dầu diesel
2025-10-23,2022,Peugeot 2008 Active 1.2 AT,585000000.0,Nội địa,Hà Nội,Crossover,70000.0,Tự động,Đã sử dụng,Xăng
2025-10-23,2022,BMW X6 xDrive40i M Sport,3000000000.0,Nhập khẩu,Hà Nội,SUV,17399.0,Tự động,Đã sử dụng,Xăng
2025-10-23,2022,Mazda 3 1.5L Deluxe,505000000.0,Nội địa,Hà Nội,Sedan,30000.0,Tự động,Đã sử dụng,Xăng
2025-10-23,2023,Mercedes Benz E class E200 Exclusive,1000000000.0,Nội địa,Hà Nội,Sedan,50.0,Tự động,Đã sử dụng,Xăng
2025-10-23,2022,Kia Soluto 1.4 MT Deluxe,295000000.0,Nội địa,Hà Nội,Sedan,35000.0,Số Tay,Đã sử dụng,Xăng
2025-10-23,2022,Peugeot 3008 AT,740000000.0,Nội địa,Hà Nội,Crossover,18000.0,Tự động,Đã sử dụng,Xăng
2025-10-23,2023,Mercedes Benz GLC 300 4Matic,2000000000.0,Nội địa,Nghệ An,SUV,0.0,Tự động,Xe mới,Xăng
2025-10-23,2011,Mercedes Benz C class C250,285000000.0,Nội địa,Hà Nội,Sedan,100000.0,Tự động,Đã sử dụng,Xăng
2025-10-23,2009,Honda CRV 2.4 AT,235000000.0,Nội địa,Hà Nội,SUV,120000.0,Tự động,Đã sử dụng,Xăng
2025-10-23,2011,Kia Morning 1.0 AT,209000000.0,Nhập khẩu,TP HCM,Hatchback,133000.0,Tự động,Đã sử dụng,Xăng
2025-10-23,2020,Toyota Camry 2.0G,765000000.0,Nhập khẩu,Hà Nội,Sedan,70000.0,Tự động,Đã sử dụng,Xăng
2025-10-23,2014,Ford Focus S 2.0 AT,310000000.0,Nội địa,Lâm Đồng,Hatchback,95000.0,Tự động,Đã sử dụng,Xăng
2025-10-23,2022,Kia Carnival Signature 2.2D,1000000000.0,Nội địa,Hà Nội,Van/Minivan,20000.0,Tự động,Đã sử dụng,Dầu diesel
2025-10-23,2022,Kia Carnival Premium 2.2D,1000000000.0,Nội địa,Hà Nội,Van/Minivan,38000.0,Tự động,Đã sử dụng,Dầu diesel
2025-10-23,2013,Toyota Innova 2.0E,265000000.0,Nội địa,Hà Nội,Crossover,117000.0,Số Tay,Đã sử dụng,Xăng
2025-10-23,2012,Ford Mondeo 2.3 AT,235000000.0,Nội địa,Hà Nội,Sedan,90000.0,Tự động,Đã sử dụng,Xăng
2025-10-23,2021,Mercedes Benz GLS 450 4Matic,4000000000.0,Nhập khẩu,Hà Nội,SUV,23000.0,Tự động,Đã sử dụng,Xăng
2025-10-23,2017,Mercedes Benz GLC 250 4Matic,830000000.0,Nội địa,Hà Nội,SUV,120000.0,Tự động,Đã sử dụng,Xăng
2025-10-23,2016,Chevrolet Cruze LTZ 1.8 AT,280000000.0,Nội địa,Hà Nội,Sedan,95000.0,Tự động,Đã sử dụng,Xăng
2025-10-23,2019,Toyota Hilux 2.4E 4x2 AT,560000000.0,Nhập khẩu,Hà Nội,Bán tải / Pickup,100000.0,Tự động,Đã sử dụng,Dầu diesel
2025-10-23,2018,Mitsubishi Outlander 2.0 CVT Premium,525000000.0,Nội địa,Hà Nội,SUV,120000.0,Tự động,Đã sử dụng,Xăng
2025-10-23,2021,Hyundai Kona 2.0 ATH,505000000.0,Nội địa,Hà Nội,Crossover,50000.0,Tự động,Đã sử dụng,Xăng
2025-10-23,2018,Kia Cerato 1.6 AT,385000000.0,Nội địa,Hà Nội,Sedan,71000.0,Tự động,Đã sử dụng,Xăng
2025-10-23,2025,Lexus RX 350 Premium,3000000000.0,Nhập khẩu,Hà Nội,SUV,6000.0,Tự động,Đã sử dụng,Xăng
2025-10-23,2024,VinFast VF9 Plus,1000000000.0,Nội địa,Thanh Hóa,SUV,9481.0,Tự động,Đã sử dụng,Điện
2025-10-23,2021,VinFast Fadil 1.4 AT,315000000.0,Nội địa,Hải Phòng,Hatchback,50008.0,Tự động,Đã sử dụng,Xăng
2025-10-23,2019,Lexus LX 570 Super Sport,6000000000.0,Nhập khẩu,Cần Thơ,SUV,70000.0,Tự động,Đã sử dụng,Xăng
2025-10-23,2025,Honda CRV G,947000000.0,Nội địa,Hà Nội,SUV,0.0,Tự động,Xe mới,Xăng
2025-10-23,2019,Suzuki Ertiga Limited 1.5 AT,415000000.0,Nhập khẩu,Đăk Lăk,SUV,46000.0,Tự động,Đã sử dụng,Xăng
2025-10-23,2020,Toyota Vios 1.5E CVT,399000000.0,Nội địa,TP HCM,Sedan,57000.0,Tự động,Đã sử dụng,Xăng
2025-10-23,2024,Audi Q7 45 TFSI Quattro,3000000000.0,Nhập khẩu,TP HCM,SUV,0.0,Tự động,Xe mới,Xăng
2025-10-23,2022,Suzuki Ertiga Hybrid 1.5 AT,439000000.0,Nhập khẩu,TP HCM,SUV,63000.0,Tự động,Đã sử dụng,Hybrid
2025-10-23,2019,Toyota Camry 2.5Q,850000000.0,Nhập khẩu,Lâm Đồng,Sedan,52000.0,Tự động,Đã sử dụng,Xăng
2025-10-23,2025,Mitsubishi Xpander Cross 1.5 AT,660000000.0,Nhập khẩu,TP HCM,SUV,2105.0,Tự động,Đã sử dụng,Xăng
2025-10-23,2020,Toyota Corolla Cross 1.8V,650000000.0,Nhập khẩu,Quảng Bình,SUV,65.0,Tự động,Đã sử dụng,Xăng
2025-10-23,2008,Hyundai Getz 1.4 AT,135000000.0,Nhập khẩu,Điện Biên,Hatchback,100000.0,Tự động,Đã sử dụng,Xăng
2025-10-23,2025,Ford Territory Sport 1.5 AT,869000000.0,Nội địa,Bà Rịa Vũng Tàu,SUV,0.0,Tự động,Xe mới,Xăng
2025-10-23,2022,Hyundai SantaFe Tiêu chuẩn 2.2L,955000000.0,Nội địa,Hà Nội,SUV,80000.0,Tự động,Đã sử dụng,Dầu diesel
2025-10-23,2020,Hyundai SantaFe Premium 2.2L HTRAC,869000000.0,Nội địa,TP HCM,SUV,70000.0,Tự động,Đã sử dụng,Dầu diesel
2025-10-23,2021,Mercedes Benz GLC 200 4Matic,1000000000.0,Nội địa,Hà Nội,SUV,100000.0,Tự động,Đã sử dụng,Xăng
2025-10-23,2024,VinFast VF8 S,825000000.0,Nội địa,TP HCM,SUV,14000.0,Tự động,Đã sử dụng,Điện
2025-10-23,2023,VinFast VF8 Eco AWD,740000000.0,Nội địa,TP HCM,SUV,57000.0,Tự động,Đã sử dụng,Điện
2025-10-23,2018,BMW 7 Series 740Li,2000000000.0,Nhập khẩu,Hà Nội,Sedan,64939.0,Tự động,Đã sử dụng,Xăng
2025-10-23,2014,Mazda 2 S,215000000.0,Nội địa,Hà Nội,Hatchback,120000.0,Tự động,Đã sử dụng,Xăng
2025-10-23,2024,MG 5 Luxury 1.5 AT,459000000.0,Nhập khẩu,TP HCM,Sedan,3900.0,Tự động,Đã sử dụng,Xăng
2025-10-23,2025,Kia K3 GT 1.6 AT Turbo,689000000.0,Nội địa,TP HCM,Sedan,0.0,Tự động,Xe mới,Xăng
2025-10-23,2021,VinFast Lux A 2.0 2.0 AT,505000000.0,Nội địa,Hà Nội,Sedan,40000.0,Tự động,Đã sử dụng,Xăng
2025-10-23,2021,Kia Cerato 2.0 AT Premium,510000000.0,Nội địa,Hà Nội,Sedan,68000.0,Tự động,Đã sử dụng,Xăng
2025-10-23,2022,Mazda 2 Luxury,430000000.0,Nhập khẩu,Hà Nội,Sedan,30000.0,Tự động,Đã sử dụng,Xăng
2025-10-23,2016,Mercedes Benz C class C250 Exclusive,650000000.0,Nội địa,Hà Nội,Sedan,113000.0,Tự động,Đã sử dụng,Xăng
2025-10-23,2025,Toyota Hilux 2.4L 4x2 AT,683000000.0,Nhập khẩu,Phú Thọ,Bán tải / Pickup,0.0,Tự động,Xe mới,Dầu diesel
2025-10-23,2021,Hyundai SantaFe Tiêu chuẩn 2.2L,925000000.0,Nội địa,Gia Lai,SUV,68000.0,Tự động,Đã sử dụng,Dầu diesel
2025-10-23,2024,Audi Q5 45 TFSI Quattro,2000000000.0,Nhập khẩu,TP HCM,SUV,0.0,Tự động,Xe mới,Xăng
2025-10-23,2025,Ford Transit Trend,907000000.0,Nội địa,Hà Nội,Van/Minivan,0.0,Số Tay,Xe mới,Dầu diesel
2025-10-23,2019,Mercedes Benz GLC 250 4Matic,1000000000.0,Nội địa,TP HCM,SUV,20000.0,Tự động,Đã sử dụng,Xăng
2025-10-23,2022,Kia K3 Premium 2.0 AT,550000000.0,Nội địa,Hà Nội,Sedan,32586.0,Tự động,Đã sử dụng,Xăng
2025-10-23,2022,Hyundai i10 1.2 AT,350000000.0,Nội địa,Phú Thọ,Hatchback,16000.0,Tự động,Đã sử dụng,Xăng
2025-10-23,2025,Toyota Yaris Cross 1.5 D,658000000.0,Nhập khẩu,Hà Nội,SUV,0.0,Tự động,Xe mới,Xăng
2025-10-23,2016,Mercedes Benz C class C200,575000000.0,Nội địa,TP HCM,Sedan,96000.0,Tự động,Đã sử dụng,Xăng
2025-10-23,2025,Kia Sorento Signature 2.2D AT AWD,1000000000.0,Nội địa,Hà Nội,SUV,10000.0,Tự động,Đã sử dụng,Dầu diesel
2025-10-23,2017,Mercedes Benz GLC 300 4Matic,935000000.0,Nội địa,Hà Nội,SUV,86000.0,Tự động,Đã sử dụng,Xăng
2025-10-23,2019,Honda Brio G,299000000.0,Nhập khẩu,Hà Nội,Hatchback,100000.0,Tự động,Đã sử dụng,Xăng
2025-10-23,2022,Kia Seltos Luxury 1.4 AT,568000000.0,Nội địa,Hà Nội,Crossover,32000.0,Tự động,Đã sử dụng,Xăng
2025-10-23,2024,Ford Territory Titanium X 1.5 AT,830000000.0,Nội địa,TP HCM,SUV,28000.0,Tự động,Đã sử dụng,Xăng
2025-10-23,2025,Mitsubishi Triton GLX 2WD AT,588000000.0,Nhập khẩu,Hà Nội,Bán tải / Pickup,0.0,Tự động,Xe mới,Dầu diesel
2025-10-23,2021,Porsche Panamera 4,5000000000.0,Nhập khẩu,TP HCM,Sedan,38000.0,Tự động,Đã sử dụng,Xăng
2025-10-23,2025,Toyota Hilux 2.4L 4x2 AT,670000000.0,Nhập khẩu,TP HCM,Bán tải / Pickup,0.0,Tự động,Xe mới,Dầu diesel
2025-10-23,2024,VinFast VF8 Lux Plus AWD,1000000000.0,Nội địa,Hà Nội,SUV,0.0,Tự động,Xe mới,Điện
2025-10-23,2014,Mercedes Benz C class C200,580000000.0,Nội địa,Bình Dương,Sedan,76000.0,Tự động,Đã sử dụng,Xăng
2025-10-23,2022,VinFast Lux A 2.0 Tiêu chuẩn,559000000.0,Nội địa,Hà Nội,Sedan,52000.0,Tự động,Đã sử dụng,Xăng
2025-10-23,2025,Mazda CX8 Premium 2.5 AT,994000000.0,Nội địa,TP HCM,SUV,0.0,Tự động,Xe mới,Xăng
2025-10-23,2019,Nissan Navara EL 2.5 AT 2WD,459000000.0,Nhập khẩu,Hải Phòng,Bán tải / Pickup,100000.0,Tự động,Đã sử dụng,Dầu diesel
2025-10-23,2024,Mazda CX3 1.5 AT,495000000.0,Nhập khẩu,Đăk Lăk,Crossover,19000.0,Tự động,Đã sử dụng,Xăng
2025-10-23,2020,Toyota Highlander Limited Hybrid 2.5 AWD,3000000000.0,Nhập khẩu,Hà Nội,SUV,17000.0,Tự động,Đã sử dụng,Hybrid
2025-10-23,2025,Ford Transit Limousine 10S,1000000000.0,Nội địa,TP HCM,Van/Minivan,0.0,Số Tay,Xe mới,Dầu diesel
2025-10-23,2015,Lexus GX 460,2000000000.0,Nhập khẩu,Hà Nội,SUV,90000.0,Tự động,Đã sử dụng,Xăng
2025-10-23,2021,Volkswagen Teramont 2.0 AT,1000000000.0,Nhập khẩu,Hà Nội,SUV,67000.0,Tự động,Đã sử dụng,Xăng
2025-10-23,2023,Ford Everest Titanium Plus 2.0L 4x4 AT,1000000000.0,Nhập khẩu,Hà Nội,SUV,45000.0,Tự động,Đã sử dụng,Dầu diesel
2025-10-23,2021,Mercedes Benz GLC 200,1000000000.0,Nội địa,Hà Nội,SUV,80000.0,Tự động,Đã sử dụng,Xăng
2025-10-23,2007,Hyundai SantaFe MLX 2.2L,280000000.0,Nhập khẩu,Hà Nội,SUV,98000.0,Tự động,Đã sử dụng,Dầu diesel
2025-10-23,2022,Porsche Macan 2.0,3000000000.0,Nhập khẩu,TP HCM,SUV,31000.0,Tự động,Đã sử dụng,Xăng
2025-10-23,2024,Mitsubishi Xpander Premium 1.5 AT,575000000.0,Nhập khẩu,TP HCM,SUV,31000.0,Tự động,Đã sử dụng,Xăng
2025-10-23,2020,Toyota Innova 2.0E,460000000.0,Nội địa,Hà Nội,Crossover,127000.0,Số Tay,Đã sử dụng,Xăng
2025-10-23,2021,Hyundai Elantra 2.0 AT,495000000.0,Nội địa,Bình Dương,Sedan,29000.0,Tự động,Đã sử dụng,Xăng
2025-10-23,2018,Ford Ranger XLS 2.2L 4x2 AT,495000000.0,Nhập khẩu,Hà Nội,Bán tải / Pickup,80000.0,Tự động,Đã sử dụng,Dầu diesel
2025-10-23,2023,Mazda CX5 Premium Exclusive 2.0 AT,818000000.0,Nội địa,Hà Nội,SUV,37000.0,Tự động,Đã sử dụng,Xăng
2025-10-23,2022,Audi Q5 Sline 45 TFSI Quattro,1000000000.0,Nhập khẩu,Hà Nội,SUV,13000.0,Tự động,Đã sử dụng,Xăng
2025-10-23,2023,Lexus RX 350 Luxury,4000000000.0,Nhập khẩu,Hà Nội,SUV,6999.0,Tự động,Đã sử dụng,Xăng
2025-10-23,2024,Kia Carnival Signature 3.5G,1000000000.0,Nội địa,Hà Nội,Van/Minivan,8000.0,Tự động,Đã sử dụng,Xăng
2025-10-23,2019,Toyota Fortuner 2.7V 4x2 AT,775000000.0,Nhập khẩu,Hà Nội,SUV,73000.0,Tự động,Đã sử dụng,Xăng
2025-10-23,2025,Hyundai Creta Cao cấp 1.5 AT,658000000.0,Nội địa,Hà Nội,SUV,0.0,Tự động,Xe mới,Xăng
2025-10-23,2025,Toyota Vios E CVT,421000000.0,Nội địa,Hà Nội,Sedan,0.0,Tự động,Xe mới,Xăng
2025-10-23,2020,Mazda 3 2.0L Signature Luxury,569000000.0,Nội địa,Hà Nội,Sedan,68000.0,Tự động,Đã sử dụng,Xăng
2025-10-23,2023,Mitsubishi Xpander Premium 1.5 AT,539000000.0,Nhập khẩu,Hà Nội,SUV,56000.0,Tự động,Đã sử dụng,Xăng
2025-10-23,2022,Ford Everest Titanium 2.0L 4x2 AT,1000000000.0,Nhập khẩu,Hà Nội,SUV,36000.0,Tự động,Đã sử dụng,Dầu diesel
2025-10-23,2022,Kia Carnival Signature 2.2D,1000000000.0,Nội địa,Hà Nội,Van/Minivan,59000.0,Tự động,Đã sử dụng,Dầu diesel
2025-10-23,2016,Ford EcoSport Titanium 1.5L AT,335000000.0,Nội địa,TP HCM,SUV,40000.0,Tự động,Đã sử dụng,Xăng
2025-10-23,2014,Mercedes Benz S class S400L,980000000.0,Nội địa,Hà Nội,Sedan,100000.0,Tự động,Đã sử dụng,Xăng
2025-10-23,2019,Ford Ranger XLS 2.2L 4x2 AT,530000000.0,Nhập khẩu,Hà Nội,Bán tải / Pickup,70000.0,Tự động,Đã sử dụng,Dầu diesel
2025-10-23,2023,Mazda CX8 Premium,930000000.0,Nội địa,Hà Nội,SUV,20000.0,Tự động,Đã sử dụng,Xăng
2025-10-23,2024,Ford Everest Titanium 2.0L 4x2 AT,1000000000.0,Nhập khẩu,TP HCM,SUV,12000.0,Tự động,Đã sử dụng,Dầu diesel
2025-10-23,2018,Mercedes Benz GLC 300 4Matic,929000000.0,Nội địa,TP HCM,SUV,104000.0,Tự động,Đã sử dụng,Xăng
2025-10-23,2025,Toyota Corolla Cross 1.8HEV,905000000.0,Nhập khẩu,TP HCM,SUV,0.0,Tự động,Xe mới,Hybrid
2025-10-23,2024,Toyota Fortuner Legender 2.4L 4x2 AT,1000000000.0,Nội địa,Hà Nội,SUV,20000.0,Tự động,Đã sử dụng,Dầu diesel
2025-10-23,2025,Toyota Yaris Cross 1.5 D,605000000.0,Nhập khẩu,Hà Nội,SUV,0.0,Tự động,Xe mới,Xăng
2025-10-23,2025,Mercedes Benz C class C200 Avantgarde,1000000000.0,Nội địa,TP HCM,Sedan,50.0,Tự động,Đã sử dụng,Xăng
2025-10-23,2020,Toyota Corolla Cross 1.8V,599000000.0,Nhập khẩu,TP HCM,SUV,76000.0,Tự động,Đã sử dụng,Xăng
2025-10-23,2025,Toyota Veloz Cross Top 1.5 CVT,580000000.0,Nội địa,TP HCM,SUV,0.0,Tự động,Xe mới,Xăng
2025-10-23,2021,Hyundai SantaFe Cao cấp 2.4L HTRAC,799000000.0,Nội địa,Hà Nội,SUV,64000.0,Tự động,Đã sử dụng,Xăng
2025-10-23,2018,Mitsubishi Pajero Sport 2.4D 4x2 AT,675000000.0,Nhập khẩu,Phú Thọ,SUV,100000.0,Tự động,Đã sử dụng,Dầu diesel
2025-10-23,2025,Hyundai Creta Đặc biệt 1.5 AT,623000000.0,Nội địa,Hà Nội,SUV,0.0,Tự động,Xe mới,Xăng
2025-10-23,2019,Lexus LX 570 Super Sport MBS,7000000000.0,Nhập khẩu,TP HCM,SUV,36241.0,Tự động,Đã sử dụng,Xăng
2025-10-23,2020,BMW X6 xDrive40i M Sport,2000000000.0,Nhập khẩu,TP HCM,SUV,54200.0,Tự động,Đã sử dụng,Xăng
2025-10-23,2022,Lexus ES 250,2000000000.0,Nhập khẩu,TP HCM,Sedan,12986.0,Tự động,Đã sử dụng,Xăng
2025-10-23,2016,Ford Everest Titanium 2.2L 4x2 AT,645000000.0,Nhập khẩu,Quảng Ninh,SUV,90000.0,Tự động,Đã sử dụng,Dầu diesel
2025-10-23,2025,Hyundai Creta N Line 1.5 AT,715000000.0,Nội địa,Hà Nội,SUV,0.0,Tự động,Xe mới,Xăng
2025-10-23,2023,Kia Seltos Deluxe 1.4 AT,579000000.0,Nội địa,Hà Nội,Crossover,32000.0,Tự động,Đã sử dụng,Xăng
2025-10-23,2022,VinFast VF e34 AT,435000000.0,Nội địa,Hà Nội,Crossover,69000.0,Tự động,Đã sử dụng,Điện
2025-10-23,2021,BMW X4 xDrive20i M Sport,1000000000.0,Nhập khẩu,Hà Nội,SUV,64000.0,Tự động,Đã sử dụng,Xăng
2025-10-23,2022,Ford Everest Titanium 2.0L 4x2 AT,1000000000.0,Nhập khẩu,TP HCM,SUV,11000.0,Tự động,Đã sử dụng,Dầu diesel
2025-10-23,2017,Toyota Camry 2.5Q,648000000.0,Nội địa,TP HCM,Sedan,91000.0,Tự động,Đã sử dụng,Xăng
2025-10-23,2013,Mini Cooper 3Dr,540000000.0,Nhập khẩu,Hà Nội,Coupe,100000.0,Tự động,Đã sử dụng,Xăng
2025-10-23,2019,Hyundai i10 Grand 1.2 AT,315000000.0,Nội địa,Hà Nội,Sedan,100000.0,Tự động,Đã sử dụng,Xăng
2025-10-23,2019,Toyota Land Cruiser 4.6 V8,4000000000.0,Nhập khẩu,Hà Nội,SUV,60000.0,Tự động,Đã sử dụng,Xăng
2025-10-23,2023,Toyota Corolla Cross 1.8V,745000000.0,Nhập khẩu,Hà Nội,SUV,30000.0,Tự động,Đã sử dụng,Xăng
2025-10-23,2017,Toyota Fortuner 2.4G 4x2 MT,616000000.0,Nhập khẩu,Hà Nội,SUV,80000.0,Số Tay,Đã sử dụng,Dầu diesel
2025-10-23,2019,Toyota Innova 2.0E,470000000.0,Nội địa,Bình Dương,Crossover,100000.0,Số Tay,Đã sử dụng,Xăng
2025-10-23,2019,Hyundai Tucson 1.6 AT Turbo,645000000.0,Nội địa,Hà Nội,Crossover,57000.0,Tự động,Đã sử dụng,Xăng
2025-10-23,2020,Ford Ranger XLS 2.2L 4x2 AT,575000000.0,Nhập khẩu,TP HCM,Bán tải / Pickup,52000.0,Tự động,Đã sử dụng,Dầu diesel
2025-10-23,2023,VinFast VF8 Plus AWD,931000000.0,Nội địa,Bình Dương,SUV,49000.0,Tự động,Đã sử dụng,Điện
2025-10-23,2024,Kia Soluto 1.4 MT Deluxe,339000000.0,Nội địa,Hà Nội,Sedan,30000.0,Số Tay,Đã sử dụng,Xăng
2025-10-23,2017,Mercedes Benz C class C300 AMG,685000000.0,Nội địa,Vĩnh Phúc,Sedan,75000.0,Tự động,Đã sử dụng,Xăng
2025-10-23,2018,Toyota Vios 1.5E MT,280000000.0,Nội địa,Hà Nội,Sedan,62000.0,Số Tay,Đã sử dụng,Xăng
2025-10-23,2016,BMW 2 Series 218i Gran Tourer,475000000.0,Nhập khẩu,Hà Nội,Crossover,140000.0,Tự động,Đã sử dụng,Xăng
2025-10-23,2007,Toyota Camry 2.4G,285000000.0,Nội địa,Bình Dương,Sedan,153000.0,Tự động,Đã sử dụng,Xăng
2025-10-23,2017,Kia Rondo GMT,299000000.0,Nội địa,Hà Nội,SUV,130000.0,Số Tay,Đã sử dụng,Xăng
2025-10-23,2016,BMW 7 Series 730Li,1000000000.0,Nhập khẩu,Hà Nội,Sedan,96000.0,Tự động,Đã sử dụng,Xăng
2025-10-23,2014,Toyota Camry 2.5Q,485000000.0,Nội địa,Hà Nội,Sedan,100000.0,Tự động,Đã sử dụng,Xăng
2025-10-23,2018,Kia Cerato 1.6 AT Deluxe,409000000.0,Nội địa,Hải Phòng,Sedan,87000.0,Tự động,Đã sử dụng,Xăng
2025-10-23,2024,Mitsubishi Xpander Premium 1.5 AT,585000000.0,Nhập khẩu,Đăk Lăk,SUV,16000.0,Tự động,Đã sử dụng,Xăng
2025-10-23,2017,Chevrolet Colorado LT 2.5L 4x2 MT,268000000.0,Nhập khẩu,Hà Nội,Bán tải / Pickup,110000.0,Số Tay,Đã sử dụng,Dầu diesel
2025-10-23,2022,Hyundai Tucson 1.6 AT Turbo HTRAC Đặc biệt,838000000.0,Nội địa,Hà Nội,Crossover,53000.0,Tự động,Đã sử dụng,Xăng
2025-10-23,2021,Honda CRV L,838000000.0,Nội địa,Hà Nội,SUV,68000.0,Tự động,Đã sử dụng,Xăng
2025-10-23,2017,Mazda CX5 2.5 AT 2WD,560000000.0,Nội địa,Hà Nội,SUV,90000.0,Tự động,Đã sử dụng,Xăng
2025-10-23,2022,Honda CRV L,895000000.0,Nội địa,Hà Nội,SUV,60000.0,Tự động,Đã sử dụng,Xăng
2025-10-23,2016,Mercedes Benz GLC 300 4Matic,888000000.0,Nội địa,Hà Nội,SUV,86000.0,Tự động,Đã sử dụng,Xăng
2025-10-23,2025,Mitsubishi Triton GLX 2WD AT,589000000.0,Nhập khẩu,Hà Nội,Bán tải / Pickup,0.0,Tự động,Xe mới,Dầu diesel
2025-10-23,2008,Toyota Sequoia Limited 4.7 AT 4WD,560000000.0,Nhập khẩu,TP HCM,SUV,87900.0,Tự động,Đã sử dụng,Xăng
2025-10-23,2022,Toyota Camry 2.0G,970000000.0,Nhập khẩu,Hà Nội,Sedan,50000.0,Tự động,Đã sử dụng,Xăng
2025-10-23,2024,Kia Sportage Premium 2.0G,815000000.0,Nội địa,Hà Nội,Crossover,2900.0,Tự động,Đã sử dụng,Xăng
2025-10-23,2023,Mitsubishi Outlander 2.0 CVT,739000000.0,Nội địa,Hà Nội,SUV,19000.0,Tự động,Đã sử dụng,Xăng
2025-10-23,2014,LandRover Range Rover HSE 3.0,1000000000.0,Nhập khẩu,Hà Nội,SUV,97000.0,Tự động,Đã sử dụng,Xăng
2025-10-23,2021,Mercedes Benz S class S450,3000000000.0,Nhập khẩu,Hà Nội,Sedan,24140.0,Tự động,Đã sử dụng,Xăng
2025-10-23,2021,Audi Q5 Sportback Sline 45 TFSI Quattro,1000000000.0,Nhập khẩu,Hà Nội,SUV,36000.0,Tự động,Đã sử dụng,Xăng
2025-10-23,2025,VinFast VF3 Plus,299000000.0,Nội địa,TP HCM,Hatchback,0.0,Tự động,Xe mới,Điện
2025-10-23,2017,Toyota Fortuner 2.7V 4x2 AT,680000000.0,Nhập khẩu,Hà Nội,SUV,90000.0,Tự động,Đã sử dụng,Xăng
2025-10-23,2018,Mercedes Benz S class S450L,1000000000.0,Nội địa,TP HCM,Sedan,90000.0,Tự động,Đã sử dụng,Xăng
2025-10-23,2019,Toyota Yaris 1.5G,454000000.0,Nhập khẩu,Hà Nội,Hatchback,26000.0,Tự động,Đã sử dụng,Xăng
2025-10-23,2009,Toyota Corolla altis 1.8G AT,238000000.0,Nội địa,Phú Thọ,Sedan,19000.0,Tự động,Đã sử dụng,Xăng
2025-10-23,2013,Mitsubishi Triton GLS 4x4 AT,268000000.0,Nhập khẩu,Phú Thọ,Bán tải / Pickup,2000.0,Tự động,Đã sử dụng,Dầu diesel
2025-10-23,2010,Toyota Yaris 1.3 AT,219000000.0,Nhập khẩu,Hà Nội,Hatchback,120000.0,Tự động,Đã sử dụng,Xăng
2025-10-23,2022,Volkswagen Teramont Limited Edition 2.0 AT,1000000000.0,Nhập khẩu,TP HCM,SUV,0.0,Tự động,Xe mới,Xăng
2025-10-23,2025,Mitsubishi Xpander Cross 1.5 AT,650000000.0,Nhập khẩu,TP HCM,SUV,0.0,Tự động,Xe mới,Xăng
2025-10-23,2007,Hyundai SantaFe 2.2L 4WD,248000000.0,Nhập khẩu,Phú Thọ,SUV,18000.0,Tự động,Đã sử dụng,Dầu diesel
2025-10-23,2025,Toyota Yaris Cross 1.5 D,607000000.0,Nhập khẩu,Khánh Hòa,SUV,0.0,Tự động,Xe mới,Xăng
2025-10-23,2024,Volkswagen Viloran Luxury,2000000000.0,Nhập khẩu,Hà Nội,Van/Minivan,18000.0,Tự động,Đã sử dụng,Xăng
2025-10-23,2020,Kia Sedona 2.2 DAT Signature,819000000.0,Nội địa,TP HCM,Van/Minivan,99000.0,Tự động,Đã sử dụng,Dầu diesel
2025-10-23,2025,Mitsubishi Xpander Cross 1.5 AT,603000000.0,Nhập khẩu,Hà Nội,SUV,0.0,Tự động,Xe mới,Xăng
2025-10-23,2018,Peugeot 3008 1.6 AT,559000000.0,Nội địa,Hà Nội,Crossover,82000.0,Tự động,Đã sử dụng,Xăng
2025-10-23,2020,Hyundai Tucson 2.0 ATH,650000000.0,Nội địa,Hà Nội,Crossover,110000.0,Tự động,Đã sử dụng,Xăng
2025-10-23,2015,Cadillac Escalade ESV Platinum,2000000000.0,Nhập khẩu,Hà Nội,SUV,60000.0,Tự động,Đã sử dụng,Xăng
2025-10-23,2024,Ford Everest Titanium Plus 2.0L 4x4 AT,1000000000.0,Nhập khẩu,Hà Nội,SUV,9500.0,Tự động,Đã sử dụng,Dầu diesel
2025-10-23,2017,Ford Transit SVP,355000000.0,Nội địa,Hà Nội,Van/Minivan,19000.0,Số Tay,Đã sử dụng,Dầu diesel
2025-10-23,2022,Hyundai i10 1.2 AT,379000000.0,Nội địa,Hà Nội,Hatchback,30000.0,Tự động,Đã sử dụng,Xăng
2025-10-23,2019,Mitsubishi Xpander 1.5 AT,435000000.0,Nhập khẩu,Hà Nội,SUV,71000.0,Tự động,Đã sử dụng,Xăng
2025-10-23,2012,LandRover Range Rover Evoque Dynamic,465000000.0,Nhập khẩu,Hà Nội,SUV,96435.0,Tự động,Đã sử dụng,Xăng
2025-10-23,2017,Mazda 3 1.5 AT,398000000.0,Nội địa,Hà Nội,Hatchback,93000.0,Tự động,Đã sử dụng,Xăng
2025-10-23,2019,Hyundai Tucson 2.0 ATH,639000000.0,Nội địa,Hà Nội,Crossover,90000.0,Tự động,Đã sử dụng,Xăng
2025-10-23,2020,Kia Soluto 1.4 AT Deluxe,265000000.0,Nội địa,Bình Dương,Sedan,30000.0,Tự động,Đã sử dụng,Xăng
2025-10-23,2016,Hyundai SantaFe 2.2L 4WD,629000000.0,Nội địa,Hà Nội,SUV,130000.0,Tự động,Đã sử dụng,Dầu diesel
2025-10-23,2019,Honda HRV L,530000000.0,Nhập khẩu,Hà Nội,Crossover,65000.0,Tự động,Đã sử dụng,Xăng
2025-10-23,2016,BMW 3 Series 320i,550000000.0,Nhập khẩu,Hà Nội,Sedan,80467.0,Tự động,Đã sử dụng,Xăng
2025-10-23,2014,Mercedes Benz S class S400L,1000000000.0,Nội địa,Hà Nội,Sedan,80000.0,Tự động,Đã sử dụng,Xăng
2025-10-23,2018,Kia Rondo GAT,375000000.0,Nội địa,Hà Nội,SUV,75000.0,Tự động,Đã sử dụng,Xăng
2025-10-23,2017,Mazda CX5 2.5 AT AWD,495000000.0,Nội địa,Hà Nội,SUV,98000.0,Tự động,Đã sử dụng,Xăng
2025-10-23,2018,Toyota Innova 2.0G,485000000.0,Nội địa,Hà Nội,Crossover,120000.0,Tự động,Đã sử dụng,Xăng
2025-10-23,2025,VinFast VF6 Eco,647000000.0,Nội địa,Hà Nội,SUV,0.0,Tự động,Xe mới,Điện
2025-10-23,2021,VinFast Lux SA 2.0 2.0 AT,640000000.0,Nội địa,Hà Nội,SUV,70000.0,Tự động,Đã sử dụng,Xăng
2025-10-23,2022,Mazda 3 1.5L Luxury,540000000.0,Nội địa,Hà Nội,Sedan,38000.0,Tự động,Đã sử dụng,Xăng
2025-10-23,2022,Hyundai Tucson 2.0 AT CRDi Đặc biệt,825000000.0,Nội địa,Hà Nội,Crossover,58000.0,Tự động,Đã sử dụng,Dầu diesel
2025-10-23,2011,Porsche Panamera 3.6 V6,1000000000.0,Nhập khẩu,TP HCM,Sedan,71061.0,Tự động,Đã sử dụng,Xăng
2025-10-23,2022,Peugeot 3008 GT,805000000.0,Nội địa,Đà Nẵng,Crossover,55000.0,Tự động,Đã sử dụng,Xăng
2025-10-23,2025,VinFast VF9 Eco,999000000.0,Nội địa,Hà Nội,SUV,0.0,Tự động,Xe mới,Điện
2025-10-23,2018,Nissan Navara EL Premium R,395000000.0,Nhập khẩu,Hà Nội,Bán tải / Pickup,14000.0,Tự động,Đã sử dụng,Dầu diesel
2025-10-23,2018,Porsche Macan 2.0,1000000000.0,Nhập khẩu,TP HCM,SUV,50000.0,Tự động,Đã sử dụng,Xăng
2025-10-23,2020,Mercedes Benz GLC 200 4Matic,1000000000.0,Nội địa,Hưng Yên,SUV,4000.0,Tự động,Đã sử dụng,Xăng
2025-10-23,2023,Volkswagen Tiguan Allspace,1000000000.0,Nhập khẩu,TP HCM,SUV,27000.0,Tự động,Đã sử dụng,Xăng
2025-10-23,2015,Hyundai SantaFe 2.4L 4WD,495000000.0,Nội địa,Hà Nội,SUV,12900.0,Tự động,Đã sử dụng,Xăng
2025-10-23,2009,Lexus RX 350,675000000.0,Nhập khẩu,Hà Nội,SUV,78000.0,Tự động,Đã sử dụng,Xăng
2025-10-23,2023,Volkswagen Viloran Luxury,1000000000.0,Nhập khẩu,TP HCM,Van/Minivan,25000.0,Tự động,Đã sử dụng,Xăng
2025-10-23,2019,Lexus LX 570,5000000000.0,Nhập khẩu,TP HCM,SUV,45000.0,Tự động,Đã sử dụng,Xăng
2025-10-23,2014,LandRover Range Rover HSE 3.0,1000000000.0,Nhập khẩu,Hà Nội,SUV,80000.0,Tự động,Đã sử dụng,Xăng
2025-10-23,2025,BMW X3 xDrive20i M Sport,2000000000.0,Nội địa,Hà Nội,SUV,0.0,Tự động,Xe mới,Xăng
2025-10-23,2024,Hyundai Accent 1.4 AT,468000000.0,Nội địa,Hà Nội,Sedan,19000.0,Tự động,Đã sử dụng,Xăng
2025-10-23,2024,Honda CRV e:HEV RS,1000000000.0,Nhập khẩu,Thái Bình,SUV,10000.0,Tự động,Đã sử dụng,Hybrid
2025-10-23,2025,Isuzu Dmax Type Z 1.9L 4x4 AT,838000000.0,Nhập khẩu,TP HCM,Bán tải / Pickup,0.0,Tự động,Xe mới,Dầu diesel
2025-10-23,2023,Ford Everest Titanium Plus 2.0L 4x4 AT,1000000000.0,Nhập khẩu,Hà Nội,SUV,27000.0,Tự động,Đã sử dụng,Dầu diesel
2025-10-23,2022,Mercedes Benz GLS 450 4Matic,3000000000.0,Nhập khẩu,Hà Nội,SUV,72420.0,Tự động,Đã sử dụng,Xăng
2025-10-23,2022,Mercedes Benz V class V250 AMG,2000000000.0,Nhập khẩu,Hà Nội,Van/Minivan,32000.0,Tự động,Đã sử dụng,Xăng
2025-10-23,2025,Mercedes Benz GLC 200 4Matic,1000000000.0,Nội địa,TP HCM,SUV,8000.0,Tự động,Đã sử dụng,Hybrid
2025-10-23,2023,Toyota Camry 2.5Q,1000000000.0,Nhập khẩu,Vĩnh Phúc,Sedan,36000.0,Tự động,Đã sử dụng,Xăng
2025-10-23,2023,Volvo V60 Cross Country Ultimate B5 AWD,1000000000.0,Nhập khẩu,TP HCM,Wagon,19900.0,Tự động,Đã sử dụng,Xăng
2025-10-23,2025,Mitsubishi Triton GLX 2WD AT,620000000.0,Nhập khẩu,Hà Nội,Bán tải / Pickup,1000.0,Tự động,Đã sử dụng,Dầu diesel
2025-10-23,2018,Mercedes Benz GLC 200,860000000.0,Nội địa,Hà Nội,SUV,131200.0,Tự động,Đã sử dụng,Xăng
2025-10-23,2018,Toyota Corolla altis 1.8G AT,489000000.0,Nội địa,Hà Nội,Sedan,88000.0,Tự động,Đã sử dụng,Xăng
2025-10-23,2025,Mazda CX5 Premium 2.0 AT,839000000.0,Nội địa,Hải Phòng,SUV,6000.0,Tự động,Đã sử dụng,Xăng
2025-10-23,2018,Gaz Gazelle Next Cityline 2.8 MT,350000000.0,Nhập khẩu,Đăk Lăk,Van/Minivan,30000.0,Số Tay,Đã sử dụng,Dầu diesel
2025-10-23,2025,Mazda CX8 Signature 2.5 AT AWD,970000000.0,Nội địa,TP HCM,SUV,20000.0,Tự động,Đã sử dụng,Xăng
2025-10-23,2022,Kia Sportage Signature 2.0D,879000000.0,Nội địa,TP HCM,Crossover,18000.0,Tự động,Đã sử dụng,Dầu diesel
2025-10-23,2020,Mercedes Benz C class C200 Exclusive,1000000000.0,Nội địa,TP HCM,Sedan,53000.0,Tự động,Đã sử dụng,Xăng
2025-10-23,2016,Kia Sorento GATH,439000000.0,Nội địa,TP HCM,SUV,89000.0,Tự động,Đã sử dụng,Xăng
2025-10-23,2021,Kia Carnival Signature 3.5G,1000000000.0,Nội địa,TP HCM,Van/Minivan,59000.0,Tự động,Đã sử dụng,Xăng
2025-10-23,2014,Toyota Innova 2.0E,290000000.0,Nội địa,Hà Nội,Crossover,80000.0,Số Tay,Đã sử dụng,Xăng
2025-10-23,2013,Toyota Camry 2.5G,440000000.0,Nội địa,Hà Nội,Sedan,60000.0,Tự động,Đã sử dụng,Xăng
2025-10-23,2017,Mazda 2 1.5 AT,325000000.0,Nội địa,Hà Nội,Sedan,60000.0,Tự động,Đã sử dụng,Xăng
2025-10-23,2019,Honda CRV L,760000000.0,Nhập khẩu,Hà Nội,SUV,79000.0,Tự động,Đã sử dụng,Xăng
2025-10-23,2021,Toyota Vios 1.5G CVT,410000000.0,Nội địa,Hà Nội,Sedan,50000.0,Tự động,Đã sử dụng,Xăng
2025-10-23,2019,Kia Sedona 2.2 DAT Luxury,765000000.0,Nội địa,TP HCM,Van/Minivan,100000.0,Tự động,Đã sử dụng,Dầu diesel
2025-10-23,2013,Honda CRV 2.4 AT,425000000.0,Nội địa,Hà Nội,SUV,90000.0,Tự động,Đã sử dụng,Xăng
2025-10-23,2015,Hyundai i10 Grand 1.2 MT,190000000.0,Nhập khẩu,Hà Nội,Sedan,70000.0,Số Tay,Đã sử dụng,Xăng
2025-10-23,2021,Mazda CX5 Premium 2.0 AT,725000000.0,Nội địa,Hà Nội,SUV,35000.0,Tự động,Đã sử dụng,Xăng
2025-10-23,2016,Mercedes Benz GLC 250 4Matic,755000000.0,Nội địa,Hà Nội,SUV,90000.0,Tự động,Đã sử dụng,Xăng
2025-10-23,2009,Hyundai SantaFe SLX,368000000.0,Nhập khẩu,Hà Nội,SUV,80000.0,Tự động,Đã sử dụng,Dầu diesel
2025-10-23,2013,Honda CRV 2.4 AT,425000000.0,Nội địa,Hà Nội,SUV,60000.0,Tự động,Đã sử dụng,Xăng
2025-10-23,2021,VinFast Lux SA 2.0 Plus 2.0 AT,745000000.0,Nội địa,Hà Nội,SUV,37000.0,Tự động,Đã sử dụng,Xăng
2025-10-23,2025,Hyundai Stargazer Tiêu chuẩn 1.5 AT,454000000.0,Nhập khẩu,Hà Nội,Van/Minivan,0.0,Tự động,Xe mới,Xăng
2025-10-23,2020,Hyundai Accent 1.4 MT,295000000.0,Nội địa,Hà Nội,Sedan,91000.0,Số Tay,Đã sử dụng,Xăng
2025-10-23,2021,Toyota Corolla Cross 1.8V,690000000.0,Nhập khẩu,TP HCM,SUV,67000.0,Tự động,Đã sử dụng,Xăng
2025-10-23,2023,Lexus ES 250,2000000000.0,Nhập khẩu,Hà Nội,Sedan,26000.0,Tự động,Đã sử dụng,Xăng
2025-10-23,2019,Ford EcoSport Titanium 1.5L AT,385000000.0,Nội địa,Hà Nội,SUV,67000.0,Tự động,Đã sử dụng,Xăng
2025-10-23,2022,Mitsubishi Outlander 2.0 CVT,666000000.0,Nội địa,Hà Nội,SUV,53000.0,Tự động,Đã sử dụng,Xăng
2025-10-23,2020,Ford Everest Trend 2.0L 4x2 AT,839000000.0,Nhập khẩu,Hà Nội,SUV,61234.0,Tự động,Đã sử dụng,Dầu diesel
2025-10-23,2025,Toyota Yaris Cross 1.5 D,610000000.0,Nhập khẩu,Hà Nội,SUV,0.0,Tự động,Xe mới,Xăng
2025-10-23,2022,Toyota Veloz Cross Top 1.5 CVT,570000000.0,Nhập khẩu,Đồng Nai,SUV,40000.0,Tự động,Đã sử dụng,Xăng
2025-10-23,2025,Ford Ranger XLS 2.0L 4x4 AT,731000000.0,Nội địa,TP HCM,Bán tải / Pickup,0.0,Tự động,Xe mới,Dầu diesel
2025-10-23,2025,Ford Territory Trend 1.5 AT,732000000.0,Nội địa,TP HCM,SUV,0.0,Tự động,Xe mới,Xăng
2025-10-23,2025,Peugeot 3008 Allure,825000000.0,Nội địa,Hải Phòng,Crossover,1000.0,Tự động,Đã sử dụng,Xăng
2025-10-23,2025,Mitsubishi Xpander Premium 1.5 AT,568000000.0,Nhập khẩu,Hà Nội,SUV,0.0,Tự động,Xe mới,Xăng
2025-10-23,2019,Isuzu MU,639000000.0,Nhập khẩu,TP HCM,SUV,45000.0,Tự động,Đã sử dụng,Dầu diesel
2025-10-23,2020,Toyota Prado VX 2.7L,2000000000.0,Nhập khẩu,TP HCM,SUV,35918.0,Tự động,Đã sử dụng,Xăng
2025-10-23,2008,Maserati GranTurismo 4.2 AT,1000000000.0,Nhập khẩu,Hà Nội,Coupe,64000.0,Tự động,Đã sử dụng,Xăng
2025-10-23,2020,Ford Ranger XLS 2.2L 4x2 AT,550000000.0,Nhập khẩu,Hà Nội,Bán tải / Pickup,47000.0,Tự động,Đã sử dụng,Dầu diesel
2025-10-23,2018,Jaguar E,880000000.0,Nhập khẩu,TP HCM,Crossover,52000.0,Tự động,Đã sử dụng,Xăng
2025-10-23,2025,VinFast VF7 Plus,893000000.0,Nội địa,Hà Nội,SUV,0.0,Tự động,Xe mới,Điện
2025-10-23,2015,Mazda 2 1.5 AT,305000000.0,Nhập khẩu,Hà Nội,Hatchback,91000.0,Tự động,Đã sử dụng,Xăng
2025-10-23,2019,Ford EcoSport Titanium 1.5L AT,417000000.0,Nội địa,TP HCM,SUV,59000.0,Tự động,Đã sử dụng,Xăng
2025-10-23,2018,Toyota Hiace 3.0,730000000.0,Nhập khẩu,TP HCM,Van/Minivan,132000.0,Số Tay,Đã sử dụng,Dầu diesel
2025-10-23,2025,Ford Ranger Wildtrak 2.0L 4x4 AT,896000000.0,Nội địa,TP HCM,Bán tải / Pickup,0.0,Tự động,Xe mới,Dầu diesel
2025-10-23,2021,Kia Cerato 1.6 AT Luxury,475000000.0,Nội địa,Hà Nội,Sedan,70000.0,Tự động,Đã sử dụng,Xăng
2025-10-23,2025,VinFast VF6 Plus,702000000.0,Nội địa,Hà Nội,SUV,0.0,Tự động,Xe mới,Điện
2025-10-23,2017,Mazda CX5 2.0 AT,535000000.0,Nội địa,Hà Nội,SUV,80000.0,Tự động,Đã sử dụng,Xăng
2025-10-23,2023,Ford Ranger Wildtrak 2.0L 4x4 AT,825000000.0,Nội địa,Hà Nội,Bán tải / Pickup,60000.0,Tự động,Đã sử dụng,Dầu diesel
2025-10-23,2019,Hyundai Tucson 2.0 ATH,669000000.0,Nội địa,Hà Nội,Crossover,90000.0,Tự động,Đã sử dụng,Xăng
2025-10-23,2016,Mercedes Benz GLS 350d 4Matic,1000000000.0,Nhập khẩu,Hà Nội,SUV,100000.0,Tự động,Đã sử dụng,Dầu diesel
2025-10-23,2019,Mercedes Benz S class S450L Luxury,2000000000.0,Nội địa,Hà Nội,Sedan,45000.0,Tự động,Đã sử dụng,Xăng
2025-10-23,2018,Ford Explorer Limited 2.3L EcoBoost,999000000.0,Nhập khẩu,Hà Nội,SUV,80000.0,Tự động,Đã sử dụng,Xăng
2025-10-23,2020,Mitsubishi Xpander 1.5 AT,465000000.0,Nhập khẩu,Hà Nội,SUV,70000.0,Tự động,Đã sử dụng,Xăng
2025-10-23,2023,Mercedes Benz GLC 300 4Matic,2000000000.0,Nội địa,Hà Nội,SUV,7500.0,Tự động,Đã sử dụng,Xăng
2025-10-23,2024,Kia K3 Premium 1.6 AT,590000000.0,Nội địa,Hà Nội,Sedan,5000.0,Tự động,Đã sử dụng,Xăng
2025-10-23,2023,Mitsubishi Outlander Premium 2.0 CVT,779000000.0,Nội địa,Hải Phòng,SUV,20000.0,Tự động,Đã sử dụng,Xăng
2025-10-23,2017,Mazda CX5 2.0 AT,495000000.0,Nội địa,Hà Nội,SUV,120000.0,Tự động,Đã sử dụng,Xăng
2025-10-23,2020,Hyundai Tucson 2.0 AT CRDi,679000000.0,Nội địa,Hà Nội,Crossover,80000.0,Tự động,Đã sử dụng,Dầu diesel
2025-10-23,2016,Toyota Corolla altis 1.8G AT,440000000.0,Nội địa,TP HCM,Sedan,73461.0,Tự động,Đã sử dụng,Xăng
2025-10-23,2024,Toyota Veloz Cross 1.5 CVT,588000000.0,Nội địa,Gia Lai,SUV,12000.0,Tự động,Đã sử dụng,Xăng
2025-10-23,2023,VinFast VF8 Eco AWD,690000000.0,Nội địa,Hà Nội,SUV,33000.0,Tự động,Đã sử dụng,Điện
2025-10-23,2023,Ford Transit Tiêu chuẩn,638000000.0,Nội địa,TP HCM,Van/Minivan,77000.0,Số Tay,Đã sử dụng,Dầu diesel
2025-10-23,2016,Lexus ES 250,1000000000.0,Nhập khẩu,TP HCM,Sedan,39000.0,Tự động,Đã sử dụng,Xăng
2025-10-23,2025,Toyota Vios E CVT,412000000.0,Nội địa,Hà Nội,Sedan,0.0,Tự động,Xe mới,Xăng
2025-10-23,2025,Kia Soluto 1.4 AT Deluxe,422000000.0,Nội địa,TP HCM,Sedan,0.0,Tự động,Xe mới,Xăng
2025-10-23,2019,BMW X6 xDrive40i M Sport,2000000000.0,Nhập khẩu,Bình Dương,SUV,55000.0,Tự động,Đã sử dụng,Xăng
2025-10-23,2017,Mitsubishi Triton 4x2 AT,375000000.0,Nhập khẩu,Hà Nội,Bán tải / Pickup,100000.0,Tự động,Đã sử dụng,Dầu diesel
2025-10-23,2019,Toyota Camry 2.5Q,820000000.0,Nhập khẩu,Hà Nội,Sedan,130.0,Tự động,Đã sử dụng,Xăng
2025-10-23,2014,BMW X6 xDrive30d,915000000.0,Nhập khẩu,Hà Giang,SUV,177000.0,Tự động,Đã sử dụng,Dầu diesel
2025-10-23,2015,Mercedes Benz Maybach S600,3000000000.0,Nhập khẩu,Hà Nội,Sedan,94000.0,Tự động,Đã sử dụng,Xăng
2025-10-23,2020,Mitsubishi Outlander 2.0 CVT,595000000.0,Nội địa,Hải Phòng,SUV,71000.0,Tự động,Đã sử dụng,Xăng
2025-10-23,2016,Lexus RX 350,2000000000.0,Nhập khẩu,Bình Dương,SUV,33000.0,Tự động,Đã sử dụng,Xăng
2025-10-23,2022,Ford Ranger Raptor 2.0L 4x4 AT,890000000.0,Nhập khẩu,Bình Dương,Bán tải / Pickup,70000.0,Tự động,Đã sử dụng,Dầu diesel
2025-10-23,2018,Ford Ranger Wildtrak 2.0L 4x4 AT,620000000.0,Nhập khẩu,Đăk Lăk,Bán tải / Pickup,96000.0,Tự động,Đã sử dụng,Dầu diesel
2025-10-23,2024,MG ZS Standard 1.5 AT 2WD,400000000.0,Nhập khẩu,Hà Nội,Crossover,0.0,Tự động,Xe mới,Xăng
2025-10-23,2022,Toyota Corolla altis 1.8V,660000000.0,Nhập khẩu,TP HCM,Sedan,35676.0,Tự động,Đã sử dụng,Xăng
2025-10-23,2014,Mercedes Benz E class E250,495000000.0,Nội địa,Hà Nội,Sedan,185000.0,Tự động,Đã sử dụng,Xăng
2025-10-23,2013,Toyota Fortuner 2.7V 4x2 AT,385000000.0,Nội địa,Hà Nội,SUV,130000.0,Tự động,Đã sử dụng,Xăng
2025-10-23,2019,Honda City 1.5,368000000.0,Nội địa,TP HCM,Sedan,46000.0,Tự động,Đã sử dụng,Xăng
2025-10-23,2016,Lexus GX 460,2000000000.0,Nhập khẩu,Hà Nội,SUV,120000.0,Tự động,Đã sử dụng,Xăng
2025-10-23,2012,Mercedes Benz E class E250,370000000.0,Nội địa,Hà Nội,Sedan,120000.0,Tự động,Đã sử dụng,Xăng
2025-10-23,2019,Nissan X trail V Series 2.5 SV Luxury 4WD,635000000.0,Nội địa,Hà Nội,SUV,80000.0,Tự động,Đã sử dụng,Xăng
2025-10-23,2020,Mercedes Benz GLC 200 4Matic,1000000000.0,Nội địa,Hà Nội,SUV,39000.0,Tự động,Đã sử dụng,Xăng
2025-10-23,2016,Mercedes Benz C class C200,610000000.0,Nội địa,Hà Nội,Sedan,80000.0,Tự động,Đã sử dụng,Xăng
2025-10-23,2020,Mitsubishi Xpander Cross 1.5 AT,499000000.0,Nhập khẩu,Lâm Đồng,SUV,12000.0,Tự động,Đã sử dụng,Xăng
2025-10-23,2015,Toyota Prado TXL 2.7L,1000000000.0,Nhập khẩu,Hà Nội,SUV,160000.0,Tự động,Đã sử dụng,Xăng
2025-10-23,2017,Kia Sedona 2.2L DATH,630000000.0,Nội địa,Đăk Lăk,Van/Minivan,100000.0,Tự động,Đã sử dụng,Dầu diesel
2025-10-23,2020,Hyundai Tucson 2.0 ATH,670000000.0,Nội địa,Hà Nội,Crossover,110000.0,Tự động,Đã sử dụng,Xăng
2025-10-23,2023,Toyota Land Cruiser 3.5 V6,5000000000.0,Nhập khẩu,Hà Nội,SUV,12000.0,Tự động,Đã sử dụng,Xăng
2025-10-23,2020,VinFast Lux SA 2.0 Premium 2.0 AT,610000000.0,Nội địa,Hà Nội,SUV,120000.0,Tự động,Đã sử dụng,Xăng
2025-10-23,2023,BMW 4 Series 430i Convertible M Sport,2000000000.0,Nhập khẩu,Hà Nội,Convertible/Cabriolet,5500.0,Tự động,Đã sử dụng,Xăng
2025-10-23,2022,VinFast VF8 Eco AWD,670000000.0,Nội địa,Hà Nội,SUV,69000.0,Tự động,Đã sử dụng,Điện
2025-10-23,2014,Toyota Corolla altis 2.0V,435000000.0,Nội địa,Hà Nội,Sedan,54000.0,Tự động,Đã sử dụng,Xăng
2025-10-23,2022,Mini Cooper S 3 Door,1000000000.0,Nhập khẩu,Hà Nội,Hatchback,25000.0,Tự động,Đã sử dụng,Xăng
2025-10-23,2018,Mazda 3 1.5 AT,425000000.0,Nội địa,Hà Nội,Sedan,70000.0,Tự động,Đã sử dụng,Xăng
2025-10-23,2017,Hyundai i10 Grand 1.0 AT,280000000.0,Nội địa,Hưng Yên,Hatchback,68000.0,Tự động,Đã sử dụng,Xăng
2025-10-23,2022,Toyota Corolla altis 1.8V,665000000.0,Nhập khẩu,Hà Nội,Sedan,68000.0,Tự động,Đã sử dụng,Xăng
2025-10-23,2025,Toyota Land Cruiser 3.5 V6,4000000000.0,Nhập khẩu,TP HCM,SUV,1500.0,Tự động,Đã sử dụng,Xăng
2025-10-23,2021,Toyota Innova E 2.0 MT,519000000.0,Nội địa,Bình Phước,Crossover,12345.0,Số Tay,Đã sử dụng,Xăng
2025-10-23,2023,VinFast VF8 Eco,715000000.0,Nội địa,Hà Nội,SUV,40000.0,Tự động,Đã sử dụng,Điện
2025-10-23,2015,Porsche Macan 2.0,1000000000.0,Nhập khẩu,TP HCM,SUV,55000.0,Tự động,Đã sử dụng,Xăng
2025-10-23,2025,BMW X5 xDrive40i xLine,3000000000.0,Nội địa,Hà Nội,SUV,0.0,Tự động,Xe mới,Xăng
2025-10-23,2015,Lexus NX 200t,1000000000.0,Nhập khẩu,Hà Nội,SUV,100000.0,Tự động,Đã sử dụng,Xăng
2025-10-23,2022,Mercedes Benz E class E200 Exclusive,2000000000.0,Nội địa,Nghệ An,Sedan,40.0,Tự động,Đã sử dụng,Xăng
2025-10-23,2013,Mazda 3 S 1.6 AT,319000000.0,Nội địa,Hà Nội,Sedan,90000.0,Tự động,Đã sử dụng,Xăng
2025-10-23,2022,Hyundai SantaFe Cao cấp 2.5L HTRAC,1000000000.0,Nội địa,Bình Dương,SUV,69000.0,Tự động,Đã sử dụng,Xăng
2025-10-23,2016,Mercedes Benz E class E200,790000000.0,Nội địa,Hà Nội,Sedan,96000.0,Tự động,Đã sử dụng,Xăng
2025-10-23,2018,Ford Ranger Wildtrak 2.0L 4x4 AT,565000000.0,Nhập khẩu,Hà Nội,Bán tải / Pickup,89000.0,Tự động,Đã sử dụng,Dầu diesel
2025-10-23,2017,Toyota Innova 2.0E,399000000.0,Nội địa,TP HCM,Crossover,92000.0,Số Tay,Đã sử dụng,Xăng
2025-10-23,2020,Hyundai Kona 2.0 ATH,480000000.0,Nội địa,Hà Nội,Crossover,60000.0,Tự động,Đã sử dụng,Xăng
2025-10-23,2012,Mercedes Benz GLK Class GLK300 4Matic,425000000.0,Nội địa,Hà Nội,SUV,122000.0,Tự động,Đã sử dụng,Xăng
2025-10-23,2023,Mercedes Benz GLC 300 4Matic,2000000000.0,Nội địa,Hà Nội,SUV,23000.0,Tự động,Đã sử dụng,Hybrid
2025-10-23,2019,Mitsubishi Outlander 2.0 CVT Premium,615000000.0,Nội địa,Hải Phòng,SUV,88000.0,Tự động,Đã sử dụng,Xăng
2025-10-23,2024,Mazda 2 Luxury,465000000.0,Nhập khẩu,Đăk Lăk,Sedan,3000.0,Tự động,Đã sử dụng,Xăng
2025-10-23,2019,Toyota Fortuner 2.7V 4x2 AT,745000000.0,Nhập khẩu,Hà Nội,SUV,76000.0,Tự động,Đã sử dụng,Xăng
2025-10-23,2024,Suzuki Carry Pro,335000000.0,Nhập khẩu,Hà Nội,Truck,0.0,Số Tay,Xe mới,Xăng
2025-10-23,2025,Mitsubishi Xpander 1.5 MT,480000000.0,Nội địa,Hà Nội,SUV,0.0,Số Tay,Xe mới,Xăng
2025-10-23,2010,Lexus RX 350 AWD,790000000.0,Nhập khẩu,TP HCM,SUV,85000.0,Tự động,Đã sử dụng,Xăng
2025-10-23,2016,Ford Ranger Wildtrak 3.2L 4x4 AT,485000000.0,Nhập khẩu,Hà Nội,Bán tải / Pickup,100000.0,Tự động,Đã sử dụng,Dầu diesel
2025-10-23,2025,Hyundai Creta N Line 1.5 AT,670000000.0,Nội địa,Hà Nội,SUV,0.0,Tự động,Xe mới,Xăng
2025-10-23,2021,Kia K3 Premium 2.0 AT,558000000.0,Nội địa,TP HCM,Sedan,17000.0,Tự động,Đã sử dụng,Xăng
2025-10-23,2020,VinFast Lux A 2.0 Base 2.0 AT,479000000.0,Nội địa,Hà Nội,Sedan,90000.0,Tự động,Đã sử dụng,Xăng
2025-10-23,2019,Mercedes Benz S class S450L,2000000000.0,Nội địa,TP HCM,Sedan,70000.0,Tự động,Đã sử dụng,Xăng
2025-10-23,2015,Mercedes Benz E class E200 Edition,515000000.0,Nội địa,Hà Nội,Sedan,74000.0,Tự động,Đã sử dụng,Xăng
2025-10-23,2019,Mazda 3 1.5L Luxury,420000000.0,Nội địa,Hà Nội,Sedan,80000.0,Tự động,Đã sử dụng,Xăng
2025-10-23,2019,Toyota Land Cruiser 4.6 V8,4000000000.0,Nhập khẩu,Hà Nội,SUV,65000.0,Tự động,Đã sử dụng,Xăng
2025-10-23,2021,Toyota Camry 2.0G,810000000.0,Nhập khẩu,Hà Nội,Sedan,50000.0,Tự động,Đã sử dụng,Xăng
2025-10-23,2019,Subaru Forester 2.0i,585000000.0,Nhập khẩu,Hà Nội,SUV,93000.0,Tự động,Đã sử dụng,Xăng
2025-10-23,2013,Toyota Fortuner 2.7V 4x2 AT,365000000.0,Nội địa,TP HCM,SUV,95000.0,Tự động,Đã sử dụng,Xăng
2025-10-23,2020,Hyundai Elantra 2.0 AT,445000000.0,Nội địa,TP HCM,Sedan,60000.0,Tự động,Đã sử dụng,Xăng
2025-10-23,2022,Mercedes Benz GLC 200 4Matic,1000000000.0,Nội địa,Hà Nội,SUV,19000.0,Tự động,Đã sử dụng,Xăng
2025-10-23,2022,Mercedes Benz GLC 200 4Matic,1000000000.0,Nội địa,Hà Nội,SUV,20000.0,Tự động,Đã sử dụng,Xăng
2025-10-23,2024,Mitsubishi Pajero Sport 3.0G 4x4 AT Premium,1000000000.0,Nhập khẩu,Hà Nội,SUV,0.0,Tự động,Xe mới,Xăng
2025-10-23,2019,Lexus NX 300,1000000000.0,Nhập khẩu,Hà Nội,SUV,58000.0,Tự động,Đã sử dụng,Xăng
2025-10-23,2023,Toyota Corolla altis 1.8V,650000000.0,Nhập khẩu,Hà Nội,Sedan,33000.0,Tự động,Đã sử dụng,Xăng
2025-10-23,2019,Mercedes Benz S class S450L Luxury,2000000000.0,Nội địa,Hà Nội,Sedan,33000.0,Tự động,Đã sử dụng,Xăng
2025-10-23,2022,Mercedes Benz C class C200 Avantgarde Plus,1000000000.0,Nội địa,Hà Nội,Sedan,36000.0,Tự động,Đã sử dụng,Xăng
2025-10-23,2015,Mercedes Benz C class C250 Exclusive,555000000.0,Nội địa,Hà Nội,Sedan,69000.0,Tự động,Đã sử dụng,Xăng
2025-10-23,2025,Toyota Raize G 1.0 CVT,493000000.0,Nhập khẩu,Hà Nội,SUV,0.0,Tự động,Xe mới,Xăng
2025-10-23,2022,Hyundai Stargazer Cao cấp 1.5 AT,489000000.0,Nhập khẩu,TP HCM,Van/Minivan,12000.0,Tự động,Đã sử dụng,Xăng
2025-10-23,2015,BMW 5 Series 520i,666000000.0,Nhập khẩu,Thái Bình,Sedan,33000.0,Tự động,Đã sử dụng,Xăng
2025-10-23,2022,Mercedes Benz E class E200 Exclusive,1000000000.0,Nội địa,Hà Nội,Sedan,18000.0,Tự động,Đã sử dụng,Xăng
2025-10-23,2015,Mercedes Benz C class C200,575000000.0,Nội địa,Hà Nội,Sedan,100000.0,Tự động,Đã sử dụng,Xăng
2025-10-23,2016,Mercedes Benz C class C200,560000000.0,Nội địa,Hà Nội,Sedan,100000.0,Tự động,Đã sử dụng,Xăng
2025-10-23,2025,Toyota Raize G 1.0 CVT,476000000.0,Nhập khẩu,Hải Phòng,SUV,0.0,Tự động,Xe mới,Xăng
2025-10-23,2021,Ford Explorer Limited 2.3L EcoBoost,1000000000.0,Nhập khẩu,TP HCM,SUV,76000.0,Tự động,Đã sử dụng,Xăng
2025-10-23,2022,Volvo XC60 Inscription B6 AWD,1000000000.0,Nhập khẩu,Hà Nội,SUV,31000.0,Tự động,Đã sử dụng,Xăng
2025-10-23,2018,Mazda 3 1.5 AT,414000000.0,Nội địa,Nghệ An,Sedan,86000.0,Tự động,Đã sử dụng,Xăng
2025-10-23,2022,Mercedes Benz C class C300 AMG,1000000000.0,Nhập khẩu,Hà Nội,Sedan,16000.0,Tự động,Đã sử dụng,Xăng
2025-10-23,2019,Mercedes Benz GLC 250 4Matic,999000000.0,Nội địa,Hà Nội,SUV,49000.0,Tự động,Đã sử dụng,Xăng
2025-10-23,2018,Mercedes Benz C class C250 Exclusive,799000000.0,Nội địa,TP HCM,Sedan,58000.0,Tự động,Đã sử dụng,Xăng
2025-10-23,2016,Hyundai i10 Grand 1.0 AT,265000000.0,Nhập khẩu,Hà Nội,Hatchback,83000.0,Tự động,Đã sử dụng,Xăng
2025-10-23,2020,VinFast Lux SA 2.0 Base 2.0 AT,595000000.0,Nội địa,TP HCM,SUV,41000.0,Tự động,Đã sử dụng,Xăng
2025-10-23,2025,VinFast VF9 Eco,1000000000.0,Nội địa,TP HCM,SUV,0.0,Tự động,Xe mới,Điện
2025-10-23,2022,Hyundai Accent 1.4 AT Đặc Biệt,458000000.0,Nội địa,Thái Nguyên,Sedan,50000.0,Tự động,Đã sử dụng,Xăng
2025-10-23,2021,Ford Ranger XLS 2.2L 4x2 AT,545000000.0,Nhập khẩu,Hà Nội,Bán tải / Pickup,52000.0,Tự động,Đã sử dụng,Dầu diesel
2025-10-23,2016,Lexus RX 350,2000000000.0,Nhập khẩu,Hà Nội,SUV,111111.0,Tự động,Đã sử dụng,Xăng
2025-10-23,2025,Mitsubishi Xpander Premium 1.5 AT,560000000.0,Nhập khẩu,Hà Nội,SUV,0.0,Tự động,Xe mới,Xăng
2025-10-23,2016,Toyota Camry 2.5Q,585000000.0,Nội địa,Hà Nội,Sedan,110000.0,Tự động,Đã sử dụng,Xăng
2025-10-23,2021,Ford Everest Titanium 2.0L 4x2 AT,915000000.0,Nhập khẩu,TP HCM,SUV,56000.0,Tự động,Đã sử dụng,Dầu diesel
2025-10-23,2016,Mercedes Benz C class C200,585000000.0,Nội địa,Hải Phòng,Sedan,70000.0,Tự động,Đã sử dụng,Xăng
2025-10-23,2025,Mitsubishi Xpander 1.5 AT,493000000.0,Nội địa,Hà Nội,SUV,0.0,Tự động,Xe mới,Xăng
2025-10-23,2019,Mitsubishi Outlander 2.0 CVT,545000000.0,Nội địa,Hà Nội,SUV,68000.0,Tự động,Đã sử dụng,Xăng
2025-10-23,2024,BYD Atto 3 Premium,756000000.0,Nhập khẩu,Đồng Nai,Crossover,0.0,Tự động,Xe mới,Điện
2025-10-23,2019,Suzuki Swift GLX 1.2 AT,418000000.0,Nhập khẩu,Hà Nội,Hatchback,78123.0,Tự động,Đã sử dụng,Xăng
2025-10-23,2025,Kia Carnival Signature 2.2D,1000000000.0,Nội địa,Hà Nội,Van/Minivan,1600.0,Tự động,Đã sử dụng,Dầu diesel
2025-10-23,2020,BMW 7 Series 730Li,2000000000.0,Nhập khẩu,TP HCM,Sedan,51000.0,Tự động,Đã sử dụng,Xăng
2025-10-23,2018,Chevrolet Cruze LTZ 1.8L,386000000.0,Nội địa,TP HCM,Sedan,6000.0,Tự động,Đã sử dụng,Xăng
2025-10-23,2025,Ford Everest Ambiente 2.0L 4x2 AT,1000000000.0,Nhập khẩu,Hà Nội,SUV,2000.0,Tự động,Đã sử dụng,Dầu diesel
2025-10-23,2019,VinFast Lux SA 2.0 Premium 2.0 AT,638000000.0,Nội địa,Hà Nội,SUV,110.0,Tự động,Đã sử dụng,Xăng
2025-10-23,2025,Ford Everest Titanium 2.0L 4x2 AT,1000000000.0,Nhập khẩu,TP HCM,SUV,28000.0,Tự động,Đã sử dụng,Dầu diesel
2025-10-23,2020,Suzuki Swift GLX 1.2 AT,439000000.0,Nhập khẩu,Hà Nội,Hatchback,40000.0,Tự động,Đã sử dụng,Xăng
2025-10-23,2020,Mercedes Benz GLC 200 4Matic,1000000000.0,Nội địa,Hà Nội,SUV,64000.0,Tự động,Đã sử dụng,Xăng
2025-10-23,2019,VinFast Lux SA 2.0 Premium 2.0 AT,595000000.0,Nội địa,Hà Nội,SUV,100123.0,Tự động,Đã sử dụng,Xăng
2025-10-23,2015,Toyota Yaris 1.3G,365000000.0,Nhập khẩu,Ninh Bình,Hatchback,89000.0,Tự động,Đã sử dụng,Xăng
2025-10-23,2020,Mercedes Benz Maybach S450 4Matic,4000000000.0,Nhập khẩu,Hà Nội,Sedan,52000.0,Tự động,Đã sử dụng,Xăng
2025-10-23,2017,Honda CRV 2.4 AT,555000000.0,Nội địa,Hà Nội,SUV,75000.0,Tự động,Đã sử dụng,Xăng
2025-10-23,2021,Kia Seltos Premium 1.4 AT,579000000.0,Nội địa,Hà Nội,Crossover,60000.0,Tự động,Đã sử dụng,Xăng
2025-10-23,2019,Toyota Camry 2.5Q,715000000.0,Nội địa,Hà Nội,Sedan,68000.0,Tự động,Đã sử dụng,Xăng
2025-10-23,2024,VinFast VF5 Plus,425000000.0,Nội địa,Hà Nội,SUV,33000.0,Tự động,Đã sử dụng,Điện
2025-10-23,2015,Toyota Innova 2.0E,345000000.0,Nội địa,TP HCM,Crossover,63000.0,Số Tay,Đã sử dụng,Xăng
2025-10-23,2016,Mercedes Benz C class C200,570000000.0,Nội địa,Hà Nội,Sedan,80000.0,Tự động,Đã sử dụng,Xăng
2025-10-23,2018,Mercedes Benz C class C200 Exclusive,819000000.0,Nội địa,TP HCM,Sedan,62000.0,Tự động,Đã sử dụng,Hybrid
2025-10-23,2016,Nissan X trail 2.5 SV 4WD,475000000.0,Nội địa,Hà Nội,SUV,80000.0,Tự động,Đã sử dụng,Xăng
2025-10-23,2018,Toyota Fortuner 2.8V 4x4 AT,798000000.0,Nhập khẩu,TP HCM,SUV,90000.0,Tự động,Đã sử dụng,Dầu diesel
2025-10-23,2018,Mazda 6 2.0L,505000000.0,Nội địa,Phú Thọ,Sedan,100000.0,Tự động,Đã sử dụng,Xăng
2025-10-23,2019,Mercedes Benz E class E200 Sport,1000000000.0,Nội địa,Hà Nội,Sedan,64000.0,Tự động,Đã sử dụng,Xăng
2025-10-23,2021,Ford Transit SVP,510000000.0,Nội địa,TP HCM,Van/Minivan,102000.0,Số Tay,Đã sử dụng,Dầu diesel
2025-10-23,2025,LandRover Range Rover Evoque,2000000000.0,Nhập khẩu,Hà Nội,SUV,0.0,Tự động,Xe mới,Xăng
2025-10-23,2022,Ford Ranger XLS 2.2L 4x2 MT,535000000.0,Nội địa,TP HCM,Bán tải / Pickup,40000.0,Số Tay,Đã sử dụng,Dầu diesel
2025-10-23,2020,Mercedes Benz S class S450L,2000000000.0,Nội địa,Hà Nội,Sedan,50000.0,Tự động,Đã sử dụng,Xăng
2025-10-23,2023,Ford Transit Tiêu chuẩn,660000000.0,Nội địa,TP HCM,Van/Minivan,89000.0,Số Tay,Đã sử dụng,Dầu diesel
2025-10-23,2025,Mitsubishi Triton GLX 2WD AT,599000000.0,Nhập khẩu,TP HCM,Bán tải / Pickup,0.0,Tự động,Xe mới,Dầu diesel
2025-10-23,2025,Volvo EC40 Ultra,1000000000.0,Nhập khẩu,TP HCM,Crossover,0.0,Tự động,Xe mới,Điện
2025-10-23,2025,Mazda CX3 1.5 AT,549000000.0,Nội địa,TP HCM,Crossover,0.0,Tự động,Xe mới,Xăng
2025-10-23,2021,Lexus RX 300,2000000000.0,Nhập khẩu,Hà Nội,SUV,32000.0,Tự động,Đã sử dụng,Xăng
2025-10-23,2024,Mazda 2 1.5 AT,400000000.0,Nhập khẩu,Đăk Lăk,Sedan,19000.0,Tự động,Đã sử dụng,Xăng
2025-10-23,2022,Mazda 3 1.5L Luxury,560000000.0,Nội địa,Phú Thọ,Sedan,50000.0,Tự động,Đã sử dụng,Xăng
2025-10-23,2014,Honda City 1.5 AT,290000000.0,Nội địa,Hà Nội,Sedan,90000.0,Tự động,Đã sử dụng,Xăng
2025-10-23,2023,Toyota Camry 2.5Q,1000000000.0,Nhập khẩu,Hà Nội,Sedan,23000.0,Tự động,Đã sử dụng,Xăng
2025-10-23,2016,Kia Morning Si AT,265000000.0,Nội địa,Hải Phòng,Hatchback,82000.0,Tự động,Đã sử dụng,Xăng
2025-10-23,2019,Mitsubishi Xpander 1.5 AT,433000000.0,Nhập khẩu,Hà Nội,SUV,93000.0,Tự động,Đã sử dụng,Xăng
2025-10-23,2021,Mitsubishi Attrage Premium 1.2 CVT,338000000.0,Nhập khẩu,Hà Tĩnh,Sedan,69000.0,Tự động,Đã sử dụng,Xăng
2025-10-23,2025,Hyundai Creta Cao cấp 1.5 AT,668000000.0,Nội địa,Hà Nội,SUV,0.0,Tự động,Xe mới,Xăng
2025-10-23,2007,BMW X5 4.8i,389000000.0,Nhập khẩu,Hà Nội,SUV,170000.0,Tự động,Đã sử dụng,Xăng
2025-10-23,2024,Hyundai Palisade Prestige 2.2 AT HTRAC,1000000000.0,Nội địa,Hà Nội,SUV,0.0,Tự động,Xe mới,Dầu diesel
2025-10-23,2024,Volkswagen Tiguan Allspace,1000000000.0,Nhập khẩu,TP HCM,SUV,0.0,Tự động,Xe mới,Xăng
2025-10-23,2009,Lexus LX 570,1000000000.0,Nhập khẩu,Hà Nội,SUV,160000.0,Tự động,Đã sử dụng,Xăng
2025-10-23,2023,Mercedes Benz C class C43 AMG 4Matic,2000000000.0,Nội địa,TP HCM,Sedan,50.0,Tự động,Đã sử dụng,Xăng
2025-10-23,2015,Infiniti QX 70 3.7 AWD,899000000.0,Nhập khẩu,Hà Nội,SUV,93000.0,Tự động,Đã sử dụng,Xăng
2025-10-23,2011,Lexus GX 460,1000000000.0,Nhập khẩu,Hà Nội,SUV,110000.0,Tự động,Đã sử dụng,Xăng
2025-10-23,2014,Toyota Land Cruiser VX 4.6 V8,1000000000.0,Nhập khẩu,Hà Nội,SUV,19.0,Tự động,Đã sử dụng,Xăng
2025-10-23,2021,Toyota Land Cruiser 3.5 V6,4000000000.0,Nhập khẩu,Hà Nội,SUV,10000.0,Tự động,Đã sử dụng,Xăng
2025-10-23,2019,Hyundai Tucson 2.0 ATH,585000000.0,Nội địa,Hà Nội,Crossover,72000.0,Tự động,Đã sử dụng,Xăng
2025-10-23,2020,Hyundai Tucson 1.6 AT Turbo,675000000.0,Nội địa,Hà Nội,Crossover,60000.0,Tự động,Đã sử dụng,Xăng
2025-10-23,2021,Mercedes Benz E class E300 AMG,1000000000.0,Nội địa,Hà Nội,Sedan,50000.0,Tự động,Đã sử dụng,Hybrid
2025-10-23,2017,Audi Q5 2.0 AT,920000000.0,Nhập khẩu,Hà Nội,SUV,110000.0,Tự động,Đã sử dụng,Xăng
2025-10-23,2023,Volkswagen T,768000000.0,Nhập khẩu,Hà Nội,Crossover,12000.0,Tự động,Đã sử dụng,Xăng
2025-10-23,2016,Toyota Land Cruiser VX 4.6 V8,2000000000.0,Nhập khẩu,Hà Nội,SUV,150000.0,Tự động,Đã sử dụng,Xăng
2025-10-23,2024,Hyundai County SL F140 3.9L S22,1000000000.0,Nội địa,Ninh Bình,Van/Minivan,0.0,Số Tay,Xe mới,Dầu diesel
2025-10-23,2015,BMW 5 Series 535i,898000000.0,Nhập khẩu,Hà Nội,Sedan,120000.0,Tự động,Đã sử dụng,Xăng
2025-10-23,2023,VinFast VF9 Plus,898000000.0,Nội địa,Hà Nội,SUV,50000.0,Tự động,Đã sử dụng,Điện
2025-10-23,2022,Mitsubishi Outlander 2.0 CVT,679000000.0,Nội địa,Hà Nội,SUV,39000.0,Tự động,Đã sử dụng,Xăng
2025-10-23,2023,Hyundai SantaFe Cao cấp 2.5L HTRAC,1000000000.0,Nội địa,TP HCM,SUV,70000.0,Tự động,Đã sử dụng,Xăng
2025-10-23,2015,Toyota Prado TXL 2.7L,1000000000.0,Nhập khẩu,Hà Nội,SUV,120000.0,Tự động,Đã sử dụng,Xăng
2025-10-23,2024,VinFast VF3 Plus,229000000.0,Nội địa,Hà Nội,Hatchback,3000.0,Tự động,Đã sử dụng,Điện
2025-10-23,2022,Honda City L 1.5 AT,420000000.0,Nội địa,TP HCM,Sedan,120000.0,Tự động,Đã sử dụng,Xăng
2025-10-23,2017,Porsche Macan 2.0,1000000000.0,Nhập khẩu,TP HCM,SUV,50000.0,Tự động,Đã sử dụng,Xăng
2025-10-23,2011,Lexus GX 460,1000000000.0,Nhập khẩu,Hà Nội,SUV,120000.0,Tự động,Đã sử dụng,Xăng
2025-10-23,2015,BMW i8 1.5L Hybrid,2000000000.0,Nhập khẩu,Hà Nội,Coupe,35200.0,Tự động,Đã sử dụng,Hybrid
2025-10-23,2022,Kia K3 Premium 1.6 AT,540000000.0,Nội địa,Hà Nội,Sedan,60000.0,Tự động,Đã sử dụng,Xăng
2025-10-23,2019,Ford Ranger XLS 2.2L 4x2 AT,509000000.0,Nhập khẩu,Hà Nội,Bán tải / Pickup,10000.0,Tự động,Đã sử dụng,Dầu diesel
2025-10-23,2020,VinFast Fadil 1.4 AT Plus,335000000.0,Nội địa,Hà Nội,Hatchback,85000.0,Tự động,Đã sử dụng,Xăng
2025-10-23,2018,Toyota Prado VX 2.7L,1000000000.0,Nhập khẩu,Hà Nội,SUV,90000.0,Tự động,Đã sử dụng,Xăng
2025-10-23,2016,Toyota Land Cruiser VX 4.6 V8,2000000000.0,Nhập khẩu,Hà Nội,SUV,165000.0,Tự động,Đã sử dụng,Xăng
2025-10-23,2022,Honda City RS 1.5 AT,435000000.0,Nội địa,TP HCM,Sedan,66000.0,Tự động,Đã sử dụng,Xăng
2025-10-23,2015,Hyundai SantaFe 2.4L 4WD,485000000.0,Nội địa,TP HCM,SUV,95000.0,Tự động,Đã sử dụng,Xăng
2025-10-23,2011,Porsche Cayenne 3.6 V6,880000000.0,Nhập khẩu,Hà Nội,SUV,90000.0,Tự động,Đã sử dụng,Xăng
2025-10-23,2021,Mitsubishi Outlander Premium 2.0 CVT,678000000.0,Nội địa,Hà Nội,SUV,79000.0,Tự động,Đã sử dụng,Xăng
2025-10-23,2020,Mercedes Benz GLC 200 4Matic,1000000000.0,Nội địa,Đà Nẵng,SUV,20000.0,Tự động,Đã sử dụng,Xăng
2025-10-23,2017,BMW 5 Series 528i GT,860000000.0,Nhập khẩu,TP HCM,Sedan,59399.0,Tự động,Đã sử dụng,Xăng
2025-10-23,2022,Toyota Corolla Cross 1.8V,700000000.0,Nhập khẩu,Bà Rịa Vũng Tàu,SUV,28000.0,Tự động,Đã sử dụng,Xăng
2025-10-23,2017,Honda Civic 1.8 E,460000000.0,Nhập khẩu,TP HCM,Sedan,99000.0,Tự động,Đã sử dụng,Xăng
2025-10-23,2021,Mitsubishi Xpander Cross 1.5 AT,499000000.0,Nhập khẩu,Bình Dương,SUV,39000.0,Tự động,Đã sử dụng,Xăng
2025-10-23,2025,VinFast VF3 Plus,305000000.0,Nội địa,TP HCM,Hatchback,2900.0,Tự động,Đã sử dụng,Điện
2025-10-23,2016,Kia Sedona 2.2L DATH,615000000.0,Nội địa,Hà Nội,Van/Minivan,110000.0,Tự động,Đã sử dụng,Dầu diesel
2025-10-23,2025,Toyota Vios G 1.5 CVT,479000000.0,Nội địa,Hà Nội,Sedan,0.0,Tự động,Xe mới,Xăng
2025-10-23,2025,Mazda CX 30 Luxury 2.0 AT,679000000.0,Nhập khẩu,TP HCM,Crossover,0.0,Tự động,Xe mới,Xăng
2025-10-23,2017,Ford Ranger XLS 2.2L 4x2 MT,389000000.0,Nhập khẩu,Tiền Giang,Bán tải / Pickup,89000.0,Số Tay,Đã sử dụng,Dầu diesel
2025-10-23,2025,Mazda 3 1.5L Luxury,609000000.0,Nội địa,Hà Nội,Sedan,0.0,Tự động,Xe mới,Xăng
2025-10-23,2010,Mercedes Benz E class E250,295000000.0,Nội địa,Bình Dương,Sedan,130000.0,Tự động,Đã sử dụng,Xăng
2025-10-23,2018,Kia Cerato 1.6 AT,375000000.0,Nội địa,TP HCM,Sedan,78000.0,Tự động,Đã sử dụng,Xăng
2025-10-23,2014,Jaguar XF 2.0 AT,640000000.0,Nhập khẩu,TP HCM,Sedan,125000.0,Tự động,Đã sử dụng,Xăng
2025-10-23,2014,Kia Optima 2.0 AT,375000000.0,Nhập khẩu,TP HCM,Sedan,90000.0,Tự động,Đã sử dụng,Xăng
2025-10-23,2022,Hyundai Tucson 2.0 AT Đặc biệt,735000000.0,Nội địa,TP HCM,Crossover,67000.0,Tự động,Đã sử dụng,Xăng
2025-10-23,2007,Hyundai SantaFe MLX 2.2L,292000000.0,Nhập khẩu,Hà Nội,SUV,150000.0,Tự động,Đã sử dụng,Dầu diesel
2025-10-23,2022,Mercedes Benz E class E200 Exclusive,1000000000.0,Nội địa,TP HCM,Sedan,43000.0,Tự động,Đã sử dụng,Xăng
2025-10-23,2021,Hyundai Elantra Sport 1.6 AT,510000000.0,Nội địa,Hà Nội,Sedan,43000.0,Tự động,Đã sử dụng,Xăng
2025-10-23,2025,Kia Sorento Luxury 2.2D AT,919000000.0,Nội địa,TP HCM,SUV,0.0,Tự động,Xe mới,Dầu diesel
2025-10-23,2016,BMW 7 Series 730Li,1000000000.0,Nhập khẩu,Hà Nội,Sedan,110000.0,Tự động,Đã sử dụng,Xăng
2025-10-23,2023,Hyundai SantaFe Tiêu chuẩn 2.2L,999000000.0,Nội địa,Bình Dương,SUV,19000.0,Tự động,Đã sử dụng,Dầu diesel
2025-10-23,2024,Mitsubishi Xpander Premium 1.5 AT,575000000.0,Nhập khẩu,Hà Nội,SUV,39000.0,Tự động,Đã sử dụng,Xăng
2025-10-23,2024,Toyota Raize G 1.0 CVT,510000000.0,Nhập khẩu,TP HCM,SUV,15000.0,Tự động,Đã sử dụng,Xăng
2025-10-23,2022,VinFast Lux A 2.0 Nâng cao,570000000.0,Nội địa,Hà Nội,Sedan,47000.0,Tự động,Đã sử dụng,Xăng
2025-10-23,2014,Honda CRV 2.4 AT,465000000.0,Nội địa,Hà Nội,SUV,110000.0,Tự động,Đã sử dụng,Xăng
2025-10-23,2024,VinFast VF5 S,429000000.0,Nội địa,Hà Nội,SUV,0.0,Tự động,Xe mới,Điện
2025-10-23,2024,Mazda CX5 Premium Exclusive 2.0 AT,849000000.0,Nội địa,Hà Nội,SUV,15000.0,Tự động,Đã sử dụng,Xăng
2025-10-23,2017,Kia Morning Van 1.0 AT,238000000.0,Nhập khẩu,Hà Nội,Van/Minivan,40000.0,Tự động,Đã sử dụng,Xăng
2025-10-23,2016,Jaguar XF 2.0 AT,850000000.0,Nhập khẩu,TP HCM,Sedan,63000.0,Tự động,Đã sử dụng,Xăng
2025-10-23,2017,Toyota Fortuner 2.4G 4x2 MT,630000000.0,Nhập khẩu,Hà Nội,SUV,10000.0,Số Tay,Đã sử dụng,Dầu diesel
2025-10-23,2021,Toyota Wigo 1.2 AT,325000000.0,Nhập khẩu,Hà Nội,Hatchback,10000.0,Tự động,Đã sử dụng,Xăng
2025-10-23,2021,Peugeot 3008 AL,650000000.0,Nội địa,TP HCM,Crossover,20000.0,Tự động,Đã sử dụng,Xăng
2025-10-23,2021,Lexus LX 570 Super Sport,7000000000.0,Nhập khẩu,Hà Nội,SUV,40000.0,Tự động,Đã sử dụng,Xăng
2025-10-23,2021,Kia Morning X,320000000.0,Nội địa,Hà Nội,Hatchback,58000.0,Tự động,Đã sử dụng,Xăng
2025-10-23,2024,Toyota Raize G 1.0 CVT,510000000.0,Nhập khẩu,TP HCM,SUV,14600.0,Tự động,Đã sử dụng,Xăng
2025-10-23,2025,Kia Seltos Premium 1.5 AT,735000000.0,Nội địa,Hà Nội,Crossover,2600.0,Tự động,Đã sử dụng,Xăng
2025-10-23,2022,Hyundai Stargazer Cao cấp 1.5 AT,485000000.0,Nhập khẩu,Đăk Lăk,Van/Minivan,50000.0,Tự động,Đã sử dụng,Xăng
2025-10-23,2023,Ford Ranger Raptor 2.0L 4x4 AT,1000000000.0,Nhập khẩu,Long An,Bán tải / Pickup,49000.0,Tự động,Đã sử dụng,Dầu diesel
2025-10-23,2016,Toyota Yaris 1.3G,375000000.0,Nhập khẩu,Hà Nội,Hatchback,80000.0,Tự động,Đã sử dụng,Xăng
2025-10-23,2020,Hyundai i10 Grand 1.2 MT Base,235000000.0,Nội địa,Lào Cai,Sedan,110000.0,Số Tay,Đã sử dụng,Xăng
2025-10-23,2015,Toyota Corolla altis 2.0V,450000000.0,Nội địa,Hà Nội,Sedan,93000.0,Tự động,Đã sử dụng,Xăng
2025-10-23,2023,Kia Sonet Premium 1.5 AT,545000000.0,Nội địa,Hà Nội,Crossover,20000.0,Tự động,Đã sử dụng,Xăng
2025-10-23,2020,Peugeot 3008 Allure 1.6 AT,615000000.0,Nội địa,Hà Nội,Crossover,30000.0,Tự động,Đã sử dụng,Xăng
2025-10-23,2022,Honda HRV RS,725000000.0,Nhập khẩu,Hà Nội,Crossover,60000.0,Tự động,Đã sử dụng,Xăng
2025-10-23,2019,Lexus LX 570 Super Sport,6000000000.0,Nhập khẩu,Hà Nội,SUV,130000.0,Tự động,Đã sử dụng,Xăng
2025-10-23,2022,Toyota Vios G 1.5 CVT,435000000.0,Nội địa,Hà Nội,Sedan,30000.0,Tự động,Đã sử dụng,Xăng
2025-10-23,2020,Kia Morning AT,275000000.0,Nội địa,Hà Nội,Hatchback,42000.0,Tự động,Đã sử dụng,Xăng
2025-10-23,2021,Mercedes Benz GLC 200,1000000000.0,Nội địa,Hà Nội,SUV,80467.0,Tự động,Đã sử dụng,Xăng
2025-10-23,2019,Honda Brio RS,298000000.0,Nhập khẩu,TP HCM,Hatchback,70000.0,Tự động,Đã sử dụng,Xăng
2025-10-23,2024,Hyundai SantaFe Prestige 2.5L HTRAC,1000000000.0,Nội địa,Hà Nội,SUV,22000.0,Tự động,Đã sử dụng,Xăng
2025-10-23,2015,Mercedes Benz GLE Class GLE 400 4Matic,989000000.0,Nhập khẩu,Hà Nội,SUV,90000.0,Tự động,Đã sử dụng,Xăng
2025-10-23,2021,Hyundai SantaFe Tiêu chuẩn 2.2L,950000000.0,Nội địa,Hải Dương,SUV,49000.0,Tự động,Đã sử dụng,Dầu diesel
2025-10-23,2020,Mercedes Benz C class C180,799000000.0,Nội địa,TP HCM,Sedan,44000.0,Tự động,Đã sử dụng,Xăng
2025-10-23,2022,Hyundai Creta Đặc biệt 1.5 AT,569000000.0,Nhập khẩu,Hà Nội,SUV,18000.0,Tự động,Đã sử dụng,Xăng
2025-10-23,2017,Ford Ranger Wildtrak 3.2L 4x4 AT,565000000.0,Nhập khẩu,Hà Nội,Bán tải / Pickup,120000.0,Tự động,Đã sử dụng,Dầu diesel
2025-10-23,2025,VinFast VF6 Eco,689000000.0,Nội địa,Hà Nội,SUV,0.0,Tự động,Xe mới,Điện
2025-10-23,2022,Mazda CX8 Premium AWD,868000000.0,Nội địa,Hà Nội,SUV,80000.0,Tự động,Đã sử dụng,Xăng
2025-10-23,2023,VinFast VF8 Eco AWD,755000000.0,Nội địa,Hà Nội,SUV,30000.0,Tự động,Đã sử dụng,Điện
2025-10-23,2020,Ford EcoSport Titanium 1.5 AT,460000000.0,Nội địa,TP HCM,SUV,72300.0,Tự động,Đã sử dụng,Xăng
2025-10-23,2021,Suzuki Ertiga Sport 1.5 AT,393000000.0,Nhập khẩu,Hà Nội,SUV,81000.0,Tự động,Đã sử dụng,Xăng
2025-10-23,2021,Kia Sedona 2.2 DAT Luxury,845000000.0,Nội địa,TP HCM,Van/Minivan,99000.0,Tự động,Đã sử dụng,Dầu diesel
2025-10-23,2020,Ford Everest Trend 2.0L 4x2 AT,750000000.0,Nhập khẩu,TP HCM,SUV,93000.0,Tự động,Đã sử dụng,Dầu diesel
2025-10-23,2024,Mitsubishi Xpander Premium 1.5 AT,590000000.0,Nhập khẩu,Hà Nội,SUV,30000.0,Tự động,Đã sử dụng,Xăng
2025-10-23,2019,Ford EcoSport Titanium 1.5L AT,425000000.0,Nội địa,TP HCM,SUV,68000.0,Tự động,Đã sử dụng,Xăng
2025-10-23,2018,Chevrolet Trailblazer LTZ 2.5L VGT 4x4 AT,588000000.0,Nhập khẩu,Thái Nguyên,SUV,89000.0,Tự động,Đã sử dụng,Dầu diesel
2025-10-23,2014,Toyota Prado TXL 2.7L,940000000.0,Nhập khẩu,Hà Nam,SUV,130000.0,Tự động,Đã sử dụng,Xăng
2025-10-23,2020,BMW 3 Series 330i M Sport,1000000000.0,Nhập khẩu,Hà Nội,Sedan,60000.0,Tự động,Đã sử dụng,Xăng
2025-10-23,2022,Hyundai Tucson 1.6 AT Turbo HTRAC Đặc biệt,845000000.0,Nội địa,Hà Nội,Crossover,50000.0,Tự động,Đã sử dụng,Xăng
2025-10-23,2022,Toyota Fortuner 2.4L 4x2 MT,850000000.0,Nội địa,Đăk Lăk,SUV,45000.0,Số Tay,Đã sử dụng,Dầu diesel
2025-10-23,2018,Mazda BT50 3.2L 4x4 AT,499000000.0,Nhập khẩu,Hà Nội,Bán tải / Pickup,70000.0,Tự động,Đã sử dụng,Dầu diesel
2025-10-23,2008,Toyota Innova G,168000000.0,Nội địa,Hà Nội,Crossover,150000.0,Số Tay,Đã sử dụng,Xăng
2025-10-23,2024,VinFast VF8 Plus,896000000.0,Nội địa,Hà Nội,SUV,20000.0,Tự động,Đã sử dụng,Điện
2025-10-23,2023,Lexus RX 350 Premium,3000000000.0,Nhập khẩu,Hà Nội,SUV,30000.0,Tự động,Đã sử dụng,Xăng
2025-10-23,2009,Lexus RX 350 AWD,720000000.0,Nhập khẩu,Hà Nội,SUV,112000.0,Tự động,Đã sử dụng,Xăng
2025-10-23,2019,Hyundai Tucson 2.0 AT CRDi,620000000.0,Nội địa,Phú Thọ,Crossover,72000.0,Tự động,Đã sử dụng,Dầu diesel
2025-10-23,2021,Kia Seltos Premium 1.4 AT,565000000.0,Nội địa,Vĩnh Phúc,Crossover,80000.0,Tự động,Đã sử dụng,Xăng
2025-10-23,2025,Mazda CX5 Premium 2.0 AT,829000000.0,Nội địa,TP HCM,SUV,0.0,Tự động,Xe mới,Xăng
2025-10-23,2020,Kia Cerato 1.6 AT Luxury,475000000.0,Nội địa,Hà Nội,Sedan,80000.0,Tự động,Đã sử dụng,Xăng
2025-10-23,2023,Kia Carens 1.5G IVT,570000000.0,Nội địa,Khánh Hòa,SUV,15139.0,Tự động,Đã sử dụng,Xăng
2025-10-23,2023,Kia Sonet Premium 1.5 AT,560000000.0,Nội địa,Thanh Hóa,Crossover,25000.0,Tự động,Đã sử dụng,Xăng
2025-10-23,2020,Hyundai Accent 1.4 MT,319000000.0,Nội địa,Bà Rịa Vũng Tàu,Sedan,43000.0,Số Tay,Đã sử dụng,Xăng
2025-10-23,2024,Ford Ranger XLS 2.0L 4x2 AT,660000000.0,Nội địa,Thái Nguyên,Bán tải / Pickup,31000.0,Tự động,Đã sử dụng,Dầu diesel
2025-10-23,2022,Mercedes Benz S class S450 Luxury,4000000000.0,Nhập khẩu,TP HCM,Sedan,17.0,Tự động,Đã sử dụng,Xăng
2025-10-23,2025,VinFast VF8 Eco,908000000.0,Nội địa,Hà Nội,SUV,0.0,Tự động,Xe mới,Điện
2025-10-23,2021,Ford Ranger XLS 2.2L 4x2 AT,555000000.0,Nhập khẩu,Hà Nội,Bán tải / Pickup,75000.0,Tự động,Đã sử dụng,Dầu diesel
2025-10-23,2016,Mazda 2 1.5 AT,345000000.0,Nội địa,Hà Nội,Hatchback,8.0,Tự động,Đã sử dụng,Xăng
2025-10-23,2012,Mercedes Benz E class E250,418000000.0,Nội địa,Hà Nội,Sedan,90000.0,Tự động,Đã sử dụng,Xăng
2025-10-23,2021,Kia K3 Premium 1.6 AT,515000000.0,Nội địa,Hà Nội,Sedan,55000.0,Tự động,Đã sử dụng,Xăng
2025-10-23,2019,Ford Explorer Limited 2.3L EcoBoost,1000000000.0,Nhập khẩu,Hà Nội,SUV,90000.0,Tự động,Đã sử dụng,Xăng
2025-10-23,2016,Lexus RX 350,2000000000.0,Nhập khẩu,Hà Nội,SUV,90000.0,Tự động,Đã sử dụng,Xăng
2025-10-23,2021,Toyota Land Cruiser 4.6 V8,4000000000.0,Nhập khẩu,Hà Nội,SUV,90000.0,Tự động,Đã sử dụng,Xăng
2025-10-23,2011,Mercedes Benz GLK Class GLK300 4Matic,340000000.0,Nội địa,Hà Nội,SUV,117000.0,Tự động,Đã sử dụng,Xăng
2025-10-23,2025,Isuzu Dmax Prestige 1.9L 4x2 AT,630000000.0,Nhập khẩu,Hà Nội,Bán tải / Pickup,0.0,Tự động,Xe mới,Dầu diesel
2025-10-23,2022,Peugeot 3008 GT,810000000.0,Nội địa,Hà Nội,Crossover,27000.0,Tự động,Đã sử dụng,Xăng
2025-10-23,2015,Hyundai SantaFe 2.4L,540000000.0,Nội địa,Hà Nội,SUV,33000.0,Tự động,Đã sử dụng,Xăng
2025-10-23,2022,Ford Explorer Limited 2.3L EcoBoost,1000000000.0,Nhập khẩu,Hà Nội,SUV,24000.0,Tự động,Đã sử dụng,Xăng
2025-10-23,2016,BMW 2 Series 218i Gran Tourer,510000000.0,Nhập khẩu,TP HCM,Crossover,30000.0,Tự động,Đã sử dụng,Xăng
2025-10-23,2015,Lexus RX 350 AWD,1000000000.0,Nhập khẩu,Hà Nội,SUV,110000.0,Tự động,Đã sử dụng,Xăng
2025-10-23,2022,Kia K3 Premium 2.0 AT,539000000.0,Nội địa,Hà Nội,Sedan,70000.0,Tự động,Đã sử dụng,Xăng
2025-10-23,2017,Mazda CX5 2.0 AT,475000000.0,Nội địa,Hà Nội,SUV,120000.0,Tự động,Đã sử dụng,Xăng
2025-10-23,2015,Honda CRV 2.0 AT,478000000.0,Nội địa,Hà Nội,SUV,11789.0,Tự động,Đã sử dụng,Xăng
2025-10-23,2021,Mazda CX5 Premium 2.0 AT,670000000.0,Nội địa,Hà Nội,SUV,65000.0,Tự động,Đã sử dụng,Xăng
2025-10-23,2015,BMW 3 Series 320i,499000000.0,Nhập khẩu,Hà Nội,Sedan,80000.0,Tự động,Đã sử dụng,Xăng
2025-10-23,2022,Nissan Kicks e,635000000.0,Nhập khẩu,Hà Nội,SUV,22185.0,Tự động,Đã sử dụng,Hybrid
2025-10-23,2024,BMW X3 sDrive20i,1000000000.0,Nội địa,Hà Nội,SUV,26000.0,Tự động,Đã sử dụng,Xăng
2025-10-23,2016,Mercedes Benz S class S400L,1000000000.0,Nội địa,TP HCM,Sedan,63000.0,Tự động,Đã sử dụng,Xăng
2025-10-23,2022,Kia Carnival Signature 2.2D,1000000000.0,Nội địa,Hà Nội,Van/Minivan,27000.0,Tự động,Đã sử dụng,Dầu diesel
2025-10-23,2024,Suzuki Jimny 1.5L 4x4 AT,689000000.0,Nhập khẩu,Hà Nội,SUV,0.0,Tự động,Xe mới,Xăng
2025-10-23,2024,BMW 3 Series 320i Sport Line,1000000000.0,Nội địa,Hà Nội,Sedan,8000.0,Tự động,Đã sử dụng,Xăng
2025-10-23,2021,Kia Sedona 2.2 DAT Luxury,810000000.0,Nội địa,Hà Nội,Van/Minivan,100000.0,Tự động,Đã sử dụng,Dầu diesel
2025-10-23,2016,Mercedes Benz E class E200,780000000.0,Nội địa,Hà Nội,Sedan,96000.0,Tự động,Đã sử dụng,Xăng
2025-10-23,2025,Ford Everest Ambiente 2.0L 4x2 AT,1000000000.0,Nhập khẩu,Hà Nội,SUV,1800.0,Tự động,Đã sử dụng,Dầu diesel
2025-10-23,2022,Toyota Raize G 1.0 CVT,450000000.0,Nhập khẩu,Hà Nội,SUV,28000.0,Tự động,Đã sử dụng,Xăng
2025-10-23,2021,Mercedes Benz C class C200 Exclusive,979000000.0,Nội địa,Hà Nội,Sedan,25000.0,Tự động,Đã sử dụng,Xăng
2025-10-23,2018,BMW X2 sDrive20i M Sport X,695000000.0,Nhập khẩu,Đà Nẵng,Crossover,36000.0,Tự động,Đã sử dụng,Xăng
2025-10-23,2017,Nissan X trail 2.5 SV 4WD PREMIUM,450000000.0,Nội địa,Hà Nội,SUV,90000.0,Tự động,Đã sử dụng,Xăng
2025-10-23,2023,Suzuki Swift GLX 1.2 AT,485000000.0,Nhập khẩu,Hà Nội,Hatchback,18000.0,Tự động,Đã sử dụng,Xăng
2025-10-23,2014,Lexus LX 570,2000000000.0,Nhập khẩu,TP HCM,SUV,87000.0,Tự động,Đã sử dụng,Xăng
2025-10-23,2011,Hyundai i30 CW 1.6 AT,250000000.0,Nhập khẩu,Hà Nội,Hatchback,91286.0,Tự động,Đã sử dụng,Xăng
2025-10-23,2024,Honda City L 1.5 AT,498000000.0,Nội địa,Hà Nội,Sedan,20000.0,Tự động,Đã sử dụng,Xăng
2025-10-23,2022,Mazda CX8 Premium AWD,868000000.0,Nội địa,Hà Nội,SUV,86000.0,Tự động,Đã sử dụng,Xăng
2025-10-23,2020,BMW X4 xDrive20i M Sport,1000000000.0,Nhập khẩu,Hà Nội,SUV,64000.0,Tự động,Đã sử dụng,Xăng
2025-10-23,2017,Ford Ranger Wildtrak 3.2L 4x4 AT,535000000.0,Nhập khẩu,Phú Thọ,Bán tải / Pickup,100000.0,Tự động,Đã sử dụng,Dầu diesel
2025-10-23,2015,Mercedes Benz S class S400L,1000000000.0,Nội địa,Hà Nội,Sedan,80000.0,Tự động,Đã sử dụng,Xăng
2025-10-23,2018,Hyundai Tucson 2.0 ATH,580000000.0,Nội địa,Hà Nội,Crossover,85000.0,Tự động,Đã sử dụng,Xăng
2025-10-23,2025,Ford Transit Trend,860000000.0,Nội địa,Hà Nội,Van/Minivan,0.0,Số Tay,Xe mới,Dầu diesel
2025-10-23,2022,Mitsubishi Xpander 1.5 AT,479000000.0,Nhập khẩu,Hà Nội,SUV,68000.0,Tự động,Đã sử dụng,Xăng
2025-10-23,2019,Kia Cerato 2.0 AT Premium,468000000.0,Nội địa,Hà Nội,Sedan,52000.0,Tự động,Đã sử dụng,Xăng
2025-10-23,2023,Peugeot 2008 GT Line 1.2 AT,669000000.0,Nội địa,TP HCM,Crossover,14000.0,Tự động,Đã sử dụng,Xăng
2025-10-23,2010,Lexus GX 460,1000000000.0,Nhập khẩu,Hà Nội,SUV,120000.0,Tự động,Đã sử dụng,Xăng
2025-10-23,2022,Peugeot 3008 AL,760000000.0,Nội địa,Hà Nội,Crossover,45000.0,Tự động,Đã sử dụng,Xăng
2025-10-23,2018,Hyundai SantaFe 2.4L,650000000.0,Nội địa,TP HCM,SUV,54000.0,Tự động,Đã sử dụng,Xăng
2025-10-23,2025,Ford Everest Sport 2.0L 4x2 AT,1000000000.0,Nhập khẩu,TP HCM,SUV,400.0,Tự động,Đã sử dụng,Dầu diesel
2025-10-23,2019,Kia Cerato 2.0 AT Premium,445000000.0,Nội địa,Hà Nội,Sedan,75000.0,Tự động,Đã sử dụng,Xăng
2025-10-23,2025,Toyota Hilux 2.4L 4x2 AT,691000000.0,Nhập khẩu,TP HCM,Bán tải / Pickup,0.0,Tự động,Xe mới,Dầu diesel
2025-10-23,2022,Peugeot 3008 GT,890000000.0,Nội địa,Bình Dương,Crossover,27000.0,Tự động,Đã sử dụng,Xăng
2025-10-23,2013,Toyota Yaris RS 1.5 AT,255000000.0,Nhập khẩu,Nghệ An,Hatchback,20000.0,Tự động,Đã sử dụng,Xăng
2025-10-23,2021,Mercedes Benz E class E180,1000000000.0,Nội địa,TP HCM,Sedan,37500.0,Tự động,Đã sử dụng,Xăng
2025-10-23,2019,Mercedes Benz C class C200,777000000.0,Nội địa,Hà Nội,Sedan,96000.0,Tự động,Đã sử dụng,Xăng
2025-10-23,2022,Toyota Fortuner 2.4L 4x2 AT,899000000.0,Nội địa,Hà Nội,SUV,75000.0,Tự động,Đã sử dụng,Dầu diesel
2025-10-23,2018,Mazda CX5 2.0 AT,599000000.0,Nội địa,Hà Nội,SUV,77000.0,Tự động,Đã sử dụng,Xăng
2025-10-23,2016,Mercedes Benz GLC 300 4Matic,845000000.0,Nội địa,Hà Nội,SUV,98000.0,Tự động,Đã sử dụng,Xăng
2025-10-23,2016,Mazda CX5 2.0 AT,460000000.0,Nội địa,Hà Nội,SUV,90000.0,Tự động,Đã sử dụng,Xăng
2025-10-23,2022,Hyundai Tucson 2.0 AT CRDi Đặc biệt,835000000.0,Nội địa,Đăk Lăk,Crossover,14500.0,Tự động,Đã sử dụng,Dầu diesel
2025-10-23,2018,Mercedes Benz GLC 300 4Matic,1000000000.0,Nội địa,Hà Nội,SUV,70000.0,Tự động,Đã sử dụng,Xăng
2025-10-23,2021,VinFast Lux A 2.0 Premium 2.0 AT,630000000.0,Nội địa,TP HCM,Sedan,43000.0,Tự động,Đã sử dụng,Xăng
2025-10-23,2024,VinFast VF3 Plus,260000000.0,Nội địa,TP HCM,Hatchback,11000.0,Tự động,Đã sử dụng,Điện
2025-10-23,2022,VinFast Fadil Nâng cao 1.4 AT,345000000.0,Nội địa,TP HCM,Hatchback,13000.0,Tự động,Đã sử dụng,Xăng
2025-10-23,2022,Kia K3 Premium 2.0 AT,560000000.0,Nội địa,Hà Nội,Sedan,45000.0,Tự động,Đã sử dụng,Xăng
2025-10-23,2025,MG G50 1.5 AT Lux 7S,770000000.0,Nhập khẩu,Hà Nội,Van/Minivan,1000.0,Tự động,Đã sử dụng,Xăng
2025-10-23,2007,Mercedes Benz ML Class ML350,279000000.0,Nhập khẩu,Hà Nội,SUV,103000.0,Tự động,Đã sử dụng,Xăng
2025-10-23,2022,VinFast Lux SA 2.0 Tiêu chuẩn,690000000.0,Nội địa,TP HCM,SUV,38000.0,Tự động,Đã sử dụng,Xăng
2025-10-23,2018,Kia Cerato 1.6 AT,390000000.0,Nội địa,Hải Phòng,Sedan,89000.0,Tự động,Đã sử dụng,Xăng
2025-10-23,2014,Mitsubishi Mirage 1.2 AT,220000000.0,Nhập khẩu,Hà Nội,Hatchback,90000.0,Tự động,Đã sử dụng,Xăng
2025-10-23,2022,Audi Q5 Sline 45 TFSI Quattro,1000000000.0,Nhập khẩu,Hà Nội,SUV,41600.0,Tự động,Đã sử dụng,Xăng
2025-10-23,2023,Mitsubishi Xpander Premium 1.5 AT,560000000.0,Nhập khẩu,Hà Nội,SUV,40000.0,Tự động,Đã sử dụng,Xăng
2025-10-23,2010,Toyota Prado TXL 2.7L,675000000.0,Nhập khẩu,Hà Nội,SUV,180000.0,Tự động,Đã sử dụng,Xăng
2025-10-23,2007,Hyundai Getz 1.4 AT,138000000.0,Nhập khẩu,Hà Nội,Hatchback,120000.0,Tự động,Đã sử dụng,Xăng
2025-10-23,2020,Ford Ranger XLS 2.2L 4x2 AT,529000000.0,Nhập khẩu,Hà Nội,Bán tải / Pickup,89231.0,Tự động,Đã sử dụng,Dầu diesel
2025-10-23,2023,BMW 4 Series 430i Convertible M Sport,2000000000.0,Nhập khẩu,Hà Nội,Convertible/Cabriolet,10000.0,Tự động,Đã sử dụng,Xăng
2025-10-23,2024,Kia Carnival Signature 2.2D,1000000000.0,Nội địa,Hà Nội,Van/Minivan,60000.0,Tự động,Đã sử dụng,Dầu diesel
2025-10-23,2023,Mercedes Benz GLC 300 4Matic,2000000000.0,Nội địa,TP HCM,SUV,18000.0,Tự động,Đã sử dụng,Hybrid
2025-10-23,2025,Mercedes Benz S class S450 4Matic Luxury,4000000000.0,Nhập khẩu,TP HCM,Sedan,0.0,Tự động,Xe mới,Xăng
2025-10-23,2023,Nissan Navara VL 2.3 AT 4WD,775000000.0,Nhập khẩu,Hà Nội,Bán tải / Pickup,14000.0,Tự động,Đã sử dụng,Dầu diesel
2025-10-23,2016,Toyota Innova 2.0V,458000000.0,Nội địa,TP HCM,Crossover,89000.0,Tự động,Đã sử dụng,Xăng
2025-10-23,2022,BMW X7 xDrive40i,4000000000.0,Nhập khẩu,Hà Nội,SUV,46000.0,Tự động,Đã sử dụng,Xăng
2025-10-23,2021,VinFast Lux A 2.0 Base 2.0 AT,489000000.0,Nội địa,Hà Nội,Sedan,60000.0,Tự động,Đã sử dụng,Xăng
2025-10-23,2019,Ford EcoSport Titanium 1.5L AT,368000000.0,Nội địa,TP HCM,SUV,78000.0,Tự động,Đã sử dụng,Xăng
2025-10-23,2019,Suzuki Swift GLX 1.2 AT,409000000.0,Nhập khẩu,Hà Nội,Hatchback,57000.0,Tự động,Đã sử dụng,Xăng
2025-10-23,2024,Mitsubishi Triton Athlete 4WD AT,896000000.0,Nhập khẩu,TP HCM,Bán tải / Pickup,0.0,Tự động,Xe mới,Dầu diesel
2025-10-23,2009,Volkswagen New Beetle 1.6 AT,430000000.0,Nhập khẩu,Hà Nội,Coupe,80000.0,Tự động,Đã sử dụng,Xăng
2025-10-23,2019,Ford Ranger XLS 2.2L 4x2 AT,499000000.0,Nhập khẩu,Hà Nội,Bán tải / Pickup,100000.0,Tự động,Đã sử dụng,Dầu diesel
2025-10-23,2023,BMW X7 Pure Excellence,5000000000.0,Nhập khẩu,Hà Nội,SUV,0.0,Tự động,Xe mới,Xăng
2025-10-23,2019,Mercedes Benz C class C300 AMG,979000000.0,Nội địa,Hà Nội,Sedan,70000.0,Tự động,Đã sử dụng,Xăng
2025-10-23,2024,Kia Sonet Premium 1.5 AT,565000000.0,Nội địa,Hà Nội,Crossover,19600.0,Tự động,Đã sử dụng,Xăng
2025-10-23,2019,Ford Tourneo Limousine 2.0 AT,749000000.0,Nội địa,TP HCM,Van/Minivan,49000.0,Tự động,Đã sử dụng,Xăng
2025-10-23,2024,Mazda 2 Luxury,480000000.0,Nhập khẩu,Hà Nội,Sedan,6000.0,Tự động,Đã sử dụng,Xăng
2025-10-23,2009,LandRover Range Rover Supercharged 5.0,600000000.0,Nhập khẩu,Hà Nội,SUV,150000.0,Tự động,Đã sử dụng,Xăng
2025-10-23,2009,Fiat 500 0.9 AT,299000000.0,Nhập khẩu,Hà Nội,Hatchback,70000.0,Tự động,Đã sử dụng,Xăng
2025-10-23,2024,Mazda 3 1.5L Luxury,585000000.0,Nội địa,Hà Nội,Sedan,20000.0,Tự động,Đã sử dụng,Xăng
2025-10-23,2017,Chevrolet Cruze LT 1.6L,259000000.0,Nội địa,Hà Nội,Sedan,25000.0,Số Tay,Đã sử dụng,Xăng
2025-10-23,2022,Toyota Vios E CVT,425000000.0,Nội địa,Hà Nội,Sedan,57000.0,Tự động,Đã sử dụng,Xăng
2025-10-23,2023,Lexus ES 300h,2000000000.0,Nhập khẩu,TP HCM,Sedan,20000.0,Tự động,Đã sử dụng,Hybrid
2025-10-23,2020,Porsche Cayenne Coupe,3000000000.0,Nhập khẩu,Hà Nội,SUV,40000.0,Tự động,Đã sử dụng,Xăng
2025-10-23,2025,Toyota Hilux Adventure 2.8L 4x4 AT,999000000.0,Nhập khẩu,Hà Nội,Bán tải / Pickup,0.0,Tự động,Xe mới,Dầu diesel
2025-10-23,2022,Kia K3 Premium 1.6 AT,555000000.0,Nội địa,Hà Nội,Sedan,40000.0,Tự động,Đã sử dụng,Xăng
2025-10-23,2023,BMW 4 Series 430i Convertible M Sport,2000000000.0,Nhập khẩu,Hà Nội,Convertible/Cabriolet,14000.0,Tự động,Đã sử dụng,Xăng
2025-10-23,2016,Mini Cooper Clubman S,1000000000.0,Nhập khẩu,TP HCM,Hatchback,70000.0,Tự động,Đã sử dụng,Xăng
2025-10-23,2022,Ford Territory Titanium 1.5 AT,735000000.0,Nội địa,Hà Nội,SUV,50000.0,Tự động,Đã sử dụng,Xăng
2025-10-23,2022,Ford Territory Titanium 1.5 AT,730000000.0,Nội địa,Hà Nội,SUV,70000.0,Tự động,Đã sử dụng,Xăng
2025-10-23,2025,Kia Sportage Premium 2.0G,820000000.0,Nội địa,Hà Nội,Crossover,6300.0,Tự động,Đã sử dụng,Xăng
2025-10-23,2021,Ford Ranger Raptor 2.0L 4x4 AT,995000000.0,Nhập khẩu,TP HCM,Bán tải / Pickup,63000.0,Tự động,Đã sử dụng,Dầu diesel
2025-10-23,2024,Hyundai Tucson 2.0 AT Đặc biệt,820000000.0,Nội địa,Hà Nội,Crossover,25000.0,Tự động,Đã sử dụng,Xăng
2025-10-23,2015,Ford EcoSport Titanium 1.5L AT,295000000.0,Nội địa,Hà Nội,SUV,80000.0,Tự động,Đã sử dụng,Xăng
2025-10-23,2015,Mercedes Benz E class E200 Edition,539000000.0,Nội địa,Hà Nội,Sedan,100000.0,Tự động,Đã sử dụng,Xăng
2025-10-23,2010,Lexus RX 350 AWD,830000000.0,Nhập khẩu,Hà Nội,SUV,110000.0,Tự động,Đã sử dụng,Xăng
2025-10-23,2022,Ford Ranger Raptor 2.0L 4x4 AT,889000000.0,Nhập khẩu,Hà Nội,Bán tải / Pickup,70000.0,Tự động,Đã sử dụng,Dầu diesel
2025-10-23,2022,Mercedes Benz GLA class GLA 45 S AMG 4Matic,2000000000.0,Nhập khẩu,TP HCM,SUV,4600.0,Tự động,Đã sử dụng,Xăng
2025-10-23,2021,Hyundai SantaFe Cao cấp 2.2L HTRAC,1000000000.0,Nội địa,Hà Nội,SUV,39000.0,Tự động,Đã sử dụng,Dầu diesel
2025-10-23,2022,Hyundai SantaFe Tiêu chuẩn 2.5L,895000000.0,Nội địa,Hà Nội,SUV,45000.0,Tự động,Đã sử dụng,Xăng
2025-10-23,2023,Hyundai Accent 1.4 AT,415000000.0,Nội địa,TP HCM,Sedan,59000.0,Tự động,Đã sử dụng,Xăng
2025-10-23,2021,Kia Cerato 1.6 AT Luxury,490000000.0,Nội địa,Hà Nội,Sedan,50000.0,Tự động,Đã sử dụng,Xăng
2025-10-23,2015,LandRover Range Rover Evoque Prestige,639000000.0,Nhập khẩu,Hà Nội,SUV,117000.0,Tự động,Đã sử dụng,Xăng
2025-10-23,2023,Mitsubishi Xpander Premium 1.5 AT,545000000.0,Nhập khẩu,Hà Nội,SUV,57000.0,Tự động,Đã sử dụng,Xăng
2025-10-23,2021,Mazda 3 1.5L Luxury,525000000.0,Nội địa,TP HCM,Sedan,68000.0,Tự động,Đã sử dụng,Xăng
2025-10-23,2020,BMW 7 Series 740Li,2000000000.0,Nhập khẩu,Hà Nội,Sedan,100000.0,Tự động,Đã sử dụng,Xăng
2025-10-23,2024,Mercedes Benz GLC 300 4Matic,2000000000.0,Nội địa,Hà Nội,SUV,16000.0,Tự động,Đã sử dụng,Hybrid
2025-10-23,2024,Mitsubishi Xpander Premium 1.5 AT,560000000.0,Nhập khẩu,Hà Nội,SUV,36000.0,Tự động,Đã sử dụng,Xăng
2025-10-23,2024,Mazda 3 1.5L Luxury,600000000.0,Nội địa,Hà Nội,Sedan,40000.0,Tự động,Đã sử dụng,Xăng
2025-10-23,2019,Hyundai SantaFe 2.4L HTRAC,795000000.0,Nội địa,Hà Nội,SUV,52000.0,Tự động,Đã sử dụng,Xăng
2025-10-23,2021,Toyota Corolla Cross 1.8V,690000000.0,Nhập khẩu,Bắc Giang,SUV,24000.0,Tự động,Đã sử dụng,Xăng
2025-10-23,2022,Hyundai Accent 1.4 AT Đặc Biệt,460000000.0,Nội địa,Đăk Lăk,Sedan,16700.0,Tự động,Đã sử dụng,Xăng
2025-10-23,2023,Mazda CX5 Premium Sport 2.0 AT,745000000.0,Nội địa,Hà Nội,SUV,23000.0,Tự động,Đã sử dụng,Xăng
2025-10-23,2020,Peugeot 3008 Allure 1.6 AT,640000000.0,Nội địa,Hà Nội,Crossover,31000.0,Tự động,Đã sử dụng,Xăng
2025-10-23,2021,Hyundai SantaFe Cao cấp 2.5L HTRAC,975000000.0,Nội địa,Hà Nội,SUV,52000.0,Tự động,Đã sử dụng,Xăng
2025-10-23,2010,Mercedes Benz C class C250 CGI,215000000.0,Nội địa,Hà Nội,Sedan,150000.0,Tự động,Đã sử dụng,Xăng
2025-10-23,2017,Mercedes Benz E class E300 AMG,970000000.0,Nội địa,Hà Nội,Sedan,60000.0,Tự động,Đã sử dụng,Xăng
2025-10-23,2010,Rolls Royce Ghost 6.6 V12,4000000000.0,Nhập khẩu,Hà Nội,Sedan,40000.0,Tự động,Đã sử dụng,Xăng
2025-10-23,2016,Chevrolet Cruze LT 1.6 MT,219000000.0,Nội địa,TP HCM,Sedan,60000.0,Số Tay,Đã sử dụng,Xăng
2025-10-23,2025,Kia Morning MT,339000000.0,Nội địa,TP HCM,Hatchback,0.0,Số Tay,Xe mới,Xăng
2025-10-23,2024,Ford Ranger Raptor 2.0L 4x4 AT,1000000000.0,Nhập khẩu,Hà Nội,Bán tải / Pickup,40000.0,Tự động,Đã sử dụng,Dầu diesel
2025-10-23,2024,Ford Transit Tiêu chuẩn,849000000.0,Nội địa,TP HCM,Van/Minivan,0.0,Số Tay,Xe mới,Dầu diesel
2025-10-23,2020,Toyota Fortuner 2.4G 4x2 AT,818000000.0,Nội địa,Hà Nội,SUV,130000.0,Tự động,Đã sử dụng,Dầu diesel
2025-10-23,2019,Ford EcoSport Titanium 1.5L AT,475000000.0,Nội địa,TP HCM,SUV,13000.0,Tự động,Đã sử dụng,Xăng
2025-10-23,2018,Mazda 2 1.5 AT,342000000.0,Nội địa,TP HCM,Hatchback,30000.0,Tự động,Đã sử dụng,Xăng
2025-10-23,2017,Toyota Yaris 1.5G,385000000.0,Nhập khẩu,Hải Phòng,Hatchback,70000.0,Tự động,Đã sử dụng,Xăng
2025-10-23,2023,MG 5 Luxury 1.5 AT,438000000.0,Nhập khẩu,Hà Nội,Sedan,33000.0,Tự động,Đã sử dụng,Xăng
2025-10-23,2024,Mazda CX5 Premium Exclusive 2.0 AT,855000000.0,Nội địa,Hà Nội,SUV,18000.0,Tự động,Đã sử dụng,Xăng
2025-10-23,2019,Hyundai Tucson 1.6 AT Turbo,648000000.0,Nội địa,Hà Nội,Crossover,67000.0,Tự động,Đã sử dụng,Xăng
2025-10-23,2016,Toyota Corolla altis 1.8G AT,435000000.0,Nội địa,Hải Phòng,Sedan,110000.0,Tự động,Đã sử dụng,Xăng
2025-10-23,2013,Toyota Prado TXL 2.7L,850000000.0,Nhập khẩu,Hà Nội,SUV,168000.0,Tự động,Đã sử dụng,Xăng
2025-10-23,2023,BMW X3 xDrive30i M Sport,2000000000.0,Nội địa,Hà Nội,SUV,0.0,Tự động,Xe mới,Xăng
2025-10-23,2023,Ford Ranger Wildtrak 2.0L 4x4 AT,899000000.0,Nội địa,TP HCM,Bán tải / Pickup,39000.0,Tự động,Đã sử dụng,Dầu diesel
2025-10-23,2025,LandRover Defender 110 X P400 3.0 AT,7000000000.0,Nhập khẩu,Hà Nội,SUV,0.0,Tự động,Xe mới,Xăng
2025-10-23,2010,Hyundai SantaFe SLX,359000000.0,Nhập khẩu,Hà Nội,SUV,170000.0,Tự động,Đã sử dụng,Dầu diesel
2025-10-23,2024,Honda CRV e:HEV RS,1000000000.0,Nhập khẩu,Vĩnh Phúc,SUV,0.0,Tự động,Xe mới,Hybrid
2025-10-23,2015,Mercedes Benz E class E200 Edition,515000000.0,Nội địa,Hà Nội,Sedan,73000.0,Tự động,Đã sử dụng,Xăng
2025-10-23,2025,Kia Seltos Luxury 1.5 AT,675000000.0,Nội địa,Hà Nội,Crossover,3000.0,Tự động,Đã sử dụng,Xăng
2025-10-23,2021,Mitsubishi Attrage 1.2 CVT,290000000.0,Nhập khẩu,TP HCM,Sedan,70000.0,Tự động,Đã sử dụng,Xăng
2025-10-23,2015,Ford Everest 2.5L 4x2 MT,350000000.0,Nội địa,Hà Nội,SUV,150000.0,Số Tay,Đã sử dụng,Dầu diesel
2025-10-23,2025,Mitsubishi Xpander 1.5 AT,523000000.0,Nội địa,TP HCM,SUV,0.0,Tự động,Xe mới,Xăng
2025-10-23,2025,Mitsubishi Xpander Cross 1.5 AT,628000000.0,Nhập khẩu,TP HCM,SUV,0.0,Tự động,Xe mới,Xăng
2025-10-23,2025,Mitsubishi Xpander Premium 1.5 AT,592000000.0,Nhập khẩu,TP HCM,SUV,0.0,Tự động,Xe mới,Xăng
2025-10-23,2020,Mercedes Benz Maybach S450 4Matic,4000000000.0,Nhập khẩu,Hà Nội,Sedan,35000.0,Tự động,Đã sử dụng,Xăng
2025-10-23,2018,Porsche Panamera 3.0 V6,3000000000.0,Nhập khẩu,Hà Nội,Sedan,62000.0,Tự động,Đã sử dụng,Xăng
2025-10-23,2010,Lexus GX 460,1000000000.0,Nhập khẩu,Hà Nội,SUV,80000.0,Tự động,Đã sử dụng,Xăng
2025-10-23,2024,Mercedes Benz SL class SL 43 AMG,5000000000.0,Nhập khẩu,TP HCM,Convertible/Cabriolet,0.0,Tự động,Xe mới,Xăng
2025-10-23,2020,Toyota Rush 1.5S AT,490000000.0,Nhập khẩu,Đồng Nai,SUV,57000.0,Tự động,Đã sử dụng,Xăng
2025-10-23,2021,Ford Ranger XLS 2.2L 4x2 AT,570000000.0,Nhập khẩu,Hà Nội,Bán tải / Pickup,47000.0,Tự động,Đã sử dụng,Dầu diesel
2025-10-23,2015,Lexus RX 450h F,2000000000.0,Nhập khẩu,TP HCM,SUV,73234.0,Tự động,Đã sử dụng,Hybrid
2025-10-23,2020,LandRover Defender 110 P300 2.0 AT,3000000000.0,Nhập khẩu,TP HCM,SUV,40000.0,Tự động,Đã sử dụng,Xăng
2025-10-23,2022,Toyota Alphard Luxury Executive Lounge,3000000000.0,Nhập khẩu,Hà Nội,Van/Minivan,22000.0,Tự động,Đã sử dụng,Xăng
2025-10-23,2010,Lexus LS 600hL,1000000000.0,Nhập khẩu,Hà Nội,Sedan,128000.0,Tự động,Đã sử dụng,Hybrid
2025-10-23,2017,Toyota Prado VX 2.7L,1000000000.0,Nhập khẩu,Hà Nội,SUV,100000.0,Tự động,Đã sử dụng,Xăng
2025-10-23,2017,Mercedes Benz C class C300 AMG,768000000.0,Nội địa,Hà Nội,Sedan,42000.0,Tự động,Đã sử dụng,Xăng
2025-10-23,2022,Toyota Veloz Cross Top 1.5 CVT,540000000.0,Nhập khẩu,TP HCM,SUV,42000.0,Tự động,Đã sử dụng,Xăng
2025-10-23,2024,Toyota Yaris Cross 1.5 D,640000000.0,Nhập khẩu,TP HCM,SUV,35852.0,Tự động,Đã sử dụng,Xăng
2025-10-23,2019,VinFast Fadil 1.4 AT,280000000.0,Nội địa,Lâm Đồng,Hatchback,65000.0,Tự động,Đã sử dụng,Xăng
2025-10-23,2025,MG HS 1.5T LUX,595000000.0,Nhập khẩu,Hà Nội,Crossover,0.0,Tự động,Xe mới,Xăng
2025-10-23,2021,Mercedes Benz GLC 200 4Matic,1000000000.0,Nội địa,Hà Nội,SUV,47000.0,Tự động,Đã sử dụng,Xăng
2025-10-23,2023,Mercedes Benz C class C300 AMG,1000000000.0,Nội địa,Hà Nội,Sedan,10000.0,Tự động,Đã sử dụng,Xăng
2025-10-23,2010,Lexus LX 570,1000000000.0,Nhập khẩu,Hà Nội,SUV,115000.0,Tự động,Đã sử dụng,Xăng
2025-10-23,2021,Toyota Land Cruiser VX 4.0 V6,5000000000.0,Nhập khẩu,Hà Nội,SUV,56000.0,Tự động,Đã sử dụng,Xăng
2025-10-23,2015,Suzuki Vitara 1.6 AT,368000000.0,Nhập khẩu,Hà Nội,SUV,130000.0,Tự động,Đã sử dụng,Xăng
2025-10-23,2023,BMW X4 xDrive20i M Sport,2000000000.0,Nhập khẩu,Hà Nội,SUV,14000.0,Tự động,Đã sử dụng,Xăng
2025-10-23,2022,Hyundai SantaFe Cao cấp 2.5L HTRAC,1000000000.0,Nội địa,Hải Phòng,SUV,55000.0,Tự động,Đã sử dụng,Xăng
2025-10-23,2016,Mazda 3 1.5 AT,365000000.0,Nội địa,Hà Nội,Sedan,92068.0,Tự động,Đã sử dụng,Xăng
2025-10-23,2017,Mercedes Benz S class S450L Luxury,1000000000.0,Nội địa,Hà Nội,Sedan,55000.0,Tự động,Đã sử dụng,Xăng
2025-10-23,2014,Ford Fiesta Titanium 1.5 AT,268000000.0,Nội địa,TP HCM,Sedan,75000.0,Tự động,Đã sử dụng,Xăng
2025-10-23,2020,Mercedes Benz GLS 450 4Matic,3000000000.0,Nhập khẩu,Hà Nội,SUV,144000.0,Tự động,Đã sử dụng,Xăng
2025-10-23,2021,Toyota Rush 1.5S AT,520000000.0,Nhập khẩu,TP HCM,SUV,29000.0,Tự động,Đã sử dụng,Xăng
2025-10-23,2024,Toyota Raize G 1.0 CVT,485000000.0,Nhập khẩu,TP HCM,SUV,47473.0,Tự động,Đã sử dụng,Xăng
2025-10-23,2021,VinFast Fadil 1.4 AT,298000000.0,Nội địa,Hưng Yên,Hatchback,48000.0,Tự động,Đã sử dụng,Xăng
2025-10-23,2023,Nissan Navara VL 2.3 AT 4WD,775000000.0,Nhập khẩu,Hà Nội,Bán tải / Pickup,13000.0,Tự động,Đã sử dụng,Dầu diesel
2025-10-23,2018,Porsche Panamera 3.0 V6,3000000000.0,Nhập khẩu,Hà Nội,Sedan,96560.0,Tự động,Đã sử dụng,Xăng
2025-10-23,2025,BYD Sealion 6 Premium,936000000.0,Nhập khẩu,Hải Dương,Crossover,0.0,Tự động,Xe mới,Hybrid
2025-10-23,2024,MG 5 1.5 MT,305000000.0,Nhập khẩu,Hà Nội,Sedan,20000.0,Số Tay,Đã sử dụng,Xăng
2025-10-23,2022,Honda CRV L,909000000.0,Nội địa,Hà Nội,SUV,57000.0,Tự động,Đã sử dụng,Xăng
2025-10-23,2025,Isuzu QKR QMR77HE5 Thùng Kín,655000000.0,Nội địa,Hà Nội,Truck,0.0,Số Tay,Xe mới,Dầu diesel
2025-10-23,2016,Mitsubishi Pajero Sport D 4x2 MT,415000000.0,Nội địa,Phú Yên,SUV,130000.0,Số Tay,Đã sử dụng,Dầu diesel
2025-10-23,2019,Ford Tourneo Limousine 2.0 AT,730000000.0,Nội địa,TP HCM,Van/Minivan,68000.0,Tự động,Đã sử dụng,Xăng
2025-10-23,2023,Lexus ES 250,2000000000.0,Nhập khẩu,Hà Nội,Sedan,20000.0,Tự động,Đã sử dụng,Xăng
2025-10-23,2021,Mercedes Benz S class S450,3000000000.0,Nhập khẩu,Hà Nội,Sedan,34000.0,Tự động,Đã sử dụng,Xăng
2025-10-23,2025,Ford Transit Van,989000000.0,Nội địa,TP HCM,Van/Minivan,0.0,Số Tay,Xe mới,Dầu diesel
2025-10-23,2023,Mazda CX5 Deluxe 2.0 AT,735000000.0,Nội địa,Hải Phòng,SUV,10000.0,Tự động,Đã sử dụng,Xăng
2025-10-23,2025,Toyota Corolla altis 1.8V,720000000.0,Nhập khẩu,Hà Nội,Sedan,0.0,Tự động,Xe mới,Xăng
2025-10-23,2021,Mercedes Benz G class G63 AMG Edition 1,8000000000.0,Nhập khẩu,Hà Nội,SUV,50000.0,Tự động,Đã sử dụng,Xăng
2025-10-23,2021,VinFast Lux A 2.0 Plus 2.0 AT,570000000.0,Nội địa,Hải Phòng,Sedan,36000.0,Tự động,Đã sử dụng,Xăng
2025-10-23,2024,Lexus RX 500h F Sport Performance,4000000000.0,Nhập khẩu,Hà Nội,SUV,21000.0,Tự động,Đã sử dụng,Hybrid
2025-10-23,2024,Kia Carnival Signature 2.2D,1000000000.0,Nội địa,Hà Nội,Van/Minivan,17000.0,Tự động,Đã sử dụng,Dầu diesel
2025-10-23,2025,Audi Q3 Sportback 35 TFSI,1000000000.0,Nhập khẩu,Hà Nội,Crossover,0.0,Tự động,Xe mới,Xăng
2025-10-23,2022,Kia Sonet Premium 1.5 AT,528000000.0,Nội địa,Hà Nội,Crossover,20000.0,Tự động,Đã sử dụng,Xăng
2025-10-23,2018,Peugeot 3008 1.6 AT,600000000.0,Nội địa,Bắc Ninh,Crossover,62000.0,Tự động,Đã sử dụng,Xăng
2025-10-23,2017,Kia Sedona 2.2L DATH,595000000.0,Nội địa,TP HCM,Van/Minivan,80000.0,Tự động,Đã sử dụng,Dầu diesel
2025-10-23,2023,MG 5 Luxury 1.5 AT,415000000.0,Nhập khẩu,Hà Nội,Sedan,25000.0,Tự động,Đã sử dụng,Xăng
2025-10-23,2016,Honda CRV 2.4 AT,505000000.0,Nội địa,Hà Nội,SUV,90000.0,Tự động,Đã sử dụng,Xăng
2025-10-23,2019,Hyundai Tucson 1.6 AT Turbo,635000000.0,Nội địa,Hà Nội,Crossover,74000.0,Tự động,Đã sử dụng,Xăng
2025-10-23,2017,Ford Ranger XLS 2.2L 4x2 AT,450000000.0,Nhập khẩu,Hà Nội,Bán tải / Pickup,83000.0,Tự động,Đã sử dụng,Dầu diesel
2025-10-23,2013,LandRover Range Rover HSE 3.0,1000000000.0,Nhập khẩu,Hà Nội,SUV,100000.0,Tự động,Đã sử dụng,Xăng
2025-10-23,2021,Mitsubishi Outlander 2.0 CVT,640000000.0,Nội địa,Quảng Ninh,SUV,30000.0,Tự động,Đã sử dụng,Xăng
2025-10-23,2022,Mitsubishi Pajero Sport 2.4D 4x4 AT,995000000.0,Nhập khẩu,Hà Nội,SUV,31000.0,Tự động,Đã sử dụng,Dầu diesel
2025-10-23,2020,VinFast Fadil 1.4 AT,288000000.0,Nội địa,Hà Nội,Hatchback,66000.0,Tự động,Đã sử dụng,Xăng
2025-10-23,2012,Mitsubishi Pajero Sport D 4x2 AT,359000000.0,Nội địa,Hà Nội,SUV,145000.0,Tự động,Đã sử dụng,Dầu diesel
2025-10-23,2019,Mazda 2 Sport Luxury,368000000.0,Nhập khẩu,Hà Nội,Hatchback,80000.0,Tự động,Đã sử dụng,Xăng
2025-10-23,2022,Kia K5 Premium 2.0 AT,755000000.0,Nội địa,Hà Nội,Sedan,16000.0,Tự động,Đã sử dụng,Xăng
2025-10-23,2023,VinFast VF8 Plus AWD,870000000.0,Nội địa,Hà Nội,SUV,40000.0,Tự động,Đã sử dụng,Điện
2025-10-23,2022,Mitsubishi Triton 4x2 AT,550000000.0,Nhập khẩu,Hà Nội,Bán tải / Pickup,56000.0,Tự động,Đã sử dụng,Dầu diesel
2025-10-23,2024,Kia Seltos GT,689000000.0,Nội địa,Thái Bình,Crossover,19000.0,Tự động,Đã sử dụng,Xăng
2025-10-23,2022,VinFast Lux A 2.0 Tiêu chuẩn,565000000.0,Nội địa,Hà Nội,Sedan,40000.0,Tự động,Đã sử dụng,Xăng
2025-10-23,2020,Honda City 1.5TOP,375000000.0,Nội địa,Đăk Lăk,Sedan,112000.0,Tự động,Đã sử dụng,Xăng
2025-10-23,2013,Honda CRV 2.0 AT,430000000.0,Nội địa,Hà Nội,SUV,73000.0,Tự động,Đã sử dụng,Xăng
2025-10-23,2020,Hyundai Tucson 2.0 AT,628000000.0,Nội địa,Hà Nội,Crossover,71000.0,Tự động,Đã sử dụng,Xăng
2025-10-23,2016,Peugeot 408 Premium 2.0 AT,315000000.0,Nội địa,Hà Nội,Sedan,44000.0,Tự động,Đã sử dụng,Xăng
2025-10-23,2021,VinFast Lux A 2.0 Plus 2.0 AT,505000000.0,Nội địa,Hà Nội,Sedan,50000.0,Tự động,Đã sử dụng,Xăng
2025-10-23,2018,Honda CRV E,605000000.0,Nhập khẩu,Hà Nội,SUV,80000.0,Tự động,Đã sử dụng,Xăng
2025-10-23,2017,Ford Ranger XLT 2.2L 4x4 MT,468000000.0,Nhập khẩu,Hà Nội,Bán tải / Pickup,83000.0,Số Tay,Đã sử dụng,Dầu diesel
2025-10-23,2022,Mercedes Benz S class S450,3000000000.0,Nhập khẩu,Hà Nội,Sedan,43000.0,Tự động,Đã sử dụng,Xăng
2025-10-23,2020,Ford Ranger Raptor 2.0L 4x4 AT,885000000.0,Nhập khẩu,Hà Nội,Bán tải / Pickup,77000.0,Tự động,Đã sử dụng,Dầu diesel
2025-10-23,2013,Toyota Camry 2.0E,445000000.0,Nội địa,Hà Nội,Sedan,90000.0,Tự động,Đã sử dụng,Xăng
2025-10-23,2025,Toyota Corolla Cross 1.8HEV,913000000.0,Nhập khẩu,Hà Nội,SUV,0.0,Tự động,Xe mới,Hybrid
2025-10-23,2022,BMW 3 Series 330i M Sport,1000000000.0,Nội địa,Hà Nội,Sedan,29000.0,Tự động,Đã sử dụng,Xăng
2025-10-23,2022,Toyota Raize G 1.0 CVT,469000000.0,Nhập khẩu,Hà Nội,SUV,35000.0,Tự động,Đã sử dụng,Xăng
2025-10-23,2019,Honda CRV E,659000000.0,Nhập khẩu,Hà Nội,SUV,70000.0,Tự động,Đã sử dụng,Xăng
2025-10-23,2021,Toyota Corolla Cross 1.8G,625000000.0,Nhập khẩu,Hà Nội,SUV,61000.0,Tự động,Đã sử dụng,Xăng
2025-10-23,2017,Kia Sorento GAT,465000000.0,Nội địa,Hà Nội,SUV,79000.0,Tự động,Đã sử dụng,Xăng
2025-10-23,2016,BMW 5 Series 520i,779000000.0,Nhập khẩu,Hà Nội,Sedan,129000.0,Tự động,Đã sử dụng,Xăng
2025-10-23,2025,Toyota Avanza Premio 1.5 MT,508000000.0,Nội địa,TP HCM,SUV,0.0,Số Tay,Xe mới,Xăng
2025-10-23,2021,Porsche Macan S,2000000000.0,Nhập khẩu,Hà Nội,SUV,52000.0,Tự động,Đã sử dụng,Xăng
2025-10-23,2021,Audi Q5 45 TFSI Quattro,1000000000.0,Nhập khẩu,Hà Nội,SUV,36000.0,Tự động,Đã sử dụng,Xăng
2025-10-23,2016,Toyota Sienna Limited 3.5,1000000000.0,Nhập khẩu,TP HCM,Van/Minivan,76000.0,Tự động,Đã sử dụng,Xăng
2025-10-23,2011,Mercedes Benz C class C300 AMG,310000000.0,Nội địa,Hà Nội,Sedan,120000.0,Tự động,Đã sử dụng,Xăng
2025-10-23,2025,BMW X7 xDrive40i M Sport,6000000000.0,Nhập khẩu,Hà Nội,SUV,0.0,Tự động,Xe mới,Hybrid
2025-10-23,2025,Toyota Veloz Cross Top 1.5 CVT,577000000.0,Nội địa,TP HCM,SUV,0.0,Tự động,Xe mới,Xăng
2025-10-23,2024,VinFast VF5 Plus,513000000.0,Nội địa,Hà Nội,SUV,0.0,Tự động,Xe mới,Điện
2025-10-23,2021,Porsche Macan S,3000000000.0,Nhập khẩu,Hà Nội,SUV,19999.0,Tự động,Đã sử dụng,Xăng
2025-10-23,2025,VinFast VF3 Plus,235000000.0,Nội địa,Bình Dương,Hatchback,5000.0,Tự động,Đã sử dụng,Điện
2025-10-23,2015,Mercedes Benz V class V220d CDI,950000000.0,Nhập khẩu,Bình Dương,Van/Minivan,122400.0,Tự động,Đã sử dụng,Dầu diesel
2025-10-23,2010,Acura ZDX SH,690000000.0,Nhập khẩu,Hà Nội,Crossover,87000.0,Tự động,Đã sử dụng,Xăng
2025-10-23,2016,Toyota Innova 2.0V,480000000.0,Nội địa,Thái Bình,Crossover,130000.0,Tự động,Đã sử dụng,Xăng
2025-10-23,2016,Honda CRV 2.4 AT,508000000.0,Nội địa,Hà Nội,SUV,90000.0,Tự động,Đã sử dụng,Xăng
2025-10-23,2019,Toyota Camry 2.0G,755000000.0,Nhập khẩu,Hà Nội,Sedan,66000.0,Tự động,Đã sử dụng,Xăng
2025-10-23,2015,Audi A4 1.8 TFSI,455000000.0,Nhập khẩu,Bình Dương,Sedan,100000.0,Tự động,Đã sử dụng,Xăng
2025-10-23,2024,Subaru Forester 2.0i,809000000.0,Nhập khẩu,Hà Nội,SUV,0.0,Tự động,Xe mới,Xăng
2025-10-23,2018,Kia Morning S AT,288000000.0,Nội địa,Hà Nội,Hatchback,90000.0,Tự động,Đã sử dụng,Xăng
2025-10-23,2018,Mercedes Benz C class C300 AMG,777000000.0,Nội địa,TP HCM,Sedan,97000.0,Tự động,Đã sử dụng,Xăng
2025-10-23,2017,Mercedes Benz C class C200,650000000.0,Nội địa,Hà Nội,Sedan,75000.0,Tự động,Đã sử dụng,Xăng
2025-10-23,2023,Kia Seltos GT,655000000.0,Nội địa,Hà Nội,Crossover,40000.0,Tự động,Đã sử dụng,Xăng
2025-10-23,2022,Kia Morning Luxury,320000000.0,Nội địa,Bắc Ninh,Hatchback,35000.0,Tự động,Đã sử dụng,Xăng
2025-10-23,2016,Lexus LX 570,4000000000.0,Nhập khẩu,Hà Nội,SUV,108000.0,Tự động,Đã sử dụng,Xăng
2025-10-23,2021,MG ZS Luxury 1.5 AT 2WD,410000000.0,Nhập khẩu,Hà Nội,Crossover,67000.0,Tự động,Đã sử dụng,Xăng
2025-10-23,2023,Toyota Veloz Cross Top 1.5 CVT,565000000.0,Nội địa,TP HCM,SUV,48000.0,Tự động,Đã sử dụng,Xăng
2025-10-23,2023,Kia Carnival Signature 2.2D,1000000000.0,Nội địa,Hà Nội,Van/Minivan,48000.0,Tự động,Đã sử dụng,Dầu diesel
2025-10-23,2024,VinFast VF5 Plus,450000000.0,Nội địa,Bắc Giang,SUV,50000.0,Tự động,Đã sử dụng,Điện
2025-10-23,2020,VinFast Fadil 1.4 AT Plus,310000000.0,Nội địa,TP HCM,Hatchback,56000.0,Tự động,Đã sử dụng,Xăng
2025-10-23,2022,Mitsubishi Attrage 1.2 MT,285000000.0,Nhập khẩu,Hà Giang,Sedan,20000.0,Số Tay,Đã sử dụng,Xăng
2025-10-23,2018,Nissan Terra S 2.5 MT 2WD,495000000.0,Nhập khẩu,Hà Nội,SUV,90000.0,Số Tay,Đã sử dụng,Dầu diesel
2025-10-23,2022,Kia Carens 1.5D Premium,565000000.0,Nội địa,Hà Nội,SUV,60000.0,Tự động,Đã sử dụng,Dầu diesel
2025-10-23,2022,Toyota Camry 2.0Q,985000000.0,Nhập khẩu,Hải Phòng,Sedan,41000.0,Tự động,Đã sử dụng,Xăng
2025-10-23,2025,Hyundai Custin Tiêu Chuẩn 1.5T,783000000.0,Nội địa,Hà Nội,Van/Minivan,0.0,Tự động,Xe mới,Xăng
2025-10-23,2017,Hyundai SantaFe 2.2L 4WD,660000000.0,Nội địa,Bình Dương,SUV,99000.0,Tự động,Đã sử dụng,Dầu diesel
2025-10-23,2022,Mitsubishi Xpander Premium 1.5 AT,530000000.0,Nhập khẩu,Đăk Lăk,SUV,66000.0,Tự động,Đã sử dụng,Xăng
2025-10-23,2021,Lexus RX 350,3000000000.0,Nhập khẩu,Hà Nội,SUV,60000.0,Tự động,Đã sử dụng,Xăng
2025-10-23,2019,Hyundai Kona 2.0 ATH,465000000.0,Nội địa,Hải Phòng,Crossover,31000.0,Tự động,Đã sử dụng,Xăng
2025-10-23,2017,Ford Ranger Wildtrak 3.2L 4x4 AT,550000000.0,Nhập khẩu,TP HCM,Bán tải / Pickup,68000.0,Tự động,Đã sử dụng,Dầu diesel
2025-10-23,2022,Mercedes Benz GLC 200 4Matic,1000000000.0,Nội địa,Hà Nội,SUV,9000.0,Tự động,Đã sử dụng,Xăng
2025-10-23,2025,VinFast VF3 Plus,275000000.0,Nội địa,Hà Nội,Hatchback,5000.0,Tự động,Đã sử dụng,Điện
2025-10-23,2025,Hyundai Creta N Line 1.5 AT,695000000.0,Nội địa,Cần Thơ,SUV,0.0,Tự động,Xe mới,Xăng
2025-10-23,2021,VinFast Lux SA 2.0 Premium 2.0 AT,650000000.0,Nội địa,Hà Nội,SUV,120000.0,Tự động,Đã sử dụng,Xăng
2025-10-23,2025,Hyundai Custin Cao Cấp 2.0T,956000000.0,Nội địa,Hà Nội,Van/Minivan,0.0,Tự động,Xe mới,Xăng
2025-10-23,2020,Mazda 2 1.5 AT,368000000.0,Nhập khẩu,Hà Nội,Sedan,60000.0,Tự động,Đã sử dụng,Xăng
2025-10-23,2021,Lexus RX 450h,3000000000.0,Nhập khẩu,Hà Nội,SUV,59000.0,Tự động,Đã sử dụng,Hybrid
2025-10-23,2022,Kia Morning Luxury,310000000.0,Nội địa,Nam Định,Hatchback,50000.0,Tự động,Đã sử dụng,Xăng
2025-10-23,2021,Kia Morning GT,358000000.0,Nội địa,An Giang,Hatchback,19000.0,Tự động,Đã sử dụng,Xăng
2025-10-23,2018,Toyota Vios 1.5E CVT,360000000.0,Nội địa,Hà Nội,Sedan,80123.0,Tự động,Đã sử dụng,Xăng
2025-10-23,2017,Nissan Navara VL 2.5 AT 4WD,460000000.0,Nhập khẩu,Hà Nội,Bán tải / Pickup,110000.0,Tự động,Đã sử dụng,Dầu diesel
2025-10-23,2017,Mazda 3 1.5 AT,380000000.0,Nội địa,Hà Nội,Sedan,86000.0,Tự động,Đã sử dụng,Xăng
2025-10-23,2019,Toyota Vios 1.5E MT,305000000.0,Nội địa,Hà Nội,Sedan,120000.0,Số Tay,Đã sử dụng,Xăng
2025-10-23,2016,Ford Ranger XLS 2.2L 4x2 AT,380000000.0,Nhập khẩu,Bắc Ninh,Bán tải / Pickup,170000.0,Tự động,Đã sử dụng,Dầu diesel
2025-10-23,2020,Mazda 3 1.5L Luxury,535000000.0,Nội địa,Hà Nội,Sedan,67000.0,Tự động,Đã sử dụng,Xăng
2025-10-23,2020,Toyota Vios 1.5E CVT,379000000.0,Nội địa,Hà Nội,Sedan,70000.0,Tự động,Đã sử dụng,Xăng
2025-10-23,2020,VinFast Lux SA 2.0 Premium 2.0 AT,595000000.0,Nội địa,Phú Thọ,SUV,170000.0,Tự động,Đã sử dụng,Xăng
2025-10-23,2022,BMW X5 xDrive40i xLine,3000000000.0,Nội địa,Hà Nội,SUV,0.0,Tự động,Xe mới,Xăng
2025-10-23,2018,Honda CRV L,720000000.0,Nhập khẩu,Bắc Giang,SUV,110000.0,Tự động,Đã sử dụng,Xăng
2025-10-23,2024,Skoda Karoq Style 1.4 AT,1000000000.0,Nhập khẩu,Nghệ An,Crossover,0.0,Tự động,Xe mới,Xăng
2025-10-23,2015,Mercedes Benz CLA class CLA 200,485000000.0,Nhập khẩu,Hải Phòng,Sedan,90000.0,Tự động,Đã sử dụng,Xăng
2025-10-23,2016,Lexus LS 460L,2000000000.0,Nhập khẩu,Hà Nội,Sedan,64000.0,Tự động,Đã sử dụng,Xăng
2025-10-23,2022,Mitsubishi Triton 4x2 AT,550000000.0,Nhập khẩu,Hà Nội,Bán tải / Pickup,38000.0,Tự động,Đã sử dụng,Dầu diesel
2025-10-23,2015,LandRover Range Rover HSE 3.0,2000000000.0,Nhập khẩu,Hà Nội,SUV,136000.0,Tự động,Đã sử dụng,Xăng
2025-10-23,2019,Hyundai Kona 2.0 AT,420000000.0,Nội địa,Quảng Ninh,Crossover,50000.0,Tự động,Đã sử dụng,Xăng
2025-10-23,2025,Toyota Yaris Cross 1.5 D,608000000.0,Nhập khẩu,Hà Nội,SUV,0.0,Tự động,Xe mới,Xăng
2025-10-23,2025,Mitsubishi Triton GLX 2WD AT,630000000.0,Nhập khẩu,TP HCM,Bán tải / Pickup,0.0,Tự động,Xe mới,Dầu diesel
2025-10-23,2023,Toyota Vios E 1.5 MT,405000000.0,Nội địa,Tây Ninh,Sedan,28739.0,Số Tay,Đã sử dụng,Xăng
2025-10-23,2025,Ford Territory Titanium X 1.5 AT,818000000.0,Nội địa,Hà Nội,SUV,0.0,Tự động,Xe mới,Xăng
2025-10-23,2023,Mitsubishi Outlander 2.0 CVT,735000000.0,Nội địa,Hà Nội,SUV,17000.0,Tự động,Đã sử dụng,Xăng
2025-10-23,2025,Mazda CX5 Premium Exclusive 2.0 AT,888000000.0,Nội địa,Hà Nội,SUV,1900.0,Tự động,Đã sử dụng,Xăng
2025-10-23,2018,Mazda CX5 2.5 AT 2WD,555000000.0,Nội địa,Hà Nội,SUV,55000.0,Tự động,Đã sử dụng,Xăng
2025-10-23,2019,Kia Cerato 1.6 AT Luxury,450000000.0,Nội địa,Hà Nội,Sedan,80000.0,Tự động,Đã sử dụng,Xăng
2025-10-23,2022,BMW X5 xDrive40i M Sport,2000000000.0,Nội địa,Hà Nội,SUV,13000.0,Tự động,Đã sử dụng,Xăng
2025-10-23,2022,VinFast Lux SA 2.0 Tiêu chuẩn,635000000.0,Nội địa,Hà Nội,SUV,65000.0,Tự động,Đã sử dụng,Xăng
2025-10-23,2022,Kia Sonet Premium 1.5 AT,518000000.0,Nội địa,Bình Định,Crossover,67000.0,Tự động,Đã sử dụng,Xăng
2025-10-23,2024,VinFast VF3 Plus,229000000.0,Nội địa,Hà Nội,Hatchback,8000.0,Tự động,Đã sử dụng,Điện
2025-10-23,2024,VinFast VF8 S,855000000.0,Nội địa,Hà Nội,SUV,10.0,Tự động,Đã sử dụng,Điện
2025-10-23,2018,Honda Civic 1.8 E,440000000.0,Nhập khẩu,TP HCM,Sedan,83000.0,Tự động,Đã sử dụng,Xăng
2025-10-23,2016,Audi Q5 2.0 AT,719000000.0,Nhập khẩu,Hà Nội,SUV,100000.0,Tự động,Đã sử dụng,Xăng
2025-10-23,2021,Mercedes Benz GLB 200 AMG,1000000000.0,Nhập khẩu,Hà Nội,SUV,48000.0,Tự động,Đã sử dụng,Xăng
2025-10-23,2022,Kia K3 Luxury 1.6 AT,545000000.0,Nội địa,Hà Nội,Sedan,41000.0,Tự động,Đã sử dụng,Xăng
2025-10-23,2017,Kia Sedona 2.2L DATH,648000000.0,Nội địa,TP HCM,Van/Minivan,68000.0,Tự động,Đã sử dụng,Dầu diesel
2025-10-23,2024,Mercedes Benz GLC 200 4Matic,2000000000.0,Nội địa,Đà Nẵng,SUV,1000.0,Tự động,Đã sử dụng,Xăng
2025-10-23,2021,Ford Ranger XLS 2.2L 4x2 AT,568000000.0,Nhập khẩu,Hà Nội,Bán tải / Pickup,73000.0,Tự động,Đã sử dụng,Dầu diesel
2025-10-23,2020,Toyota Vios 1.5G,425000000.0,Nội địa,TP HCM,Sedan,93429.0,Tự động,Đã sử dụng,Xăng
2025-10-23,2014,Mazda 3 S 1.6 AT,295000000.0,Nội địa,Hà Nội,Sedan,80000.0,Tự động,Đã sử dụng,Xăng
2025-10-23,2022,Toyota Avanza Premio 1.5 AT,465000000.0,Nhập khẩu,TP HCM,SUV,65000.0,Tự động,Đã sử dụng,Xăng
2025-10-23,2023,Hyundai i10 1.2 AT,380000000.0,Nội địa,Hải Phòng,Hatchback,33000.0,Tự động,Đã sử dụng,Xăng
2025-10-23,2019,Mazda CX5 2.5 AT AWD,620000000.0,Nội địa,Hưng Yên,SUV,85000.0,Tự động,Đã sử dụng,Xăng
2025-10-23,2021,Ford Ranger XLS 2.2L 4x2 AT,555000000.0,Nhập khẩu,Hà Nội,Bán tải / Pickup,72000.0,Tự động,Đã sử dụng,Dầu diesel
2025-10-23,2019,Suzuki Swift GLX 1.2 AT,409000000.0,Nhập khẩu,Hà Nội,Hatchback,56666.0,Tự động,Đã sử dụng,Xăng
2025-10-23,2014,Honda CRV 2.4 AT,475000000.0,Nội địa,Hà Nội,SUV,120000.0,Tự động,Đã sử dụng,Xăng
2025-10-23,2018,Mazda 3 1.5 AT,415000000.0,Nội địa,Hà Nội,Sedan,80000.0,Tự động,Đã sử dụng,Xăng
2025-10-23,2020,Honda CRV L,815000000.0,Nội địa,TP HCM,SUV,68000.0,Tự động,Đã sử dụng,Xăng
2025-10-23,2023,Suzuki Swift GLX 1.2 AT,525000000.0,Nhập khẩu,Hà Nội,Hatchback,22000.0,Tự động,Đã sử dụng,Xăng
2025-10-23,2015,Lexus LX 570,4000000000.0,Nhập khẩu,Hà Nội,SUV,15000.0,Tự động,Đã sử dụng,Xăng
2025-10-23,2006,Mercedes Benz B class 150,300000000.0,Nhập khẩu,Hải Phòng,Hatchback,80000.0,Tự động,Đã sử dụng,Xăng
2025-10-23,2024,VinFast VF3 Plus,229000000.0,Nội địa,Hà Nội,Hatchback,2000.0,Tự động,Đã sử dụng,Điện
2025-10-23,2009,Toyota Venza 2.7,395000000.0,Nhập khẩu,TP HCM,Crossover,120000.0,Tự động,Đã sử dụng,Xăng
2025-10-23,2024,VinFast VF8 Lux Plus,935000000.0,Nội địa,Hà Nội,SUV,13000.0,Tự động,Đã sử dụng,Điện
2025-10-23,2019,Toyota Corolla altis 1.8G AT,550000000.0,Nội địa,Hà Nội,Sedan,54000.0,Tự động,Đã sử dụng,Xăng
2025-10-23,2022,BMW Z4 sDrive30i M Sport,2000000000.0,Nhập khẩu,Hà Nội,Convertible/Cabriolet,5000.0,Tự động,Đã sử dụng,Xăng
2025-10-23,2022,Ford Ranger XLS 2.2L 4x2 AT,560000000.0,Nội địa,Phú Thọ,Bán tải / Pickup,55000.0,Tự động,Đã sử dụng,Dầu diesel
2025-10-23,2017,Toyota Fortuner 2.4G 4x2 MT,650000000.0,Nhập khẩu,Hà Nội,SUV,140000.0,Số Tay,Đã sử dụng,Dầu diesel
2025-10-23,2013,Nissan Sunny XV,218000000.0,Nhập khẩu,Hà Nội,Sedan,110000.0,Tự động,Đã sử dụng,Xăng
2025-10-23,2024,Mazda 3 1.5L Luxury,610000000.0,Nội địa,Hà Nội,Sedan,43000.0,Tự động,Đã sử dụng,Xăng
2025-10-23,2022,Toyota Camry 2.5Q,1000000000.0,Nhập khẩu,Phú Thọ,Sedan,48000.0,Tự động,Đã sử dụng,Xăng
2025-10-23,2018,Peugeot 3008 1.6 AT,530000000.0,Nội địa,Hà Nội,Crossover,100000.0,Tự động,Đã sử dụng,Xăng
2025-10-23,2024,Kia K3 Luxury 1.6 AT,550000000.0,Nội địa,Lâm Đồng,Sedan,29000.0,Tự động,Đã sử dụng,Xăng
2025-10-23,2020,Toyota Corolla altis 1.8E AT,519000000.0,Nội địa,Hải Phòng,Sedan,80000.0,Tự động,Đã sử dụng,Xăng
2025-10-23,2017,Ford Transit Van,340000000.0,Nội địa,Hà Nội,Van/Minivan,170000.0,Số Tay,Đã sử dụng,Dầu diesel
2025-10-23,2024,Hyundai Custin Cao Cấp 2.0T,875000000.0,Nội địa,TP HCM,Van/Minivan,61000.0,Tự động,Đã sử dụng,Xăng
2025-10-23,2015,Ford Ranger Wildtrak 3.2L 4x4 AT,450000000.0,Nhập khẩu,Thái Nguyên,Bán tải / Pickup,14000.0,Tự động,Đã sử dụng,Dầu diesel
2025-10-23,2024,Honda CRV G,1000000000.0,Nội địa,Vĩnh Phúc,SUV,0.0,Tự động,Xe mới,Xăng
2025-10-23,2024,Hyundai Custin Cao Cấp 2.0T,860000000.0,Nội địa,TP HCM,Van/Minivan,30000.0,Tự động,Đã sử dụng,Xăng
2025-10-23,2020,Hyundai Kona 2.0 AT,468000000.0,Nội địa,Hải Phòng,Crossover,50000.0,Tự động,Đã sử dụng,Xăng
2025-10-23,2019,Toyota Fortuner 2.7V 4x2 AT,728000000.0,Nhập khẩu,Hà Nội,SUV,94000.0,Tự động,Đã sử dụng,Xăng
2025-10-23,2021,Hyundai Tucson 2.0 AT Đặc biệt,725000000.0,Nội địa,Hà Nội,Crossover,75000.0,Tự động,Đã sử dụng,Xăng
2025-10-23,2022,Kia Carnival Signature 2.2D,1000000000.0,Nội địa,Hưng Yên,Van/Minivan,54000.0,Tự động,Đã sử dụng,Dầu diesel
2025-10-23,2012,Kia Sorento GAT 2.4L 2WD,345000000.0,Nội địa,Đăk Lăk,SUV,124000.0,Tự động,Đã sử dụng,Xăng
2025-10-23,2021,Kia Morning MT,250000000.0,Nội địa,Hà Nội,Hatchback,14000.0,Số Tay,Đã sử dụng,Xăng
2025-10-23,2025,Ford Transit Van,985000000.0,Nội địa,TP HCM,Van/Minivan,0.0,Số Tay,Xe mới,Dầu diesel
2025-10-23,2016,Volkswagen Passat 1.8TSI,495000000.0,Nhập khẩu,Hà Nội,Sedan,100000.0,Tự động,Đã sử dụng,Xăng
2025-10-23,2019,Toyota Hiace 3.0,789000000.0,Nhập khẩu,Thái Bình,Van/Minivan,80000.0,Số Tay,Đã sử dụng,Dầu diesel
2025-10-23,2014,LandRover Range Rover Autobiography 3.0,2000000000.0,Nhập khẩu,Hà Nội,SUV,88000.0,Tự động,Đã sử dụng,Xăng
2025-10-23,2021,VinFast Lux A 2.0 2.0 AT,499000000.0,Nội địa,Hà Nội,Sedan,59000.0,Tự động,Đã sử dụng,Xăng
2025-10-23,2025,Toyota Corolla Cross 1.8V,752000000.0,Nhập khẩu,Hà Nội,SUV,0.0,Tự động,Xe mới,Xăng
2025-10-23,2025,Toyota Vios E CVT,428000000.0,Nội địa,Hà Nội,Sedan,0.0,Tự động,Xe mới,Xăng
2025-10-23,2020,Hyundai i10 Grand 1.2 AT,325000000.0,Nội địa,Bắc Ninh,Hatchback,4400.0,Tự động,Đã sử dụng,Xăng
2025-10-23,2020,Peugeot 3008 Allure 1.6 AT,620000000.0,Nội địa,Hà Nội,Crossover,30000.0,Tự động,Đã sử dụng,Xăng
2025-10-23,2024,Mazda CX 30 Premium 2.0 AT,698000000.0,Nhập khẩu,Hà Nội,Crossover,5000.0,Tự động,Đã sử dụng,Xăng
2025-10-23,2020,Mazda CX8 Premium AWD,759000000.0,Nội địa,TP HCM,SUV,70000.0,Tự động,Đã sử dụng,Xăng
2025-10-23,2022,Honda Civic RS 1.5 AT,749000000.0,Nhập khẩu,TP HCM,Sedan,60000.0,Tự động,Đã sử dụng,Xăng
2025-10-23,2022,Honda Civic G 1.5 AT,659000000.0,Nhập khẩu,TP HCM,Sedan,48000.0,Tự động,Đã sử dụng,Xăng
2025-10-23,2022,Mazda 3 1.5L Luxury,559000000.0,Nội địa,Hà Nội,Sedan,61000.0,Tự động,Đã sử dụng,Xăng
2025-10-23,2025,Hyundai Accent 1.5 AT,433000000.0,Nội địa,Hà Nội,Sedan,0.0,Tự động,Xe mới,Xăng
2025-10-23,2018,Toyota Camry 2.0E,675000000.0,Nội địa,Hà Nội,Sedan,90000.0,Tự động,Đã sử dụng,Xăng
2025-10-23,2021,Lexus RX 350L,3000000000.0,Nhập khẩu,Hà Nội,SUV,70000.0,Tự động,Đã sử dụng,Xăng
2025-10-23,2020,Mitsubishi Outlander 2.0 CVT Premium,662000000.0,Nội địa,Hà Nội,SUV,55000.0,Tự động,Đã sử dụng,Xăng
2025-10-23,2016,Mazda CX5 2.5 AT AWD,495000000.0,Nội địa,Hà Nội,SUV,90000.0,Tự động,Đã sử dụng,Xăng
2025-10-23,2013,Ford Focus S 2.0 AT,295000000.0,Nội địa,Hà Nội,Hatchback,73000.0,Tự động,Đã sử dụng,Xăng
2025-10-23,2022,Suzuki Super Carry Van Blind Van,238000000.0,Nội địa,Hà Nội,Van/Minivan,17000.0,Số Tay,Đã sử dụng,Xăng
2025-10-23,2013,Mazda 3 S 1.6 AT,295000000.0,Nội địa,Hà Nội,Sedan,160000.0,Tự động,Đã sử dụng,Xăng
2025-10-23,2017,Kia Sorento GAT,460000000.0,Nội địa,Hà Nội,SUV,90000.0,Tự động,Đã sử dụng,Xăng
2025-10-23,2021,Mitsubishi Xpander Cross 1.5 AT,500000000.0,Nhập khẩu,Hà Nội,SUV,51000.0,Tự động,Đã sử dụng,Xăng
2025-10-23,2011,Toyota Fortuner 2.7V 4x4 AT,286000000.0,Nội địa,Lạng Sơn,SUV,150000.0,Tự động,Đã sử dụng,Xăng
2025-10-23,2022,RAM 1500 Laramie Night Edition 5.7L 4x4 AT,4000000000.0,Nhập khẩu,TP HCM,Bán tải / Pickup,3000.0,Tự động,Đã sử dụng,Xăng
2025-10-23,2016,Mercedes Benz CLA class CLA 250 4Matic,599000000.0,Nhập khẩu,Hà Nội,Sedan,60000.0,Tự động,Đã sử dụng,Xăng
2025-10-23,2015,Toyota Fortuner 2.7V 4x2 AT,450000000.0,Nội địa,Hà Nội,SUV,108000.0,Tự động,Đã sử dụng,Xăng
2025-10-23,2022,Volkswagen Teramont Limited Edition 2.0 AT,1000000000.0,Nhập khẩu,TP HCM,SUV,5000.0,Tự động,Đã sử dụng,Xăng
2025-10-23,2022,Ford Everest Titanium 2.0L 4x2 AT,945000000.0,Nhập khẩu,Bình Thuận,SUV,40000.0,Tự động,Đã sử dụng,Dầu diesel
2025-10-23,2023,Hyundai i10 1.2 AT,375000000.0,Nội địa,Hà Nội,Hatchback,57000.0,Tự động,Đã sử dụng,Xăng
2025-10-23,2022,Lexus RX 300 F Sport,2000000000.0,Nhập khẩu,Hà Nội,SUV,38000.0,Tự động,Đã sử dụng,Xăng
2025-10-23,2019,Toyota Camry 2.5Q,816000000.0,Nhập khẩu,TP HCM,Sedan,90232.0,Tự động,Đã sử dụng,Xăng
2025-10-23,2018,Hyundai i10 Grand 1.2 MT,225000000.0,Nội địa,Vĩnh Phúc,Sedan,90000.0,Số Tay,Đã sử dụng,Xăng
2025-10-23,2022,Kia Seltos Premium 1.6 AT,615000000.0,Nội địa,Hà Tĩnh,Crossover,48000.0,Tự động,Đã sử dụng,Xăng
2025-10-23,2017,Ford Everest Titanium 2.2L 4x2 AT,690000000.0,Nhập khẩu,Quảng Ninh,SUV,110000.0,Tự động,Đã sử dụng,Dầu diesel
2025-10-23,2010,Toyota Yaris 1.3 AT,239000000.0,Nhập khẩu,Hà Nội,Hatchback,110000.0,Tự động,Đã sử dụng,Xăng
2025-10-23,2008,Hyundai i30 1.6 AT,169000000.0,Nhập khẩu,Bắc Ninh,Hatchback,170000.0,Tự động,Đã sử dụng,Xăng
2025-10-23,2022,Ford Ranger XLT 2.0L 4x4 AT,685000000.0,Nội địa,Quảng Ninh,Bán tải / Pickup,50000.0,Tự động,Đã sử dụng,Dầu diesel
2025-10-23,2023,Mitsubishi Xpander Premium 1.5 AT,559000000.0,Nhập khẩu,Đăk Lăk,SUV,25000.0,Tự động,Đã sử dụng,Xăng
2025-10-23,2014,Honda CRV 2.4 AT,469000000.0,Nội địa,Hà Nội,SUV,80000.0,Tự động,Đã sử dụng,Xăng
2025-10-23,2008,Honda Civic 2.0 AT,179000000.0,Nội địa,Hải Phòng,Sedan,90000.0,Tự động,Đã sử dụng,Xăng
2025-10-23,2015,LandRover Range Rover Sport HSE,1000000000.0,Nhập khẩu,Hà Nội,SUV,80465.0,Tự động,Đã sử dụng,Xăng
2025-10-23,2024,Lynk & Co 01 Hyper Pro,839000000.0,Nhập khẩu,Hà Nội,SUV,21000.0,Tự động,Đã sử dụng,Xăng
2025-10-23,2023,Toyota Land Cruiser 3.5 V6,5000000000.0,Nhập khẩu,Hà Nội,SUV,48000.0,Tự động,Đã sử dụng,Xăng
2025-10-23,2021,Isuzu Dmax LS 1.9L 4x2 AT,515000000.0,Nhập khẩu,Thái Nguyên,Bán tải / Pickup,75000.0,Tự động,Đã sử dụng,Dầu diesel
2025-10-23,2021,Ford Ranger XLS 2.2L 4x2 AT,550000000.0,Nhập khẩu,Hà Nội,Bán tải / Pickup,72000.0,Tự động,Đã sử dụng,Dầu diesel
2025-10-23,2025,Ford Ranger XLS 2.0L 4x2 AT,626000000.0,Nội địa,Hà Nội,Bán tải / Pickup,0.0,Tự động,Xe mới,Dầu diesel
2025-10-23,2022,Volvo XC90 Ultimate B6 AWD,3000000000.0,Nhập khẩu,Hà Nội,SUV,70000.0,Tự động,Đã sử dụng,Xăng
2025-10-23,2022,Hyundai Accent 1.4 AT Đặc Biệt,445000000.0,Nội địa,Vĩnh Phúc,Sedan,40000.0,Tự động,Đã sử dụng,Xăng
2025-10-23,2009,Toyota Fortuner 2.5G,320000000.0,Nội địa,Hải Phòng,SUV,150000.0,Số Tay,Đã sử dụng,Dầu diesel
2025-10-23,2022,Ford Ranger XLS 2.2L 4x2 AT,570000000.0,Nội địa,Tây Ninh,Bán tải / Pickup,48000.0,Tự động,Đã sử dụng,Dầu diesel
2025-10-23,2024,VinFast VF5 Plus,449000000.0,Nội địa,Hà Nội,SUV,51000.0,Tự động,Đã sử dụng,Điện
2025-10-23,2019,Toyota Innova 2.0G,525000000.0,Nội địa,Đồng Nai,Crossover,177000.0,Tự động,Đã sử dụng,Xăng
2025-10-23,2022,Ford Ranger Raptor 2.0L 4x4 AT,950000000.0,Nhập khẩu,Lâm Đồng,Bán tải / Pickup,72000.0,Tự động,Đã sử dụng,Dầu diesel
2025-10-23,2021,VinFast Fadil 1.4 AT Plus,328000000.0,Nội địa,Hải Phòng,Hatchback,52000.0,Tự động,Đã sử dụng,Xăng
2025-10-23,2020,Toyota Vios 1.5G,419000000.0,Nội địa,Hà Nội,Sedan,60000.0,Tự động,Đã sử dụng,Xăng
2025-10-23,2015,Honda CRV 2.4 AT,435000000.0,Nội địa,Thanh Hóa,SUV,110000.0,Tự động,Đã sử dụng,Xăng
2025-10-23,2021,Mercedes Benz GLC 300 4Matic,1000000000.0,Nội địa,Hải Phòng,SUV,36000.0,Tự động,Đã sử dụng,Xăng
2025-10-23,1998,Toyota Crown Super Saloon 3.0 AT 1998,1000000000.0,Nhập khẩu,Hải Phòng,Sedan,100000.0,Tự động,Đã sử dụng,Xăng
2025-10-23,2022,Kia K3 Luxury 1.6 AT,525000000.0,Nội địa,Hà Nội,Sedan,50000.0,Tự động,Đã sử dụng,Xăng
2025-10-23,2021,Honda Civic G 1.8 AT,589000000.0,Nhập khẩu,Hà Nội,Sedan,80000.0,Tự động,Đã sử dụng,Xăng
2025-10-23,2020,Hyundai Accent 1.4 AT Đặc Biệt,420000000.0,Nội địa,Hà Nội,Sedan,40000.0,Tự động,Đã sử dụng,Xăng
2025-10-23,2019,Mercedes Benz Maybach S450 4Matic,4000000000.0,Nhập khẩu,Hà Nội,Sedan,19999.0,Tự động,Đã sử dụng,Xăng
2025-10-23,2022,Hyundai Accent 1.4 AT Đặc Biệt,455000000.0,Nội địa,Quảng Ninh,Sedan,28000.0,Tự động,Đã sử dụng,Xăng
2025-10-23,2016,Toyota Hilux 3.0G 4x4 MT,565000000.0,Nhập khẩu,Sơn La,Bán tải / Pickup,90999.0,Số Tay,Đã sử dụng,Dầu diesel
2025-10-23,2021,Kia Seltos Deluxe 1.4 AT,460000000.0,Nội địa,Hà Nội,Crossover,80000.0,Tự động,Đã sử dụng,Xăng
2025-10-23,2023,Mercedes Benz S class S450 4Matic Luxury,5000000000.0,Nhập khẩu,Khánh Hòa,Sedan,17000.0,Tự động,Đã sử dụng,Xăng
2025-10-23,2024,Mitsubishi Xpander Premium 1.5 AT,580000000.0,Nhập khẩu,TP HCM,SUV,22000.0,Tự động,Đã sử dụng,Xăng
2025-10-23,2023,Honda City RS 1.5 AT,490000000.0,Nội địa,Đà Nẵng,Sedan,57000.0,Tự động,Đã sử dụng,Xăng
2025-10-23,2015,Hyundai SantaFe 2.4L 4WD,555000000.0,Nội địa,Hà Nội,SUV,91236.0,Tự động,Đã sử dụng,Xăng
2025-10-23,2023,Ford Everest Titanium 2.0L 4x2 AT,1000000000.0,Nhập khẩu,TP HCM,SUV,15000.0,Tự động,Đã sử dụng,Dầu diesel
2025-10-23,2024,Kia Sportage Premium 2.0G,810000000.0,Nội địa,Hà Nội,Crossover,2600.0,Tự động,Đã sử dụng,Xăng
2025-10-23,2023,Ford Everest Titanium 2.0L 4x2 AT,1000000000.0,Nhập khẩu,Hà Nội,SUV,54000.0,Tự động,Đã sử dụng,Dầu diesel
2025-10-23,2024,Hyundai Tucson 2.0 AT Đặc biệt,845000000.0,Nội địa,Hà Nội,Crossover,12000.0,Tự động,Đã sử dụng,Xăng
2025-10-23,2014,Toyota Innova 2.0E,287000000.0,Nội địa,Lâm Đồng,Crossover,132000.0,Số Tay,Đã sử dụng,Xăng
2025-10-23,2007,Bentley Continental GTC,2000000000.0,Nhập khẩu,TP HCM,Convertible/Cabriolet,50000.0,Tự động,Đã sử dụng,Xăng
2025-10-23,2023,Ford Everest Titanium Plus 2.0L 4x4 AT,1000000000.0,Nhập khẩu,Hà Nội,SUV,37000.0,Tự động,Đã sử dụng,Dầu diesel
2025-10-23,2024,Hyundai Accent Cao cấp 1.5 AT,525000000.0,Nội địa,Hà Nội,Sedan,10000.0,Tự động,Đã sử dụng,Xăng
2025-10-23,2021,Honda City RS 1.5 AT,434000000.0,Nội địa,Bình Dương,Sedan,76000.0,Tự động,Đã sử dụng,Xăng
2025-10-23,2019,Ford EcoSport Titanium 1.0 EcoBoost,385000000.0,Nội địa,Hà Nội,SUV,50000.0,Tự động,Đã sử dụng,Xăng
2025-10-23,2014,Toyota Corolla altis 1.8G AT,395000000.0,Nội địa,Hà Nội,Sedan,130000.0,Tự động,Đã sử dụng,Xăng
2025-10-23,2022,Ford Transit Limousine,830000000.0,Nội địa,Hà Nội,Van/Minivan,11000.0,Số Tay,Đã sử dụng,Dầu diesel
2025-10-23,2024,VinFast VF3 Plus,229000000.0,Nội địa,Hà Nội,Hatchback,9000.0,Tự động,Đã sử dụng,Điện
2025-10-23,2020,Hyundai SantaFe Premium 2.2L HTRAC,869000000.0,Nội địa,Hà Nội,SUV,60000.0,Tự động,Đã sử dụng,Dầu diesel
2025-10-23,2022,Ford Everest Titanium Plus 2.0L 4x4 AT,1000000000.0,Nhập khẩu,Hà Nội,SUV,50000.0,Tự động,Đã sử dụng,Dầu diesel
2025-10-23,2011,Ford Focus 1.8 AT,180000000.0,Nội địa,Hà Nội,Hatchback,100000.0,Tự động,Đã sử dụng,Xăng
2025-10-23,2016,Toyota Vios 1.5G,338000000.0,Nội địa,Hà Tĩnh,Sedan,110000.0,Tự động,Đã sử dụng,Xăng
2025-10-23,2023,Ford Everest Titanium 2.0L 4x2 AT,1000000000.0,Nhập khẩu,Hà Nội,SUV,27356.0,Tự động,Đã sử dụng,Dầu diesel
2025-10-23,2019,Mazda 3 1.5L Luxury,445000000.0,Nội địa,Hà Nội,Sedan,90000.0,Tự động,Đã sử dụng,Xăng
2025-10-23,2023,Mazda CX5 Premium Sport 2.0 AT,785000000.0,Nội địa,Hà Nội,SUV,38000.0,Tự động,Đã sử dụng,Xăng
2025-10-23,2022,Kia Sportage Signature X,859000000.0,Nội địa,Hà Nội,Crossover,46000.0,Tự động,Đã sử dụng,Xăng
2025-10-23,2024,Hyundai Custin Cao Cấp 2.0T,900000000.0,Nội địa,Hà Nội,Van/Minivan,20000.0,Tự động,Đã sử dụng,Xăng
2025-10-23,2021,Kia Soluto 1.4 AT Deluxe,333000000.0,Nội địa,Hà Nội,Sedan,70000.0,Tự động,Đã sử dụng,Xăng
2025-10-23,2025,Hyundai i10 1.2 AT,415000000.0,Nội địa,Hải Phòng,Hatchback,0.0,Tự động,Xe mới,Xăng
2025-10-23,2025,Mazda CX5 Premium Exclusive 2.0 AT,879000000.0,Nội địa,Thanh Hóa,SUV,0.0,Tự động,Xe mới,Xăng
2025-10-23,2017,Mercedes Benz S class S450L,1000000000.0,Nội địa,TP HCM,Sedan,58000.0,Tự động,Đã sử dụng,Xăng
2025-10-23,2022,VinFast Fadil Nâng cao 1.4 AT,345000000.0,Nội địa,Vĩnh Phúc,Hatchback,37000.0,Tự động,Đã sử dụng,Xăng
2025-10-23,2011,Honda Civic 1.8 AT,255000000.0,Nội địa,Hà Nội,Sedan,100000.0,Tự động,Đã sử dụng,Xăng
2025-10-23,2010,Lexus RX 350 AWD,740000000.0,Nhập khẩu,Hà Nội,SUV,100000.0,Tự động,Đã sử dụng,Xăng
2025-10-23,2022,Mitsubishi Outlander Premium 2.0 CVT,725000000.0,Nội địa,Hà Nội,SUV,140000.0,Tự động,Đã sử dụng,Xăng
2025-10-23,2018,Mercedes Benz C class C200,739000000.0,Nội địa,Hà Nội,Sedan,55000.0,Tự động,Đã sử dụng,Xăng
2025-10-23,2016,Mazda CX5 2.5 AT AWD,465000000.0,Nội địa,Hà Nội,SUV,95000.0,Tự động,Đã sử dụng,Xăng
2025-10-23,2018,Mercedes Benz GLS 400 4Matic,1000000000.0,Nhập khẩu,Hà Nội,SUV,55000.0,Tự động,Đã sử dụng,Xăng
2025-10-23,2022,Mercedes Benz GLS 450 4Matic,3000000000.0,Nhập khẩu,Hà Nội,SUV,35999.0,Tự động,Đã sử dụng,Xăng
2025-10-23,2025,Toyota Corolla Cross 1.8HEV,875000000.0,Nhập khẩu,Hà Nội,SUV,0.0,Tự động,Xe mới,Hybrid
2025-10-23,2015,LandRover Range Rover Vogue 3.0,2000000000.0,Nhập khẩu,Hà Nội,SUV,150000.0,Tự động,Đã sử dụng,Xăng
2025-10-23,2020,Hyundai SantaFe Premium 2.2L HTRAC,858000000.0,Nội địa,Hưng Yên,SUV,62988.0,Tự động,Đã sử dụng,Dầu diesel
2025-10-23,2016,Hyundai SantaFe 2.2L 4WD,625000000.0,Nội địa,Hà Nội,SUV,90000.0,Tự động,Đã sử dụng,Dầu diesel
2025-10-23,2018,Toyota Prado VX 2.7L,1000000000.0,Nhập khẩu,Hà Nội,SUV,160000.0,Tự động,Đã sử dụng,Xăng
2025-10-23,2021,Audi Q8 55 TFSI S,2000000000.0,Nhập khẩu,TP HCM,SUV,23000.0,Tự động,Đã sử dụng,Xăng
2025-10-23,2023,Honda City RS 1.5 AT,535000000.0,Nội địa,TP HCM,Sedan,18000.0,Tự động,Đã sử dụng,Xăng
2025-10-23,2020,Peugeot 3008 Allure 1.6 AT,645000000.0,Nội địa,Hà Nội,Crossover,31000.0,Tự động,Đã sử dụng,Xăng
2025-10-23,2015,Mercedes Benz C class C250 Exclusive,560000000.0,Nội địa,Đà Nẵng,Sedan,93000.0,Tự động,Đã sử dụng,Xăng
2025-10-23,2012,Honda CRV 2.4 AT,348000000.0,Nội địa,TP HCM,SUV,87000.0,Tự động,Đã sử dụng,Xăng
2025-10-23,2023,Ford Territory Titanium X 1.5 AT,805000000.0,Nội địa,TP HCM,SUV,26000.0,Tự động,Đã sử dụng,Xăng
2025-10-23,2015,Mercedes Benz C class C250 AMG,590000000.0,Nội địa,Hà Nội,Sedan,110000.0,Tự động,Đã sử dụng,Xăng
2025-10-23,2016,Toyota Camry 2.0E,450000000.0,Nội địa,Vĩnh Phúc,Sedan,120000.0,Tự động,Đã sử dụng,Xăng
2025-10-23,2023,Mini Cooper S 5 Door,1000000000.0,Nhập khẩu,Hà Nội,Hatchback,5888.0,Tự động,Đã sử dụng,Xăng
2025-10-23,2025,VinFast VF3 Plus,235000000.0,Nội địa,Hà Nội,Hatchback,2000.0,Tự động,Đã sử dụng,Điện
2025-10-23,2013,Toyota Fortuner 2.7V 4x2 AT,365000000.0,Nội địa,Hà Nội,SUV,120000.0,Tự động,Đã sử dụng,Xăng
2025-10-23,2018,Mitsubishi Outlander 2.0 CVT,498000000.0,Nội địa,Đà Nẵng,SUV,90800.0,Tự động,Đã sử dụng,Xăng
2025-10-23,2016,Toyota Fortuner 2.5G,496000000.0,Nội địa,TP HCM,SUV,178000.0,Số Tay,Đã sử dụng,Dầu diesel
2025-10-23,2022,Kia Sonet Deluxe 1.5 AT,468000000.0,Nội địa,Hải Phòng,Crossover,20000.0,Tự động,Đã sử dụng,Xăng
2025-10-23,2022,Kia Morning AT,348000000.0,Nội địa,Phú Thọ,Hatchback,28000.0,Tự động,Đã sử dụng,Xăng
2025-10-23,2024,MG HS 1.5T LUX,609000000.0,Nhập khẩu,TP HCM,Crossover,11000.0,Tự động,Đã sử dụng,Xăng
2025-10-23,2015,Lexus LX 570,3000000000.0,Nhập khẩu,TP HCM,SUV,115000.0,Tự động,Đã sử dụng,Xăng
2025-10-23,2025,MG HS 1.5T LUX,590000000.0,Nhập khẩu,Hà Nội,Crossover,0.0,Tự động,Xe mới,Xăng
2025-10-23,2023,Lexus LX 600 F,8000000000.0,Nhập khẩu,Hà Nội,SUV,44000.0,Tự động,Đã sử dụng,Xăng
2025-10-23,2025,Toyota Raize G 1.0 CVT,500000000.0,Nhập khẩu,Hà Nội,SUV,0.0,Tự động,Xe mới,Xăng
2025-10-23,2025,Mazda 2 Luxury,490000000.0,Nhập khẩu,TP HCM,Sedan,0.0,Tự động,Xe mới,Xăng
2025-10-23,2020,Lexus ES 250,1000000000.0,Nhập khẩu,Hà Nội,Sedan,63000.0,Tự động,Đã sử dụng,Xăng
2025-10-23,2018,Mitsubishi Outlander 2.4 CVT Premium,539000000.0,Nội địa,Hà Nội,SUV,76583.0,Tự động,Đã sử dụng,Xăng
2025-10-23,2024,MG ZS Standard 1.5 AT 2WD,439000000.0,Nhập khẩu,Hà Nội,Crossover,15000.0,Tự động,Đã sử dụng,Xăng
2025-10-23,2016,Toyota Prado TXL 2.7L,1000000000.0,Nhập khẩu,TP HCM,SUV,87000.0,Tự động,Đã sử dụng,Xăng
2025-10-23,2023,VinFast VF8 Eco AWD,750000000.0,Nội địa,Hà Nội,SUV,55000.0,Tự động,Đã sử dụng,Điện
2025-10-23,2022,Hyundai Accent 1.4 MT Tiêu Chuẩn,340000000.0,Nội địa,Hà Nội,Sedan,39000.0,Số Tay,Đã sử dụng,Xăng
2025-10-23,2014,Mazda 3 S 1.6 AT,299000000.0,Nội địa,Hà Nội,Sedan,102000.0,Tự động,Đã sử dụng,Xăng
2025-10-23,2024,Kia Sorento Signature 2.2 AT AWD,1000000000.0,Nội địa,Hải Phòng,SUV,22000.0,Tự động,Đã sử dụng,Dầu diesel
2025-10-23,2022,Toyota Corolla altis 1.8HEV,705000000.0,Nhập khẩu,Ninh Bình,Sedan,20151.0,Tự động,Đã sử dụng,Hybrid
2025-10-23,2022,Lexus RX 300 F Sport,3000000000.0,Nhập khẩu,TP HCM,SUV,42000.0,Tự động,Đã sử dụng,Xăng
2025-10-23,2016,Hyundai Grand Starex 2.5 MT,460000000.0,Nhập khẩu,Hà Nội,Van/Minivan,158497.0,Số Tay,Đã sử dụng,Dầu diesel
2025-10-23,2025,Toyota Hilux 2.4L 4x2 AT,650000000.0,Nhập khẩu,Hà Nội,Bán tải / Pickup,0.0,Tự động,Xe mới,Dầu diesel
2025-10-23,2023,Mazda 3 1.5L Deluxe,545000000.0,Nội địa,Vĩnh Phúc,Sedan,23000.0,Tự động,Đã sử dụng,Xăng
2025-10-23,2021,Honda Brio RS,350000000.0,Nhập khẩu,Quảng Ngãi,Hatchback,30000.0,Tự động,Đã sử dụng,Xăng
2025-10-23,2022,VinFast Lux SA 2.0 Nâng cao,725000000.0,Nội địa,TP HCM,SUV,23.0,Tự động,Đã sử dụng,Xăng
2025-10-23,2011,Chevrolet Camaro RS 3.6 V6,1000000000.0,Nhập khẩu,TP HCM,Coupe,50000.0,Tự động,Đã sử dụng,Xăng
2025-10-23,2016,Mercedes Benz C class C200,555000000.0,Nội địa,Hà Nội,Sedan,80000.0,Tự động,Đã sử dụng,Xăng
2025-10-23,2023,Mercedes Benz GLC 300 4Matic,2000000000.0,Nội địa,TP HCM,SUV,9000.0,Tự động,Đã sử dụng,Hybrid
2025-10-23,2016,Mercedes Benz CLA class CLA 200,555000000.0,Nhập khẩu,Hà Nội,Sedan,71000.0,Tự động,Đã sử dụng,Xăng
2025-10-23,2022,VinFast VF e34 AT,425000000.0,Nội địa,TP HCM,Crossover,59000.0,Tự động,Đã sử dụng,Điện
2025-10-23,2025,VinFast VF5 Plus,445000000.0,Nội địa,TP HCM,SUV,12000.0,Tự động,Đã sử dụng,Điện
2025-10-23,2023,Mitsubishi Xpander 1.5 AT,495000000.0,Nhập khẩu,TP HCM,SUV,45000.0,Tự động,Đã sử dụng,Xăng
2025-10-23,2024,VinFast VF9 Plus,1000000000.0,Nội địa,TP HCM,SUV,8000.0,Tự động,Đã sử dụng,Điện
2025-10-23,2014,Kia Sorento GATH 2.4L 2WD,395000000.0,Nội địa,TP HCM,SUV,95000.0,Tự động,Đã sử dụng,Xăng
2025-10-23,2016,Kia Rio 1.4 MT,245000000.0,Nhập khẩu,Bình Dương,Sedan,76000.0,Số Tay,Đã sử dụng,Xăng
2025-10-23,2025,Ford Ranger Wildtrak 2.0L 4x4 AT,846000000.0,Nội địa,Hà Nội,Bán tải / Pickup,0.0,Tự động,Xe mới,Dầu diesel
2025-10-23,2019,Toyota Vios 1.5G,370000000.0,Nội địa,Thanh Hóa,Sedan,60.0,Tự động,Đã sử dụng,Xăng
2025-10-23,2024,Toyota Veloz Cross 1.5 CVT,565000000.0,Nội địa,Gia Lai,SUV,35000.0,Tự động,Đã sử dụng,Xăng
2025-10-23,2022,Mitsubishi Outlander 2.0 CVT,695000000.0,Nội địa,TP HCM,SUV,10000.0,Tự động,Đã sử dụng,Xăng
2025-10-23,2019,Toyota Hilux 2.4E 4x2 AT,576000000.0,Nhập khẩu,TP HCM,Bán tải / Pickup,76000.0,Tự động,Đã sử dụng,Dầu diesel
2025-10-23,2025,Kia Sportage Premium 2.0G,840000000.0,Nội địa,Hà Nội,Crossover,6000.0,Tự động,Đã sử dụng,Xăng
2025-10-23,2021,VinFast Fadil 1.4 AT,295000000.0,Nội địa,Quảng Ninh,Hatchback,83000.0,Tự động,Đã sử dụng,Xăng
2025-10-23,2016,Kia Morning 1.0 MT,145000000.0,Nội địa,TP HCM,Hatchback,85000.0,Số Tay,Đã sử dụng,Xăng
2025-10-23,2016,Honda City 1.5 AT,305000000.0,Nội địa,Hà Nội,Sedan,100000.0,Tự động,Đã sử dụng,Xăng
2025-10-23,2024,VinFast VF8 Plus AWD,900000000.0,Nội địa,Hà Nội,SUV,18.0,Tự động,Đã sử dụng,Điện
2025-10-23,2023,Hyundai Tucson 2.0 AT Đặc biệt,799000000.0,Nội địa,Hà Nội,Crossover,30000.0,Tự động,Đã sử dụng,Xăng
2025-10-23,2025,Mazda 3 1.5L Sport Luxury,614000000.0,Nội địa,TP HCM,Hatchback,0.0,Tự động,Xe mới,Xăng
2025-10-23,2022,Kia K3 Premium 1.6 AT,545000000.0,Nội địa,Hà Nội,Sedan,30000.0,Tự động,Đã sử dụng,Xăng
2025-10-23,2023,Ford Everest Titanium 2.0L 4x2 AT,1000000000.0,Nhập khẩu,Hà Nội,SUV,40000.0,Tự động,Đã sử dụng,Dầu diesel
2025-10-23,2023,Kia Sonet Luxury 1.5 AT,530000000.0,Nội địa,Hà Nội,Crossover,40000.0,Tự động,Đã sử dụng,Xăng
2025-10-23,2025,Geely Coolray Flagship,598000000.0,Nhập khẩu,Hải Dương,SUV,0.0,Tự động,Xe mới,Xăng
2025-10-23,2010,Toyota Corolla altis 1.8G MT,210000000.0,Nội địa,Ninh Bình,Sedan,15000.0,Số Tay,Đã sử dụng,Xăng
2025-10-23,2018,Toyota Hilux 2.4E 4x2 AT,525000000.0,Nhập khẩu,Hà Nội,Bán tải / Pickup,150000.0,Tự động,Đã sử dụng,Dầu diesel
2025-10-23,2025,Kia Seltos 1.5 AT,583000000.0,Nội địa,Vĩnh Phúc,Crossover,10000.0,Tự động,Đã sử dụng,Xăng
2025-10-23,2023,MG ZS Luxury 1.5 AT 2WD,480000000.0,Nhập khẩu,Hà Nội,Crossover,26000.0,Tự động,Đã sử dụng,Xăng
2025-10-23,2024,Mercedes Benz GLC 300 4Matic,2000000000.0,Nội địa,TP HCM,SUV,10000.0,Tự động,Đã sử dụng,Hybrid
2025-10-23,2021,Mercedes Benz GLC 200 4Matic,1000000000.0,Nội địa,TP HCM,SUV,53000.0,Tự động,Đã sử dụng,Xăng
2025-10-23,2022,Suzuki Swift GLX 1.2 AT,515000000.0,Nhập khẩu,Hà Nội,Hatchback,42000.0,Tự động,Đã sử dụng,Xăng
2025-10-23,2022,Hyundai Elantra 1.6 AT Đặc biệt,550000000.0,Nội địa,Hà Nội,Sedan,20000.0,Tự động,Đã sử dụng,Xăng
2025-10-23,2023,Subaru Outback 2.5i,1000000000.0,Nhập khẩu,TP HCM,SUV,0.0,Tự động,Xe mới,Xăng
2025-10-23,2022,VinFast Fadil Tiêu chuẩn 1.4 AT,327000000.0,Nội địa,TP HCM,Hatchback,22000.0,Tự động,Đã sử dụng,Xăng
2025-10-23,2022,Kia Sorento Signature 2.5 AT AWD,945000000.0,Nội địa,Hà Nội,SUV,36000.0,Tự động,Đã sử dụng,Xăng
2025-10-23,2022,Toyota Vios G 1.5 CVT,425000000.0,Nội địa,Hà Nội,Sedan,70000.0,Tự động,Đã sử dụng,Xăng
2025-10-23,2025,Hyundai Tucson 1.6 AT Turbo HTRAC Đặc biệt,950000000.0,Nội địa,Hà Nội,Crossover,3500.0,Tự động,Đã sử dụng,Xăng
2025-10-23,2023,Mitsubishi Xpander 1.5 AT,505000000.0,Nhập khẩu,TP HCM,SUV,61000.0,Tự động,Đã sử dụng,Xăng
2025-10-23,2018,Ford EcoSport Titanium 1.0 EcoBoost,340000000.0,Nội địa,TP HCM,SUV,73000.0,Tự động,Đã sử dụng,Xăng
2025-10-23,2009,Toyota Venza 3.5 AWD,400000000.0,Nhập khẩu,TP HCM,Crossover,68000.0,Tự động,Đã sử dụng,Xăng
2025-10-23,2020,Mitsubishi Xpander 1.5 AT,440000000.0,Nhập khẩu,TP HCM,SUV,63000.0,Tự động,Đã sử dụng,Xăng
2025-10-23,2019,Kenbo Van 650Kg,148000000.0,Nội địa,Đồng Nai,Van/Minivan,68000.0,Số Tay,Đã sử dụng,Xăng
2025-10-23,2021,Toyota Vios G 1.5 CVT,450000000.0,Nội địa,Đăk Lăk,Sedan,48140.0,Tự động,Đã sử dụng,Xăng
2025-10-23,2025,VinFast VF8 Plus AWD,999000000.0,Nội địa,Hà Nội,SUV,0.0,Tự động,Xe mới,Điện
2025-10-23,2021,Kia Seltos Premium 1.4 AT,585000000.0,Nội địa,Quảng Ninh,Crossover,50000.0,Tự động,Đã sử dụng,Xăng
2025-10-23,2015,Kia Morning 1.0 AT Sport,219000000.0,Nhập khẩu,Hà Nội,Hatchback,150000.0,Tự động,Đã sử dụng,Xăng
2025-10-23,2023,Mazda 3 1.5L Luxury,585000000.0,Nội địa,Hải Phòng,Sedan,12000.0,Tự động,Đã sử dụng,Xăng
2025-10-23,2017,Ford Ranger XLS 2.2L 4x2 AT,419000000.0,Nhập khẩu,Hà Nội,Bán tải / Pickup,110000.0,Tự động,Đã sử dụng,Dầu diesel
2025-10-23,2020,Hyundai Tucson 2.0 ATH,630000000.0,Nội địa,Hà Nội,Crossover,48000.0,Tự động,Đã sử dụng,Xăng
2025-10-23,2014,Mazda CX5 2.0 AT,390000000.0,Nội địa,TP HCM,SUV,90000.0,Tự động,Đã sử dụng,Xăng
2025-10-23,2009,Kia Carens SX 2.0 AT,175000000.0,Nội địa,Hà Nội,Crossover,180000.0,Tự động,Đã sử dụng,Xăng
2025-10-23,2018,Bentley Mulsanne EWB,7000000000.0,Nhập khẩu,Hà Nội,Sedan,29000.0,Tự động,Đã sử dụng,Xăng
2025-10-23,2019,VinFast Lux A 2.0 Plus 2.0 AT,549000000.0,Nội địa,Hà Nội,Sedan,33000.0,Tự động,Đã sử dụng,Xăng
2025-10-23,2017,Ford Ranger XLS 2.2L 4x2 AT,438000000.0,Nhập khẩu,Hà Nội,Bán tải / Pickup,120000.0,Tự động,Đã sử dụng,Dầu diesel
2025-10-23,2021,Kia Morning X,346000000.0,Nội địa,Lâm Đồng,Hatchback,58000.0,Tự động,Đã sử dụng,Xăng
2025-10-23,2025,Toyota Yaris Cross 1.5 D,598000000.0,Nhập khẩu,Hà Nội,SUV,0.0,Tự động,Xe mới,Xăng
2025-10-23,2020,Hyundai Elantra 2.0 AT,469000000.0,Nội địa,Hà Nội,Sedan,43000.0,Tự động,Đã sử dụng,Xăng
2025-10-23,2025,Mitsubishi Xforce GLX,564000000.0,Nhập khẩu,TP HCM,SUV,0.0,Tự động,Xe mới,Xăng
2025-10-23,2017,Ford EcoSport Titanium 1.5L AT,335000000.0,Nội địa,Hà Nội,SUV,90000.0,Tự động,Đã sử dụng,Xăng
2025-10-23,2019,Mitsubishi Outlander 2.0 CVT Premium,625000000.0,Nội địa,Hà Nội,SUV,80000.0,Tự động,Đã sử dụng,Xăng
2025-10-23,2025,Toyota Yaris Cross HEV 1.5 CVT,732000000.0,Nhập khẩu,TP HCM,SUV,0.0,Tự động,Xe mới,Hybrid
2025-10-23,2016,Mazda 3 1.5 AT,375000000.0,Nội địa,Hà Nội,Sedan,80000.0,Tự động,Đã sử dụng,Xăng
2025-10-23,2018,Mazda CX5 2.5 AT 2WD,570000000.0,Nội địa,Hà Nội,SUV,80000.0,Tự động,Đã sử dụng,Xăng
2025-10-23,2022,Mitsubishi Outlander 2.0 CVT,675000000.0,Nội địa,Hà Nội,SUV,50000.0,Tự động,Đã sử dụng,Xăng
2025-10-23,2025,VinFast Limo Green AT,715000000.0,Nội địa,Hà Nội,SUV,0.0,Tự động,Xe mới,Điện
2025-10-23,2024,VinFast VF8 Plus AWD,975000000.0,Nội địa,Hà Nội,SUV,18000.0,Tự động,Đã sử dụng,Điện
2025-10-23,2011,Porsche Cayenne 3.6 V6,1000000000.0,Nhập khẩu,Hà Nội,SUV,110000.0,Tự động,Đã sử dụng,Xăng
2025-10-23,2012,Toyota Corolla altis 2.0V,325000000.0,Nội địa,Vĩnh Phúc,Sedan,100000.0,Tự động,Đã sử dụng,Xăng
2025-10-23,2018,Toyota Yaris 1.5G,432000000.0,Nhập khẩu,Hà Nội,Hatchback,63000.0,Tự động,Đã sử dụng,Xăng
2025-10-23,2023,Hyundai Elantra N,628000000.0,Nội địa,TP HCM,Sedan,23000.0,Tự động,Đã sử dụng,Xăng
2025-10-23,2024,Mercedes Benz Maybach S450 4Matic,7000000000.0,Nhập khẩu,Hà Nội,Sedan,0.0,Tự động,Xe mới,Xăng
2025-10-23,2018,Suzuki Ciaz 1.4 AT,300000000.0,Nhập khẩu,TP HCM,Sedan,81000.0,Tự động,Đã sử dụng,Xăng
2025-10-23,2023,Hyundai Accent 1.4 AT Đặc Biệt,479000000.0,Nội địa,Thái Nguyên,Sedan,58000.0,Tự động,Đã sử dụng,Xăng
2025-10-23,2025,BMW X5 xDrive40i M Sport,4000000000.0,Nội địa,Hà Nội,SUV,0.0,Tự động,Xe mới,Xăng
2025-10-23,2020,Ford Ranger XLS 2.2L 4x2 AT,518000000.0,Nhập khẩu,Hà Nội,Bán tải / Pickup,76000.0,Tự động,Đã sử dụng,Dầu diesel
2025-10-23,2020,Mazda CX5 2.0 Deluxe,625000000.0,Nội địa,Bà Rịa Vũng Tàu,SUV,57000.0,Tự động,Đã sử dụng,Xăng
2025-10-23,2016,Ford EcoSport Titanium 1.5L AT,290000000.0,Nội địa,Bà Rịa Vũng Tàu,SUV,70000.0,Tự động,Đã sử dụng,Xăng
2025-10-23,2013,Hyundai Tucson 2.4 AT Limited,390000000.0,Nhập khẩu,Bà Rịa Vũng Tàu,Crossover,97000.0,Tự động,Đã sử dụng,Xăng
2025-10-23,2019,Hyundai SantaFe Premium 2.4L HTRAC,720000000.0,Nội địa,Bà Rịa Vũng Tàu,SUV,83000.0,Tự động,Đã sử dụng,Xăng
2025-10-23,2022,Hyundai Accent 1.4 AT Đặc Biệt,445000000.0,Nội địa,Bà Rịa Vũng Tàu,Sedan,44000.0,Tự động,Đã sử dụng,Xăng
2025-10-23,2025,VinFast VF3 Plus,272000000.0,Nội địa,Hà Nội,Hatchback,0.0,Tự động,Xe mới,Điện
2025-10-23,2016,Hyundai HD 72,650000000.0,Nội địa,Bắc Ninh,Truck,7800.0,Số Tay,Đã sử dụng,Dầu diesel
2025-10-23,2021,Mercedes Benz E class E180,1000000000.0,Nội địa,TP HCM,Sedan,35000.0,Tự động,Đã sử dụng,Xăng
2025-10-23,2020,Lexus LX 570 Super Sport,7000000000.0,Nhập khẩu,Hà Nội,SUV,50000.0,Tự động,Đã sử dụng,Xăng
2025-10-23,2017,Mercedes Benz C class C300 AMG,789000000.0,Nội địa,TP HCM,Sedan,51000.0,Tự động,Đã sử dụng,Xăng
2025-10-23,2023,Volkswagen Tiguan Allspace,1000000000.0,Nhập khẩu,TP HCM,SUV,6500.0,Tự động,Đã sử dụng,Xăng
2025-10-23,2025,Toyota Fortuner 2.4L 4x2 AT,998000000.0,Nội địa,Hà Nội,SUV,0.0,Tự động,Xe mới,Dầu diesel
2025-10-23,2021,Subaru Forester 2.0i,765000000.0,Nhập khẩu,Hà Nội,SUV,81000.0,Tự động,Đã sử dụng,Xăng
2025-10-23,2025,VinFast VF5 Plus,497000000.0,Nội địa,Hà Nội,SUV,0.0,Tự động,Xe mới,Điện
2025-10-23,2017,Nissan X trail 2.5 SV 4WD PREMIUM,529000000.0,Nội địa,Hà Nội,SUV,73000.0,Tự động,Đã sử dụng,Xăng
2025-10-23,2014,Toyota Yaris 1.3E,309000000.0,Nhập khẩu,Hà Nội,Hatchback,110000.0,Tự động,Đã sử dụng,Xăng
2025-10-23,2018,Ford Ranger Wildtrak 2.0L 4x4 AT,565000000.0,Nhập khẩu,Hà Nội,Bán tải / Pickup,88000.0,Tự động,Đã sử dụng,Dầu diesel
2025-10-23,2014,Mazda 3 S 1.6 AT,285000000.0,Nội địa,Hà Nội,Sedan,82000.0,Tự động,Đã sử dụng,Xăng
2025-10-23,2018,Kia Cerato 1.6 MT,348000000.0,Nội địa,Hà Nội,Sedan,108000.0,Số Tay,Đã sử dụng,Xăng
2025-10-23,2022,Toyota Corolla Cross 1.8G,670000000.0,Nhập khẩu,Hà Nội,SUV,29000.0,Tự động,Đã sử dụng,Xăng
2025-10-23,2019,Toyota Hilux 2.4E 4x2 AT,550000000.0,Nhập khẩu,Hà Nội,Bán tải / Pickup,100000.0,Tự động,Đã sử dụng,Dầu diesel
2025-10-23,2020,VinFast Fadil 1.4 AT Premium,296000000.0,Nội địa,Hà Nội,Hatchback,49500.0,Tự động,Đã sử dụng,Xăng
2025-10-23,2018,Mercedes Benz S class Maybach S650,6000000000.0,Nhập khẩu,TP HCM,Sedan,25000.0,Tự động,Đã sử dụng,Xăng
2025-10-23,2019,Mazda 6 Premium 2.0 AT,530000000.0,Nội địa,Hà Nội,Sedan,90000.0,Tự động,Đã sử dụng,Xăng
2025-10-23,2006,Isuzu Hi lander V,145000000.0,Nội địa,Cần Thơ,SUV,135000.0,Số Tay,Đã sử dụng,Dầu diesel
2025-10-23,2018,Toyota Fortuner 2.7V 4x2 AT,725000000.0,Nhập khẩu,Hà Nội,SUV,59000.0,Tự động,Đã sử dụng,Xăng
2025-10-23,2025,Mitsubishi Attrage 1.2 MT,330000000.0,Nhập khẩu,Hà Nội,Sedan,0.0,Số Tay,Xe mới,Xăng
2025-10-23,2018,Toyota Camry 2.0E,665000000.0,Nội địa,Hà Nội,Sedan,91000.0,Tự động,Đã sử dụng,Xăng
2025-10-23,2025,Ford Ranger XLS 2.0L 4x2 AT,615000000.0,Nội địa,Hà Nội,Bán tải / Pickup,0.0,Tự động,Xe mới,Dầu diesel
2025-10-23,2023,Mercedes Benz C class C200 Avantgarde,1000000000.0,Nội địa,Hà Nội,Sedan,19191.0,Tự động,Đã sử dụng,Xăng
2025-10-23,2025,Hyundai Tucson 1.6 AT Turbo HTRAC Đặc biệt,920000000.0,Nội địa,Hà Nội,Crossover,0.0,Tự động,Xe mới,Xăng
2025-10-23,2022,Kia Soluto 1.4 AT Deluxe,370000000.0,Nội địa,Hà Nội,Sedan,60000.0,Tự động,Đã sử dụng,Xăng
2025-10-23,2016,Lexus RX 350,2000000000.0,Nhập khẩu,Hà Nội,SUV,130000.0,Tự động,Đã sử dụng,Xăng
2025-10-23,2024,Audi Q5 Sline 45 TFSI Quattro,2000000000.0,Nhập khẩu,Hà Nội,SUV,0.0,Tự động,Xe mới,Xăng
2025-10-23,2021,VinFast Lux A 2.0 Premium 2.0 AT,579000000.0,Nội địa,Hà Nội,Sedan,80000.0,Tự động,Đã sử dụng,Xăng
2025-10-23,2022,Mercedes Benz S class S450 4Matic,3000000000.0,Nhập khẩu,Đà Nẵng,Sedan,65000.0,Tự động,Đã sử dụng,Xăng
2025-10-23,2025,Toyota Corolla Cross 1.8V,763000000.0,Nhập khẩu,Hà Nội,SUV,0.0,Tự động,Xe mới,Xăng
2025-10-23,2022,Audi A6 45 TFSI,1000000000.0,Nhập khẩu,Hà Nội,Sedan,21212.0,Tự động,Đã sử dụng,Xăng
2025-10-23,2015,Kia Carens EXMT,225000000.0,Nội địa,Gia Lai,Crossover,140000.0,Số Tay,Đã sử dụng,Xăng
2025-10-23,2024,Mazda 3 1.5L Luxury,615000000.0,Nội địa,Hải Phòng,Sedan,22000.0,Tự động,Đã sử dụng,Xăng
2025-10-23,2025,Hyundai Creta N Line 1.5 AT,684000000.0,Nội địa,TP HCM,SUV,0.0,Tự động,Xe mới,Xăng
2025-10-23,2022,Lexus ES 250,2000000000.0,Nhập khẩu,Hà Nội,Sedan,32000.0,Tự động,Đã sử dụng,Xăng
2025-10-23,2025,Mitsubishi Xpander Premium 1.5 AT,579000000.0,Nhập khẩu,Hà Nội,SUV,0.0,Tự động,Xe mới,Xăng
2025-10-23,2022,Honda City RS 1.5 AT,435000000.0,Nội địa,Hà Nội,Sedan,45000.0,Tự động,Đã sử dụng,Xăng
2025-10-23,2017,Honda City 1.5TOP,335000000.0,Nội địa,Hà Nội,Sedan,120000.0,Tự động,Đã sử dụng,Xăng
2025-10-23,2013,Nissan Sunny XV,225000000.0,Nhập khẩu,Hà Nội,Sedan,15000.0,Tự động,Đã sử dụng,Xăng
2025-10-23,2023,BMW X5 xDrive40i xLine,3000000000.0,Nội địa,TP HCM,SUV,13000.0,Tự động,Đã sử dụng,Xăng
2025-10-23,2010,Toyota Previa GL 2.4 AT,599000000.0,Nhập khẩu,TP HCM,Van/Minivan,50000.0,Tự động,Đã sử dụng,Xăng
2025-10-23,2025,BYD Sealion 8 EV,1000000000.0,Nhập khẩu,TP HCM,SUV,0.0,Tự động,Xe mới,Điện
2025-10-23,2022,Mercedes Benz E class E300 AMG,2000000000.0,Nội địa,Nghệ An,Sedan,44.0,Tự động,Đã sử dụng,Xăng
2025-10-23,2023,Mazda CX5 Premium Exclusive 2.0 AT,785000000.0,Nội địa,TP HCM,SUV,43000.0,Tự động,Đã sử dụng,Xăng
2025-10-23,2022,Toyota Corolla altis 1.8G,619000000.0,Nhập khẩu,Hà Nội,Sedan,40000.0,Tự động,Đã sử dụng,Xăng
2025-10-23,2020,Peugeot 5008 Allure 1.6 AT,675000000.0,Nội địa,Hà Nội,SUV,59000.0,Tự động,Đã sử dụng,Xăng
2025-10-23,2021,Toyota Prado VX 2.7L,2000000000.0,Nhập khẩu,Hà Nội,SUV,120000.0,Tự động,Đã sử dụng,Xăng
2025-10-23,2022,MG 5 Luxury 1.5 AT,399000000.0,Nhập khẩu,Hà Nội,Sedan,34000.0,Tự động,Đã sử dụng,Xăng
2025-10-23,2019,Mazda 3 1.5L Luxury,435000000.0,Nội địa,Hải Phòng,Sedan,70000.0,Tự động,Đã sử dụng,Xăng
2025-10-23,2023,Mazda 6 Premium 2.0 AT,735000000.0,Nội địa,Hà Nội,Sedan,26000.0,Tự động,Đã sử dụng,Xăng
2025-10-23,2025,Mitsubishi Triton Athlete 4WD AT,850000000.0,Nhập khẩu,Hà Nội,Bán tải / Pickup,0.0,Tự động,Xe mới,Dầu diesel
2025-10-23,2022,Kia Carnival Signature 3.5G,1000000000.0,Nội địa,Hà Nội,Van/Minivan,60000.0,Tự động,Đã sử dụng,Xăng
2025-10-23,2014,LandRover Range Rover Evoque Dynamic,635000000.0,Nhập khẩu,Hà Nội,SUV,95000.0,Tự động,Đã sử dụng,Xăng
2025-10-23,2011,Lexus LX 570,2000000000.0,Nhập khẩu,Hà Nội,SUV,110000.0,Tự động,Đã sử dụng,Xăng
2025-10-23,2019,Lexus RX 300,2000000000.0,Nhập khẩu,Hà Nội,SUV,59000.0,Tự động,Đã sử dụng,Xăng
2025-10-23,2014,BMW X6 xDrive30d,990000000.0,Nhập khẩu,Phú Thọ,SUV,170000.0,Tự động,Đã sử dụng,Dầu diesel
2025-10-23,2024,Hyundai Creta Đặc biệt 1.5 AT,620000000.0,Nội địa,Hà Nội,SUV,1111.0,Tự động,Đã sử dụng,Xăng
2025-10-23,2025,VinFast VF8 Eco,1000000000.0,Nội địa,TP HCM,SUV,0.0,Tự động,Xe mới,Điện
2025-10-23,2025,VinFast VF5 Plus,455000000.0,Nội địa,Hà Nội,SUV,2000.0,Tự động,Đã sử dụng,Điện
2025-10-23,2025,Toyota Innova Cross 2.0 CVT,799000000.0,Nhập khẩu,Hà Nội,Crossover,0.0,Tự động,Xe mới,Xăng
2025-10-23,2024,Hyundai Tucson 2.0 AT Đặc biệt,799000000.0,Nội địa,Thái Bình,Crossover,8000.0,Tự động,Đã sử dụng,Xăng
2025-10-23,2010,Nissan Tiida 1.8 AT,205000000.0,Nhập khẩu,Hà Nội,Hatchback,120000.0,Tự động,Đã sử dụng,Xăng
2025-10-23,2023,Ford Ranger XLS 2.0L 4x2 AT,618000000.0,Nội địa,Hà Nội,Bán tải / Pickup,30000.0,Tự động,Đã sử dụng,Dầu diesel
2025-10-23,2021,Mazda 3 1.5L Deluxe,485000000.0,Nội địa,Hà Nội,Sedan,78500.0,Tự động,Đã sử dụng,Xăng
2025-10-23,2025,Mazda 2 Deluxe,453000000.0,Nhập khẩu,Hà Nội,Sedan,0.0,Tự động,Xe mới,Xăng
2025-10-23,2020,Ford Everest Titanium 2.0L 4x2 AT,840000000.0,Nhập khẩu,Hà Nội,SUV,80000.0,Tự động,Đã sử dụng,Dầu diesel
2025-10-23,2021,Lexus RX 350L,3000000000.0,Nhập khẩu,Hà Nội,SUV,58000.0,Tự động,Đã sử dụng,Xăng
2025-10-23,2015,Ford Fiesta S 1.5 AT,250000000.0,Nội địa,Hà Nội,Hatchback,60000.0,Tự động,Đã sử dụng,Xăng
2025-10-23,2023,Mitsubishi Xpander 1.5 MT,449000000.0,Nội địa,TP HCM,SUV,58000.0,Số Tay,Đã sử dụng,Xăng
2025-10-23,2023,MG 5 1.5 MT,295000000.0,Nhập khẩu,Hà Nội,Sedan,45000.0,Số Tay,Đã sử dụng,Xăng
2025-10-23,2020,Ford Everest Titanium 2.0L 4x4 AT,900000000.0,Nhập khẩu,Lâm Đồng,SUV,85000.0,Tự động,Đã sử dụng,Dầu diesel
2025-10-23,2025,VinFast VF7 Plus,861000000.0,Nội địa,Hải Phòng,SUV,0.0,Tự động,Xe mới,Điện
2025-10-23,2024,Ford Ranger Wildtrak 2.0L 4x4 AT,885000000.0,Nội địa,TP HCM,Bán tải / Pickup,15000.0,Tự động,Đã sử dụng,Dầu diesel
2025-10-23,2021,Lexus LX 570 Super Sport MBS,8000000000.0,Nhập khẩu,Hà Nội,SUV,20000.0,Tự động,Đã sử dụng,Xăng
2025-10-23,2016,Kia Cerato 1.6 AT,355000000.0,Nội địa,Hà Tĩnh,Sedan,100000.0,Tự động,Đã sử dụng,Xăng
2025-10-23,2017,Kia Sorento DATH,555000000.0,Nội địa,TP HCM,SUV,117000.0,Tự động,Đã sử dụng,Dầu diesel
2025-10-23,2010,Toyota Fortuner 2.5G,338000000.0,Nội địa,Hà Nội,SUV,10000.0,Số Tay,Đã sử dụng,Dầu diesel
2025-10-23,2020,Toyota Vios 1.5E MT,355000000.0,Nội địa,Hà Nội,Sedan,50000.0,Số Tay,Đã sử dụng,Xăng
2025-10-23,2022,Honda City L 1.5 AT,439000000.0,Nội địa,Hà Nội,Sedan,79000.0,Tự động,Đã sử dụng,Xăng
2025-10-23,2024,BMW X3 sDrive20i M Sport,1000000000.0,Nội địa,TP HCM,SUV,20000.0,Tự động,Đã sử dụng,Xăng
2025-10-23,2017,LandRover Range Rover Evoque HSE,1000000000.0,Nhập khẩu,Hà Nội,SUV,32000.0,Tự động,Đã sử dụng,Xăng
2025-10-23,2025,Mazda CX 30 Luxury 2.0 AT,684000000.0,Nhập khẩu,Hà Nội,Crossover,0.0,Tự động,Xe mới,Xăng
2025-10-23,2018,Nissan X trail 2.0 2WD Premium,498000000.0,Nội địa,Hà Nội,SUV,80000.0,Tự động,Đã sử dụng,Xăng
2025-10-23,2018,LandRover Range Rover Sport HSE,2000000000.0,Nhập khẩu,Hà Nội,SUV,60000.0,Tự động,Đã sử dụng,Xăng
2025-10-23,2023,Mercedes Benz GLC 300 4Matic,2000000000.0,Nội địa,Hà Nội,SUV,26000.0,Tự động,Đã sử dụng,Hybrid
2025-10-23,2017,Audi Q5 2.0 AT,999000000.0,Nhập khẩu,TP HCM,SUV,80000.0,Tự động,Đã sử dụng,Xăng
2025-10-23,2025,Volvo XC60 Ultra B6 AWD,2000000000.0,Nhập khẩu,Hà Nội,SUV,4000.0,Tự động,Đã sử dụng,Xăng
2025-10-23,2025,LandRover Defender 110 SE P300 2.0 AT,5000000000.0,Nhập khẩu,Hà Nội,SUV,0.0,Tự động,Xe mới,Xăng
2025-10-23,2025,Mazda CX 30 Premium 2.0 AT,729000000.0,Nhập khẩu,Hà Nội,Crossover,0.0,Tự động,Xe mới,Xăng
2025-10-23,2025,Mazda 3 1.5L Deluxe,569000000.0,Nội địa,Hà Nội,Sedan,0.0,Tự động,Xe mới,Xăng
2025-10-23,2025,MG RX5 1.5T LUX,598000000.0,Nhập khẩu,Hà Nội,Crossover,0.0,Tự động,Xe mới,Xăng
2025-10-23,2014,Ford Focus Titanium 2.0 AT,260000000.0,Nội địa,Hà Nội,Sedan,140000.0,Tự động,Đã sử dụng,Xăng
2025-10-23,2025,Peugeot 408 GT 1.6 AT,1000000000.0,Nội địa,TP HCM,Crossover,0.0,Tự động,Xe mới,Xăng
2025-10-23,2021,Toyota Corolla Cross 1.8G,575000000.0,Nhập khẩu,Hà Nội,SUV,65000.0,Tự động,Đã sử dụng,Xăng
2025-10-23,1989,Jeep A2 Trước 1990,345000000.0,Nhập khẩu,Hải Dương,SUV,345.0,Số Tay,Đã sử dụng,Dầu diesel
2025-10-23,2015,Ford EcoSport Titanium 1.5L AT,285000000.0,Nội địa,Hòa Bình,SUV,100000.0,Tự động,Đã sử dụng,Xăng
2025-10-23,2018,Ford Transit Limousine,400000000.0,Nội địa,Hà Nội,Van/Minivan,160000.0,Số Tay,Đã sử dụng,Dầu diesel
2025-10-23,2023,Ford Ranger Raptor 2.0L 4x4 AT,1000000000.0,Nhập khẩu,TP HCM,Bán tải / Pickup,35000.0,Tự động,Đã sử dụng,Dầu diesel
2025-10-23,2022,Toyota Vios E CVT,425000000.0,Nội địa,Hà Nội,Sedan,55000.0,Tự động,Đã sử dụng,Xăng
2025-10-23,2022,Kia K3 Premium 1.6 AT,555000000.0,Nội địa,Hà Nội,Sedan,50000.0,Tự động,Đã sử dụng,Xăng
2025-10-23,2020,VinFast Lux A 2.0 2.0 AT,489000000.0,Nội địa,Hà Nội,Sedan,68000.0,Tự động,Đã sử dụng,Xăng
2025-10-23,2025,Ford Territory Titanium X 1.5 AT,868000000.0,Nội địa,Hà Nội,SUV,6000.0,Tự động,Đã sử dụng,Xăng
2025-10-23,2022,Hyundai i10 1.2 AT,362000000.0,Nội địa,Hà Nội,Hatchback,25000.0,Tự động,Đã sử dụng,Xăng
2025-10-23,2019,Audi Q2 1.0 TFSI,839000000.0,Nhập khẩu,Hà Nội,Crossover,48000.0,Tự động,Đã sử dụng,Xăng
2025-10-23,2015,LandRover Range Rover HSE 3.0,2000000000.0,Nhập khẩu,Hà Nội,SUV,59000.0,Tự động,Đã sử dụng,Xăng
2025-10-23,2023,Hyundai Tucson 2.0 AT CRDi Đặc biệt,855000000.0,Nội địa,Hà Nội,Crossover,30000.0,Tự động,Đã sử dụng,Dầu diesel
2025-10-23,2015,Audi TT 2.0 TFSI,1000000000.0,Nhập khẩu,Hà Nội,Coupe,62000.0,Tự động,Đã sử dụng,Xăng
2025-10-23,2019,VinFast Lux A 2.0 Premium 2.0 AT,495000000.0,Nội địa,Hà Nội,Sedan,91268.0,Tự động,Đã sử dụng,Xăng
2025-10-23,2009,BMW 5 Series 523i,289000000.0,Nhập khẩu,Hà Nội,Sedan,80000.0,Tự động,Đã sử dụng,Xăng
2025-10-23,2013,Lexus LX 570,2000000000.0,Nhập khẩu,Hà Nội,SUV,10500.0,Tự động,Đã sử dụng,Xăng
2025-10-23,2025,BMW 5 Series 530i M Sport,2000000000.0,Nội địa,Hà Nội,Sedan,0.0,Tự động,Xe mới,Xăng
2025-10-23,2019,Mazda 3 1.5L Sport Premium,540000000.0,Nội địa,Hà Nội,Hatchback,68000.0,Tự động,Đã sử dụng,Xăng
2025-10-23,2018,Toyota Fortuner 2.7V 4x2 AT,735000000.0,Nhập khẩu,Hà Nội,SUV,59000.0,Tự động,Đã sử dụng,Xăng
2025-10-23,2014,LandRover Range Rover Autobiography LWB 5.0,2000000000.0,Nhập khẩu,Hà Nội,SUV,60000.0,Tự động,Đã sử dụng,Xăng
2025-10-23,2025,Toyota Hilux 2.4L 4x2 AT,680000000.0,Nhập khẩu,Hà Nội,Bán tải / Pickup,0.0,Tự động,Xe mới,Dầu diesel
2025-10-23,2017,Ford F350 Super Duty Lariat Crew Cab 6.7L 4x4 AT,4000000000.0,Nhập khẩu,Cần Thơ,Bán tải / Pickup,10000.0,Tự động,Đã sử dụng,Dầu diesel
2025-10-23,2021,Hyundai Accent 1.4 AT,399000000.0,Nội địa,Hà Nội,Sedan,45000.0,Tự động,Đã sử dụng,Xăng
2025-10-23,2023,Kia Sportage Signature 1.6T AWD,905000000.0,Nội địa,Hà Nội,Crossover,31000.0,Tự động,Đã sử dụng,Xăng
2025-10-23,2024,VinFast VF7 Plus,920000000.0,Nội địa,Hà Nội,SUV,0.0,Tự động,Xe mới,Điện
2025-10-23,2025,Kia Carnival Signature 2.2D,1000000000.0,Nội địa,TP HCM,Van/Minivan,17272.0,Tự động,Đã sử dụng,Dầu diesel
2025-10-23,2024,VinFast VF5 Plus,428000000.0,Nội địa,Hà Nội,SUV,30000.0,Tự động,Đã sử dụng,Điện
2025-10-23,2022,Peugeot 2008 GT Line 1.2 AT,645000000.0,Nội địa,Hà Nội,Crossover,68000.0,Tự động,Đã sử dụng,Xăng
2025-10-23,2020,Lexus ES 250,1000000000.0,Nhập khẩu,Hà Nội,Sedan,60000.0,Tự động,Đã sử dụng,Xăng
2025-10-23,2022,Mercedes Benz Maybach S450 4Matic,7000000000.0,Nhập khẩu,Hà Nội,Sedan,1500.0,Tự động,Đã sử dụng,Xăng
2025-10-23,2022,Kia K5 Luxury 2.0 AT,685000000.0,Nội địa,Hà Nội,Sedan,37000.0,Tự động,Đã sử dụng,Xăng
2025-10-23,2021,Ford Mustang Mach,2000000000.0,Nhập khẩu,Hà Nội,Crossover,4200.0,Tự động,Đã sử dụng,Điện
2025-10-23,2024,Honda CRV L AWD,1000000000.0,Nội địa,Vĩnh Phúc,SUV,0.0,Tự động,Xe mới,Xăng
2025-10-23,2022,Ford Ranger Wildtrak 2.0L 4x4 AT,825000000.0,Nội địa,TP HCM,Bán tải / Pickup,20000.0,Tự động,Đã sử dụng,Dầu diesel
2025-10-23,2022,Toyota Avanza Premio 1.5 MT,430000000.0,Nhập khẩu,Lâm Đồng,SUV,37000.0,Số Tay,Đã sử dụng,Xăng
2025-10-23,2013,Porsche Panamera 3.6 V6,1000000000.0,Nhập khẩu,Hà Nội,Sedan,82000.0,Tự động,Đã sử dụng,Xăng
2025-10-23,2023,VinFast VF8 Eco,740000000.0,Nội địa,Hà Nội,SUV,40000.0,Tự động,Đã sử dụng,Điện
2025-10-23,2023,Honda Civic G 1.5 AT,699000000.0,Nhập khẩu,Hà Nội,Sedan,50000.0,Tự động,Đã sử dụng,Xăng
2025-10-23,2025,VinFast VF6 Plus,674000000.0,Nội địa,Hà Nội,SUV,0.0,Tự động,Xe mới,Điện
2025-10-23,2022,Hyundai Tucson 1.6 AT Turbo HTRAC Đặc biệt,855000000.0,Nội địa,Hà Nội,Crossover,53139.0,Tự động,Đã sử dụng,Xăng
2025-10-23,2016,Ford Ranger XLS 2.2L 4x2 MT,375000000.0,Nhập khẩu,Đăk Lăk,Bán tải / Pickup,88000.0,Số Tay,Đã sử dụng,Dầu diesel
2025-10-23,2025,Peugeot 408 Premium 1.6 AT,1000000000.0,Nội địa,TP HCM,Crossover,0.0,Tự động,Xe mới,Xăng
2025-10-23,2011,Toyota Corolla altis 1.8G AT,350000000.0,Nội địa,Bình Dương,Sedan,140000.0,Tự động,Đã sử dụng,Xăng
2025-10-23,2020,Toyota Fortuner 2.4G 4x2 AT,820000000.0,Nội địa,Hà Nội,SUV,75000.0,Tự động,Đã sử dụng,Dầu diesel
2025-10-23,2022,Kia Carnival Signature 3.5G,1000000000.0,Nội địa,Hà Nội,Van/Minivan,36000.0,Tự động,Đã sử dụng,Xăng
2025-10-23,2022,Volkswagen T,550000000.0,Nhập khẩu,TP HCM,Crossover,27000.0,Tự động,Đã sử dụng,Xăng
2025-10-23,2022,Kia Carnival Signature 2.2D,1000000000.0,Nội địa,Hà Nội,Van/Minivan,57000.0,Tự động,Đã sử dụng,Dầu diesel
2025-10-23,2008,Hyundai Veracruz 3.0 V6,330000000.0,Nhập khẩu,Hà Nội,SUV,120000.0,Tự động,Đã sử dụng,Dầu diesel
2025-10-23,2025,Mitsubishi Xpander 1.5 AT,520000000.0,Nội địa,TP HCM,SUV,0.0,Tự động,Xe mới,Xăng
2025-10-23,2025,Mitsubishi Xpander Premium 1.5 AT,580000000.0,Nhập khẩu,TP HCM,SUV,0.0,Tự động,Xe mới,Xăng
2025-10-23,2022,MG ZS Luxury 1.5 AT 2WD,439000000.0,Nhập khẩu,TP HCM,Crossover,47000.0,Tự động,Đã sử dụng,Xăng
2025-10-23,2021,Mitsubishi Xpander 1.5 AT,510000000.0,Nhập khẩu,TP HCM,SUV,49000.0,Tự động,Đã sử dụng,Xăng
2025-10-23,2020,Ford Ranger Raptor 2.0L 4x4 AT,820000000.0,Nhập khẩu,Vĩnh Phúc,Bán tải / Pickup,100000.0,Tự động,Đã sử dụng,Dầu diesel
2025-10-23,2014,Ford Ranger Wildtrak 3.2L 4x4 AT,330000000.0,Nhập khẩu,Điện Biên,Bán tải / Pickup,100000.0,Tự động,Đã sử dụng,Dầu diesel
2025-10-23,2025,Mitsubishi Xpander Cross 1.5 AT,630000000.0,Nhập khẩu,TP HCM,SUV,0.0,Tự động,Xe mới,Xăng
2025-10-23,2025,Mitsubishi Xforce Premium,610000000.0,Nhập khẩu,TP HCM,SUV,0.0,Tự động,Xe mới,Xăng
2025-10-23,2015,Lexus LX 570,4000000000.0,Nhập khẩu,Hà Nội,SUV,85000.0,Tự động,Đã sử dụng,Xăng
2025-10-23,2022,Honda City L 1.5 AT,429000000.0,Nội địa,Hà Nội,Sedan,79000.0,Tự động,Đã sử dụng,Xăng
2025-10-23,2025,Mitsubishi Xforce GLX,519000000.0,Nhập khẩu,Hà Nội,SUV,0.0,Tự động,Xe mới,Xăng
2025-10-23,2014,LandRover Range Rover HSE 3.0,1000000000.0,Nhập khẩu,Hà Nội,SUV,54000.0,Tự động,Đã sử dụng,Xăng
2025-10-23,2020,Toyota Innova 2.0E,460000000.0,Nội địa,Hà Nội,Crossover,120000.0,Số Tay,Đã sử dụng,Xăng
2025-10-23,2014,Isuzu Dmax LS 2.5 4x2 AT,345000000.0,Nhập khẩu,Hà Nội,Bán tải / Pickup,120000.0,Tự động,Đã sử dụng,Dầu diesel
2025-10-23,2019,Honda CRV L,735000000.0,Nhập khẩu,Hà Nội,SUV,55000.0,Tự động,Đã sử dụng,Xăng
2025-10-23,2022,Suzuki Ertiga Hybrid Sport 1.5 AT,488000000.0,Nhập khẩu,Hà Nội,SUV,38000.0,Tự động,Đã sử dụng,Hybrid
2025-10-23,2022,Kia K3 Luxury 1.6 AT,546000000.0,Nội địa,Hà Nội,Sedan,57000.0,Tự động,Đã sử dụng,Xăng
2025-10-23,2019,Toyota Alphard Executive Lounge,2000000000.0,Nhập khẩu,Hà Nội,Van/Minivan,80000.0,Tự động,Đã sử dụng,Xăng
2025-10-23,2022,Kia Sorento Signature 2.5 AT AWD,915000000.0,Nội địa,Hà Nội,SUV,59000.0,Tự động,Đã sử dụng,Xăng
2025-10-23,2025,VinFast VF5 Plus,473000000.0,Nội địa,Hà Nội,SUV,0.0,Tự động,Xe mới,Điện
2025-10-23,2022,MG 5 Luxury 1.5 AT,409000000.0,Nhập khẩu,TP HCM,Sedan,39000.0,Tự động,Đã sử dụng,Xăng
2025-10-23,2016,Suzuki Super Carry Van Blind Van,145000000.0,Nội địa,Hà Nội,Van/Minivan,120000.0,Số Tay,Đã sử dụng,Xăng
2025-10-23,2022,Hyundai SantaFe Tiêu chuẩn 2.2L,979000000.0,Nội địa,Hải Phòng,SUV,80000.0,Tự động,Đã sử dụng,Dầu diesel
2025-10-23,2021,Mazda 3 1.5L Sport Luxury,570000000.0,Nội địa,Khánh Hòa,Hatchback,56000.0,Tự động,Đã sử dụng,Xăng
2025-10-23,2022,Toyota Innova G 2.0 AT,725000000.0,Nội địa,Hà Nội,Crossover,85000.0,Tự động,Đã sử dụng,Xăng
2025-10-23,2025,Kia Seltos Deluxe 1.5 AT,639000000.0,Nội địa,TP HCM,Crossover,0.0,Tự động,Xe mới,Xăng
2025-10-23,2025,Hyundai Creta N Line 1.5 AT,688000000.0,Nội địa,Hà Nội,SUV,0.0,Tự động,Xe mới,Xăng
2025-10-23,2025,Ford Transit Trend,842000000.0,Nội địa,Hà Nội,Van/Minivan,0.0,Số Tay,Xe mới,Dầu diesel
2025-10-23,2015,Hyundai Grand Starex Van 2.5 MT,435000000.0,Nhập khẩu,Hà Nội,Van/Minivan,160000.0,Số Tay,Đã sử dụng,Dầu diesel
2025-10-23,2017,Mercedes Benz E class E300 AMG,1000000000.0,Nội địa,Hà Nội,Sedan,56000.0,Tự động,Đã sử dụng,Xăng
2025-10-23,2018,LandRover Range Rover Sport HSE Dynamic,2000000000.0,Nhập khẩu,Hà Nội,SUV,68000.0,Tự động,Đã sử dụng,Xăng
2025-10-23,2019,Suzuki Ertiga GLX 1.5 AT,370000000.0,Nhập khẩu,Quảng Bình,SUV,80.0,Tự động,Đã sử dụng,Xăng
2025-10-23,2024,Toyota Yaris Cross 1.5 D,638000000.0,Nhập khẩu,Hà Nội,SUV,8000.0,Tự động,Đã sử dụng,Xăng
2025-10-23,2017,Hyundai i10 Grand 1.0 AT,278000000.0,Nội địa,Phú Thọ,Hatchback,80000.0,Tự động,Đã sử dụng,Xăng
2025-10-23,2019,Nissan Terra E 2.5 AT 2WD,625000000.0,Nhập khẩu,TP HCM,SUV,73000.0,Tự động,Đã sử dụng,Xăng
2025-10-23,2018,Volvo XC90 T6 Inscription,1000000000.0,Nhập khẩu,Hà Nội,SUV,126000.0,Tự động,Đã sử dụng,Xăng
2025-10-23,2020,Toyota Corolla Cross 1.8V,620000000.0,Nhập khẩu,Hà Nội,SUV,62000.0,Tự động,Đã sử dụng,Xăng
2025-10-23,2025,Toyota Innova Cross HEV 2.0 CVT,990000000.0,Nhập khẩu,TP HCM,Crossover,0.0,Tự động,Xe mới,Hybrid
2025-10-23,2025,Toyota Vios E 1.5 MT,413000000.0,Nội địa,TP HCM,Sedan,0.0,Số Tay,Xe mới,Xăng
2025-10-23,2025,Toyota Wigo G 1.2 AT,387000000.0,Nhập khẩu,TP HCM,Hatchback,0.0,Tự động,Xe mới,Xăng
2025-10-23,2018,Mitsubishi Pajero 3.0 4x4 AT,525000000.0,Nhập khẩu,Hà Nội,SUV,80000.0,Tự động,Đã sử dụng,Xăng
2025-10-23,2018,Mazda 6 2.0L,468000000.0,Nội địa,Hà Nội,Sedan,55000.0,Tự động,Đã sử dụng,Xăng
2025-10-23,2020,Ford Ranger Wildtrak 2.0L 4x4 AT,678000000.0,Nhập khẩu,Hà Nội,Bán tải / Pickup,79000.0,Tự động,Đã sử dụng,Dầu diesel
2025-10-23,2017,Volvo XC90 T6 Inscription,1000000000.0,Nhập khẩu,TP HCM,SUV,117000.0,Tự động,Đã sử dụng,Xăng
2025-10-23,2020,Mazda 3 1.5L Luxury,510000000.0,Nội địa,Bà Rịa Vũng Tàu,Sedan,34000.0,Tự động,Đã sử dụng,Xăng
2025-10-23,2024,Toyota Veloz Cross Top 1.5 CVT,579000000.0,Nội địa,Đà Nẵng,SUV,30000.0,Tự động,Đã sử dụng,Xăng
2025-10-23,2021,Hyundai Accent 1.4 AT Đặc Biệt,439000000.0,Nội địa,Bình Dương,Sedan,14000.0,Tự động,Đã sử dụng,Xăng
2025-10-23,2016,Ford EcoSport Titanium 1.5L AT,300000000.0,Nội địa,Hà Nội,SUV,47000.0,Tự động,Đã sử dụng,Xăng
2025-10-23,2008,Lexus GS 350,498000000.0,Nhập khẩu,TP HCM,Sedan,70000.0,Tự động,Đã sử dụng,Xăng
2025-10-23,2021,Hyundai Accent 1.4 AT Đặc Biệt,415000000.0,Nội địa,Long An,Sedan,58000.0,Tự động,Đã sử dụng,Xăng
2025-10-23,2023,Mazda CX5 Premium Sport 2.0 AT,730000000.0,Nội địa,Hà Nội,SUV,26.0,Tự động,Đã sử dụng,Xăng
2025-10-23,2022,Mercedes Benz GLS 450 4Matic,3000000000.0,Nhập khẩu,Hà Nội,SUV,90000.0,Tự động,Đã sử dụng,Xăng
2025-10-23,2019,Mercedes Benz C class C200,799000000.0,Nội địa,Hà Nội,Sedan,42000.0,Tự động,Đã sử dụng,Xăng
2025-10-23,2022,Mercedes Benz S class S450 Luxury,3000000000.0,Nhập khẩu,Hà Nội,Sedan,42000.0,Tự động,Đã sử dụng,Xăng
2025-10-23,2017,Audi A5 Sportback 2.0,999000000.0,Nhập khẩu,Hà Nội,Sedan,90000.0,Tự động,Đã sử dụng,Xăng
2025-10-23,2017,Mercedes Benz GLC 300 4Matic,979000000.0,Nội địa,Hà Nội,SUV,71000.0,Tự động,Đã sử dụng,Xăng
2025-10-23,2022,Peugeot 5008 AL 1.6 AT,835000000.0,Nội địa,TP HCM,SUV,35000.0,Tự động,Đã sử dụng,Xăng
2025-10-23,2008,Mini Cooper S,390000000.0,Nhập khẩu,Hà Nội,Coupe,90000.0,Tự động,Đã sử dụng,Xăng
2025-10-23,2022,Mitsubishi Xpander Premium 1.5 AT,520000000.0,Nhập khẩu,Hà Nội,SUV,55000.0,Tự động,Đã sử dụng,Xăng
2025-10-23,2023,Hyundai Custin Cao Cấp 2.0T,860000000.0,Nội địa,TP HCM,Van/Minivan,30000.0,Tự động,Đã sử dụng,Xăng
2025-10-23,2015,Toyota Fortuner 2.7V 4x2 AT,479000000.0,Nội địa,TP HCM,SUV,77000.0,Tự động,Đã sử dụng,Xăng
2025-10-23,2021,Ford Ranger Wildtrak 2.0L 4x4 AT,750000000.0,Nhập khẩu,Long An,Bán tải / Pickup,62000.0,Tự động,Đã sử dụng,Dầu diesel
2025-10-23,2015,Porsche Macan 2.0,1000000000.0,Nhập khẩu,Hà Nội,SUV,98000.0,Tự động,Đã sử dụng,Xăng
2025-10-23,2021,Mercedes Benz GLC 300 4Matic Coupe,2000000000.0,Nhập khẩu,Hà Nội,SUV,60000.0,Tự động,Đã sử dụng,Xăng
2025-10-23,2022,LandRover Range Rover Velar R,3000000000.0,Nhập khẩu,Hà Nội,SUV,12000.0,Tự động,Đã sử dụng,Xăng
2025-10-23,2019,VinFast Lux A 2.0 Base 2.0 AT,435000000.0,Nội địa,Hà Nội,Sedan,60000.0,Tự động,Đã sử dụng,Xăng
2025-10-23,2020,Kia Seltos Deluxe 1.4 AT,505000000.0,Nội địa,Hà Nội,Crossover,18000.0,Tự động,Đã sử dụng,Xăng
2025-10-23,2025,Toyota Hilux 2.4L 4x4 MT,643000000.0,Nhập khẩu,TP HCM,Bán tải / Pickup,0.0,Số Tay,Xe mới,Dầu diesel
2025-10-23,2025,Toyota Avanza Premio 1.5 AT,538000000.0,Nội địa,TP HCM,SUV,0.0,Tự động,Xe mới,Xăng
2025-10-23,2020,Mazda 3 1.5L Luxury,468000000.0,Nội địa,Hà Nội,Sedan,60000.0,Tự động,Đã sử dụng,Xăng
2025-10-23,2025,Toyota Veloz Cross Top 1.5 CVT,660000000.0,Nội địa,Lạng Sơn,SUV,0.0,Tự động,Xe mới,Xăng
2025-10-23,2025,VinFast Limo Green AT,771000000.0,Nội địa,TP HCM,SUV,0.0,Tự động,Xe mới,Điện
2025-10-23,2023,BMW 4 Series 430i Convertible M Sport,2000000000.0,Nhập khẩu,Hà Nội,Convertible/Cabriolet,100000.0,Tự động,Đã sử dụng,Xăng
2025-10-23,2025,Toyota Raize G 1.0 CVT,488000000.0,Nhập khẩu,TP HCM,SUV,0.0,Tự động,Xe mới,Xăng
2025-10-23,2018,Honda Civic 1.5L Vtec Turbo,520000000.0,Nhập khẩu,Đăk Lăk,Sedan,54000.0,Tự động,Đã sử dụng,Xăng
2025-10-23,2024,Mazda 3 1.5L Luxury,588000000.0,Nội địa,Hà Nội,Sedan,22000.0,Tự động,Đã sử dụng,Xăng
2025-10-23,2019,Mazda CX5 2.5 AT 2WD,609000000.0,Nội địa,Hà Nội,SUV,59000.0,Tự động,Đã sử dụng,Xăng
2025-10-23,2017,Toyota Fortuner 2.7V 4x2 AT,600000000.0,Nhập khẩu,Hà Nội,SUV,125000.0,Tự động,Đã sử dụng,Xăng
2025-10-23,2021,Toyota Fortuner 2.4G 4x2 AT,868000000.0,Nội địa,Hà Nội,SUV,89000.0,Tự động,Đã sử dụng,Dầu diesel
2025-10-23,2016,Audi Q7 3.0 AT,1000000000.0,Nhập khẩu,Hà Nội,SUV,160934.0,Tự động,Đã sử dụng,Xăng
2025-10-23,2024,Honda CRV e:HEV RS,1000000000.0,Nhập khẩu,Hà Nội,SUV,33333.0,Tự động,Đã sử dụng,Hybrid
2025-10-23,2020,Toyota Corolla Cross 1.8G,605000000.0,Nhập khẩu,Hải Dương,SUV,82000.0,Tự động,Đã sử dụng,Xăng
2025-10-23,2018,Mazda 3 1.5 AT,418000000.0,Nội địa,Hà Nội,Sedan,88000.0,Tự động,Đã sử dụng,Xăng
2025-10-23,2019,Mercedes Benz G class G63 AMG,6000000000.0,Nhập khẩu,TP HCM,SUV,60000.0,Tự động,Đã sử dụng,Xăng
2025-10-23,2021,Toyota Corolla Cross 1.8V,699000000.0,Nhập khẩu,Hà Nội,SUV,17000.0,Tự động,Đã sử dụng,Xăng
2025-10-23,2019,Mercedes Benz E class E200,999000000.0,Nội địa,TP HCM,Sedan,65000.0,Tự động,Đã sử dụng,Xăng
2025-10-23,2023,Ford Ranger Raptor 2.0L 4x4 AT,1000000000.0,Nhập khẩu,TP HCM,Bán tải / Pickup,55000.0,Tự động,Đã sử dụng,Dầu diesel
2025-10-23,2023,Mercedes Benz C class C200 Avantgarde Plus,1000000000.0,Nội địa,TP HCM,Sedan,1500.0,Tự động,Đã sử dụng,Xăng
2025-10-23,2024,Kia Carens 1.4T Signature 7S,725000000.0,Nội địa,Hà Nội,SUV,20000.0,Tự động,Đã sử dụng,Xăng
2025-10-23,2025,Toyota Corolla altis 1.8V,750000000.0,Nhập khẩu,TP HCM,Sedan,0.0,Tự động,Xe mới,Xăng
2025-10-23,2021,Ford Ranger Wildtrak 2.0L 4x4 AT,706000000.0,Nhập khẩu,TP HCM,Bán tải / Pickup,77000.0,Tự động,Đã sử dụng,Dầu diesel
2025-10-23,2023,Mitsubishi Xpander Premium 1.5 AT,545000000.0,Nhập khẩu,Hà Nội,SUV,61000.0,Tự động,Đã sử dụng,Xăng
2025-10-23,2015,Ford Focus Sport 1.5L,306000000.0,Nội địa,TP HCM,Hatchback,55000.0,Tự động,Đã sử dụng,Xăng
2025-10-23,2022,Ford Everest Titanium 2.0L 4x2 AT,1000000000.0,Nhập khẩu,TP HCM,SUV,30120.0,Tự động,Đã sử dụng,Dầu diesel
2025-10-23,2020,Hyundai Elantra Sport 1.6 AT,515000000.0,Nội địa,TP HCM,Sedan,48000.0,Tự động,Đã sử dụng,Xăng
2025-10-23,2022,Kia K3 Premium 1.6 AT,536000000.0,Nội địa,Hải Phòng,Sedan,39000.0,Tự động,Đã sử dụng,Xăng
2025-10-23,2025,Kia K3 GT 1.6 AT Turbo,639000000.0,Nội địa,TP HCM,Sedan,0.0,Tự động,Xe mới,Xăng
2025-10-23,2022,Hyundai Accent 1.4 AT Đặc Biệt,429000000.0,Nội địa,TP HCM,Sedan,32000.0,Tự động,Đã sử dụng,Xăng
2025-10-23,2024,Ford Ranger XLS 2.0L 4x2 AT,665000000.0,Nội địa,Gia Lai,Bán tải / Pickup,21000.0,Tự động,Đã sử dụng,Dầu diesel
2025-10-23,2025,Kia Sorento Signature 2.5G AT,1000000000.0,Nội địa,TP HCM,SUV,0.0,Tự động,Xe mới,Xăng
2025-10-23,2023,Hyundai Accent 1.4 AT,435000000.0,Nội địa,Thái Nguyên,Sedan,30000.0,Tự động,Đã sử dụng,Xăng
2025-10-23,2016,Toyota Fortuner 2.5G,528000000.0,Nội địa,Hà Nội,SUV,120000.0,Số Tay,Đã sử dụng,Dầu diesel
2025-10-23,2017,Maserati Levante S GranSport 3.0 V6,2000000000.0,Nhập khẩu,Hà Nội,SUV,30000.0,Tự động,Đã sử dụng,Xăng
2025-10-23,2022,VinFast VF e34 AT,458000000.0,Nội địa,Hà Nội,Crossover,54000.0,Tự động,Đã sử dụng,Điện
2025-10-23,2023,Ford Ranger Wildtrak 2.0L 4x4 AT,829000000.0,Nội địa,Hà Nội,Bán tải / Pickup,7800.0,Tự động,Đã sử dụng,Dầu diesel
2025-10-23,2019,Kia Cerato 1.6 AT Luxury,448000000.0,Nội địa,Phú Thọ,Sedan,72000.0,Tự động,Đã sử dụng,Xăng
2025-10-23,2018,Ford Ranger XLS 2.2L 4x2 AT,515000000.0,Nhập khẩu,TP HCM,Bán tải / Pickup,76500.0,Tự động,Đã sử dụng,Dầu diesel
2025-10-23,2020,Hyundai Elantra Sport 1.6 AT,513000000.0,Nội địa,Hà Nội,Sedan,53000.0,Tự động,Đã sử dụng,Xăng
2025-10-23,2021,Toyota Corolla Cross 1.8V,670000000.0,Nhập khẩu,Đăk Lăk,SUV,50000.0,Tự động,Đã sử dụng,Xăng
2025-10-23,2021,Honda Brio RS,375000000.0,Nhập khẩu,TP HCM,Hatchback,17000.0,Tự động,Đã sử dụng,Xăng
2025-10-23,2024,Toyota Fortuner 2.4L 4x2 AT,995000000.0,Nội địa,Hà Nội,SUV,20000.0,Tự động,Đã sử dụng,Dầu diesel
2025-10-23,2019,Toyota Alphard Executive Lounge,2000000000.0,Nhập khẩu,Hà Nội,Van/Minivan,160000.0,Tự động,Đã sử dụng,Xăng
2025-10-23,2019,Mazda CX5 2.0 Premium,655000000.0,Nội địa,Hải Phòng,SUV,68000.0,Tự động,Đã sử dụng,Xăng
2025-10-23,2022,Hyundai i10 1.2 AT,370000000.0,Nội địa,Vĩnh Phúc,Hatchback,19000.0,Tự động,Đã sử dụng,Xăng
2025-10-23,2015,Porsche Macan 2.0,1000000000.0,Nhập khẩu,Hà Nội,SUV,100000.0,Tự động,Đã sử dụng,Xăng
2025-10-23,2021,VinFast Lux SA 2.0 Premium 2.0 AT,745000000.0,Nội địa,Hà Nội,SUV,37000.0,Tự động,Đã sử dụng,Xăng
2025-10-23,2022,VinFast Lux A 2.0 Tiêu chuẩn,525000000.0,Nội địa,Hà Nội,Sedan,66000.0,Tự động,Đã sử dụng,Xăng
2025-10-23,2023,VinFast VF9 Plus,895000000.0,Nội địa,Hà Nội,SUV,50000.0,Tự động,Đã sử dụng,Điện
2025-10-23,2024,Mazda CX5 Luxury 2.0 AT,760000000.0,Nội địa,Hà Nội,SUV,20000.0,Tự động,Đã sử dụng,Xăng
2025-10-23,2021,VinFast Lux A 2.0 Base 2.0 AT,525000000.0,Nội địa,Hà Nội,Sedan,23000.0,Tự động,Đã sử dụng,Xăng
2025-10-23,2019,VinFast Lux A 2.0 Premium 2.0 AT,535000000.0,Nội địa,Hà Nội,Sedan,44000.0,Tự động,Đã sử dụng,Xăng
2025-10-23,2022,Mitsubishi Outlander Premium 2.0 CVT,680000000.0,Nội địa,Hà Nội,SUV,20000.0,Tự động,Đã sử dụng,Xăng
2025-10-23,2019,VinFast Lux SA 2.0 Premium 2.0 AT,635000000.0,Nội địa,Hà Nội,SUV,47000.0,Tự động,Đã sử dụng,Xăng
2025-10-23,2021,VinFast Lux A 2.0 Premium 2.0 AT,615000000.0,Nội địa,Hà Nội,Sedan,32000.0,Tự động,Đã sử dụng,Xăng
2025-10-23,2020,VinFast Lux A 2.0 2.0 AT,480000000.0,Nội địa,Hà Nội,Sedan,90000.0,Tự động,Đã sử dụng,Xăng
2025-10-23,2021,Toyota Corolla altis 1.8G AT,615000000.0,Nội địa,Hà Nội,Sedan,40000.0,Tự động,Đã sử dụng,Xăng
2025-10-23,2019,VinFast Lux SA 2.0 Base 2.0 AT,545000000.0,Nội địa,Hà Nội,SUV,95000.0,Tự động,Đã sử dụng,Xăng
2025-10-23,2025,Ford Everest Platinum 2.0L 4x4 AT,1000000000.0,Nhập khẩu,Hà Nội,SUV,7000.0,Tự động,Đã sử dụng,Dầu diesel
2025-10-23,2022,Lexus RX 350,3000000000.0,Nhập khẩu,Hà Nội,SUV,22000.0,Tự động,Đã sử dụng,Xăng
2025-10-23,2022,Peugeot 2008 GT Line 1.2 AT,630000000.0,Nội địa,Hà Nội,Crossover,40000.0,Tự động,Đã sử dụng,Xăng
2025-10-23,2021,Hyundai Elantra 2.0 AT,445000000.0,Nội địa,TP HCM,Sedan,56000.0,Tự động,Đã sử dụng,Xăng
2025-10-23,2018,Honda CRV L,700000000.0,Nhập khẩu,Hà Nội,SUV,82000.0,Tự động,Đã sử dụng,Xăng
2025-10-23,2018,Ford Everest Titanium 2.0L 4x2 AT,799000000.0,Nhập khẩu,Hà Nội,SUV,88632.0,Tự động,Đã sử dụng,Dầu diesel
2025-10-23,2024,Hyundai Venue 1.0 T,520000000.0,Nội địa,Thái Nguyên,SUV,4000.0,Tự động,Đã sử dụng,Xăng
2025-10-23,2021,Mazda 6 Signature Premium 2.5 AT,699000000.0,Nội địa,Hà Nội,Sedan,31000.0,Tự động,Đã sử dụng,Xăng
2025-10-23,2018,Mitsubishi Outlander 2.4 CVT Premium,570000000.0,Nội địa,Quảng Ninh,SUV,70000.0,Tự động,Đã sử dụng,Xăng
2025-10-23,2019,Honda HRV L,530000000.0,Nhập khẩu,Khánh Hòa,Crossover,67000.0,Tự động,Đã sử dụng,Xăng
2025-10-23,2017,Mercedes Benz S class S400L,1000000000.0,Nội địa,Hà Nội,Sedan,50000.0,Tự động,Đã sử dụng,Xăng
2025-10-23,2025,Hyundai Accent Cao cấp 1.5 AT,529000000.0,Nội địa,Hà Nội,Sedan,10000.0,Tự động,Đã sử dụng,Xăng
2025-10-23,2023,Mercedes Benz S class S450 4Matic Luxury,5000000000.0,Nhập khẩu,TP HCM,Sedan,7777.0,Tự động,Đã sử dụng,Xăng
2025-10-23,2021,Hyundai SantaFe Cao cấp 2.2L HTRAC,839000000.0,Nội địa,TP HCM,SUV,73000.0,Tự động,Đã sử dụng,Dầu diesel
2025-10-23,2024,Ford Everest Titanium 2.0L 4x2 AT,1000000000.0,Nhập khẩu,Hà Nội,SUV,5555.0,Tự động,Đã sử dụng,Dầu diesel
2025-10-23,2023,Ford Ranger Raptor 2.0L 4x4 AT,1000000000.0,Nhập khẩu,TP HCM,Bán tải / Pickup,32000.0,Tự động,Đã sử dụng,Dầu diesel
2025-10-23,2024,VinFast VF6 Plus,635000000.0,Nội địa,Hà Nội,SUV,30000.0,Tự động,Đã sử dụng,Điện
2025-10-23,2023,Honda HRV RS,789000000.0,Nhập khẩu,Hà Nội,Crossover,20000.0,Tự động,Đã sử dụng,Xăng
2025-10-23,2025,Ford Ranger Stormtrak 2.0L 4x4 AT,989000000.0,Nhập khẩu,Hà Nội,Bán tải / Pickup,0.0,Tự động,Xe mới,Dầu diesel
2025-10-23,2023,Mitsubishi Xpander Premium 1.5 AT,565000000.0,Nhập khẩu,Hà Nội,SUV,12999.0,Tự động,Đã sử dụng,Xăng
2025-10-23,2016,Toyota Yaris 1.3G,365000000.0,Nhập khẩu,Hà Nội,Hatchback,76000.0,Tự động,Đã sử dụng,Xăng
2025-10-23,2020,BMW 7 Series 730Li M Sport,2000000000.0,Nhập khẩu,Hà Nội,Sedan,50000.0,Tự động,Đã sử dụng,Xăng
2025-10-23,2021,Kia Cerato 1.6 AT Deluxe,470000000.0,Nội địa,Hà Nội,Sedan,75000.0,Tự động,Đã sử dụng,Xăng
2025-10-23,2020,Hyundai Tucson 2.0 AT,650000000.0,Nội địa,Hà Nội,Crossover,75000.0,Tự động,Đã sử dụng,Xăng
2025-10-23,2024,Mini Cooper S 3 Door,1000000000.0,Nhập khẩu,Hà Nội,Hatchback,1000.0,Tự động,Đã sử dụng,Xăng
2025-10-23,2021,Hyundai Tucson 2.0 AT Tiêu chuẩn,575000000.0,Nội địa,Hà Nội,Crossover,51000.0,Tự động,Đã sử dụng,Xăng
2025-10-23,2022,VinFast Lux A 2.0 Tiêu chuẩn,520000000.0,Nội địa,Hà Nội,Sedan,45000.0,Tự động,Đã sử dụng,Xăng
2025-10-23,2023,Lexus RX 350 Luxury,4000000000.0,Nhập khẩu,TP HCM,SUV,10000.0,Tự động,Đã sử dụng,Xăng
2025-10-23,2023,Kia Carnival Signature 2.2D,1000000000.0,Nội địa,TP HCM,Van/Minivan,65272.0,Tự động,Đã sử dụng,Dầu diesel
2025-10-23,2025,Toyota Raize G 1.0 CVT,492000000.0,Nhập khẩu,TP HCM,SUV,0.0,Tự động,Xe mới,Xăng
2025-10-23,2019,Mercedes Benz C class C200,798000000.0,Nội địa,Hà Nội,Sedan,43000.0,Tự động,Đã sử dụng,Xăng
2025-10-23,2025,Mitsubishi Xforce Premium,585000000.0,Nhập khẩu,Hà Nội,SUV,0.0,Tự động,Xe mới,Xăng
2025-10-23,2012,Toyota Fortuner 2.5G,420000000.0,Nội địa,Hà Nội,SUV,140000.0,Số Tay,Đã sử dụng,Dầu diesel
2025-10-23,2021,Mazda CX 30 Premium 2.0 AT,608000000.0,Nhập khẩu,Hà Nội,Crossover,46000.0,Tự động,Đã sử dụng,Xăng
2025-10-23,2020,Volvo XC60 T6 AWD Inscription,1000000000.0,Nhập khẩu,Hà Nội,SUV,66000.0,Tự động,Đã sử dụng,Xăng
2025-10-23,2018,Ford Ranger Wildtrak 3.2L 4x4 AT,565000000.0,Nhập khẩu,Hà Nội,Bán tải / Pickup,95000.0,Tự động,Đã sử dụng,Dầu diesel
2025-10-23,2019,Peugeot 5008 1.6 AT,635000000.0,Nội địa,Hà Nội,SUV,80000.0,Tự động,Đã sử dụng,Xăng
2025-10-23,2010,Toyota Fortuner 2.7V 4x4 AT,335000000.0,Nội địa,Hà Nội,SUV,160000.0,Tự động,Đã sử dụng,Xăng
2025-10-23,2024,Hyundai Tucson 2.0 AT CRDi Đặc biệt,939000000.0,Nội địa,Hà Nội,Crossover,10000.0,Tự động,Đã sử dụng,Dầu diesel
2025-10-23,2023,VinFast VF8 Plus AWD,865000000.0,Nội địa,Hà Nội,SUV,40000.0,Tự động,Đã sử dụng,Điện
2025-10-23,2008,Toyota Yaris 1.3 AT,245000000.0,Nhập khẩu,Hà Nội,Hatchback,110000.0,Tự động,Đã sử dụng,Xăng
2025-10-23,2011,Ford Transit Van 2.4L,200000000.0,Nội địa,Hà Nội,Van/Minivan,160000.0,Số Tay,Đã sử dụng,Dầu diesel
2025-10-23,2006,Lexus GS 430,439000000.0,Nhập khẩu,TP HCM,Sedan,83000.0,Tự động,Đã sử dụng,Xăng
2025-10-23,2023,Jeep Grand cherokee L Summit Reserve 3.6 V6 AWD,4000000000.0,Nhập khẩu,TP HCM,SUV,0.0,Tự động,Xe mới,Dầu diesel
2025-10-23,2025,Honda City RS 1.5 AT,507000000.0,Nội địa,Hà Nội,Sedan,0.0,Tự động,Xe mới,Xăng
2025-10-23,2019,Mercedes Benz E class E200,1000000000.0,Nội địa,TP HCM,Sedan,66000.0,Tự động,Đã sử dụng,Xăng
2025-10-23,2016,Chevrolet Cruze LTZ 1.8 AT,255000000.0,Nội địa,TP HCM,Sedan,95000.0,Tự động,Đã sử dụng,Xăng
2025-10-23,2023,Volvo S90 LWB Ultimate B6 AWD,1000000000.0,Nhập khẩu,Hà Nội,Sedan,10000.0,Tự động,Đã sử dụng,Xăng
2025-10-23,2019,Hyundai i10 Grand 1.2 AT,312000000.0,Nội địa,TP HCM,Sedan,64000.0,Tự động,Đã sử dụng,Xăng
2025-10-23,2025,Toyota Hilux 2.4L 4x2 AT,681000000.0,Nhập khẩu,Hà Nội,Bán tải / Pickup,0.0,Tự động,Xe mới,Dầu diesel
2025-10-23,2016,Mercedes Benz C class C200,559000000.0,Nội địa,TP HCM,Sedan,69000.0,Tự động,Đã sử dụng,Xăng
2025-10-23,2011,Toyota Corolla altis 1.8G AT,280000000.0,Nội địa,Thanh Hóa,Sedan,160000.0,Tự động,Đã sử dụng,Xăng
2025-10-23,2024,VinFast VF3 Plus,220000000.0,Nội địa,Hà Nội,Hatchback,19000.0,Tự động,Đã sử dụng,Điện
2025-10-23,2025,Suzuki XL7 Hybrid 1.5 AT,524000000.0,Nhập khẩu,Hà Nội,SUV,0.0,Tự động,Xe mới,Hybrid
2025-10-23,2021,Hyundai Accent 1.4 AT Đặc Biệt,435000000.0,Nội địa,Long An,Sedan,37000.0,Tự động,Đã sử dụng,Xăng
2025-10-23,2020,Mercedes Benz V class V250 Luxury,1000000000.0,Nhập khẩu,TP HCM,Van/Minivan,82000.0,Tự động,Đã sử dụng,Xăng
2025-10-23,2023,Mercedes Benz V class V250 AMG,2000000000.0,Nhập khẩu,Hà Nội,Van/Minivan,8000.0,Tự động,Đã sử dụng,Xăng
2025-10-23,2019,Lexus GX 460,3000000000.0,Nhập khẩu,Hà Nội,SUV,111000.0,Tự động,Đã sử dụng,Xăng
2025-10-23,2014,Porsche Cayenne 3.6 V6,1000000000.0,Nhập khẩu,TP HCM,SUV,90000.0,Tự động,Đã sử dụng,Xăng
2025-10-23,2024,Porsche 718 Boxster 2.0 AT,4000000000.0,Nhập khẩu,TP HCM,Convertible/Cabriolet,1100.0,Tự động,Đã sử dụng,Xăng
2025-10-23,2019,Toyota Rush 1.5S AT,460000000.0,Nhập khẩu,Đồng Nai,SUV,97000.0,Tự động,Đã sử dụng,Xăng
2025-10-23,2023,Lexus RX 350 Luxury,3000000000.0,Nhập khẩu,Hà Nội,SUV,10000.0,Tự động,Đã sử dụng,Xăng
2025-10-23,2020,Ford Ranger XLS 2.2L 4x2 AT,545000000.0,Nhập khẩu,Hà Nội,Bán tải / Pickup,46000.0,Tự động,Đã sử dụng,Dầu diesel
2025-10-23,2025,Ford Territory Titanium X 1.5 AT,789000000.0,Nội địa,Hà Nội,SUV,0.0,Tự động,Xe mới,Xăng
2025-10-23,2019,Lexus LX 570,6000000000.0,Nhập khẩu,TP HCM,SUV,39217.0,Tự động,Đã sử dụng,Xăng
2025-10-23,2025,Mitsubishi Xpander Premium 1.5 AT,578000000.0,Nhập khẩu,TP HCM,SUV,0.0,Tự động,Xe mới,Xăng
2025-10-23,2016,Kia Sorento DATH,519000000.0,Nội địa,Hà Nội,SUV,80000.0,Tự động,Đã sử dụng,Dầu diesel
2025-10-23,2018,Lexus RX 350,2000000000.0,Nhập khẩu,Hà Nội,SUV,85000.0,Tự động,Đã sử dụng,Xăng
2025-10-23,2022,Mazda 2 Sport Luxury,435000000.0,Nhập khẩu,Hà Nội,Hatchback,27000.0,Tự động,Đã sử dụng,Xăng
2025-10-23,2014,Kia K3 1.6 AT,328000000.0,Nội địa,Hà Nội,Sedan,58000.0,Tự động,Đã sử dụng,Xăng
2025-10-23,2022,Ford Ranger XLS 2.2L 4x2 AT,558000000.0,Nội địa,TP HCM,Bán tải / Pickup,45000.0,Tự động,Đã sử dụng,Dầu diesel
2025-10-23,2023,Honda City RS 1.5 AT,468000000.0,Nội địa,Hà Nội,Sedan,94.0,Tự động,Đã sử dụng,Xăng
2025-10-23,2022,Mercedes Benz S class S450 4Matic Luxury,4000000000.0,Nhập khẩu,Hà Nội,Sedan,31000.0,Tự động,Đã sử dụng,Xăng
2025-10-23,2019,Mercedes Benz E class E300 AMG,1000000000.0,Nội địa,Hà Nội,Sedan,40000.0,Tự động,Đã sử dụng,Xăng
2025-10-23,2025,VinFast VF5 Plus,439000000.0,Nội địa,Hà Nội,SUV,9000.0,Tự động,Đã sử dụng,Điện
2025-10-23,2019,Hyundai Tucson 1.6 AT Turbo,629000000.0,Nội địa,TP HCM,Crossover,82000.0,Tự động,Đã sử dụng,Xăng
2025-10-23,2021,Ford Ranger XLS 2.2L 4x2 AT,555000000.0,Nhập khẩu,Hà Nội,Bán tải / Pickup,100000.0,Tự động,Đã sử dụng,Dầu diesel
2025-10-23,2023,Mazda 3 1.5L Luxury,581000000.0,Nội địa,Hà Nội,Sedan,48500.0,Tự động,Đã sử dụng,Xăng
2025-10-23,2014,Ford Everest 2.5L 4x2 AT,349000000.0,Nội địa,Hà Nội,SUV,146456.0,Tự động,Đã sử dụng,Dầu diesel
2025-10-23,2021,Toyota Land Cruiser VXR 3.5 V6,5000000000.0,Nhập khẩu,Hà Nội,SUV,9000.0,Tự động,Đã sử dụng,Xăng
2025-10-23,2019,VinFast Lux A 2.0 Plus 2.0 AT,520000000.0,Nội địa,Hà Nội,Sedan,56000.0,Tự động,Đã sử dụng,Xăng
2025-10-23,2024,Ford Territory Titanium X 1.5 AT,825000000.0,Nội địa,Hà Nội,SUV,9700.0,Tự động,Đã sử dụng,Xăng
2025-10-23,2019,VinFast Lux SA 2.0 Base 2.0 AT,580000000.0,Nội địa,Hà Nội,SUV,70000.0,Tự động,Đã sử dụng,Xăng
2025-10-23,2013,Hyundai Grand Starex Van 2.4 MT,260000000.0,Nhập khẩu,Hà Nội,Van/Minivan,125000.0,Số Tay,Đã sử dụng,Xăng
2025-10-23,2021,Toyota Corolla Cross 1.8HV,715000000.0,Nhập khẩu,Hà Nội,SUV,60000.0,Tự động,Đã sử dụng,Hybrid
2025-10-23,2017,Toyota Innova 2.0E,345000000.0,Nội địa,Bà Rịa Vũng Tàu,Crossover,125000.0,Số Tay,Đã sử dụng,Xăng
2025-10-23,2021,VinFast Lux A 2.0 Premium 2.0 AT,580000000.0,Nội địa,Hà Nội,Sedan,38000.0,Tự động,Đã sử dụng,Xăng
2025-10-23,2022,Mazda 3 1.5L Luxury,579000000.0,Nội địa,TP HCM,Sedan,17000.0,Tự động,Đã sử dụng,Xăng
2025-10-23,2019,Ford Tourneo Limousine 2.0 AT,730000000.0,Nội địa,TP HCM,Van/Minivan,46000.0,Tự động,Đã sử dụng,Xăng
2025-10-23,2025,Toyota Innova Cross HEV 2.0 CVT,1000000000.0,Nhập khẩu,Hà Nội,Crossover,6000.0,Tự động,Đã sử dụng,Hybrid
2025-10-23,2014,Kia Carens S SX 2.0 AT,290000000.0,Nội địa,Hà Nội,Crossover,130000.0,Tự động,Đã sử dụng,Xăng
2025-10-23,2015,Ford Ranger Wildtrak 3.2L 4x4 AT,495000000.0,Nhập khẩu,Hà Nội,Bán tải / Pickup,100000.0,Tự động,Đã sử dụng,Dầu diesel
2025-10-23,2021,Toyota Corolla Cross 1.8V,665000000.0,Nhập khẩu,TP HCM,SUV,67000.0,Tự động,Đã sử dụng,Xăng
2025-10-23,2022,Kia Carnival Premium 2.2D,1000000000.0,Nội địa,Hà Nội,Van/Minivan,70000.0,Tự động,Đã sử dụng,Dầu diesel
2025-10-23,2017,Audi A5 Sportback 2.0,939000000.0,Nhập khẩu,TP HCM,Sedan,110000.0,Tự động,Đã sử dụng,Xăng
2025-10-23,2018,Toyota Hiace 3.0,730000000.0,Nhập khẩu,TP HCM,Van/Minivan,131296.0,Số Tay,Đã sử dụng,Dầu diesel
2025-10-23,2024,Mazda 3 1.5L Luxury,610000000.0,Nội địa,Hải Phòng,Sedan,12000.0,Tự động,Đã sử dụng,Xăng
2025-10-23,2019,Ford Explorer Limited 2.3L EcoBoost,1000000000.0,Nhập khẩu,Hà Nội,SUV,75000.0,Tự động,Đã sử dụng,Xăng
2025-10-23,2018,Volvo XC90 T6 Inscription,1000000000.0,Nhập khẩu,Bình Dương,SUV,160000.0,Tự động,Đã sử dụng,Xăng
2025-10-23,2018,Honda Accord 2.4 AT,655000000.0,Nhập khẩu,Hà Nội,Sedan,90000.0,Tự động,Đã sử dụng,Xăng
2025-10-23,2021,Ford Everest Titanium 2.0L 4x4 AT,865000000.0,Nhập khẩu,TP HCM,SUV,98000.0,Tự động,Đã sử dụng,Dầu diesel
2025-10-23,2022,Mercedes Benz V class V250 Luxury,1000000000.0,Nhập khẩu,TP HCM,Van/Minivan,41000.0,Tự động,Đã sử dụng,Xăng
2025-10-23,2019,Toyota Corolla altis 1.8G AT,498000000.0,Nội địa,Bình Dương,Sedan,60000.0,Tự động,Đã sử dụng,Xăng
2025-10-23,2024,Ford Everest Platinum 2.0L 4x4 AT,1000000000.0,Nhập khẩu,Hà Nội,SUV,18000.0,Tự động,Đã sử dụng,Dầu diesel
2025-10-23,2024,Hyundai Accent Cao cấp 1.5 AT,518000000.0,Nội địa,Bình Dương,Sedan,5000.0,Tự động,Đã sử dụng,Xăng
2025-10-23,2014,LandRover Range Rover Supercharged LWB 5.0,2000000000.0,Nhập khẩu,Hà Nội,SUV,60000.0,Tự động,Đã sử dụng,Xăng
2025-10-23,2011,Honda Civic 1.8 AT,255000000.0,Nội địa,Hà Giang,Sedan,150000.0,Tự động,Đã sử dụng,Xăng
2025-10-23,2021,Toyota Corolla Cross 1.8V,685000000.0,Nhập khẩu,Hải Phòng,SUV,61000.0,Tự động,Đã sử dụng,Xăng
2025-10-23,2025,Hyundai Venue 1.0 T,516000000.0,Nội địa,Hà Nội,SUV,0.0,Tự động,Xe mới,Xăng
2025-10-23,2025,Ford Ranger Stormtrak 2.0L 4x4 AT,957000000.0,Nhập khẩu,Hà Nội,Bán tải / Pickup,0.0,Tự động,Xe mới,Dầu diesel
2025-10-23,2024,Ford Ranger Wildtrak 2.0L 4x4 AT,879000000.0,Nội địa,TP HCM,Bán tải / Pickup,27000.0,Tự động,Đã sử dụng,Dầu diesel
2025-10-23,2020,Mazda 3 1.5L Deluxe,480000000.0,Nội địa,Hà Nội,Sedan,70000.0,Tự động,Đã sử dụng,Xăng
2025-10-23,2021,Mercedes Benz GLC 200 4Matic,1000000000.0,Nội địa,Bình Dương,SUV,34000.0,Tự động,Đã sử dụng,Xăng
2025-10-23,2024,Kia Sportage Premium 2.0G,815000000.0,Nội địa,Hà Nội,Crossover,3000.0,Tự động,Đã sử dụng,Xăng
2025-10-23,2017,Toyota Fortuner 2.7V 4x2 AT,690000000.0,Nhập khẩu,Đăk Lăk,SUV,94000.0,Tự động,Đã sử dụng,Xăng
2025-10-23,2017,Mazda CX5 2.0 AT,495000000.0,Nội địa,Hà Nội,SUV,70000.0,Tự động,Đã sử dụng,Xăng
2025-10-23,2014,Toyota Fortuner TRD Sportivo 4x4 AT,458000000.0,Nội địa,Hà Nội,SUV,100000.0,Tự động,Đã sử dụng,Xăng
2025-10-23,2018,Mazda 3 1.5 AT,430000000.0,Nội địa,Hải Dương,Sedan,12000.0,Tự động,Đã sử dụng,Xăng
2025-10-23,2024,GAC M8 GT Master 2.0T,1000000000.0,Nhập khẩu,Hà Nội,Van/Minivan,0.0,Tự động,Xe mới,Xăng
2025-10-23,2020,Porsche Macan 2.0,2000000000.0,Nhập khẩu,Hà Nội,SUV,64000.0,Tự động,Đã sử dụng,Xăng
2025-10-23,2013,Mazda 3 S 1.6 AT,270000000.0,Nội địa,TP HCM,Sedan,96000.0,Tự động,Đã sử dụng,Xăng
2025-10-23,2024,Ford Everest Titanium 2.0L 4x2 AT,1000000000.0,Nhập khẩu,Hà Nội,SUV,29999.0,Tự động,Đã sử dụng,Dầu diesel
2025-10-23,2022,VinFast VF8 Plus AWD,690000000.0,Nội địa,Hà Nội,SUV,43000.0,Tự động,Đã sử dụng,Điện
2025-10-23,2012,Toyota Innova 2.0E,250000000.0,Nội địa,TP HCM,Crossover,110000.0,Số Tay,Đã sử dụng,Xăng
2025-10-23,2018,Toyota Vios 1.5E CVT,335000000.0,Nội địa,TP HCM,Sedan,68000.0,Tự động,Đã sử dụng,Xăng
2025-10-23,2017,Mercedes Benz C class C250 Exclusive,659000000.0,Nội địa,TP HCM,Sedan,56000.0,Tự động,Đã sử dụng,Xăng
2025-10-23,2018,Toyota Corolla altis 1.8G AT,465000000.0,Nội địa,TP HCM,Sedan,80000.0,Tự động,Đã sử dụng,Xăng
2025-10-23,2020,Mercedes Benz C class C300 AMG,999000000.0,Nội địa,TP HCM,Sedan,62000.0,Tự động,Đã sử dụng,Xăng
2025-10-23,2020,Kia Seltos Premium 1.4 AT,555000000.0,Nội địa,Hà Nội,Crossover,60000.0,Tự động,Đã sử dụng,Xăng
2025-10-23,2021,Mazda 3 1.5L Sport Premium,569000000.0,Nội địa,Hà Nội,Hatchback,18000.0,Tự động,Đã sử dụng,Xăng
2025-10-23,2022,Mercedes Benz GLA class GLA 45 S AMG 4Matic,2000000000.0,Nhập khẩu,TP HCM,SUV,4500.0,Tự động,Đã sử dụng,Xăng
2025-10-23,2024,Kia Carnival Premium 2.2D 7S,1000000000.0,Nội địa,Hà Nội,Van/Minivan,10000.0,Tự động,Đã sử dụng,Dầu diesel
2025-10-23,2019,Toyota Innova 2.0G,539000000.0,Nội địa,TP HCM,Crossover,108000.0,Tự động,Đã sử dụng,Xăng
2025-10-23,2023,Subaru Forester 2.0i,748000000.0,Nhập khẩu,Hà Nội,SUV,22000.0,Tự động,Đã sử dụng,Xăng
2025-10-23,2022,Mitsubishi Triton Athlete 4x2 AT,615000000.0,Nhập khẩu,Hà Nội,Bán tải / Pickup,71000.0,Tự động,Đã sử dụng,Dầu diesel
2025-10-23,2018,Mercedes Benz GLC 200,799000000.0,Nội địa,Hà Nội,SUV,80000.0,Tự động,Đã sử dụng,Xăng
2025-10-23,2023,Mercedes Benz C class C200 Avantgarde Plus,1000000000.0,Nội địa,TP HCM,Sedan,1800.0,Tự động,Đã sử dụng,Xăng
2025-10-23,2022,Mercedes Benz GLC 200 4Matic,1000000000.0,Nội địa,TP HCM,SUV,60000.0,Tự động,Đã sử dụng,Xăng
2025-10-23,2018,Audi Q2 1.4 TFSI,838000000.0,Nhập khẩu,TP HCM,Crossover,65600.0,Tự động,Đã sử dụng,Xăng
2025-10-23,2014,Porsche Cayenne 3.6 V6,1000000000.0,Nhập khẩu,TP HCM,SUV,92000.0,Tự động,Đã sử dụng,Xăng
2025-10-23,2015,Toyota Fortuner 2.7V 4x2 AT,445000000.0,Nội địa,Hải Phòng,SUV,85000.0,Tự động,Đã sử dụng,Xăng
2025-10-23,2022,Kia K3 Premium 2.0 AT,525000000.0,Nội địa,Hải Phòng,Sedan,40000.0,Tự động,Đã sử dụng,Xăng
2025-10-23,2025,Toyota Wigo G 1.2 AT,405000000.0,Nhập khẩu,Lạng Sơn,Hatchback,0.0,Tự động,Xe mới,Xăng
2025-10-23,2025,Ford Transit Cứu Thương,980000000.0,Nội địa,TP HCM,Van/Minivan,0.0,Số Tay,Xe mới,Dầu diesel
2025-10-23,2023,Lexus LX 600 F,8000000000.0,Nhập khẩu,Hà Nội,SUV,0.0,Tự động,Xe mới,Xăng
2025-10-23,2024,BYD M6 Standard,756000000.0,Nhập khẩu,Đồng Nai,Van/Minivan,0.0,Tự động,Xe mới,Điện
2025-10-23,2025,VinFast EC Van AT,273000000.0,Nội địa,TP HCM,Van/Minivan,0.0,Tự động,Xe mới,Điện
2025-10-23,2019,Mercedes Benz E class E200,1000000000.0,Nội địa,TP HCM,Sedan,65000.0,Tự động,Đã sử dụng,Xăng
2025-10-23,2025,Honda BR V G,573000000.0,Nhập khẩu,Hà Nội,SUV,0.0,Tự động,Xe mới,Xăng
2025-10-23,2020,Lexus RX 350L,3000000000.0,Nhập khẩu,Hà Nội,SUV,40000.0,Tự động,Đã sử dụng,Xăng
2025-10-23,2025,Kia Seltos Premium 1.5 AT,750000000.0,Nội địa,Hà Nội,Crossover,4000.0,Tự động,Đã sử dụng,Xăng
2025-10-23,2021,Mercedes Benz E class E200 Exclusive,1000000000.0,Nội địa,Hà Nội,Sedan,17600.0,Tự động,Đã sử dụng,Hybrid
2025-10-23,2018,Peugeot 5008 1.6 AT,609000000.0,Nội địa,Hà Nội,SUV,82000.0,Tự động,Đã sử dụng,Xăng
2025-10-23,2012,BMW 5 Series 520i,490000000.0,Nhập khẩu,Hà Nội,Sedan,140000.0,Tự động,Đã sử dụng,Xăng
2025-10-23,2008,Hyundai SantaFe 2.7L 4WD,259000000.0,Nhập khẩu,Bà Rịa Vũng Tàu,SUV,103.0,Tự động,Đã sử dụng,Xăng
2025-10-23,2025,VinFast VF7 Plus,806000000.0,Nội địa,TP HCM,SUV,0.0,Tự động,Xe mới,Điện
2025-10-23,2025,VinFast VF6 Plus,703000000.0,Nội địa,TP HCM,SUV,0.0,Tự động,Xe mới,Điện
2025-10-23,2015,Kia Morning EX,135000000.0,Nội địa,Hà Nội,Hatchback,130000.0,Số Tay,Đã sử dụng,Xăng
2025-10-23,2013,Mercedes Benz C class C300 AMG,390000000.0,Nội địa,Hà Nội,Sedan,140000.0,Tự động,Đã sử dụng,Xăng
2025-10-23,2017,Toyota Vios 1.5G,372000000.0,Nội địa,Hà Nội,Sedan,53000.0,Tự động,Đã sử dụng,Xăng
2025-10-23,2020,Mercedes Benz C class C200 Exclusive,920000000.0,Nội địa,Hà Nội,Sedan,51000.0,Tự động,Đã sử dụng,Xăng
2025-10-23,2025,Toyota Raize G 1.0 CVT,483000000.0,Nhập khẩu,Hà Nội,SUV,0.0,Tự động,Xe mới,Xăng
2025-10-23,2019,Ford Ranger XLS 2.2L 4x2 AT,500000000.0,Nhập khẩu,Hà Nội,Bán tải / Pickup,80000.0,Tự động,Đã sử dụng,Dầu diesel
2025-10-23,2025,VinFast VF8 Eco,860000000.0,Nội địa,TP HCM,SUV,0.0,Tự động,Xe mới,Điện
2025-10-23,2025,VinFast Limo Green AT,689000000.0,Nội địa,TP HCM,SUV,0.0,Tự động,Xe mới,Điện
2025-10-23,2013,Toyota Fortuner 2.5G,455000000.0,Nội địa,Hà Nội,SUV,80000.0,Số Tay,Đã sử dụng,Dầu diesel
2025-10-23,2017,Chevrolet Aveo LTZ 1.4 AT,195000000.0,Nội địa,Bình Dương,Sedan,43000.0,Tự động,Đã sử dụng,Xăng
2025-10-23,2019,Mercedes Benz GLC 200,955000000.0,Nội địa,Hà Nội,SUV,60000.0,Tự động,Đã sử dụng,Xăng
2025-10-23,2021,VinFast Lux A 2.0 Base 2.0 AT,479000000.0,Nội địa,Hà Nội,Sedan,57000.0,Tự động,Đã sử dụng,Xăng
2025-10-23,2015,Mercedes Benz S class S400L,1000000000.0,Nội địa,Hà Nội,Sedan,161000.0,Tự động,Đã sử dụng,Xăng
2025-10-23,2016,Mercedes Benz GLS 400 4Matic,1000000000.0,Nhập khẩu,Đà Nẵng,SUV,90000.0,Tự động,Đã sử dụng,Xăng
2025-10-23,2025,Toyota Vios E CVT,448000000.0,Nội địa,Hà Nội,Sedan,900.0,Tự động,Đã sử dụng,Xăng
2025-10-23,2019,VinFast Lux A 2.0 Premium 2.0 AT,468000000.0,Nội địa,Hà Nội,Sedan,110000.0,Tự động,Đã sử dụng,Xăng
2025-10-23,2022,Mercedes Benz C class C300 AMG,1000000000.0,Nhập khẩu,Hà Nội,Sedan,19500.0,Tự động,Đã sử dụng,Xăng
2025-10-23,2022,Toyota Camry 2.0Q,1000000000.0,Nhập khẩu,TP HCM,Sedan,39000.0,Tự động,Đã sử dụng,Xăng
2025-10-23,2024,VinFast VF5 Plus,445000000.0,Nội địa,Tuyên Quang,SUV,12000.0,Tự động,Đã sử dụng,Điện
2025-10-23,2022,Volkswagen Teramont 2.0 AT,1000000000.0,Nhập khẩu,Hà Nội,SUV,47000.0,Tự động,Đã sử dụng,Xăng
2025-10-23,2025,VinFast VF8 Eco,790000000.0,Nội địa,Hà Nội,SUV,0.0,Tự động,Xe mới,Điện
2025-10-23,2016,Kia Morning Van 1.0 AT,205000000.0,Nhập khẩu,Hà Nội,Van/Minivan,9000.0,Tự động,Đã sử dụng,Xăng
2025-10-23,2017,Kia Cerato 2.0 AT,386000000.0,Nội địa,Hà Nội,Sedan,7000.0,Tự động,Đã sử dụng,Xăng
2025-10-23,2021,BMW 5 Series 530i M Sport,1000000000.0,Nhập khẩu,Hà Nội,Sedan,30000.0,Tự động,Đã sử dụng,Xăng
2025-10-23,2015,LandRover Range Rover Sport HSE,1000000000.0,Nhập khẩu,Hà Nội,SUV,86000.0,Tự động,Đã sử dụng,Xăng
2025-10-23,2015,Mercedes Benz S class S500L,1000000000.0,Nhập khẩu,Hà Nội,Sedan,65000.0,Tự động,Đã sử dụng,Xăng
2025-10-23,2020,Mazda CX5 2.0 Luxury,669000000.0,Nội địa,Hà Nội,SUV,79000.0,Tự động,Đã sử dụng,Xăng
2025-10-23,2025,Mazda CX5 Premium Exclusive 2.0 AT,839000000.0,Nội địa,Hà Nội,SUV,0.0,Tự động,Xe mới,Xăng
2025-10-23,2019,Kia Cerato 1.6 AT Luxury,469000000.0,Nội địa,Hà Nội,Sedan,80000.0,Tự động,Đã sử dụng,Xăng
2025-10-23,2022,Kia K3 Premium 2.0 AT,579000000.0,Nội địa,Hà Nội,Sedan,33000.0,Tự động,Đã sử dụng,Xăng
2025-10-23,2022,Mazda 3 1.5L Sport Premium,629000000.0,Nội địa,Hà Nội,Hatchback,20000.0,Tự động,Đã sử dụng,Xăng
2025-10-23,2015,Mercedes Benz C class C200,555000000.0,Nội địa,Hà Nội,Sedan,80000.0,Tự động,Đã sử dụng,Xăng
2025-10-23,2016,Nissan X trail 2.5 SV 4WD,475000000.0,Nội địa,Hà Nội,SUV,100000.0,Tự động,Đã sử dụng,Xăng
2025-10-23,2017,Nissan X trail 2.5 SV 4WD,495000000.0,Nội địa,Hà Nội,SUV,110000.0,Tự động,Đã sử dụng,Xăng
2025-10-23,2022,Hyundai SantaFe Cao cấp 2.5L HTRAC,1000000000.0,Nội địa,Hà Nội,SUV,50000.0,Tự động,Đã sử dụng,Xăng
2025-10-23,2022,Hyundai Accent 1.4 AT,445000000.0,Nội địa,Hà Nội,Sedan,13000.0,Tự động,Đã sử dụng,Xăng
2025-10-23,2019,LandRover Range Rover Vogue 3.0,4000000000.0,Nhập khẩu,Hà Nội,SUV,40000.0,Tự động,Đã sử dụng,Xăng
2025-10-23,2024,Kia Seltos Luxury 1.4 AT,599000000.0,Nội địa,TP HCM,Crossover,0.0,Tự động,Xe mới,Xăng
2025-10-23,2015,Audi A4 1.8 TFSI,450000000.0,Nhập khẩu,TP HCM,Sedan,140000.0,Tự động,Đã sử dụng,Xăng
2025-10-23,2021,Ford Ranger XLS 2.2L 4x2 AT,530000000.0,Nội địa,Hà Nội,Bán tải / Pickup,60000.0,Tự động,Đã sử dụng,Dầu diesel
2025-10-23,2014,Toyota Land Cruiser VX 4.6 V8,1000000000.0,Nhập khẩu,Hà Nội,SUV,140000.0,Tự động,Đã sử dụng,Xăng
2025-10-23,2017,Kia Morning Si MT,195000000.0,Nội địa,Hà Nội,Hatchback,60000.0,Số Tay,Đã sử dụng,Xăng
2025-10-23,2016,Lexus RX 200t,1000000000.0,Nhập khẩu,Hà Nội,SUV,110000.0,Tự động,Đã sử dụng,Xăng
2025-10-23,2015,BMW 5 Series 528i,1000000000.0,Nhập khẩu,Hà Nội,Sedan,15000.0,Tự động,Đã sử dụng,Xăng
2025-10-23,2021,Hyundai Kona 2.0 AT,489000000.0,Nội địa,Hà Nội,Crossover,50000.0,Tự động,Đã sử dụng,Xăng
2025-10-23,2025,VinFast VF5 Plus,482000000.0,Nội địa,Hà Nội,SUV,0.0,Tự động,Xe mới,Điện
2025-10-23,2025,BMW X3 xDrive20i,2000000000.0,Nội địa,Hà Nội,SUV,2700.0,Tự động,Đã sử dụng,Hybrid
2025-10-23,2023,BMW 3 Series 320i Sport Line,1000000000.0,Nội địa,TP HCM,Sedan,51000.0,Tự động,Đã sử dụng,Xăng
2025-10-23,2011,Luxgen U7 2.2T,198000000.0,Nhập khẩu,Bình Dương,SUV,101000.0,Tự động,Đã sử dụng,Xăng
2025-10-23,2024,Omoda C5 Flagship 1.5 Turbo,602000000.0,Nhập khẩu,Hà Nội,SUV,0.0,Tự động,Xe mới,Xăng
2025-10-23,2019,Mitsubishi Xpander 1.5 AT,425000000.0,Nhập khẩu,TP HCM,SUV,116000.0,Tự động,Đã sử dụng,Xăng
2025-10-23,2024,BMW X7 xDrive40i M Sport,4000000000.0,Nhập khẩu,Hà Nội,SUV,0.0,Tự động,Xe mới,Xăng
2025-10-23,2021,VinFast Lux A 2.0 2.0 AT,545000000.0,Nội địa,Hà Nội,Sedan,23000.0,Tự động,Đã sử dụng,Xăng
2025-10-23,2016,Mercedes Benz C class C250 Exclusive,650000000.0,Nội địa,TP HCM,Sedan,91000.0,Tự động,Đã sử dụng,Xăng
2025-10-23,2016,Nissan X trail 2.0 2WD,425000000.0,Nội địa,Hà Nội,SUV,95000.0,Tự động,Đã sử dụng,Xăng
2025-10-23,2020,Suzuki Swift GLX 1.2 AT,425000000.0,Nhập khẩu,Hà Nội,Hatchback,52000.0,Tự động,Đã sử dụng,Xăng
2025-10-23,2021,Mercedes Benz GLC 200 4Matic,1000000000.0,Nội địa,Hà Nội,SUV,52000.0,Tự động,Đã sử dụng,Xăng
2025-10-23,2016,Kia Sorento DATH,515000000.0,Nội địa,Hà Nội,SUV,93000.0,Tự động,Đã sử dụng,Dầu diesel
2025-10-23,2019,Honda City 1.5,368000000.0,Nội địa,Hà Tĩnh,Sedan,60000.0,Tự động,Đã sử dụng,Xăng
2025-10-23,2023,Mercedes Benz S class S450,5000000000.0,Nhập khẩu,TP HCM,Sedan,0.0,Tự động,Xe mới,Xăng
2025-10-23,2019,Toyota Fortuner 2.7V 4x2 AT TRD,775000000.0,Nội địa,Hà Nội,SUV,79886.0,Tự động,Đã sử dụng,Xăng
2025-10-23,2022,Ford Everest Titanium 2.0L 4x2 AT,1000000000.0,Nhập khẩu,TP HCM,SUV,28000.0,Tự động,Đã sử dụng,Dầu diesel
2025-10-23,2023,Mazda CX8 Luxury,795000000.0,Nội địa,TP HCM,SUV,34000.0,Tự động,Đã sử dụng,Xăng
2025-10-23,2016,Audi Q3 2.0 Quattro,566000000.0,Nhập khẩu,Hà Nội,Crossover,55000.0,Tự động,Đã sử dụng,Xăng
2025-10-23,2020,Mazda CX5 2.5 Signature Premium 2WD,689000000.0,Nội địa,Hà Nội,SUV,66000.0,Tự động,Đã sử dụng,Xăng
2025-10-23,2023,Mazda 3 1.5L Luxury,579000000.0,Nội địa,Hà Nội,Sedan,50000.0,Tự động,Đã sử dụng,Xăng
2025-10-23,2025,Ford Ranger Wildtrak 2.0L 4x4 AT,894000000.0,Nội địa,TP HCM,Bán tải / Pickup,0.0,Tự động,Xe mới,Dầu diesel
2025-10-23,2024,Kia Sonet Luxury 1.5 AT,539000000.0,Nội địa,Hải Phòng,Crossover,19000.0,Tự động,Đã sử dụng,Xăng
2025-10-23,2020,Mazda 6 Premium 2.0 AT,599000000.0,Nội địa,Hà Nội,Sedan,50000.0,Tự động,Đã sử dụng,Xăng
2025-10-23,2022,Mitsubishi Outlander 2.0 CVT,695000000.0,Nội địa,Hà Nội,SUV,32000.0,Tự động,Đã sử dụng,Xăng
2025-10-23,2025,Hyundai Creta Đặc biệt 1.5 AT,603000000.0,Nội địa,Hà Nội,SUV,0.0,Tự động,Xe mới,Xăng
2025-10-23,2025,Ford Transit Premium,949000000.0,Nội địa,TP HCM,Van/Minivan,0.0,Số Tay,Xe mới,Dầu diesel
2025-10-23,2022,Kia Sorento Signature 2.2 AT AWD,915000000.0,Nội địa,Hà Nội,SUV,43000.0,Tự động,Đã sử dụng,Dầu diesel
2025-10-23,2025,Honda City L 1.5 AT,477000000.0,Nội địa,Hà Nội,Sedan,0.0,Tự động,Xe mới,Xăng
2025-10-23,2021,Mazda 3 1.5L Deluxe,479000000.0,Nội địa,Hải Phòng,Sedan,60000.0,Tự động,Đã sử dụng,Xăng
2025-10-23,2015,Mazda 6 2.5 AT,385000000.0,Nội địa,Hà Nội,Sedan,95000.0,Tự động,Đã sử dụng,Xăng
2025-10-23,2025,Toyota Alphard HEV 2.5 AT,4000000000.0,Nhập khẩu,TP HCM,Van/Minivan,4000.0,Tự động,Đã sử dụng,Hybrid
2025-10-23,2003,Toyota Sienna LE 3.3,299000000.0,Nhập khẩu,TP HCM,Van/Minivan,97000.0,Tự động,Đã sử dụng,Xăng
2025-10-23,2014,Bentley Flying Spur W12,4000000000.0,Nhập khẩu,Hà Nội,Sedan,160000.0,Tự động,Đã sử dụng,Xăng
2025-10-23,2015,BMW i8 1.5L Hybrid,2000000000.0,Nhập khẩu,Hà Nội,Coupe,20000.0,Tự động,Đã sử dụng,Hybrid
2025-10-23,2020,Audi Q8 55 TFSI S,2000000000.0,Nhập khẩu,Hà Nội,SUV,50000.0,Tự động,Đã sử dụng,Xăng
2025-10-23,2022,Toyota Camry 2.5Q,1000000000.0,Nhập khẩu,TP HCM,Sedan,14100.0,Tự động,Đã sử dụng,Xăng
2025-10-23,2024,Toyota Innova Cross HEV 2.0 CVT,980000000.0,Nhập khẩu,Hà Nội,Crossover,5000.0,Tự động,Đã sử dụng,Hybrid
2025-10-23,2014,LandRover Range Rover Autobiography LWB 5.0,2000000000.0,Nhập khẩu,Hà Nội,SUV,70000.0,Tự động,Đã sử dụng,Xăng
2025-10-23,2011,Mercedes Benz S class S300L,580000000.0,Nhập khẩu,Hà Nội,Sedan,75000.0,Tự động,Đã sử dụng,Xăng
2025-10-23,2022,VinFast VF e34 AT,438000000.0,Nội địa,Hà Nội,Crossover,70000.0,Tự động,Đã sử dụng,Điện
2025-10-23,2025,Kia Sonet Deluxe 1.5 AT,514000000.0,Nội địa,TP HCM,SUV,0.0,Tự động,Xe mới,Xăng
2025-10-23,2020,Ford EcoSport Titanium 1.5 AT,455000000.0,Nội địa,TP HCM,SUV,69000.0,Tự động,Đã sử dụng,Xăng
2025-10-23,2021,Honda HRV L,599000000.0,Nhập khẩu,Hà Nội,Crossover,80000.0,Tự động,Đã sử dụng,Xăng
2025-10-23,2019,Hyundai Elantra 2.0 AT,429000000.0,Nội địa,Hà Nội,Sedan,78000.0,Tự động,Đã sử dụng,Xăng
2025-10-23,2018,Toyota Vios 1.5G,378000000.0,Nội địa,Hà Nội,Sedan,63000.0,Tự động,Đã sử dụng,Xăng
2025-10-23,2025,MG ZS Luxury 1.5 AT 2WD,450000000.0,Nhập khẩu,Hà Nội,Crossover,0.0,Tự động,Xe mới,Xăng
2025-10-23,2017,Audi Q5 2.0 AT,899000000.0,Nhập khẩu,Hà Nội,SUV,80000.0,Tự động,Đã sử dụng,Xăng
2025-10-23,2018,Kia Cerato 1.6 MT,340000000.0,Nội địa,Thanh Hóa,Sedan,80000.0,Số Tay,Đã sử dụng,Xăng
2025-10-23,2010,Mazda 2 1.5 AT,186000000.0,Nhập khẩu,Hà Nội,Hatchback,100000.0,Tự động,Đã sử dụng,Xăng
2025-10-23,2017,Toyota Yaris 1.5G,400000000.0,Nhập khẩu,Hải Dương,Hatchback,79000.0,Tự động,Đã sử dụng,Xăng
2025-10-23,2018,Toyota Wigo 1.2G AT,255000000.0,Nhập khẩu,Hà Nội,Hatchback,60000.0,Tự động,Đã sử dụng,Xăng
2025-10-23,2019,Mazda 2 Luxury,379000000.0,Nhập khẩu,Thái Bình,Sedan,50000.0,Tự động,Đã sử dụng,Xăng
2025-10-23,2022,Mazda CX5 Premium 2.0 AT,729000000.0,Nội địa,Hà Nội,SUV,41000.0,Tự động,Đã sử dụng,Xăng
2025-10-23,2018,Toyota Fortuner 2.4G 4x2 MT,715000000.0,Nhập khẩu,TP HCM,SUV,49000.0,Số Tay,Đã sử dụng,Dầu diesel
2025-10-23,2016,Kia Sedona 2.2L DATH,596000000.0,Nội địa,TP HCM,Van/Minivan,93000.0,Tự động,Đã sử dụng,Dầu diesel
2025-10-23,2022,Ford Everest Titanium 2.0L 4x4 AT,985000000.0,Nhập khẩu,TP HCM,SUV,65000.0,Tự động,Đã sử dụng,Dầu diesel
2025-10-23,2019,Toyota Yaris 1.5G,439000000.0,Nhập khẩu,Hà Nội,Hatchback,63000.0,Tự động,Đã sử dụng,Xăng
2025-10-23,2020,Kia Soluto 1.4 AT Deluxe,310000000.0,Nội địa,Hà Nội,Sedan,50000.0,Tự động,Đã sử dụng,Xăng
2025-10-23,2013,Toyota Camry 2.5Q,500000000.0,Nội địa,Hà Nội,Sedan,72000.0,Tự động,Đã sử dụng,Xăng
2025-10-23,2019,Hyundai Tucson 1.6 AT Turbo,645000000.0,Nội địa,Hà Nội,Crossover,55000.0,Tự động,Đã sử dụng,Xăng
2025-10-23,2022,Toyota Prado VX 2.7L,2000000000.0,Nhập khẩu,TP HCM,SUV,63000.0,Tự động,Đã sử dụng,Xăng
2025-10-23,2021,Hyundai Accent 1.4 AT Đặc Biệt,422000000.0,Nội địa,Hà Nội,Sedan,69000.0,Tự động,Đã sử dụng,Xăng
2025-10-23,2018,Toyota Vios 1.5G,378000000.0,Nội địa,Hà Nội,Sedan,89000.0,Tự động,Đã sử dụng,Xăng
2025-10-23,2019,Mercedes Benz S class S450L Luxury,2000000000.0,Nội địa,Hà Nội,Sedan,70000.0,Tự động,Đã sử dụng,Xăng
2025-10-23,2023,Toyota Wigo E 1.2 MT,265000000.0,Nhập khẩu,Phú Thọ,Hatchback,40000.0,Số Tay,Đã sử dụng,Xăng
2025-10-23,2025,Audi A6 S Line 40 TFSI,2000000000.0,Nhập khẩu,Hà Nội,Sedan,0.0,Tự động,Xe mới,Xăng
2025-10-23,2016,Audi TT 2.0 TFSI,1000000000.0,Nhập khẩu,Hà Nội,Coupe,39000.0,Tự động,Đã sử dụng,Xăng
2025-10-23,2019,Hyundai Accent 1.4 MT Base,289000000.0,Nội địa,Hà Nội,Sedan,87000.0,Số Tay,Đã sử dụng,Xăng
2025-10-23,2025,VinFast VF3 Plus,255000000.0,Nội địa,Hà Nội,Hatchback,0.0,Tự động,Xe mới,Điện
2025-10-23,2020,Kia Soluto 1.4 AT Deluxe,316000000.0,Nội địa,Hà Nội,Sedan,6300.0,Tự động,Đã sử dụng,Xăng
2025-10-23,2013,Mitsubishi Mirage 1.2 AT,185000000.0,Nhập khẩu,TP HCM,Hatchback,93000.0,Tự động,Đã sử dụng,Xăng
2025-10-23,2019,Hyundai i10 Grand 1.2 AT,309000000.0,Nội địa,Hà Nội,Sedan,43000.0,Tự động,Đã sử dụng,Xăng
2025-10-23,2025,Toyota Raize G 1.0 CVT,478000000.0,Nhập khẩu,Hà Nội,SUV,0.0,Tự động,Xe mới,Xăng
2025-10-23,2025,Hyundai Custin Đặc Biệt 1.5T,895000000.0,Nội địa,Cần Thơ,Van/Minivan,0.0,Tự động,Xe mới,Xăng
2025-10-23,2021,Hyundai Accent 1.4 AT Đặc Biệt,430000000.0,Nội địa,Hải Phòng,Sedan,24000.0,Tự động,Đã sử dụng,Xăng
2025-10-23,2023,VinFast VF8 Eco,760000000.0,Nội địa,Hà Nội,SUV,12000.0,Tự động,Đã sử dụng,Điện
2025-10-23,2025,Toyota Hilux 2.4L 4x2 AT,706000000.0,Nhập khẩu,Hà Nội,Bán tải / Pickup,0.0,Tự động,Xe mới,Dầu diesel
2025-10-23,2024,Toyota Camry 2.5 HEV Top,1000000000.0,Nhập khẩu,TP HCM,Sedan,0.0,Tự động,Xe mới,Hybrid
2025-10-23,2022,Toyota Vios E 1.5 MT,345000000.0,Nội địa,Hà Nội,Sedan,61000.0,Số Tay,Đã sử dụng,Xăng
2025-10-23,2024,Kia Carnival Signature 2.2D,1000000000.0,Nội địa,TP HCM,Van/Minivan,46000.0,Tự động,Đã sử dụng,Dầu diesel
2025-10-23,2021,VinFast Fadil 1.4 AT Plus,325000000.0,Nội địa,Hà Nội,Hatchback,46000.0,Tự động,Đã sử dụng,Xăng
2025-10-23,2023,Hyundai Accent 1.4 AT,455000000.0,Nội địa,Hà Nội,Sedan,14000.0,Tự động,Đã sử dụng,Xăng
2025-10-23,2023,Nissan Kicks e,668000000.0,Nhập khẩu,TP HCM,SUV,800.0,Tự động,Đã sử dụng,Hybrid
2025-10-23,2022,Suzuki Ertiga Hybrid 1.5 AT,458000000.0,Nhập khẩu,Hà Nội,SUV,28000.0,Tự động,Đã sử dụng,Hybrid
2025-10-23,2020,Hyundai Accent 1.4 ATH,393000000.0,Nội địa,Hà Nội,Sedan,69000.0,Tự động,Đã sử dụng,Xăng
2025-10-23,2025,Toyota Veloz Cross 1.5 CVT,558000000.0,Nội địa,Hà Nội,SUV,0.0,Tự động,Xe mới,Xăng
2025-10-23,2021,Hyundai Tucson 2.0 AT Đặc biệt,695000000.0,Nội địa,Hà Nội,Crossover,60000.0,Tự động,Đã sử dụng,Xăng
2025-10-23,2015,Audi TT 2.0 TFSI,1000000000.0,Nhập khẩu,TP HCM,Coupe,38000.0,Tự động,Đã sử dụng,Xăng
2025-10-23,2020,Kia Sorento Signature 2.5 AT AWD,835000000.0,Nội địa,Bình Dương,SUV,60000.0,Tự động,Đã sử dụng,Xăng
2025-10-23,2022,VinFast Lux A 2.0 Nâng cao,568000000.0,Nội địa,Hà Nội,Sedan,47000.0,Tự động,Đã sử dụng,Xăng
2025-10-23,2017,Toyota Land Cruiser VX 4.6 V8,2000000000.0,Nhập khẩu,Hà Nội,SUV,140000.0,Tự động,Đã sử dụng,Xăng
2025-10-23,2022,Toyota Alphard Luxury Executive Lounge,3000000000.0,Nhập khẩu,TP HCM,Van/Minivan,34567.0,Tự động,Đã sử dụng,Xăng
2025-10-23,2006,Rolls Royce Phantom 6.7 V12,5000000000.0,Nhập khẩu,Hà Nội,Sedan,72000.0,Tự động,Đã sử dụng,Xăng
2025-10-23,2018,Mercedes Benz GLC 300 4Matic,1000000000.0,Nội địa,Hà Nội,SUV,110000.0,Tự động,Đã sử dụng,Xăng
2025-10-23,2016,Toyota Vios 1.5E,262000000.0,Nội địa,Hà Nội,Sedan,75633.0,Số Tay,Đã sử dụng,Xăng
2025-10-23,2015,Porsche Macan 2.0,1000000000.0,Nhập khẩu,Hà Nội,SUV,90000.0,Tự động,Đã sử dụng,Xăng
2025-10-23,2018,Honda City 1.5TOP,368000000.0,Nội địa,Hà Nội,Sedan,68000.0,Tự động,Đã sử dụng,Xăng
2025-10-23,2021,Mercedes Benz G class G63 AMG,7000000000.0,Nhập khẩu,Hà Nội,SUV,31000.0,Tự động,Đã sử dụng,Xăng
2025-10-23,2023,Hyundai Accent 1.4 AT Đặc Biệt,454000000.0,Nội địa,Hà Nội,Sedan,38000.0,Tự động,Đã sử dụng,Xăng
2025-10-23,2024,Hyundai Accent Đặc biệt 1.5 AT,495000000.0,Nội địa,Hà Nội,Sedan,28000.0,Tự động,Đã sử dụng,Xăng
2025-10-23,2016,Ford Fiesta S 1.5 AT,239000000.0,Nội địa,TP HCM,Hatchback,72000.0,Tự động,Đã sử dụng,Xăng
2025-10-23,2023,Toyota Veloz Cross Top 1.5 CVT,492000000.0,Nội địa,TP HCM,SUV,52000.0,Tự động,Đã sử dụng,Xăng
2025-10-23,2024,Toyota Fortuner Legender 2.4L 4x2 AT,1000000000.0,Nội địa,Hà Nội,SUV,3000.0,Tự động,Đã sử dụng,Dầu diesel
2025-10-23,2022,Suzuki XL7 1.5 AT,438000000.0,Nhập khẩu,Hà Nội,SUV,68000.0,Tự động,Đã sử dụng,Xăng
2025-10-23,2017,Mazda 6 2.0L Premium,460000000.0,Nội địa,Hà Nội,Sedan,70000.0,Tự động,Đã sử dụng,Xăng
2025-10-23,2021,Mitsubishi Xpander Cross 1.5 AT,509000000.0,Nhập khẩu,Hà Nội,SUV,86000.0,Tự động,Đã sử dụng,Xăng
2025-10-23,2018,Toyota Innova 2.0G,509000000.0,Nội địa,TP HCM,Crossover,123000.0,Tự động,Đã sử dụng,Xăng
2025-10-23,2022,Kia Seltos Premium 1.4 AT,640000000.0,Nội địa,Quảng Ninh,Crossover,60000.0,Tự động,Đã sử dụng,Xăng
2025-10-23,2014,Chevrolet Aveo LTZ 1.5 AT,198000000.0,Nội địa,Hà Nội,Sedan,80000.0,Tự động,Đã sử dụng,Xăng
2025-10-23,2019,Hyundai i10 Grand 1.2 AT,299000000.0,Nội địa,TP HCM,Sedan,77000.0,Tự động,Đã sử dụng,Xăng
2025-10-23,2025,Toyota Vios E CVT,433000000.0,Nội địa,Hà Nội,Sedan,0.0,Tự động,Xe mới,Xăng
2025-10-23,2022,Mitsubishi Attrage 1.2 CVT,339000000.0,Nhập khẩu,Hà Nội,Sedan,58000.0,Tự động,Đã sử dụng,Xăng
2025-10-23,2018,Suzuki Swift GLX 1.2 AT,380000000.0,Nhập khẩu,TP HCM,Hatchback,67000.0,Tự động,Đã sử dụng,Xăng
2025-10-23,2021,Ford Everest Titanium 2.0L 4x2 AT,899000000.0,Nhập khẩu,TP HCM,SUV,81000.0,Tự động,Đã sử dụng,Dầu diesel
2025-10-23,2019,Honda City 1.5TOP,389000000.0,Nội địa,Hà Nội,Sedan,72000.0,Tự động,Đã sử dụng,Xăng
2025-10-23,2021,Honda Brio RS,365000000.0,Nhập khẩu,Hà Nội,Hatchback,30000.0,Tự động,Đã sử dụng,Xăng
2025-10-23,2022,Mercedes Benz C class C200 Avantgarde,1000000000.0,Nội địa,Hà Nội,Sedan,40000.0,Tự động,Đã sử dụng,Xăng
2025-10-23,2021,Hyundai Kona 2.0 ATH,509000000.0,Nội địa,Hà Nội,Crossover,47000.0,Tự động,Đã sử dụng,Xăng
2025-10-23,2019,Hyundai Accent 1.4 ATH,368000000.0,Nội địa,Hà Nội,Sedan,86000.0,Tự động,Đã sử dụng,Xăng
2025-10-23,2022,Peugeot 3008 GT,795000000.0,Nội địa,Hà Nội,Crossover,60000.0,Tự động,Đã sử dụng,Xăng
2025-10-23,2025,Lynk & Co 06 1.5 Turbo,695000000.0,Nhập khẩu,TP HCM,SUV,1300.0,Tự động,Đã sử dụng,Xăng
2025-10-23,2024,Mitsubishi Xpander Cross 1.5 AT,615000000.0,Nhập khẩu,Hà Nội,SUV,28000.0,Tự động,Đã sử dụng,Xăng
2025-10-23,2021,Ford Ranger Raptor 2.0L 4x4 AT,995000000.0,Nhập khẩu,TP HCM,Bán tải / Pickup,65000.0,Tự động,Đã sử dụng,Dầu diesel
2025-10-23,2024,Omoda C5 Flagship 1.5 Turbo,589000000.0,Nhập khẩu,TP HCM,SUV,7000.0,Tự động,Đã sử dụng,Xăng
2025-10-23,2016,Mazda 2 1.5 AT,300000000.0,Nội địa,Hải Dương,Sedan,98000.0,Tự động,Đã sử dụng,Xăng
2025-10-23,2025,VinFast VF3 Plus,286000000.0,Nội địa,Hà Nội,Hatchback,0.0,Tự động,Xe mới,Điện
2025-10-23,2023,Mercedes Benz GLC 300 4Matic,2000000000.0,Nội địa,Hà Nội,SUV,8000.0,Tự động,Đã sử dụng,Xăng
2025-10-23,2021,Toyota Vios G 1.5 CVT,445000000.0,Nội địa,Thái Nguyên,Sedan,30000.0,Tự động,Đã sử dụng,Xăng
2025-10-23,2009,Lexus GX 470,735000000.0,Nhập khẩu,TP HCM,SUV,95000.0,Tự động,Đã sử dụng,Xăng
2025-10-23,2016,Honda City 1.5 AT,316000000.0,Nội địa,Hà Nội,Sedan,63000.0,Tự động,Đã sử dụng,Xăng
2025-10-23,2021,Mitsubishi Attrage 1.2 MT,252000000.0,Nhập khẩu,Hà Nội,Sedan,71000.0,Số Tay,Đã sử dụng,Xăng
2025-10-23,2023,BMW X4 xDrive20i M Sport,2000000000.0,Nhập khẩu,TP HCM,SUV,15000.0,Tự động,Đã sử dụng,Xăng
2025-10-23,2013,Toyota 4 Runner Limited,1000000000.0,Nhập khẩu,Hà Nội,SUV,112000.0,Tự động,Đã sử dụng,Xăng
2025-10-23,2024,Toyota Land Cruiser 3.5 V6,5000000000.0,Nhập khẩu,Hà Nội,SUV,20000.0,Tự động,Đã sử dụng,Xăng
2025-10-23,2015,Lexus LX 570 Super Sport,4000000000.0,Nhập khẩu,Hà Nội,SUV,60000.0,Tự động,Đã sử dụng,Xăng
2025-10-23,2019,Mitsubishi Xpander 1.5 AT,429000000.0,Nhập khẩu,Hà Nội,SUV,98000.0,Tự động,Đã sử dụng,Xăng
2025-10-23,2020,Hyundai Tucson 2.0 AT,539000000.0,Nội địa,TP HCM,Crossover,78000.0,Tự động,Đã sử dụng,Xăng
2025-10-23,2023,Lexus LX 600 F,8000000000.0,Nhập khẩu,Hà Nội,SUV,38000.0,Tự động,Đã sử dụng,Xăng
2025-10-23,2024,VinFast VF8 Eco AWD,825000000.0,Nội địa,Hà Nội,SUV,27000.0,Tự động,Đã sử dụng,Điện
2025-10-23,2023,Honda HRV G,618000000.0,Nhập khẩu,Hà Nội,Crossover,20000.0,Tự động,Đã sử dụng,Xăng
2025-10-23,2025,Toyota Vios E CVT,453000000.0,Nội địa,TP HCM,Sedan,0.0,Tự động,Xe mới,Xăng
2025-10-23,2023,BMW 5 Series 520i M Sport,1000000000.0,Nội địa,Hà Nội,Sedan,0.0,Tự động,Xe mới,Xăng
2025-10-23,2023,Ford Territory Titanium 1.5 AT,769000000.0,Nội địa,Hải Phòng,SUV,20000.0,Tự động,Đã sử dụng,Xăng
2025-10-23,2019,VinFast Lux A 2.0 Base 2.0 AT,485000000.0,Nội địa,Hà Nội,Sedan,30000.0,Tự động,Đã sử dụng,Xăng
2025-10-23,2017,Mercedes Benz S class S450L,1000000000.0,Nội địa,Hà Nội,Sedan,110000.0,Tự động,Đã sử dụng,Xăng
2025-10-23,2022,Hyundai SantaFe Cao cấp 2.5L HTRAC,1000000000.0,Nội địa,Hà Nội,SUV,62000.0,Tự động,Đã sử dụng,Xăng
2025-10-23,2023,Toyota Raize G 1.0 CVT,499000000.0,Nhập khẩu,Hà Nội,SUV,14000.0,Tự động,Đã sử dụng,Xăng
2025-10-23,2022,Mazda CX8 Premium AWD,868000000.0,Nội địa,Hà Nội,SUV,50000.0,Tự động,Đã sử dụng,Xăng
2025-10-23,2021,Lexus RX 350,3000000000.0,Nhập khẩu,Hà Nội,SUV,15000.0,Tự động,Đã sử dụng,Xăng
2025-10-23,2020,Hyundai Kona 2.0 AT,479000000.0,Nội địa,Hà Nội,Crossover,57000.0,Tự động,Đã sử dụng,Xăng
2025-10-23,2022,Toyota Corolla Cross 1.8V,720000000.0,Nhập khẩu,TP HCM,SUV,45000.0,Tự động,Đã sử dụng,Xăng
2025-10-23,2025,Mazda CX8 Premium 2.5 AT,1000000000.0,Nội địa,Hà Nội,SUV,1000.0,Tự động,Đã sử dụng,Xăng
2025-10-23,2010,Isuzu Dmax LS 3.0 4x4 MT,255000000.0,Nội địa,Gia Lai,Bán tải / Pickup,100000.0,Số Tay,Đã sử dụng,Dầu diesel
2025-10-23,2022,Ford Everest Titanium Plus 2.0L 4x4 AT,1000000000.0,Nhập khẩu,TP HCM,SUV,37000.0,Tự động,Đã sử dụng,Dầu diesel
2025-10-23,2022,Mercedes Benz S class S450 4Matic Luxury,4000000000.0,Nhập khẩu,Hà Nội,Sedan,30514.0,Tự động,Đã sử dụng,Xăng
2025-10-23,2023,Mercedes Benz E class E200 Exclusive,1000000000.0,Nội địa,Hà Nội,Sedan,2000.0,Tự động,Đã sử dụng,Hybrid
2025-10-23,2024,Kia Sorento Luxury 2.2 AT,915000000.0,Nội địa,Hà Nội,SUV,12000.0,Tự động,Đã sử dụng,Dầu diesel
2025-10-23,2020,Mazda 3 1.5L Premium,569000000.0,Nội địa,Hà Nội,Sedan,76000.0,Tự động,Đã sử dụng,Xăng
2025-10-23,2020,Kia Cerato 1.6 AT Luxury,479000000.0,Nội địa,Hà Nội,Sedan,76000.0,Tự động,Đã sử dụng,Xăng
2025-10-23,2022,Mercedes Benz C class C300 AMG,1000000000.0,Nội địa,Hà Nội,Sedan,55000.0,Tự động,Đã sử dụng,Xăng
2025-10-23,2021,Ford Everest Titanium 2.0L 4x2 AT,915000000.0,Nhập khẩu,TP HCM,SUV,55000.0,Tự động,Đã sử dụng,Dầu diesel
2025-10-23,2014,LandRover Range Rover HSE 3.0,1000000000.0,Nhập khẩu,Hà Nội,SUV,120000.0,Tự động,Đã sử dụng,Xăng
2025-10-23,2019,VinFast Lux SA 2.0 Base 2.0 AT,560000000.0,Nội địa,Hà Nội,SUV,90000.0,Tự động,Đã sử dụng,Xăng
2025-10-23,2025,Ford Everest Titanium 2.0L 4x2 AT,1000000000.0,Nhập khẩu,Hà Nội,SUV,14000.0,Tự động,Đã sử dụng,Dầu diesel
2025-10-23,2023,Porsche Cayenne 3.0 V6,6000000000.0,Nhập khẩu,Hà Nội,SUV,2999.0,Tự động,Đã sử dụng,Xăng
2025-10-23,2022,Mercedes Benz GLS 450 4Matic,3000000000.0,Nhập khẩu,Hà Nội,SUV,85000.0,Tự động,Đã sử dụng,Xăng
2025-10-23,2021,Porsche Taycan Base,3000000000.0,Nhập khẩu,Hà Nội,Sedan,19000.0,Tự động,Đã sử dụng,Điện
2025-10-23,2008,Audi Q7 S,279000000.0,Nhập khẩu,Hà Nội,SUV,180000.0,Tự động,Đã sử dụng,Xăng
2025-10-23,2022,VinFast Lux A 2.0 Cao cấp,610000000.0,Nội địa,Hà Nội,Sedan,30000.0,Tự động,Đã sử dụng,Xăng
2025-10-23,2015,Porsche Macan 2.0,1000000000.0,Nhập khẩu,Hà Nội,SUV,96000.0,Tự động,Đã sử dụng,Xăng
2025-10-23,2017,Ford Transit Limousine,298000000.0,Nội địa,TP HCM,Van/Minivan,113000.0,Số Tay,Đã sử dụng,Dầu diesel
2025-10-23,2017,Toyota Fortuner 2.7V 4x4 AT,680000000.0,Nhập khẩu,Hà Nội,SUV,100000.0,Tự động,Đã sử dụng,Xăng
2025-10-23,2016,Porsche Macan 2.0,1000000000.0,Nhập khẩu,Hà Nội,SUV,100000.0,Tự động,Đã sử dụng,Xăng
2025-10-23,2023,Mazda 3 1.5L Luxury,575000000.0,Nội địa,Hà Nội,Sedan,20000.0,Tự động,Đã sử dụng,Xăng
2025-10-23,2019,Mercedes Benz C class C200,799000000.0,Nội địa,Hà Nội,Sedan,40000.0,Tự động,Đã sử dụng,Xăng
2025-10-23,2020,Mercedes Benz V class V250 Luxury,1000000000.0,Nhập khẩu,Hà Nội,Van/Minivan,36000.0,Tự động,Đã sử dụng,Xăng
2025-10-23,2017,Chevrolet Aveo LTZ 1.4 AT,188000000.0,Nội địa,Hà Nội,Sedan,80000.0,Tự động,Đã sử dụng,Xăng
2025-10-23,2021,Kia Seltos Premium 1.4 AT,555000000.0,Nội địa,Hà Nội,Crossover,40000.0,Tự động,Đã sử dụng,Xăng
2025-10-23,2025,VinFast VF9 Lạc Hồng 9000 LX,5000000000.0,Nội địa,Hà Nội,SUV,0.0,Tự động,Xe mới,Điện
2025-10-23,2023,Mercedes Benz E class E200 Exclusive,2000000000.0,Nội địa,Hà Nội,Sedan,2100.0,Tự động,Đã sử dụng,Xăng
2025-10-23,2024,Mazda 3 1.5L Luxury,590000000.0,Nội địa,Quảng Ninh,Sedan,50000.0,Tự động,Đã sử dụng,Xăng
2025-10-23,2023,Hyundai Tucson 2.0 AT Đặc biệt,795000000.0,Nội địa,Hà Nội,Crossover,40000.0,Tự động,Đã sử dụng,Xăng
2025-10-23,2018,Mercedes Benz C class C300 AMG,989000000.0,Nội địa,TP HCM,Sedan,50000.0,Tự động,Đã sử dụng,Xăng
2025-10-23,2023,BMW X5 xDrive40i xLine,4000000000.0,Nội địa,Hà Nội,SUV,3500.0,Tự động,Đã sử dụng,Xăng
2025-10-23,2022,Toyota Land Cruiser 3.5 V6,4000000000.0,Nhập khẩu,Hà Nội,SUV,40000.0,Tự động,Đã sử dụng,Xăng
2025-10-23,2015,Audi Q5 2.0 AT,699000000.0,Nhập khẩu,Hà Nội,SUV,70000.0,Tự động,Đã sử dụng,Xăng
2025-10-23,2023,Ford Everest Titanium 2.0L 4x2 AT,1000000000.0,Nhập khẩu,Hà Nội,SUV,30000.0,Tự động,Đã sử dụng,Dầu diesel
2025-10-23,2022,Honda Civic RS 1.5 AT,785000000.0,Nhập khẩu,Bình Dương,Sedan,10000.0,Tự động,Đã sử dụng,Xăng
2025-10-23,2022,VinFast Lux A 2.0 Nâng cao,580000000.0,Nội địa,Hà Nội,Sedan,30000.0,Tự động,Đã sử dụng,Xăng
2025-10-23,2012,Hyundai i10 1.2 AT,255000000.0,Nhập khẩu,Hà Nội,Hatchback,95000.0,Tự động,Đã sử dụng,Xăng
2025-10-23,2010,Smart Fortwo 1.0 AT,420000000.0,Nhập khẩu,Hà Nội,Hatchback,60000.0,Tự động,Đã sử dụng,Xăng
2025-10-23,2024,Kia Sonet Deluxe 1.5 AT,439000000.0,Nội địa,TP HCM,Crossover,56000.0,Tự động,Đã sử dụng,Xăng
2025-10-23,2010,Mercedes Benz E class E300,330000000.0,Nội địa,Hải Dương,Sedan,14000.0,Tự động,Đã sử dụng,Xăng
2025-10-23,2024,Ford Everest Titanium 2.0L 4x2 AT,1000000000.0,Nhập khẩu,TP HCM,SUV,13000.0,Tự động,Đã sử dụng,Dầu diesel
2025-10-23,2022,Kia Sonet Premium 1.5 AT,515000000.0,Nội địa,Hà Nội,Crossover,65000.0,Tự động,Đã sử dụng,Xăng
2025-10-23,2022,Hyundai SantaFe Cao cấp 2.2L HTRAC,1000000000.0,Nội địa,Hà Nội,SUV,58000.0,Tự động,Đã sử dụng,Dầu diesel
2025-10-23,2019,Mercedes Benz C class C200,830000000.0,Nội địa,Hà Nội,Sedan,60000.0,Tự động,Đã sử dụng,Xăng
2025-10-23,2022,Volvo S90 LWB Ultimate B6 AWD,1000000000.0,Nhập khẩu,TP HCM,Sedan,6300.0,Tự động,Đã sử dụng,Xăng
2025-10-23,2024,Mazda CX5 Deluxe 2.0 AT,725000000.0,Nội địa,Phú Thọ,SUV,16000.0,Tự động,Đã sử dụng,Xăng
2025-10-23,2017,LandRover Range Rover Evoque HSE,1000000000.0,Nhập khẩu,Hà Nội,SUV,61000.0,Tự động,Đã sử dụng,Xăng
2025-10-23,2023,Ford Ranger XLS 2.0L 4x2 AT,629000000.0,Nội địa,Hà Nội,Bán tải / Pickup,40000.0,Tự động,Đã sử dụng,Dầu diesel
2025-10-23,2020,Jeep Wrangler Sport 2.0 4x4 AT,2000000000.0,Nhập khẩu,Hà Nội,SUV,48280.0,Tự động,Đã sử dụng,Xăng
2025-10-23,2025,Mitsubishi Xpander 1.5 MT,483000000.0,Nội địa,Hà Nội,SUV,0.0,Số Tay,Xe mới,Xăng
2025-10-23,2023,Ford Everest Sport 2.0L 4x2 AT,1000000000.0,Nhập khẩu,Hà Nội,SUV,42153.0,Tự động,Đã sử dụng,Dầu diesel
2025-10-23,2025,Honda HRV G,635000000.0,Nhập khẩu,Hà Nội,Crossover,0.0,Tự động,Xe mới,Xăng
2025-10-23,2022,Volvo S90 LWB Ultimate B6 AWD,1000000000.0,Nhập khẩu,TP HCM,Sedan,6390.0,Tự động,Đã sử dụng,Xăng
2025-10-23,2023,BMW 5 Series 520i,1000000000.0,Nội địa,Hà Nội,Sedan,3000.0,Tự động,Đã sử dụng,Xăng
2025-10-23,2025,Toyota Corolla Cross 1.8HEV,859000000.0,Nhập khẩu,TP HCM,SUV,0.0,Tự động,Xe mới,Hybrid
2025-10-23,2025,Toyota Corolla Cross 1.8V,787000000.0,Nhập khẩu,TP HCM,SUV,0.0,Tự động,Xe mới,Xăng
2025-10-23,2023,Ford Ranger XLS 2.0L 4x4 AT,658000000.0,Nội địa,TP HCM,Bán tải / Pickup,63000.0,Tự động,Đã sử dụng,Dầu diesel
2025-10-23,2022,Honda City RS 1.5 AT,465000000.0,Nội địa,Hà Nội,Sedan,39000.0,Tự động,Đã sử dụng,Xăng
2025-10-23,2017,Mazda CX5 2.5 AT 2WD,479000000.0,Nội địa,Hà Nội,SUV,89000.0,Tự động,Đã sử dụng,Xăng
2025-10-23,2025,Toyota Veloz Cross 1.5 CVT,638000000.0,Nội địa,Lạng Sơn,SUV,0.0,Tự động,Xe mới,Xăng
2025-10-23,2021,Mercedes Benz S class S450,3000000000.0,Nhập khẩu,Hà Nội,Sedan,30000.0,Tự động,Đã sử dụng,Xăng
2025-10-23,2025,Kia Seltos GT,758000000.0,Nội địa,Hà Nội,Crossover,1600.0,Tự động,Đã sử dụng,Xăng
2025-10-23,2020,Honda Brio RS,295000000.0,Nhập khẩu,TP HCM,Hatchback,86000.0,Tự động,Đã sử dụng,Xăng
2025-10-23,2023,Mazda 3 1.5L Luxury,579000000.0,Nội địa,Bình Dương,Sedan,30000.0,Tự động,Đã sử dụng,Xăng
2025-10-23,2024,Volvo XC90 Ultimate B6 AWD,3000000000.0,Nhập khẩu,Hà Nội,SUV,0.0,Tự động,Xe mới,Xăng
2025-10-23,2023,Hyundai Accent 1.4 AT Đặc Biệt,455000000.0,Nội địa,Hà Nội,Sedan,70000.0,Tự động,Đã sử dụng,Xăng
2025-10-23,2023,Ford Territory Titanium X 1.5 AT,779000000.0,Nội địa,TP HCM,SUV,30000.0,Tự động,Đã sử dụng,Xăng
2025-10-23,2022,Suzuki XL7 1.5 AT,460000000.0,Nhập khẩu,Hà Nội,SUV,57000.0,Tự động,Đã sử dụng,Xăng
2025-10-23,2022,Mercedes Benz GLC 200 4Matic,1000000000.0,Nội địa,Hà Nội,SUV,56000.0,Tự động,Đã sử dụng,Xăng
2025-10-23,2023,Volkswagen Viloran Luxury,2000000000.0,Nhập khẩu,Hà Nội,Van/Minivan,36000.0,Tự động,Đã sử dụng,Xăng
2025-10-23,2025,Ford Ranger Wildtrak 2.0L 4x4 AT,840000000.0,Nội địa,Hà Nội,Bán tải / Pickup,0.0,Tự động,Xe mới,Dầu diesel
2025-10-23,2025,Volkswagen Golf 1.5 eTSI Style,898000000.0,Nhập khẩu,Hà Nội,Hatchback,0.0,Tự động,Xe mới,Hybrid
2025-10-23,2025,Honda Civic RS 1.5 AT,825000000.0,Nhập khẩu,Hà Nội,Sedan,0.0,Tự động,Xe mới,Xăng
2025-10-23,2023,MG 5 Standard 1.5 AT,385000000.0,Nhập khẩu,Hà Nội,Sedan,6000.0,Tự động,Đã sử dụng,Xăng
2025-10-23,2025,VinFast Minio Green At,269000000.0,Nội địa,TP HCM,Hatchback,0.0,Tự động,Xe mới,Điện
2025-10-23,2025,Toyota Yaris Cross HEV 1.5 CVT,719000000.0,Nhập khẩu,Hải Phòng,SUV,0.0,Tự động,Xe mới,Hybrid
2025-10-23,2024,Kia Carnival Signature 2.2D,1000000000.0,Nội địa,Hải Phòng,Van/Minivan,31000.0,Tự động,Đã sử dụng,Dầu diesel
2025-10-23,2022,Toyota Corolla Cross 1.8G,650000000.0,Nhập khẩu,Hà Nội,SUV,20000.0,Tự động,Đã sử dụng,Xăng
2025-10-23,2022,Kia Rondo GAT Deluxe,458000000.0,Nội địa,TP HCM,SUV,84500.0,Tự động,Đã sử dụng,Xăng
2025-10-23,2006,BMW 7 Series 730Li,368000000.0,Nhập khẩu,TP HCM,Sedan,100000.0,Tự động,Đã sử dụng,Xăng
2025-10-23,2023,Ford Everest Titanium 2.0L 4x2 AT,1000000000.0,Nhập khẩu,TP HCM,SUV,22600.0,Tự động,Đã sử dụng,Dầu diesel
2025-10-23,2009,Toyota Innova G,228000000.0,Nội địa,Đồng Tháp,Crossover,138000.0,Số Tay,Đã sử dụng,Xăng
2025-10-23,2008,Hyundai Verna 1.5 MT,156000000.0,Nhập khẩu,Đồng Tháp,Sedan,138000.0,Số Tay,Đã sử dụng,Dầu diesel
2025-10-23,2010,Toyota Fortuner 2.5G,348000000.0,Nội địa,Đồng Tháp,SUV,138000.0,Số Tay,Đã sử dụng,Dầu diesel
2025-10-23,2021,VinFast Lux A 2.0 Base 2.0 AT,510000000.0,Nội địa,Hà Nội,Sedan,69139.0,Tự động,Đã sử dụng,Xăng
2025-10-23,2014,Mercedes Benz S class S400L,1000000000.0,Nội địa,Hà Nội,Sedan,112000.0,Tự động,Đã sử dụng,Xăng
2025-10-23,2011,Honda CRV 2.4 AT,310000000.0,Nội địa,Hưng Yên,SUV,140000.0,Tự động,Đã sử dụng,Xăng
2025-10-23,2009,Bentley Continental GT Speed,2000000000.0,Nhập khẩu,TP HCM,Coupe,126000.0,Tự động,Đã sử dụng,Xăng
2025-10-23,2025,Mitsubishi Triton GLX 2WD AT,599000000.0,Nhập khẩu,Hà Nội,Bán tải / Pickup,14000.0,Tự động,Đã sử dụng,Dầu diesel
2025-10-23,2017,Mazda CX5 2.5 AT 2WD,495000000.0,Nội địa,Hà Nội,SUV,74000.0,Tự động,Đã sử dụng,Xăng
2025-10-23,2024,Toyota Hilux 2.4L 4x2 AT,665000000.0,Nhập khẩu,Phú Thọ,Bán tải / Pickup,29000.0,Tự động,Đã sử dụng,Dầu diesel
2025-10-23,2024,Toyota Camry 2.5Q,1000000000.0,Nhập khẩu,TP HCM,Sedan,19000.0,Tự động,Đã sử dụng,Xăng
2025-10-23,2023,BMW 4 Series 430i Convertible M Sport,2000000000.0,Nhập khẩu,TP HCM,Convertible/Cabriolet,23600.0,Tự động,Đã sử dụng,Xăng
2025-10-23,2016,Mercedes Benz C class C300 AMG,535000000.0,Nội địa,Hà Nội,Sedan,120000.0,Tự động,Đã sử dụng,Xăng
2025-10-23,2017,Volkswagen Tiguan Allspace,768000000.0,Nhập khẩu,Hà Nội,SUV,90000.0,Tự động,Đã sử dụng,Xăng
2025-10-23,2017,Honda City 1.5 AT,328000000.0,Nội địa,Hà Nội,Sedan,110000.0,Tự động,Đã sử dụng,Xăng
2025-10-23,2016,Hyundai SantaFe 2.2L 4WD,610000000.0,Nội địa,Hà Nội,SUV,120000.0,Tự động,Đã sử dụng,Dầu diesel
2025-10-23,2024,Toyota Land Cruiser 3.5 V6,5000000000.0,Nhập khẩu,Hà Nội,SUV,8000.0,Tự động,Đã sử dụng,Xăng
2025-10-23,2020,Toyota Fortuner 2.4G 4x2 AT,860000000.0,Nội địa,TP HCM,SUV,46865.0,Tự động,Đã sử dụng,Dầu diesel
2025-10-23,2020,BMW X5 xDrive40i xLine,2000000000.0,Nhập khẩu,Hà Nội,SUV,40000.0,Tự động,Đã sử dụng,Xăng
2025-10-23,2022,Toyota Vios E CVT,400000000.0,Nội địa,Hà Nội,Sedan,43000.0,Tự động,Đã sử dụng,Xăng
2025-10-23,2018,Toyota Wigo 1.2G AT,235000000.0,Nhập khẩu,Bình Dương,Hatchback,50000.0,Tự động,Đã sử dụng,Xăng
2025-10-23,2016,Mercedes Benz C class C300 AMG,575000000.0,Nội địa,Hà Nội,Sedan,120000.0,Tự động,Đã sử dụng,Xăng
2025-10-23,2016,Toyota Yaris 1.3G,369000000.0,Nhập khẩu,Hà Nội,Hatchback,73000.0,Tự động,Đã sử dụng,Xăng
2025-10-23,2009,Toyota Yaris 1.3 AT,239000000.0,Nhập khẩu,Hà Nội,Sedan,150000.0,Tự động,Đã sử dụng,Xăng
2025-10-23,2011,Toyota Highlander SE 2.7,665000000.0,Nhập khẩu,Bắc Ninh,SUV,90000.0,Tự động,Đã sử dụng,Xăng
2025-10-23,2015,LandRover Range Rover Evoque HSE Dynamic,789000000.0,Nhập khẩu,Hà Nội,SUV,57000.0,Tự động,Đã sử dụng,Xăng
2025-10-23,2022,Ford Ranger Wildtrak 2.0L 4x4 AT,750000000.0,Nội địa,Hải Dương,Bán tải / Pickup,18000.0,Tự động,Đã sử dụng,Dầu diesel
2025-10-23,2022,Mercedes Benz S class S450 Luxury,4000000000.0,Nhập khẩu,Hà Nội,Sedan,35000.0,Tự động,Đã sử dụng,Xăng
2025-10-23,2018,Kia Cerato 1.6 AT,405000000.0,Nội địa,Thái Nguyên,Sedan,70000.0,Tự động,Đã sử dụng,Xăng
2025-10-23,2018,Hyundai Accent 1.4 MT Base,285000000.0,Nội địa,Thanh Hóa,Sedan,12.0,Số Tay,Đã sử dụng,Xăng
2025-10-23,2019,Suzuki Swift GLX 1.2 AT,400000000.0,Nhập khẩu,Hà Nội,Hatchback,50000.0,Tự động,Đã sử dụng,Xăng
2025-10-23,2025,Toyota Wigo G 1.2 AT,382000000.0,Nhập khẩu,Hà Nội,Hatchback,0.0,Tự động,Xe mới,Xăng
2025-10-23,2015,Mercedes Benz C class C200,579000000.0,Nội địa,TP HCM,Sedan,85000.0,Tự động,Đã sử dụng,Xăng
2025-10-23,2025,Mercedes Benz V class V300 AMG,3000000000.0,Nhập khẩu,TP HCM,Van/Minivan,0.0,Tự động,Xe mới,Xăng
2025-10-23,2016,Lexus LX 570,4000000000.0,Nhập khẩu,Hà Nội,SUV,111111.0,Tự động,Đã sử dụng,Xăng
2025-10-23,2022,Mazda 3 1.5L Luxury,559000000.0,Nội địa,Hải Phòng,Sedan,30000.0,Tự động,Đã sử dụng,Xăng
2025-10-23,2023,VinFast VF8 Plus AWD,860000000.0,Nội địa,Hà Nội,SUV,40000.0,Tự động,Đã sử dụng,Điện
2025-10-23,2023,VinFast VF8 Plus AWD,790000000.0,Nội địa,Hà Nội,SUV,40000.0,Tự động,Đã sử dụng,Điện
2025-10-23,2023,VinFast VF8 Plus AWD,799000000.0,Nội địa,Hà Nội,SUV,40000.0,Tự động,Đã sử dụng,Điện
2025-10-23,2023,VinFast VF8 Plus AWD,790000000.0,Nội địa,Hà Nội,SUV,50000.0,Tự động,Đã sử dụng,Điện
2025-10-23,2019,Mercedes Benz C class C200,760000000.0,Nội địa,Hà Nội,Sedan,85000.0,Tự động,Đã sử dụng,Xăng
2025-10-23,2015,Hyundai i10 Grand 1.0 MT Base,146000000.0,Nhập khẩu,Bắc Ninh,Hatchback,10000.0,Số Tay,Đã sử dụng,Xăng
2025-10-23,2022,Mitsubishi Triton 4x2 AT,555000000.0,Nhập khẩu,Hà Nội,Bán tải / Pickup,58000.0,Tự động,Đã sử dụng,Dầu diesel
2025-10-23,2025,Kia Sportage Signature 2.0G,930000000.0,Nội địa,Hà Nội,Crossover,6000.0,Tự động,Đã sử dụng,Xăng
2025-10-23,2018,Kia Sedona Platinum D,680000000.0,Nội địa,TP HCM,Van/Minivan,90000.0,Tự động,Đã sử dụng,Dầu diesel
2025-10-23,2017,Mercedes Benz S class S450L Luxury,1000000000.0,Nội địa,Hà Nội,Sedan,100000.0,Tự động,Đã sử dụng,Xăng
2025-10-23,2020,Kia Seltos Premium 1.4 AT,545000000.0,Nội địa,Hà Nội,Crossover,70000.0,Tự động,Đã sử dụng,Xăng
2025-10-23,2019,Nissan Terra E 2.5 AT 2WD,598000000.0,Nhập khẩu,Hà Nội,SUV,77000.0,Tự động,Đã sử dụng,Xăng
2025-10-23,2023,Mitsubishi Pajero Sport 2.4D 4x2 AT,955000000.0,Nhập khẩu,Hà Nội,SUV,10000.0,Tự động,Đã sử dụng,Dầu diesel
2025-10-23,2021,Hyundai Kona 2.0 ATH,512000000.0,Nội địa,Hà Nội,Crossover,63000.0,Tự động,Đã sử dụng,Xăng
2025-10-23,2015,Mercedes Benz C class C200,545000000.0,Nội địa,Hà Nội,Sedan,74000.0,Tự động,Đã sử dụng,Xăng
2025-10-23,2020,Mazda CX8 Premium,760000000.0,Nội địa,Hà Nội,SUV,52000.0,Tự động,Đã sử dụng,Xăng
2025-10-23,2014,Toyota Innova 2.0E,299000000.0,Nội địa,TP HCM,Crossover,65000.0,Số Tay,Đã sử dụng,Xăng
2025-10-23,2015,Mercedes Benz C class C200,550000000.0,Nội địa,Hà Nội,Sedan,74000.0,Tự động,Đã sử dụng,Xăng
2025-10-23,2021,Honda CRV L,858000000.0,Nội địa,Hà Nội,SUV,52000.0,Tự động,Đã sử dụng,Xăng
2025-10-23,2002,Cadillac Escalade EXT 6.0 AT AWD,999000000.0,Nhập khẩu,Hà Nội,Bán tải / Pickup,35687.0,Tự động,Đã sử dụng,Xăng
2025-10-23,2021,Volvo S90 Inscription LWB B6 AWD,1000000000.0,Nhập khẩu,TP HCM,Sedan,23000.0,Tự động,Đã sử dụng,Xăng
2025-10-23,2019,Suzuki Swift GLX 1.2 AT,415000000.0,Nhập khẩu,Hà Nội,Hatchback,56000.0,Tự động,Đã sử dụng,Xăng
2025-10-23,2015,BMW 5 Series 520i,735000000.0,Nhập khẩu,Hà Nội,Sedan,88000.0,Tự động,Đã sử dụng,Xăng
2025-10-23,2016,BMW 4 Series 428i Convertible,1000000000.0,Nhập khẩu,Hà Nội,Convertible/Cabriolet,43000.0,Tự động,Đã sử dụng,Xăng
2025-10-23,2015,BMW 5 Series 535i,888000000.0,Nhập khẩu,Hà Nội,Sedan,120500.0,Tự động,Đã sử dụng,Xăng
2025-10-23,2023,Nissan Navara EL 2.3 AT 2WD,570000000.0,Nhập khẩu,Hà Nội,Bán tải / Pickup,38000.0,Tự động,Đã sử dụng,Dầu diesel
2025-10-23,2020,Lexus RX 300,2000000000.0,Nhập khẩu,TP HCM,SUV,51935.0,Tự động,Đã sử dụng,Xăng
2025-10-23,2012,Lexus GX 460,1000000000.0,Nhập khẩu,Hà Nội,SUV,177000.0,Tự động,Đã sử dụng,Xăng
2025-10-23,2016,Isuzu Dmax LS 2.5 4x2 MT,345000000.0,Nhập khẩu,Hà Nội,Bán tải / Pickup,120000.0,Số Tay,Đã sử dụng,Dầu diesel
2025-10-23,2021,Mazda CX3 Luxury 1.5 AT,508000000.0,Nhập khẩu,Hà Nội,Crossover,43000.0,Tự động,Đã sử dụng,Xăng
2025-10-23,2025,Toyota Fortuner Legender 2.4L 4x2 AT,1000000000.0,Nội địa,Hà Nội,SUV,800.0,Tự động,Đã sử dụng,Dầu diesel
2025-10-23,2020,Toyota Innova 2.0 Venturer,630000000.0,Nội địa,TP HCM,Crossover,63000.0,Tự động,Đã sử dụng,Xăng
2025-10-23,2025,VinFast VF7 Eco,679000000.0,Nội địa,Hà Nội,SUV,0.0,Tự động,Xe mới,Điện
2025-10-23,2022,Mercedes Benz C class C300 AMG,1000000000.0,Nhập khẩu,Hà Nội,Sedan,44000.0,Tự động,Đã sử dụng,Xăng
2025-10-23,2024,Honda HRV RS,790000000.0,Nhập khẩu,TP HCM,Crossover,19600.0,Tự động,Đã sử dụng,Xăng
2025-10-23,2015,LandRover Range Rover HSE LWB 3.0,2000000000.0,Nhập khẩu,Hà Nội,SUV,90000.0,Tự động,Đã sử dụng,Xăng
2025-10-23,2022,Kia Sonet Luxury 1.5 AT,525000000.0,Nội địa,Hà Nội,Crossover,32000.0,Tự động,Đã sử dụng,Xăng
2025-10-23,2024,Hyundai Exito,3000000000.0,Nội địa,Ninh Bình,Van/Minivan,0.0,Số Tay,Xe mới,Dầu diesel
2025-10-23,2024,Peugeot 2008 GT Line 1.2 AT,719000000.0,Nội địa,Hà Nội,Crossover,25000.0,Tự động,Đã sử dụng,Xăng
2025-10-23,2015,Audi A6 1.8 TFSI,595000000.0,Nhập khẩu,Hà Nội,Sedan,144000.0,Tự động,Đã sử dụng,Xăng
2025-10-23,2022,Kia Carnival Premium 2.2D,1000000000.0,Nội địa,Hà Nội,Van/Minivan,59000.0,Tự động,Đã sử dụng,Dầu diesel
2025-10-23,2019,Ford Ranger XLS 2.2L 4x2 AT,525000000.0,Nhập khẩu,Hà Nội,Bán tải / Pickup,64000.0,Tự động,Đã sử dụng,Dầu diesel
2025-10-23,2019,Kia Cerato 1.6 AT Luxury,439000000.0,Nội địa,Hải Phòng,Sedan,72000.0,Tự động,Đã sử dụng,Xăng
2025-10-23,2020,Toyota Innova 2.0E,520000000.0,Nội địa,TP HCM,Crossover,104282.0,Số Tay,Đã sử dụng,Xăng
2025-10-23,2022,Toyota Avanza Premio 1.5 MT,440000000.0,Nhập khẩu,Hải Dương,SUV,20600.0,Số Tay,Đã sử dụng,Xăng
2025-10-23,2014,Mercedes Benz G class G63 AMG,4000000000.0,Nhập khẩu,Hà Nội,SUV,140012.0,Tự động,Đã sử dụng,Xăng
2025-10-23,2021,Mercedes Benz GLC 200,1000000000.0,Nội địa,Hà Nội,SUV,20000.0,Tự động,Đã sử dụng,Xăng
2025-10-23,2018,Toyota Alphard Executive Lounge,2000000000.0,Nhập khẩu,Hà Nội,Van/Minivan,90000.0,Tự động,Đã sử dụng,Xăng
2025-10-23,2017,Mercedes Benz GLC 250 4Matic,785000000.0,Nội địa,Hà Nội,SUV,92000.0,Tự động,Đã sử dụng,Xăng
2025-10-23,2016,Toyota Camry 2.0E,525000000.0,Nội địa,Hà Nội,Sedan,60000.0,Tự động,Đã sử dụng,Xăng
2025-10-23,2009,Lexus GX 460,1000000000.0,Nhập khẩu,Bình Dương,SUV,140000.0,Tự động,Đã sử dụng,Xăng
2025-10-23,2023,Hyundai Elantra 1.6 AT Đặc biệt,585000000.0,Nội địa,Hà Nội,Sedan,23000.0,Tự động,Đã sử dụng,Xăng
2025-10-23,2020,Mercedes Benz G class G63 AMG,8000000000.0,Nhập khẩu,TP HCM,SUV,30869.0,Tự động,Đã sử dụng,Xăng
2025-10-23,2025,VinFast VF3 Plus,235000000.0,Nội địa,Hà Nội,Hatchback,6000.0,Tự động,Đã sử dụng,Điện
2025-10-23,2021,Hyundai Elantra 1.6 AT,489000000.0,Nội địa,Bình Dương,Sedan,35000.0,Tự động,Đã sử dụng,Xăng
2025-10-23,2021,VinFast Lux A 2.0 2.0 AT,525000000.0,Nội địa,Hà Giang,Sedan,86000.0,Tự động,Đã sử dụng,Xăng
2025-10-23,2011,Toyota Fortuner 2.7V 4x4 AT,310000000.0,Nội địa,Hà Nội,SUV,82000.0,Tự động,Đã sử dụng,Xăng
2025-10-23,2025,VinFast VF3 Plus,229000000.0,Nội địa,Hà Nội,Hatchback,8000.0,Tự động,Đã sử dụng,Điện
2025-10-23,2025,Kia Sportage Premium 2.0G,828000000.0,Nội địa,Hà Nội,Crossover,6000.0,Tự động,Đã sử dụng,Xăng
2025-10-23,2023,Hyundai Elantra 1.6 AT Đặc biệt,580000000.0,Nội địa,Phú Thọ,Sedan,16000.0,Tự động,Đã sử dụng,Xăng
2025-10-23,2021,Mercedes Benz G class G63 AMG,7000000000.0,Nhập khẩu,Hà Nội,SUV,30000.0,Tự động,Đã sử dụng,Xăng
2025-10-23,2017,Ford Transit Luxury,395000000.0,Nội địa,Hà Nội,Van/Minivan,20000.0,Số Tay,Đã sử dụng,Dầu diesel
2025-10-23,2019,VinFast Lux SA 2.0 Premium 2.0 AT,608000000.0,Nội địa,TP HCM,SUV,60000.0,Tự động,Đã sử dụng,Xăng
2025-10-23,2023,Peugeot 408 Premium 1.6 AT,890000000.0,Nội địa,Hải Phòng,Crossover,19000.0,Tự động,Đã sử dụng,Xăng
2025-10-23,2020,Hyundai Kona 1.6 Turbo,525000000.0,Nội địa,Hà Nội,Crossover,58000.0,Tự động,Đã sử dụng,Xăng
2025-10-23,2021,Mercedes Benz GLS 450 4Matic,3000000000.0,Nhập khẩu,Hà Nội,SUV,65656.0,Tự động,Đã sử dụng,Xăng
2025-10-23,2025,Ford Transit Premium,905000000.0,Nội địa,Hà Nội,Van/Minivan,0.0,Số Tay,Xe mới,Dầu diesel
2025-10-23,2025,Kia Sonet Premium 1.5 AT,599000000.0,Nội địa,Hà Nội,SUV,2888.0,Tự động,Đã sử dụng,Xăng
2025-10-23,2017,Mazda 2 1.5 AT,280000000.0,Nội địa,Hà Nội,Sedan,7000.0,Tự động,Đã sử dụng,Xăng
2025-10-23,2019,Toyota Alphard Executive Lounge,2000000000.0,Nhập khẩu,TP HCM,Van/Minivan,83000.0,Tự động,Đã sử dụng,Xăng
2025-10-23,2014,Mercedes Benz C class C250,350000000.0,Nội địa,TP HCM,Sedan,78000.0,Tự động,Đã sử dụng,Xăng
2025-10-23,2008,Mercedes Benz GL 450 4Matic,350000000.0,Nhập khẩu,TP HCM,SUV,124000.0,Tự động,Đã sử dụng,Xăng
2025-10-23,2010,Nissan Qashqai SE AWD,265000000.0,Nhập khẩu,Hà Nội,SUV,130000.0,Tự động,Đã sử dụng,Xăng
2025-10-23,2014,Volkswagen Tiguan 2.0 AT,388000000.0,Nhập khẩu,Hà Nội,SUV,130000.0,Tự động,Đã sử dụng,Xăng
2025-10-23,2022,Mercedes Benz GLC 200,1000000000.0,Nội địa,Hà Nội,SUV,10000.0,Tự động,Đã sử dụng,Xăng
2025-10-23,2024,Lynk & Co 01 Hyper Pro,839000000.0,Nhập khẩu,TP HCM,SUV,18000.0,Tự động,Đã sử dụng,Xăng
2025-10-23,2013,Honda CRV 2.4 AT,415000000.0,Nội địa,Hà Nội,SUV,10896.0,Tự động,Đã sử dụng,Xăng
2025-10-23,2025,Toyota Vios G 1.5 CVT,489000000.0,Nội địa,TP HCM,Sedan,0.0,Tự động,Xe mới,Xăng
2025-10-23,2022,Toyota Vios G 1.5 CVT,435000000.0,Nội địa,Hà Nội,Sedan,66000.0,Tự động,Đã sử dụng,Xăng
2025-10-23,2004,Toyota Prado VX 4.0 AT,410000000.0,Nhập khẩu,Hà Nội,SUV,130000.0,Tự động,Đã sử dụng,Xăng
2025-10-23,2019,Ford EcoSport Titanium 1.5L AT,398000000.0,Nội địa,TP HCM,SUV,76000.0,Tự động,Đã sử dụng,Xăng
2025-10-23,2021,Hyundai Kona 2.0 ATH,525000000.0,Nội địa,Hải Dương,Crossover,70000.0,Tự động,Đã sử dụng,Xăng
2025-10-23,2021,Ford EcoSport Titanium 1.5 AT,445000000.0,Nội địa,Hà Nội,SUV,42000.0,Tự động,Đã sử dụng,Xăng
2025-10-23,2021,Hyundai Tucson 2.0 AT Tiêu chuẩn,636000000.0,Nội địa,Hà Nội,Crossover,51666.0,Tự động,Đã sử dụng,Xăng
2025-10-23,2019,Suzuki Swift GLX 1.2 AT,415000000.0,Nhập khẩu,Hà Nội,Hatchback,36000.0,Tự động,Đã sử dụng,Xăng
2025-10-23,2009,Hyundai Verna 1.4 AT,155000000.0,Nhập khẩu,Phú Thọ,Sedan,120000.0,Tự động,Đã sử dụng,Xăng
2025-10-23,2017,Ford Ranger XLS 2.2L 4x2 AT,445000000.0,Nhập khẩu,Hà Nội,Bán tải / Pickup,118000.0,Tự động,Đã sử dụng,Dầu diesel
2025-10-23,2025,Hyundai Tucson 2.0 AT Đặc biệt,800000000.0,Nội địa,Hà Nội,Crossover,0.0,Tự động,Xe mới,Xăng
2025-10-23,2019,Mercedes Benz E class E300 AMG,1000000000.0,Nội địa,Hà Nội,Sedan,25000.0,Tự động,Đã sử dụng,Xăng
2025-10-23,2022,Toyota Vios G 1.5 CVT,439000000.0,Nội địa,Hà Nội,Sedan,76000.0,Tự động,Đã sử dụng,Xăng
2025-10-23,2022,Kia Sportage Signature X,835000000.0,Nội địa,Hà Nội,Crossover,50000.0,Tự động,Đã sử dụng,Dầu diesel
2025-10-23,2017,Kia Sorento GATH,518000000.0,Nội địa,TP HCM,SUV,24000.0,Tự động,Đã sử dụng,Xăng
