Ngày đăng bài,Năm SX,Tên xe,Xuất xứ,Địa điểm,Kiểu dáng,Số km đã đi,Hộp số,Tình trạng,Nhiên liệu
16/10/2025,2015,Ford Ranger Wildtrak 3.2L 4x4 AT,Nhập khẩu,Hà Nội,Bán tải / Pickup,150000,N/A,Xe cũ,Dầu
16/10/2025,2020,Lexus RX 300,Nhập khẩu,TP HCM,SUV,51935,N/A,Xe cũ,Xăng
16/10/2025,2025,Isuzu Dmax Type Z 1.9L 4x4 AT,Nhập khẩu,Hà Nội,Bán tải / Pickup,N/A,N/A,Xe mới,Dầu
16/10/2025,2025,Toyota Corolla Cross 1.8V,Nhập khẩu,Hà Nội,SUV,N/A,N/A,Xe mới,Xăng
16/10/2025,2014,LandRover Range Rover Autobiography 5.0,Nhập khẩu,Hà Nội,SUV,86000,N/A,Xe cũ,Xăng
16/10/2025,2018,Peugeot 3008 1.6 AT,Lắp ráp trong nước,Hà Nội,Crossover,70000,N/A,Xe cũ,Xăng
16/10/2025,2021,Porsche Cayenne 3.0 V6,Nhập khẩu,TP HCM,SUV,70000,N/A,Xe cũ,Xăng
16/10/2025,2016,Mercedes Benz E class E200,Lắp ráp trong nước,TP HCM,Sedan,74000,N/A,Xe cũ,Xăng
16/10/2025,2022,Mercedes Benz GLC 200,Lắp ráp trong nước,TP HCM,SUV,28000,N/A,Xe cũ,Xăng
16/10/2025,2025,Ford Territory Titanium X 1.5 AT,Lắp ráp trong nước,TP HCM,SUV,N/A,N/A,Xe mới,Xăng
16/10/2025,2025,Omoda C5 Flagship 1.5 Turbo,Nhập khẩu,Hà Nội,SUV,N/A,N/A,Xe mới,Xăng
16/10/2025,2011,Hyundai i30 CW 1.6 AT,Nhập khẩu,Hà Nội,Hatchback,90000,N/A,Xe cũ,Xăng
16/10/2025,2020,Ford Ranger XLS 2.2L 4x2 AT,Nhập khẩu,Hà Nội,Bán tải / Pickup,47000,N/A,Xe cũ,Dầu
16/10/2025,2025,Mazda CX 30 Luxury 2.0 AT,Nhập khẩu,TP HCM,Crossover,N/A,N/A,Xe mới,Xăng
16/10/2025,2024,Toyota Land Cruiser 3.5 V6,Nhập khẩu,Hà Nội,SUV,20000,N/A,Xe cũ,Xăng
16/10/2025,2025,Isuzu Dmax Type Z 1.9L 4x4 AT,Nhập khẩu,Hà Nội,Bán tải / Pickup,N/A,N/A,Xe mới,Dầu
16/10/2025,2014,Mercedes Benz S class S400L,Lắp ráp trong nước,Hà Nội,Sedan,100000,N/A,Xe cũ,Xăng
16/10/2025,2020,Mazda 3 1.5L Sport Luxury,Lắp ráp trong nước,Hà Nội,Hatchback,37000,N/A,Xe cũ,Xăng
16/10/2025,2025,Isuzu Dmax UTZ 1.9L 4x4 MT,Nhập khẩu,Hà Nội,Bán tải / Pickup,N/A,N/A,Xe mới,Dầu
16/10/2025,2019,Kia Sorento 2.2 DAT Premium,Lắp ráp trong nước,TP HCM,SUV,93000,N/A,Xe cũ,Dầu
16/10/2025,2023,Kia Sonet Premium 1.5 AT,Lắp ráp trong nước,Hà Nội,Crossover,40000,N/A,Xe cũ,Xăng
16/10/2025,2025,Toyota Land Cruiser 3.5 V6,Nhập khẩu,Hà Nội,SUV,N/A,N/A,Xe mới,Xăng
16/10/2025,2019,Toyota Corolla altis 1.8G AT,Lắp ráp trong nước,Hà Nội,Sedan,54000,N/A,Xe cũ,Xăng
16/10/2025,2025,Toyota Corolla Cross 1.8V,Nhập khẩu,Hà Nội,SUV,N/A,N/A,Xe mới,Xăng
16/10/2025,2014,LandRover Range Rover Autobiography 5.0,Nhập khẩu,Hà Nội,SUV,86000,N/A,Xe cũ,Xăng
16/10/2025,2018,Peugeot 3008 1.6 AT,Lắp ráp trong nước,Hà Nội,Crossover,70000,N/A,Xe cũ,Xăng
16/10/2025,2022,Mercedes Benz C class C300 AMG,Nhập khẩu,Hà Nội,Sedan,44000,N/A,Xe cũ,Xăng
16/10/2025,2019,Mazda CX5 2.5 AT 2WD,Lắp ráp trong nước,Hà Nội,SUV,70000,N/A,Xe cũ,Xăng
16/10/2025,2025,Hyundai Stargazer X Cao cấp 1.5 AT,Nhập khẩu,TP HCM,Van/Minivan,N/A,N/A,Xe mới,Xăng
16/10/2025,2016,Mercedes Benz E class E200,Lắp ráp trong nước,TP HCM,Sedan,74000,N/A,Xe cũ,Xăng
16/10/2025,2021,Toyota Corolla Cross 1.8HV,Nhập khẩu,Hà Nội,SUV,56000,N/A,Xe cũ,Hybrid
16/10/2025,2025,Mazda CX 30 Luxury 2.0 AT,Nhập khẩu,TP HCM,Crossover,N/A,N/A,Xe mới,Xăng
16/10/2025,2025,Isuzu Dmax Type Z 1.9L 4x4 AT,Nhập khẩu,Hà Nội,Bán tải / Pickup,N/A,N/A,Xe mới,Dầu
16/10/2025,2022,Ford Ranger XLS 2.2L 4x2 AT,Lắp ráp trong nước,TP HCM,Bán tải / Pickup,86000,N/A,Xe cũ,Dầu
16/10/2025,2018,Mitsubishi Triton 4x2 AT,Nhập khẩu,Hà Nội,Bán tải / Pickup,0,N/A,Xe cũ,Dầu
16/10/2025,2018,Hyundai SantaFe 2.2L 4WD,Lắp ráp trong nước,Hà Nội,SUV,100000,N/A,Xe cũ,Dầu
16/10/2025,2020,BMW 7 Series 730Li,Nhập khẩu,TP HCM,Sedan,40000,N/A,Xe cũ,Xăng
16/10/2025,2025,Isuzu Dmax Type Z 1.9L 4x4 AT,Nhập khẩu,Hà Nội,Bán tải / Pickup,N/A,N/A,Xe mới,Dầu
16/10/2025,2014,LandRover Range Rover Sport HSE Dynamic,Nhập khẩu,Hà Nội,SUV,128000,N/A,Xe cũ,Xăng
16/10/2025,2021,VinFast Lux A 2.0 Plus 2.0 AT,Lắp ráp trong nước,Hà Nội,Sedan,40000,N/A,Xe cũ,Xăng
16/10/2025,2023,Kia Sonet Premium 1.5 AT,Lắp ráp trong nước,Hà Nội,Crossover,40000,N/A,Xe cũ,Xăng
16/10/2025,2013,Toyota Sienna Limited 3.5 AWD,Nhập khẩu,Hà Nội,Van/Minivan,170000,N/A,Xe cũ,Xăng
16/10/2025,2024,Hyundai Accent Cao cấp 1.5 AT,Lắp ráp trong nước,N/A,Sedan,5000,N/A,Xe cũ,Xăng
16/10/2025,2025,MG ZS Standard 1.5 AT 2WD,Nhập khẩu,Hà Nội,Crossover,N/A,N/A,Xe mới,Xăng
16/10/2025,2021,Toyota Hilux 2.4L 4x2 AT,Nhập khẩu,Hà Nội,Bán tải / Pickup,75000,N/A,Xe cũ,Dầu
16/10/2025,2010,Acura ZDX SH-AWD,Nhập khẩu,Hà Nội,Crossover,87000,N/A,Xe cũ,Xăng
16/10/2025,2025,Honda CRV e:HEV RS,Nhập khẩu,Hà Nội,SUV,N/A,N/A,Xe mới,Hybrid
16/10/2025,2025,Isuzu MU-X B7 1.9 4X2 MT,Nhập khẩu,Hà Nội,SUV,N/A,N/A,Xe mới,Dầu
16/10/2025,2020,Mazda CX8 Premium,Lắp ráp trong nước,Hà Nội,SUV,30000,N/A,Xe cũ,Xăng
16/10/2025,2025,Isuzu MU-X B7 1.9 4X2 MT,Nhập khẩu,Hà Nội,SUV,N/A,N/A,Xe mới,Dầu
16/10/2025,2020,Toyota Corolla Cross 1.8V,Nhập khẩu,TP HCM,SUV,60000,N/A,Xe cũ,Xăng
16/10/2025,2023,Kia Sportage Signature 1.6T AWD,Lắp ráp trong nước,Hà Nội,Crossover,17000,N/A,Xe cũ,Xăng
16/10/2025,2018,Mitsubishi Triton 4x2 AT,Nhập khẩu,Hà Nội,Bán tải / Pickup,0,N/A,Xe cũ,Dầu
16/10/2025,2018,Hyundai SantaFe 2.2L 4WD,Lắp ráp trong nước,Hà Nội,SUV,100000,N/A,Xe cũ,Dầu
16/10/2025,2014,LandRover Range Rover Sport HSE Dynamic,Nhập khẩu,Hà Nội,SUV,128000,N/A,Xe cũ,Xăng
16/10/2025,2021,VinFast Lux A 2.0 Plus 2.0 AT,Lắp ráp trong nước,Hà Nội,Sedan,40000,N/A,Xe cũ,Xăng
16/10/2025,2014,Mercedes Benz S class S500L,Nhập khẩu,Hà Nội,Sedan,70000,N/A,Xe cũ,Xăng
16/10/2025,2017,Suzuki Grand vitara 2.0 AT,Nhập khẩu,Hà Nội,SUV,80000,N/A,Xe cũ,Xăng
16/10/2025,2025,Isuzu MU-X B7 1.9 4X2 MT,Nhập khẩu,Hà Nội,SUV,N/A,N/A,Xe mới,Dầu
16/10/2025,2022,Mitsubishi Triton 4x2 AT,Nhập khẩu,Hà Nội,Bán tải / Pickup,57000,N/A,Xe cũ,Dầu
16/10/2025,2021,Hyundai Elantra 1.6 MT,Lắp ráp trong nước,N/A,Sedan,56000,N/A,Xe cũ,Xăng
16/10/2025,2013,Toyota Sienna Limited 3.5 AWD,Nhập khẩu,Hà Nội,Van/Minivan,170000,N/A,Xe cũ,Xăng
16/10/2025,2024,Hyundai Accent Cao cấp 1.5 AT,Lắp ráp trong nước,N/A,Sedan,5000,N/A,Xe cũ,Xăng
16/10/2025,2025,MG ZS Standard 1.5 AT 2WD,Nhập khẩu,Hà Nội,Crossover,N/A,N/A,Xe mới,Xăng
16/10/2025,2021,Toyota Hilux 2.4L 4x2 AT,Nhập khẩu,Hà Nội,Bán tải / Pickup,75000,N/A,Xe cũ,Dầu
16/10/2025,2010,Acura ZDX SH-AWD,Nhập khẩu,Hà Nội,Crossover,87000,N/A,Xe cũ,Xăng
16/10/2025,2025,Honda CRV e:HEV RS,Nhập khẩu,Hà Nội,SUV,N/A,N/A,Xe mới,Hybrid
16/10/2025,2025,Isuzu MU-X B7 1.9 4X2 MT,Nhập khẩu,Hà Nội,SUV,N/A,N/A,Xe mới,Dầu
16/10/2025,2020,Mazda CX8 Premium,Lắp ráp trong nước,Hà Nội,SUV,30000,N/A,Xe cũ,Xăng
16/10/2025,2025,Isuzu MU-X B7 1.9 4X2 MT,Nhập khẩu,Hà Nội,SUV,N/A,N/A,Xe mới,Dầu
16/10/2025,2020,Toyota Corolla Cross 1.8V,Nhập khẩu,TP HCM,SUV,60000,N/A,Xe cũ,Xăng
16/10/2025,2023,Kia Sportage Signature 1.6T AWD,Lắp ráp trong nước,Hà Nội,Crossover,17000,N/A,Xe cũ,Xăng
16/10/2025,2021,Hyundai i10 1.2 MT,Lắp ráp trong nước,TP,Hatchback,450000,N/A,Xe cũ,Xăng
16/10/2025,2015,Mercedes Benz V class V220d CDI,Nhập khẩu,TP,Van/Minivan,122400,N/A,Xe cũ,Dầu
16/10/2025,2025,Ford Territory Titanium X 1.5 AT,Lắp ráp trong nước,Hà Nội,SUV,1400,N/A,Xe cũ,Xăng
16/10/2025,2014,Mercedes Benz S class S500L,Nhập khẩu,Hà Nội,Sedan,70000,N/A,Xe cũ,Xăng
16/10/2025,2017,Suzuki Grand vitara 2.0 AT,Nhập khẩu,Hà Nội,SUV,80000,N/A,Xe cũ,Xăng
16/10/2025,2023,Peugeot 408 Premium 1.6 AT,Lắp ráp trong nước,N/A,Crossover,19000,N/A,Xe cũ,Xăng
16/10/2025,2025,Isuzu MU-X B7 1.9 4X2 MT,Nhập khẩu,Hà Nội,SUV,N/A,N/A,Xe mới,Dầu
16/10/2025,2022,Mitsubishi Triton 4x2 AT,Nhập khẩu,Hà Nội,Bán tải / Pickup,57000,N/A,Xe cũ,Dầu
16/10/2025,2021,Hyundai Elantra 1.6 MT,Lắp ráp trong nước,N/A,Sedan,56000,N/A,Xe cũ,Xăng
16/10/2025,2024,MG 5 Standard 1.5 AT,Nhập khẩu,Hà Nội,Sedan,N/A,N/A,Xe mới,Xăng
16/10/2025,2025,Toyota Camry 2.0Q,Nhập khẩu,TP HCM,Sedan,N/A,N/A,Xe mới,Xăng
16/10/2025,2016,Volkswagen Polo 1.6 AT,Nhập khẩu,N/A,Hatchback,92000,N/A,Xe cũ,Xăng
16/10/2025,2025,Hyundai Tucson 2.0 AT Đặc biệt,Lắp ráp trong nước,Hà Nội,Crossover,N/A,N/A,Xe mới,Xăng
16/10/2025,2023,Kia Sportage Signature 1.6T AWD,Lắp ráp trong nước,Hà Nội,Crossover,17000,N/A,Xe cũ,Xăng
16/10/2025,2023,VinFast VF8 Plus AWD,Lắp ráp trong nước,Hà Nội,SUV,30000,N/A,Xe cũ,Điện
16/10/2025,2025,Isuzu MU-X Premium 1.9 4X4 AT,Nhập khẩu,Hà Nội,SUV,N/A,N/A,Xe mới,Dầu
16/10/2025,2016,Mercedes Benz Maybach S400,Nhập khẩu,Hà Nội,Sedan,54000,N/A,Xe cũ,Xăng
16/10/2025,2025,Isuzu MU-X B7 Plus 1.9 4X2 AT,Nhập khẩu,Hà Nội,SUV,N/A,N/A,Xe mới,Dầu
16/10/2025,2023,Hyundai Creta Đặc biệt 1.5 AT,Lắp ráp trong nước,Hà Nội,Crossover,36000,N/A,Xe cũ,Xăng
16/10/2025,2015,Toyota Fortuner 2.5G,Lắp ráp trong nước,N/A,SUV,146000,N/A,Xe cũ,Dầu
16/10/2025,2023,Toyota Innova E 2.0 MT,Lắp ráp trong nước,TP HCM,Crossover,45268,N/A,Xe cũ,Xăng
16/10/2025,2021,Hyundai i10 1.2 MT,Lắp ráp trong nước,TP,Hatchback,450000,N/A,Xe cũ,Xăng
16/10/2025,2015,Mercedes Benz V class V220d CDI,Nhập khẩu,TP,Van/Minivan,122400,N/A,Xe cũ,Dầu
16/10/2025,2015,Mercedes Benz Maybach S600,Nhập khẩu,Hà Nội,Sedan,94000,N/A,Xe cũ,Xăng
16/10/2025,2025,Ford Territory Titanium X 1.5 AT,Lắp ráp trong nước,Hà Nội,SUV,1400,N/A,Xe cũ,Xăng
16/10/2025,2016,Honda City 1.5 AT,Lắp ráp trong nước,Hà Nội,Sedan,130000,N/A,Xe cũ,Xăng
16/10/2025,2023,Peugeot 408 Premium 1.6 AT,Lắp ráp trong nước,N/A,Crossover,19000,N/A,Xe cũ,Xăng
16/10/2025,2025,Honda City L 1.5 AT,Lắp ráp trong nước,Hà Nội,Sedan,N/A,N/A,Xe mới,Xăng
16/10/2025,2021,Hyundai Elantra 1.6 MT,Lắp ráp trong nước,N/A,Sedan,56000,N/A,Xe cũ,Xăng
16/10/2025,2025,Toyota Innova Cross 2.0 CVT,Nhập khẩu,Hà Nội,Crossover,17000,N/A,Xe cũ,Xăng
16/10/2025,2024,MG 5 Standard 1.5 AT,Nhập khẩu,Hà Nội,Sedan,N/A,N/A,Xe mới,Xăng
16/10/2025,2021,Ford Everest Titanium 2.0L 4x4 AT,Nhập khẩu,Hà Nội,SUV,90000,N/A,Xe cũ,Dầu
16/10/2025,2025,Toyota Camry 2.0Q,Nhập khẩu,TP HCM,Sedan,N/A,N/A,Xe mới,Xăng
16/10/2025,2016,Volkswagen Polo 1.6 AT,Nhập khẩu,N/A,Hatchback,92000,N/A,Xe cũ,Xăng
16/10/2025,2025,Hyundai Tucson 2.0 AT Đặc biệt,Lắp ráp trong nước,Hà Nội,Crossover,N/A,N/A,Xe mới,Xăng
16/10/2025,2023,VinFast VF8 Plus AWD,Lắp ráp trong nước,Hà Nội,SUV,30000,N/A,Xe cũ,Điện
16/10/2025,2025,Isuzu MU-X Premium 1.9 4X4 AT,Nhập khẩu,Hà Nội,SUV,N/A,N/A,Xe mới,Dầu
16/10/2025,2016,Mercedes Benz Maybach S400,Nhập khẩu,Hà Nội,Sedan,54000,N/A,Xe cũ,Xăng
16/10/2025,2021,Hyundai SantaFe Cao cấp 2.2L HTRAC,Lắp ráp trong nước,Hà Nội,SUV,60000,N/A,Xe cũ,Dầu
16/10/2025,2025,Isuzu MU-X B7 Plus 1.9 4X2 AT,Nhập khẩu,Hà Nội,SUV,N/A,N/A,Xe mới,Dầu
16/10/2025,2023,Hyundai Creta Đặc biệt 1.5 AT,Lắp ráp trong nước,Hà Nội,Crossover,36000,N/A,Xe cũ,Xăng
16/10/2025,2015,Toyota Fortuner 2.5G,Lắp ráp trong nước,N/A,SUV,146000,N/A,Xe cũ,Dầu
16/10/2025,2023,Toyota Innova E 2.0 MT,Lắp ráp trong nước,TP HCM,Crossover,45268,N/A,Xe cũ,Xăng
16/10/2025,2017,Mercedes Benz GLC 300 4Matic,Lắp ráp trong nước,Hà Nội,SUV,86000,N/A,Xe cũ,Xăng
16/10/2025,2015,Mercedes Benz Maybach S600,Nhập khẩu,Hà Nội,Sedan,94000,N/A,Xe cũ,Xăng
16/10/2025,2018,Ford Everest Titanium 2.0L 4x2 AT,Nhập khẩu,Hà Nội,SUV,110000,N/A,Xe cũ,Dầu
16/10/2025,2016,Honda City 1.5 AT,Lắp ráp trong nước,Hà Nội,Sedan,130000,N/A,Xe cũ,Xăng
16/10/2025,2025,Honda City L 1.5 AT,Lắp ráp trong nước,Hà Nội,Sedan,N/A,N/A,Xe mới,Xăng
16/10/2025,2009,Toyota Prado TXL 2.7L,Nhập khẩu,Hà Nội,SUV,190000,N/A,Xe cũ,Xăng
16/10/2025,2015,Rolls Royce Phantom 6.7 V12,Nhập khẩu,Hà Nội,Sedan,87000,N/A,Xe cũ,Xăng
16/10/2025,2014,BMW 3 Series 320i,Nhập khẩu,TP HCM,Sedan,0,N/A,Xe cũ,Xăng
16/10/2025,2021,Ford Everest Titanium 2.0L 4x4 AT,Nhập khẩu,Hà Nội,SUV,90000,N/A,Xe cũ,Dầu
16/10/2025,2015,BMW 5 Series 528i GT,Nhập khẩu,Hà Nội,Sedan,15000,N/A,Xe cũ,Xăng
16/10/2025,2022,Hyundai SantaFe Cao cấp 2.2L HTRAC,Lắp ráp trong nước,N/A,SUV,45000,N/A,Xe cũ,Dầu
16/10/2025,2017,Nissan Navara EL 2.5 AT 2WD,Nhập khẩu,Hà Nội,Bán tải / Pickup,75000,N/A,Xe cũ,Dầu
16/10/2025,2023,Ford Ranger Wildtrak 2.0L 4x4 AT,Lắp ráp trong nước,Hà Nội,Bán tải / Pickup,50000,N/A,Xe cũ,Dầu
16/10/2025,2025,Isuzu MU-X B7 Plus 1.9 4X2 AT,Nhập khẩu,Hà Nội,SUV,N/A,N/A,Xe mới,Dầu
16/10/2025,2023,Toyota Corolla altis 1.8V,Nhập khẩu,Hà Nội,Sedan,33000,N/A,Xe cũ,Xăng
16/10/2025,2025,Toyota Camry 2.0Q,Nhập khẩu,TP HCM,Sedan,N/A,N/A,Xe mới,Xăng
16/10/2025,2016,Kia Sedona 2.2L DATH,Lắp ráp trong nước,Hà Nội,Van/Minivan,150000,N/A,Xe cũ,Dầu
16/10/2025,2019,Ford F150 Raptor,Nhập khẩu,Hà Nội,Bán tải / Pickup,0,N/A,Xe cũ,Xăng
16/10/2025,2025,Mitsubishi Xforce Ultimate,Nhập khẩu,Hà Nội,SUV,N/A,N/A,Xe mới,Xăng
16/10/2025,2018,Ford Everest Titanium 2.0L 4x2 AT,Nhập khẩu,Hà Nội,SUV,110000,N/A,Xe cũ,Dầu
16/10/2025,2025,Isuzu MU-X B7 Plus 1.9 4X2 AT,Nhập khẩu,Hà Nội,SUV,N/A,N/A,Xe mới,Dầu
16/10/2025,2014,Hyundai Elantra 1.6 AT,Nhập khẩu,Hà Nội,Sedan,42000,N/A,Xe cũ,Xăng
16/10/2025,2025,Toyota Land Cruiser 3.5 V6,Nhập khẩu,Hà Nội,SUV,N/A,N/A,Xe mới,Xăng
16/10/2025,2021,Hyundai Accent 1.4 AT Đặc Biệt,Lắp ráp trong nước,Hà Nội,Sedan,43000,N/A,Xe cũ,Xăng
16/10/2025,2023,VinFast VF8 Eco AWD,Lắp ráp trong nước,N/A,SUV,45000,N/A,Xe cũ,Điện
16/10/2025,2020,Ford Ranger XLS 2.2L 4x2 AT,Nhập khẩu,Hà Nội,Bán tải / Pickup,100000,N/A,Xe cũ,Dầu
16/10/2025,2022,Kia Morning Luxury,Lắp ráp trong nước,Hà Nội,Hatchback,50000,N/A,Xe cũ,Xăng
16/10/2025,2022,Kia Sorento Signature 2.2 AT AWD,Lắp ráp trong nước,Hà Nội,SUV,43000,N/A,Xe cũ,Dầu
16/10/2025,2022,Mercedes Benz GLC 300 4Matic Coupe,Nhập khẩu,TP HCM,SUV,54000,N/A,Xe cũ,Xăng
16/10/2025,2025,Ford Everest Sport 2.0L 4x2 AT,Nhập khẩu,Hà Nội,SUV,N/A,N/A,Xe mới,Dầu
16/10/2025,2022,Mercedes Benz C class C200 Avantgarde,Lắp ráp trong nước,TP HCM,Sedan,11000,N/A,Xe cũ,Xăng
16/10/2025,2025,Isuzu MU-X B7 Plus 1.9 4X2 AT,Nhập khẩu,Hà Nội,SUV,N/A,N/A,Xe mới,Dầu
16/10/2025,2025,Toyota Yaris Cross 1.5 D-CVT,Nhập khẩu,Hà Nội,SUV,N/A,N/A,Xe mới,Xăng
16/10/2025,2017,Mercedes Benz GLC 300 4Matic,Lắp ráp trong nước,Hà Nội,SUV,80000,N/A,Xe cũ,Xăng
16/10/2025,2021,Mercedes Benz GLC 200,Lắp ráp trong nước,Hà Nội,SUV,19000,N/A,Xe cũ,Xăng
16/10/2025,2017,Porsche Panamera 3.0 V6,Nhập khẩu,Hà Nội,Sedan,100000,N/A,Xe cũ,Xăng
16/10/2025,2025,Ford Ranger Raptor 2.0L 4x4 AT,Nhập khẩu,Hà Nội,Bán tải / Pickup,N/A,N/A,Xe mới,Dầu
16/10/2025,2023,Mazda CX8 Luxury,Lắp ráp trong nước,TP HCM,SUV,34000,N/A,Xe cũ,Xăng
16/10/2025,2024,Mitsubishi Xpander Premium 1.5 AT,Nhập khẩu,TP HCM,SUV,0,N/A,Xe cũ,Xăng
16/10/2025,2025,Toyota Vios G 1.5 CVT,Lắp ráp trong nước,Hà Nội,Sedan,N/A,N/A,Xe mới,Xăng
16/10/2025,2022,BMW X6 xDrive40i M Sport,Nhập khẩu,TP HCM,SUV,17777,N/A,Xe cũ,Xăng
16/10/2025,2023,Volvo XC60 Ultimate Bright B6 AWD,Nhập khẩu,Hà Nội,SUV,7000,N/A,Xe cũ,Xăng
16/10/2025,2022,Toyota Corolla Cross 1.8V,Nhập khẩu,Hà Nội,SUV,17000,N/A,Xe cũ,Xăng
16/10/2025,2025,Toyota Corolla Cross 1.8V,Nhập khẩu,Hà Nội,SUV,N/A,N/A,Xe mới,Xăng
16/10/2025,2021,Mercedes Benz GLB 35 4Matic,Nhập khẩu,Hà Nội,SUV,54400,N/A,Xe cũ,Xăng
16/10/2025,2022,VinFast Lux SA 2.0 Tiêu chuẩn,Lắp ráp trong nước,Hà Nội,SUV,64000,N/A,Xe cũ,Xăng
16/10/2025,2022,Toyota Corolla Cross 1.8V,Nhập khẩu,Hà Nội,SUV,39000,N/A,Xe cũ,Xăng
16/10/2025,2020,Ford Mustang GT Fastback,Nhập khẩu,Hà Nội,Coupe,0,N/A,Xe cũ,Xăng
16/10/2025,2022,Hyundai Creta Tiêu chuẩn 1.5 AT,Nhập khẩu,Hà Nội,Crossover,20000,N/A,Xe cũ,Xăng
16/10/2025,2020,Ford Ranger XLS 2.2L 4x2 AT,Nhập khẩu,Hà Nội,Bán tải / Pickup,100000,N/A,Xe cũ,Dầu
16/10/2025,2022,Kia Morning Luxury,Lắp ráp trong nước,Hà Nội,Hatchback,50000,N/A,Xe cũ,Xăng
16/10/2025,2017,Kia Sorento DATH,Lắp ráp trong nước,Hà Nội,SUV,84000,N/A,Xe cũ,Dầu
16/10/2025,2021,VinFast Lux A 2.0 Plus 2.0 AT,Lắp ráp trong nước,Hà Nội,Sedan,45000,N/A,Xe cũ,Xăng
16/10/2025,2025,MG HS 1.5T DEL,Nhập khẩu,N/A,Crossover,N/A,N/A,Xe mới,Xăng
16/10/2025,2024,Toyota Land Cruiser 3.5 V6,Nhập khẩu,Hà Nội,SUV,8000,N/A,Xe cũ,Xăng
16/10/2025,2023,Hyundai Elantra N-Line 1.6 Turbo AT,Lắp ráp trong nước,Hà Nội,Sedan,10000,N/A,Xe cũ,Xăng
16/10/2025,2023,Toyota Corolla Cross 1.8G,Nhập khẩu,Hà Nội,SUV,8000,N/A,Xe cũ,Xăng
16/10/2025,2020,Mitsubishi Outlander 2.0 CVT Premium,Lắp ráp trong nước,Hà Nội,SUV,65000,N/A,Xe cũ,Xăng
16/10/2025,2011,Mercedes Benz S class S300L,Nhập khẩu,Hà Nội,Sedan,76000,N/A,Xe cũ,Xăng
16/10/2025,2013,Honda City 1.5 AT,Lắp ráp trong nước,Hà Nội,Sedan,78000,N/A,Xe cũ,Xăng
16/10/2025,2025,Toyota Veloz Cross Top 1.5 CVT,Lắp ráp trong nước,TP HCM,SUV,N/A,N/A,Xe mới,Xăng
16/10/2025,2009,Toyota Innova G,Lắp ráp trong nước,N/A,Crossover,180000,N/A,Xe cũ,Xăng
16/10/2025,2016,Maserati Levante 3.0 V6,Nhập khẩu,Hà Nội,SUV,60000,N/A,Xe cũ,Xăng
16/10/2025,2016,Suzuki Vitara 1.6 AT,Nhập khẩu,Hà Nội,SUV,110000,N/A,Xe cũ,Xăng
16/10/2025,2022,Kia Carnival Signature 3.5G,Lắp ráp trong nước,Hà Nội,Van/Minivan,55000,N/A,Xe cũ,Xăng
16/10/2025,2014,Mercedes Benz C class C200,Lắp ráp trong nước,Hà Nội,Sedan,97000,N/A,Xe cũ,Xăng
16/10/2025,2022,Toyota Corolla Cross 1.8V,Nhập khẩu,Hà Nội,SUV,39000,N/A,Xe cũ,Xăng
16/10/2025,2020,Ford Mustang GT Fastback,Nhập khẩu,Hà Nội,Coupe,0,N/A,Xe cũ,Xăng
16/10/2025,2022,Hyundai Creta Tiêu chuẩn 1.5 AT,Nhập khẩu,Hà Nội,Crossover,20000,N/A,Xe cũ,Xăng
16/10/2025,2024,Kia Sportage Signature 2.0G,Lắp ráp trong nước,N/A,Crossover,10000,N/A,Xe cũ,Xăng
16/10/2025,2021,VinFast Lux A 2.0 Plus 2.0 AT,Lắp ráp trong nước,Hà Nội,Sedan,45000,N/A,Xe cũ,Xăng
16/10/2025,2025,MG HS 1.5T DEL,Nhập khẩu,N/A,Crossover,N/A,N/A,Xe mới,Xăng
16/10/2025,2017,Kia Sorento DATH,Lắp ráp trong nước,N/A,SUV,92000,N/A,Xe cũ,Dầu
16/10/2025,2021,Honda HRV G,Nhập khẩu,Hà Nội,Crossover,26000,N/A,Xe cũ,Xăng
16/10/2025,2024,Toyota Land Cruiser 3.5 V6,Nhập khẩu,Hà Nội,SUV,8000,N/A,Xe cũ,Xăng
16/10/2025,2023,Hyundai Elantra N-Line 1.6 Turbo AT,Lắp ráp trong nước,Hà Nội,Sedan,10000,N/A,Xe cũ,Xăng
16/10/2025,2025,MG HS 1.5T LUX,Nhập khẩu,Hà Nội,Crossover,N/A,N/A,Xe mới,Xăng
16/10/2025,2018,Mercedes Benz Maybach S450 4Matic,Nhập khẩu,Hà Nội,Sedan,45000,N/A,Xe cũ,Xăng
16/10/2025,2011,Mercedes Benz S class S300L,Nhập khẩu,Hà Nội,Sedan,76000,N/A,Xe cũ,Xăng
16/10/2025,2025,Toyota Veloz Cross Top 1.5 CVT,Lắp ráp trong nước,TP HCM,SUV,N/A,N/A,Xe mới,Xăng
16/10/2025,2009,Toyota Innova G,Lắp ráp trong nước,N/A,Crossover,180000,N/A,Xe cũ,Xăng
16/10/2025,2020,Honda City 1.5TOP,Lắp ráp trong nước,TP,Sedan,112000,N/A,Xe cũ,Xăng
16/10/2025,2025,Toyota Prado LC250 2.4L,Nhập khẩu,Hà Nội,SUV,N/A,N/A,Xe mới,Xăng
16/10/2025,2016,Suzuki Vitara 1.6 AT,Nhập khẩu,Hà Nội,SUV,110000,N/A,Xe cũ,Xăng
16/10/2025,2025,Ford Territory Trend 1.5 AT,Lắp ráp trong nước,Hà Nội,SUV,N/A,N/A,Xe mới,Xăng
16/10/2025,2014,Mercedes Benz C class C200,Lắp ráp trong nước,Hà Nội,Sedan,97000,N/A,Xe cũ,Xăng
16/10/2025,2022,VinFast Lux A 2.0 Tiêu chuẩn,Lắp ráp trong nước,TP HCM,Sedan,33000,N/A,Xe cũ,Xăng
16/10/2025,2024,Ford Ranger Wildtrak 2.0L 4x4 AT,Lắp ráp trong nước,TP HCM,Bán tải / Pickup,20000,N/A,Xe cũ,Dầu
16/10/2025,2024,Lexus LX 600 Urban,Nhập khẩu,Hà Nội,SUV,15000,N/A,Xe cũ,Xăng
16/10/2025,2018,Mercedes Benz GLA class GLA 45 AMG 4Matic,Nhập khẩu,TP HCM,SUV,49000,N/A,Xe cũ,Xăng
16/10/2025,2024,Hyundai Accent Cao cấp 1.5 AT,Lắp ráp trong nước,Hà Nội,Sedan,4000,N/A,Xe cũ,Xăng
16/10/2025,2021,Toyota Corolla altis 1.8G AT,Lắp ráp trong nước,Hà Nội,Sedan,40000,N/A,Xe cũ,Xăng
16/10/2025,2013,Honda CRV 2.0 AT,Lắp ráp trong nước,Hà Nội,SUV,120000,N/A,Xe cũ,Xăng
16/10/2025,2025,Toyota Alphard HEV 2.5 AT,Nhập khẩu,Hà Nội,Van/Minivan,N/A,N/A,Xe mới,Hybrid
16/10/2025,2025,Isuzu MU-X Prestige 1.9 4X2 AT,Nhập khẩu,Hà Nội,SUV,N/A,N/A,Xe mới,Dầu
16/10/2025,2018,Mercedes Benz GLC 300 4Matic,Lắp ráp trong nước,Hà Nội,SUV,50000,N/A,Xe cũ,Xăng
16/10/2025,2015,LandRover Range Rover HSE 3.0,Nhập khẩu,Hà Nội,SUV,0,N/A,Xe cũ,Xăng
16/10/2025,2025,Mazda 2 1.5 AT,Nhập khẩu,Hà Nội,Sedan,6000,N/A,Xe cũ,Xăng
16/10/2025,2014,BMW 1 Series 116i,Nhập khẩu,TP HCM,Hatchback,79000,N/A,Xe cũ,Xăng
16/10/2025,2022,Mitsubishi Outlander 2.0 CVT,Lắp ráp trong nước,Hà Nội,SUV,20000,N/A,Xe cũ,Xăng
16/10/2025,2025,Toyota Alphard 2.4 AT,Nhập khẩu,Hà Nội,Van/Minivan,N/A,N/A,Xe mới,Xăng
16/10/2025,2025,Toyota Prado LC250 2.4L,Nhập khẩu,Hà Nội,SUV,N/A,N/A,Xe mới,Xăng
16/10/2025,2024,VinFast VF5 Plus,Lắp ráp trong nước,Hà Nội,SUV,19000,N/A,Xe cũ,Điện
16/10/2025,2016,Mazda 3 1.5 AT,Lắp ráp trong nước,Hà Nội,Sedan,70000,N/A,Xe cũ,Xăng
16/10/2025,2025,Ford Territory Trend 1.5 AT,Lắp ráp trong nước,Hà Nội,SUV,N/A,N/A,Xe mới,Xăng
16/10/2025,2023,Toyota Camry 2.5HV,Nhập khẩu,Hà Nội,Sedan,49000,N/A,Xe cũ,Hybrid
16/10/2025,2024,Hyundai Accent Cao cấp 1.5 AT,Lắp ráp trong nước,Hà Nội,Sedan,4000,N/A,Xe cũ,Xăng
16/10/2025,2018,Mercedes Benz GLA class GLA 45 AMG 4Matic,Nhập khẩu,TP HCM,SUV,49000,N/A,Xe cũ,Xăng
16/10/2025,2014,Mercedes Benz E class E250,Lắp ráp trong nước,Hà Nội,Sedan,79000,N/A,Xe cũ,Xăng
16/10/2025,2022,Kia Sorento Signature 2.2 AT AWD,Lắp ráp trong nước,Hà Nội,SUV,50000,N/A,Xe cũ,Dầu
16/10/2025,2005,Porsche Cayenne 3.2i,Nhập khẩu,TP HCM,SUV,98900,N/A,Xe cũ,Xăng
16/10/2025,2015,LandRover Range Rover HSE 3.0,Nhập khẩu,Hà Nội,SUV,0,N/A,Xe cũ,Xăng
16/10/2025,2016,Lexus LS 460L,Nhập khẩu,Hà Nội,Sedan,120000,N/A,Xe cũ,Xăng
16/10/2025,2022,Toyota Fortuner 2.4L 4x2 AT,Lắp ráp trong nước,Hà Nội,SUV,90000,N/A,Xe cũ,Dầu
16/10/2025,2024,Hyundai SantaFe Cao cấp 2.2L HTRAC,Lắp ráp trong nước,Hà Nội,SUV,19000,N/A,Xe cũ,Dầu
16/10/2025,2021,BMW 3 Series 330i M Sport,Nhập khẩu,TP HCM,Sedan,43000,N/A,Xe cũ,Xăng
16/10/2025,2015,Mercedes Benz C class C250 Exclusive,Lắp ráp trong nước,Hà Nội,Sedan,69000,N/A,Xe cũ,Xăng
16/10/2025,2025,Mazda 2 1.5 AT,Nhập khẩu,Hà Nội,Sedan,6000,N/A,Xe cũ,Xăng
16/10/2025,2014,BMW 1 Series 116i,Nhập khẩu,TP HCM,Hatchback,79000,N/A,Xe cũ,Xăng
16/10/2025,2025,Hyundai Stargazer X 1.5 AT,Nhập khẩu,Hà Nội,Van/Minivan,N/A,N/A,Xe mới,Xăng
16/10/2025,2024,VinFast VF5 Plus,Lắp ráp trong nước,Hà Nội,SUV,19000,N/A,Xe cũ,Điện
16/10/2025,2024,Kia Sorento Signature 2.2 AT AWD,Lắp ráp trong nước,Hà Nội,SUV,50000,N/A,Xe cũ,Dầu
16/10/2025,2016,Mazda 3 1.5 AT,Lắp ráp trong nước,Hà Nội,Sedan,70000,N/A,Xe cũ,Xăng
16/10/2025,2019,Nissan Terra E 2.5 AT 2WD,Nhập khẩu,Hà Nội,SUV,77000,N/A,Xe cũ,Xăng
16/10/2025,2025,Ford Everest Titanium 2.0L 4x2 AT,Nhập khẩu,Hà Nội,SUV,N/A,N/A,Xe mới,Dầu
16/10/2025,2023,Toyota Camry 2.5HV,Nhập khẩu,Hà Nội,Sedan,49000,N/A,Xe cũ,Hybrid
16/10/2025,2025,Lexus LM 500h,Nhập khẩu,Hà Nội,Van/Minivan,8000,N/A,Xe cũ,Hybrid
16/10/2025,2024,Hyundai Accent Cao cấp 1.5 AT,Lắp ráp trong nước,Hà Nội,Sedan,4000,N/A,Xe cũ,Xăng
16/10/2025,2018,Mercedes Benz GLA class GLA 45 AMG 4Matic,Nhập khẩu,TP HCM,SUV,49000,N/A,Xe cũ,Xăng
16/10/2025,2014,Mercedes Benz E class E250,Lắp ráp trong nước,Hà Nội,Sedan,79000,N/A,Xe cũ,Xăng
16/10/2025,2022,Kia Sorento Signature 2.2 AT AWD,Lắp ráp trong nước,Hà Nội,SUV,50000,N/A,Xe cũ,Dầu
16/10/2025,2022,Mercedes Benz C class C200 Avantgarde,Lắp ráp trong nước,TP HCM,Sedan,11000,N/A,Xe cũ,Xăng
16/10/2025,2005,Porsche Cayenne 3.2i,Nhập khẩu,TP HCM,SUV,98900,N/A,Xe cũ,Xăng
16/10/2025,2016,Lexus LS 460L,Nhập khẩu,Hà Nội,Sedan,120000,N/A,Xe cũ,Xăng
16/10/2025,2022,Toyota Fortuner 2.4L 4x2 AT,Lắp ráp trong nước,Hà Nội,SUV,90000,N/A,Xe cũ,Dầu
16/10/2025,2024,Hyundai SantaFe Cao cấp 2.2L HTRAC,Lắp ráp trong nước,Hà Nội,SUV,19000,N/A,Xe cũ,Dầu
16/10/2025,2021,BMW 3 Series 330i M Sport,Nhập khẩu,TP HCM,Sedan,43000,N/A,Xe cũ,Xăng
16/10/2025,2015,Mercedes Benz C class C250 Exclusive,Lắp ráp trong nước,Hà Nội,Sedan,69000,N/A,Xe cũ,Xăng
16/10/2025,2025,Mazda 2 1.5 AT,Nhập khẩu,Hà Nội,Sedan,6000,N/A,Xe cũ,Xăng
16/10/2025,2014,BMW 1 Series 116i,Nhập khẩu,TP HCM,Hatchback,79000,N/A,Xe cũ,Xăng
16/10/2025,2025,Hyundai Stargazer X 1.5 AT,Nhập khẩu,Hà Nội,Van/Minivan,N/A,N/A,Xe mới,Xăng
16/10/2025,2024,VinFast VF5 Plus,Lắp ráp trong nước,Hà Nội,SUV,19000,N/A,Xe cũ,Điện
16/10/2025,2024,Kia Sorento Signature 2.2 AT AWD,Lắp ráp trong nước,Hà Nội,SUV,50000,N/A,Xe cũ,Dầu
16/10/2025,2019,Nissan Terra E 2.5 AT 2WD,Nhập khẩu,Hà Nội,SUV,77000,N/A,Xe cũ,Xăng
16/10/2025,2025,Ford Everest Titanium 2.0L 4x2 AT,Nhập khẩu,Hà Nội,SUV,N/A,N/A,Xe mới,Dầu
16/10/2025,2021,Lexus GX 460,Nhập khẩu,Hà Nội,SUV,36000,N/A,Xe cũ,Xăng
16/10/2025,2025,Lexus ES 250 F Sport,Nhập khẩu,Đà Nẵng,Sedan,N/A,N/A,Xe mới,Xăng
16/10/2025,2025,Lexus RX 350 Premium,Nhập khẩu,Đà Nẵng,SUV,N/A,N/A,Xe mới,Xăng
16/10/2025,2025,Isuzu MU-X B7 1.9 4X2 MT,Nhập khẩu,Hà Nội,SUV,N/A,N/A,Xe mới,Dầu
16/10/2025,2025,Lexus LM 500h,Nhập khẩu,Hà Nội,Van/Minivan,8000,N/A,Xe cũ,Hybrid
16/10/2025,2014,Mercedes Benz E class E250,Lắp ráp trong nước,Hà Nội,Sedan,79000,N/A,Xe cũ,Xăng
16/10/2025,2025,Ford Territory Titanium X 1.5 AT,Lắp ráp trong nước,Hà Nội,SUV,4500,N/A,Xe cũ,Xăng
16/10/2025,2022,Kia Sorento Signature 2.2 AT AWD,Lắp ráp trong nước,Hà Nội,SUV,50000,N/A,Xe cũ,Dầu
16/10/2025,2007,Bentley Flying Spur 6.0 V8,Nhập khẩu,Hà Nội,Sedan,15000,N/A,Xe cũ,Xăng
16/10/2025,2022,Mercedes Benz C class C200 Avantgarde,Lắp ráp trong nước,TP HCM,Sedan,11000,N/A,Xe cũ,Xăng
16/10/2025,2005,Porsche Cayenne 3.2i,Nhập khẩu,TP HCM,SUV,98900,N/A,Xe cũ,Xăng
16/10/2025,2025,Lexus ES 300h,Nhập khẩu,Đà Nẵng,Sedan,N/A,N/A,Xe mới,Hybrid
16/10/2025,2023,Mazda CX5 Premium Exclusive 2.0 AT,Lắp ráp trong nước,TP HCM,SUV,43000,N/A,Xe cũ,Xăng
16/10/2025,2023,Porsche Panamera 4 Executive,Nhập khẩu,TP HCM,Sedan,13333,N/A,Xe cũ,Xăng
16/10/2025,2021,VinFast Lux A 2.0 Premium 2.0 AT,Lắp ráp trong nước,Hà Nội,Sedan,80000,N/A,Xe cũ,Xăng
16/10/2025,2021,BMW 3 Series 330i M Sport,Nhập khẩu,TP HCM,Sedan,43000,N/A,Xe cũ,Xăng
16/10/2025,2025,Lexus RX 350h Premium,Nhập khẩu,Hà Nội,SUV,N/A,N/A,Xe mới,Hybrid
16/10/2025,2015,Mercedes Benz C class C250 Exclusive,Lắp ráp trong nước,Hà Nội,Sedan,69000,N/A,Xe cũ,Xăng
16/10/2025,2025,Lexus ES 250,Nhập khẩu,Đà Nẵng,Sedan,N/A,N/A,Xe mới,Xăng
16/10/2025,2015,Lexus LX 570 Super Sport,Nhập khẩu,TP HCM,SUV,61000,N/A,Xe cũ,Xăng
16/10/2025,2025,Lexus RX 350 Premium,Nhập khẩu,Đà Nẵng,SUV,N/A,N/A,Xe mới,Xăng
16/10/2025,2021,Lexus LX 570,Nhập khẩu,Hà Nội,SUV,40000,N/A,Xe cũ,Xăng
16/10/2025,2025,VinFast VF5 Plus,Lắp ráp trong nước,Hà Nội,SUV,N/A,N/A,Xe mới,Điện
16/10/2025,2025,Ford Everest Titanium Plus 2.0L 4x4 AT,Nhập khẩu,TP HCM,SUV,N/A,N/A,Xe mới,Dầu
16/10/2025,2024,VinFast VF3 Plus,Lắp ráp trong nước,TP HCM,Hatchback,0,N/A,Xe cũ,Điện
16/10/2025,2017,Audi Q5 2.0 AT,Nhập khẩu,TP HCM,SUV,99999,N/A,Xe cũ,Xăng
16/10/2025,2025,VinFast VF8 Eco,Lắp ráp trong nước,TP HCM,SUV,N/A,N/A,Xe mới,Điện
16/10/2025,2025,Hyundai Palisade Exclusive 2.2 AT,Lắp ráp trong nước,TP HCM,SUV,N/A,N/A,Xe mới,Dầu
16/10/2025,2022,Toyota Fortuner 2.4L 4x2 AT,Lắp ráp trong nước,Hà Nội,SUV,70000,N/A,Xe cũ,Dầu
16/10/2025,2018,Lexus LX 570 Super Sport,Nhập khẩu,Hà Nội,SUV,0,N/A,Xe cũ,Xăng
16/10/2025,2020,Toyota Corolla Cross 1.8V,Nhập khẩu,N/A,SUV,0,N/A,Xe cũ,Xăng
16/10/2025,2024,Toyota Innova E 2.0 MT,Lắp ráp trong nước,TP HCM,Crossover,55000,N/A,Xe cũ,Xăng
16/10/2025,2022,Mercedes Benz GLC 200 4Matic,Lắp ráp trong nước,Hà Nội,SUV,50000,N/A,Xe cũ,Xăng
16/10/2025,2025,Lexus GX 550 Luxury,Nhập khẩu,Hà Nội,SUV,N/A,N/A,Xe mới,Xăng
16/10/2025,2024,VinFast VF3 Plus,Lắp ráp trong nước,TP HCM,Hatchback,0,N/A,Xe cũ,Điện
16/10/2025,2025,VinFast VF6 Eco,Lắp ráp trong nước,Hà Nội,SUV,N/A,N/A,Xe mới,Điện
16/10/2025,2025,Toyota Veloz Cross Top 1.5 CVT,Lắp ráp trong nước,N/A,SUV,N/A,N/A,Xe mới,Xăng
16/10/2025,2025,Toyota Vios G 1.5 CVT,Lắp ráp trong nước,Hà Nội,Sedan,N/A,N/A,Xe mới,Xăng
16/10/2025,2024,Honda BR V L,Nhập khẩu,N/A,SUV,N/A,N/A,Xe mới,Xăng
16/10/2025,2025,Hyundai Tucson 1.6 AT Turbo HTRAC Đặc biệt,Lắp ráp trong nước,N/A,Crossover,2000,N/A,Xe cũ,Xăng
16/10/2025,2025,VinFast VF5 Plus,Lắp ráp trong nước,Hà Nội,SUV,N/A,N/A,Xe mới,Điện
16/10/2025,2022,VinFast Lux A 2.0 Tiêu chuẩn,Lắp ráp trong nước,N/A,Sedan,50000,N/A,Xe cũ,Xăng
16/10/2025,2007,Lexus LX 570,Nhập khẩu,Hà Nội,SUV,280000,N/A,Xe cũ,Xăng
16/10/2025,2017,Audi Q5 2.0 AT,Nhập khẩu,TP HCM,SUV,99999,N/A,Xe cũ,Xăng
16/10/2025,2025,Honda BR V L,Nhập khẩu,Hà Nội,SUV,N/A,N/A,Xe mới,Xăng
16/10/2025,2023,Ford Everest Titanium Plus 2.0L 4x4 AT,Nhập khẩu,Hà Nội,SUV,40000,N/A,Xe cũ,Dầu
16/10/2025,2018,Lexus LX 570 Super Sport,Nhập khẩu,Hà Nội,SUV,0,N/A,Xe cũ,Xăng
16/10/2025,2008,Toyota Innova G,Lắp ráp trong nước,N/A,Crossover,0,N/A,Xe cũ,Xăng
16/10/2025,2024,Lexus RX 350 Luxury,Nhập khẩu,TP HCM,SUV,3900,N/A,Xe cũ,Xăng
16/10/2025,2025,Toyota Avanza Premio 1.5 AT,Lắp ráp trong nước,TP,SUV,N/A,N/A,Xe mới,Xăng
16/10/2025,2024,VinFast VF3 Plus,Lắp ráp trong nước,Hà Nội,Hatchback,30123,N/A,Xe cũ,Điện
16/10/2025,2025,Lexus GX 550 Luxury,Nhập khẩu,Hà Nội,SUV,N/A,N/A,Xe mới,Xăng
16/10/2025,2013,Thaco TB120S Weichai 47S,Lắp ráp trong nước,Hà Nội,Van/Minivan,350000,N/A,Xe cũ,Dầu
16/10/2025,2025,Toyota Vios G 1.5 CVT,Lắp ráp trong nước,Hà Nội,Sedan,N/A,N/A,Xe mới,Xăng
16/10/2025,2021,VinFast Lux SA 2.0 Premium 2.0 AT,Lắp ráp trong nước,N/A,SUV,92000,N/A,Xe cũ,Xăng
16/10/2025,2020,Thaco TB79s,Lắp ráp trong nước,Hà Nội,Van/Minivan,120000,N/A,Xe cũ,Dầu
16/10/2025,2024,Honda BR V L,Nhập khẩu,N/A,SUV,N/A,N/A,Xe mới,Xăng
16/10/2025,2019,Toyota Prado VX 2.7L,Nhập khẩu,Hà Nội,SUV,128000,N/A,Xe cũ,Xăng
16/10/2025,2020,Audi Q3 35 TFSI,Nhập khẩu,TP HCM,Crossover,0,N/A,Xe cũ,Xăng
16/10/2025,2019,Lexus LX 570 Super Sport MBS,Nhập khẩu,Hà Nội,SUV,60000,N/A,Xe cũ,Xăng
16/10/2025,2017,Mazda CX5 2.5 AT 2WD,Lắp ráp trong nước,TP HCM,SUV,70000,N/A,Xe cũ,Xăng
16/10/2025,2022,VinFast Lux A 2.0 Tiêu chuẩn,Lắp ráp trong nước,N/A,Sedan,50000,N/A,Xe cũ,Xăng
16/10/2025,2007,Lexus LX 570,Nhập khẩu,Hà Nội,SUV,280000,N/A,Xe cũ,Xăng
16/10/2025,2021,Toyota Prado VX 2.7L,Nhập khẩu,Hà Nội,SUV,96000,N/A,Xe cũ,Xăng
16/10/2025,2025,Honda BR V L,Nhập khẩu,Hà Nội,SUV,N/A,N/A,Xe mới,Xăng
16/10/2025,2018,Lexus LX 570 Super Sport,Nhập khẩu,Hà Nội,SUV,0,N/A,Xe cũ,Xăng
16/10/2025,2008,Toyota Innova G,Lắp ráp trong nước,N/A,Crossover,0,N/A,Xe cũ,Xăng
16/10/2025,2024,Lexus RX 350 Luxury,Nhập khẩu,TP HCM,SUV,3900,N/A,Xe cũ,Xăng
16/10/2025,2024,VinFast VF3 Plus,Lắp ráp trong nước,Hà Nội,Hatchback,30123,N/A,Xe cũ,Điện
16/10/2025,2021,Mazda 3 1.5L Luxury,Lắp ráp trong nước,N/A,Sedan,15000,N/A,Xe cũ,Xăng
16/10/2025,2017,Ford Transit SVP,Lắp ráp trong nước,Hà Nội,Van/Minivan,160000,N/A,Xe cũ,Dầu
16/10/2025,2013,Thaco TB120S Weichai 47S,Lắp ráp trong nước,Hà Nội,Van/Minivan,350000,N/A,Xe cũ,Dầu
16/10/2025,2014,Ford Transit Standard MID,Lắp ráp trong nước,Hà Nội,Van/Minivan,220000,N/A,Xe cũ,Dầu
16/10/2025,2021,VinFast Lux SA 2.0 Premium 2.0 AT,Lắp ráp trong nước,N/A,SUV,92000,N/A,Xe cũ,Xăng
16/10/2025,2020,Thaco TB79s,Lắp ráp trong nước,Hà Nội,Van/Minivan,120000,N/A,Xe cũ,Dầu
16/10/2025,2016,Ford Transit Luxury,Lắp ráp trong nước,Hà Nội,Van/Minivan,240000,N/A,Xe cũ,Dầu
16/10/2025,2020,Audi Q3 35 TFSI,Nhập khẩu,TP HCM,Crossover,0,N/A,Xe cũ,Xăng
16/10/2025,2018,Thaco Tb85s,Lắp ráp trong nước,Hà Nội,Van/Minivan,200000,N/A,Xe cũ,Dầu
16/10/2025,2022,Kia K3 Premium 2.0 AT,Lắp ráp trong nước,Hà Nội,Sedan,45000,N/A,Xe cũ,Xăng
16/10/2025,2019,Lexus LX 570 Super Sport MBS,Nhập khẩu,Hà Nội,SUV,60000,N/A,Xe cũ,Xăng
16/10/2025,2023,LandRover Defender 110 X Dynamic P300 2.0 AT,Nhập khẩu,Hà Nội,SUV,10000,N/A,Xe cũ,Xăng
16/10/2025,2024,Toyota Wigo G 1.2 AT,Nhập khẩu,N/A,Hatchback,54000,N/A,Xe cũ,Xăng
16/10/2025,2025,MG G50 1.5 MT Com,Nhập khẩu,Hà Nội,Van/Minivan,600,N/A,Xe cũ,Xăng
16/10/2025,2018,Ford Transit SVP,Lắp ráp trong nước,Hà Nội,Van/Minivan,130000,N/A,Xe cũ,Dầu
16/10/2025,2024,Mitsubishi Xpander Premium 1.5 AT,Nhập khẩu,Hà Nội,SUV,31000,N/A,Xe cũ,Xăng
16/10/2025,2015,Mercedes Benz C class C250 Exclusive,Lắp ráp trong nước,Hà Nội,Sedan,80000,N/A,Xe cũ,Xăng
16/10/2025,2016,Mercedes Benz C class C250 Exclusive,Lắp ráp trong nước,Hà Nội,Sedan,128747,N/A,Xe cũ,Xăng
16/10/2025,2021,Lexus RX 300,Nhập khẩu,Hà Nội,SUV,47000,N/A,Xe cũ,Xăng
16/10/2025,2015,Mercedes Benz E class E250 AMG,Lắp ráp trong nước,Hà Nội,Sedan,130000,N/A,Xe cũ,Xăng
16/10/2025,2022,Mercedes Benz C class C300 AMG,Lắp ráp trong nước,Hà Nội,Sedan,27000,N/A,Xe cũ,Xăng
16/10/2025,2025,VinFast VF9 Plus,Lắp ráp trong nước,Hà Nội,SUV,50,N/A,Xe cũ,Điện
16/10/2025,2012,Lexus GX 460,Nhập khẩu,Hà Nội,SUV,123456,N/A,Xe cũ,Xăng
16/10/2025,2018,Toyota Fortuner 2.4G 4x2 AT,Nhập khẩu,Hà Nội,SUV,0,N/A,Xe cũ,Dầu
16/10/2025,2009,Hyundai County 3.9L,Lắp ráp trong nước,Hà Nội,Van/Minivan,350000,N/A,Xe cũ,Dầu
16/10/2025,2019,Mercedes Benz GLC 250 4Matic,Lắp ráp trong nước,Hà Nội,SUV,70000,N/A,Xe cũ,Xăng
16/10/2025,2025,VinFast VF6 Plus,Lắp ráp trong nước,TP HCM,SUV,N/A,N/A,Xe mới,Điện
16/10/2025,2019,Hyundai Tucson 2.0 ATH,Lắp ráp trong nước,Hà Nội,Crossover,79000,N/A,Xe cũ,Xăng
16/10/2025,2009,Hyundai Tucson 2.0 AT 4WD,Nhập khẩu,Hà Nội,Crossover,100000,N/A,Xe cũ,Xăng
16/10/2025,2022,BMW X5 xDrive40i M Sport,Lắp ráp trong nước,Hà Nội,SUV,13000,N/A,Xe cũ,Xăng
16/10/2025,2022,Hyundai Accent 1.4 AT Đặc Biệt,Lắp ráp trong nước,Hà Nội,Sedan,56000,N/A,Xe cũ,Xăng
16/10/2025,2024,Mazda CX8 Premium AWD,Lắp ráp trong nước,TP HCM,SUV,17000,N/A,Xe cũ,Xăng
16/10/2025,2016,Honda CRV 2.4 AT,Lắp ráp trong nước,Hà Nội,SUV,65000,N/A,Xe cũ,Xăng
16/10/2025,2022,Bentley Flying Spur V8,Nhập khẩu,Hà Nội,Sedan,13000,N/A,Xe cũ,Xăng
16/10/2025,2023,Lexus RX 350 Luxury,Nhập khẩu,Hà Nội,SUV,49000,N/A,Xe cũ,Xăng
16/10/2025,2025,Ford Ranger Wildtrak 2.0L 4x4 AT,Lắp ráp trong nước,Hà Nội,Bán tải / Pickup,N/A,N/A,Xe mới,Dầu
16/10/2025,2018,Honda CRV L,Nhập khẩu,Hà Nội,SUV,80000,N/A,Xe cũ,Xăng
16/10/2025,2018,Toyota Fortuner 2.8V 4x4 AT,Nhập khẩu,TP HCM,SUV,90000,N/A,Xe cũ,Dầu
16/10/2025,2014,Toyota Camry 2.5Q,Lắp ráp trong nước,Hà Nội,Sedan,100000,N/A,Xe cũ,Xăng
16/10/2025,2017,Mazda 3 1.5 AT,Lắp ráp trong nước,Hà Nội,Sedan,80000,N/A,Xe cũ,Xăng
16/10/2025,2012,Hyundai i20 1.4 AT,Nhập khẩu,Hà Nội,Hatchback,120000,N/A,Xe cũ,Xăng
16/10/2025,2020,Mercedes Benz S class S450L,Lắp ráp trong nước,TP HCM,Sedan,67000,N/A,Xe cũ,Xăng
16/10/2025,2014,Toyota Innova 2.0E,Lắp ráp trong nước,N/A,Crossover,79000,N/A,Xe cũ,Xăng
16/10/2025,2025,Toyota Fortuner 2.4L 4x2 AT,Lắp ráp trong nước,TP HCM,SUV,N/A,N/A,Xe mới,Dầu
16/10/2025,2017,Mercedes Benz C class C200,Lắp ráp trong nước,TP HCM,Sedan,38000,N/A,Xe cũ,Xăng
16/10/2025,2023,Lexus ES 300h,Nhập khẩu,TP HCM,Sedan,20000,N/A,Xe cũ,Hybrid
16/10/2025,2012,BMW X6 xDrive35i,Nhập khẩu,Hà Nội,SUV,0,N/A,Xe cũ,Xăng
16/10/2025,2022,Volvo S90 LWB Ultimate B6 AWD,Nhập khẩu,TP HCM,Sedan,6000,N/A,Xe cũ,Xăng
16/10/2025,2021,Kia Sedona 2.2 DAT Deluxe,Lắp ráp trong nước,TP HCM,Van/Minivan,68000,N/A,Xe cũ,Dầu
16/10/2025,2008,Toyota Innova G,Lắp ráp trong nước,TP HCM,Crossover,150000,N/A,Xe cũ,Xăng
16/10/2025,2016,Toyota Innova 2.0E,Lắp ráp trong nước,Hà Nội,Crossover,120000,N/A,Xe cũ,Xăng
16/10/2025,2024,Mazda CX8 Premium AWD,Lắp ráp trong nước,TP HCM,SUV,17000,N/A,Xe cũ,Xăng
16/10/2025,2019,Mercedes Benz GLC 300 4Matic,Lắp ráp trong nước,TP HCM,SUV,68000,N/A,Xe cũ,Xăng
16/10/2025,2021,Gaz Gazelle Next Van 2.8 MT,Nhập khẩu,TP HCM,Van/Minivan,20000,N/A,Xe cũ,Dầu
16/10/2025,2022,Bentley Flying Spur V8,Nhập khẩu,Hà Nội,Sedan,13000,N/A,Xe cũ,Xăng
16/10/2025,2025,Ford Ranger Wildtrak 2.0L 4x4 AT,Lắp ráp trong nước,Hà Nội,Bán tải / Pickup,N/A,N/A,Xe mới,Dầu
16/10/2025,2016,Hyundai i10 Grand 1.0 AT,Nhập khẩu,Hà Nội,Hatchback,83000,N/A,Xe cũ,Xăng
16/10/2025,2017,Mazda 3 1.5 AT,Lắp ráp trong nước,Hà Nội,Sedan,80000,N/A,Xe cũ,Xăng
16/10/2025,2024,Toyota Yaris Cross 1.5 D-CVT,Nhập khẩu,Hà Nội,SUV,35000,N/A,Xe cũ,Xăng
16/10/2025,2012,Hyundai i20 1.4 AT,Nhập khẩu,Hà Nội,Hatchback,120000,N/A,Xe cũ,Xăng
16/10/2025,2023,Toyota Vios G 1.5 CVT,Lắp ráp trong nước,Hà Nội,Sedan,30000,N/A,Xe cũ,Xăng
16/10/2025,2020,Mercedes Benz S class S450L,Lắp ráp trong nước,TP HCM,Sedan,67000,N/A,Xe cũ,Xăng
16/10/2025,2014,Toyota Innova 2.0E,Lắp ráp trong nước,N/A,Crossover,79000,N/A,Xe cũ,Xăng
16/10/2025,2024,Volvo XC40 Ultimate B5 AWD,Nhập khẩu,TP HCM,SUV,1400,N/A,Xe cũ,Xăng
16/10/2025,2025,Toyota Fortuner 2.4L 4x2 AT,Lắp ráp trong nước,TP HCM,SUV,N/A,N/A,Xe mới,Dầu
16/10/2025,2017,Mercedes Benz C class C200,Lắp ráp trong nước,TP HCM,Sedan,38000,N/A,Xe cũ,Xăng
16/10/2025,2023,Lexus ES 300h,Nhập khẩu,TP HCM,Sedan,20000,N/A,Xe cũ,Hybrid
16/10/2025,2012,BMW X6 xDrive35i,Nhập khẩu,Hà Nội,SUV,0,N/A,Xe cũ,Xăng
16/10/2025,2022,Volvo S90 LWB Ultimate B6 AWD,Nhập khẩu,TP HCM,Sedan,6000,N/A,Xe cũ,Xăng
16/10/2025,2008,Toyota Innova G,Lắp ráp trong nước,TP HCM,Crossover,150000,N/A,Xe cũ,Xăng
16/10/2025,2016,Toyota Innova 2.0E,Lắp ráp trong nước,Hà Nội,Crossover,120000,N/A,Xe cũ,Xăng
16/10/2025,2019,Mercedes Benz G class G63 AMG,Nhập khẩu,Hà Nội,SUV,50000,N/A,Xe cũ,Xăng
16/10/2025,2025,Lexus LX 600 Urban,Nhập khẩu,Hà Nội,SUV,N/A,N/A,Xe mới,Xăng
16/10/2025,2025,Honda City RS 1.5 AT,Lắp ráp trong nước,Hà Nội,Sedan,N/A,N/A,Xe mới,Xăng
16/10/2025,2013,LandRover Range Rover HSE 3.0,Nhập khẩu,Hà Nội,SUV,0,N/A,Xe cũ,Xăng
16/10/2025,2021,Hyundai i10 Grand 1.2 AT,Lắp ráp trong nước,Hà Nội,Sedan,42000,N/A,Xe cũ,Xăng
16/10/2025,2019,Mercedes Benz GLC 300 4Matic,Lắp ráp trong nước,TP HCM,SUV,68000,N/A,Xe cũ,Xăng
16/10/2025,2012,Toyota Vios 1.5E,Lắp ráp trong nước,N/A,Sedan,90000,N/A,Xe cũ,Xăng
16/10/2025,2025,Toyota Hilux 2.4L 4x2 AT,Nhập khẩu,Hà Nội,Bán tải / Pickup,N/A,N/A,Xe mới,Dầu
16/10/2025,2022,Hyundai Accent 1.4 AT,Lắp ráp trong nước,Hà Nội,Sedan,60000,N/A,Xe cũ,Xăng
16/10/2025,2022,VinFast Lux A 2.0 Tiêu chuẩn,Lắp ráp trong nước,Hà Nội,Sedan,29000,N/A,Xe cũ,Xăng
16/10/2025,2022,Toyota Raize G 1.0 CVT,Nhập khẩu,N/A,SUV,0,N/A,Xe cũ,Xăng
16/10/2025,2021,Hyundai Accent 1.4 AT Đặc Biệt,Lắp ráp trong nước,N/A,Sedan,14000,N/A,Xe cũ,Xăng
16/10/2025,2025,Toyota Corolla Cross 1.8V,Nhập khẩu,Hà Nội,SUV,N/A,N/A,Xe mới,Xăng
16/10/2025,2025,Isuzu MU-X Prestige 1.9 4X2 AT,Nhập khẩu,Hà Nội,SUV,N/A,N/A,Xe mới,Dầu
16/10/2025,2015,Mercedes Benz C class C300 AMG,Lắp ráp trong nước,TP HCM,Sedan,82000,N/A,Xe cũ,Xăng
16/10/2025,2019,Toyota Vios 1.5E MT,Lắp ráp trong nước,N/A,Sedan,80000,N/A,Xe cũ,Xăng
16/10/2025,2023,Mitsubishi Xpander Premium 1.5 AT,Nhập khẩu,Hà Nội,SUV,50000,N/A,Xe cũ,Xăng
16/10/2025,2025,Mini Cooper S 3 Door,Nhập khẩu,Hà Nội,Hatchback,N/A,N/A,Xe mới,Xăng
16/10/2025,2025,Isuzu Dmax Prestige 1.9L 4x2 AT,Nhập khẩu,Hà Nội,Bán tải / Pickup,N/A,N/A,Xe mới,Dầu
16/10/2025,2018,Mercedes Benz GLS 400 4Matic,Nhập khẩu,Hà Nội,SUV,80000,N/A,Xe cũ,Xăng
16/10/2025,2025,Mitsubishi Xforce Ultimate,Nhập khẩu,Hà Nội,SUV,N/A,N/A,Xe mới,Xăng
16/10/2025,2022,Suzuki XL7 1.5 AT,Nhập khẩu,N/A,SUV,67000,N/A,Xe cũ,Xăng
16/10/2025,2022,Hyundai SantaFe Tiêu chuẩn 2.5L,Lắp ráp trong nước,TP HCM,SUV,36000,N/A,Xe cũ,Xăng
16/10/2025,2018,Ford F150 Harley Davidson 5.0 V8,Nhập khẩu,Hà Nội,Bán tải / Pickup,0,N/A,Xe cũ,Xăng
16/10/2025,2022,Mazda 3 1.5L Deluxe,Lắp ráp trong nước,TP,Sedan,30000,N/A,Xe cũ,Xăng
16/10/2025,2009,Volkswagen New Beetle 1.6 AT,Nhập khẩu,TP HCM,Coupe,96000,N/A,Xe cũ,Xăng
16/10/2025,2023,Toyota Fortuner 2.7L 4x2 AT,Nhập khẩu,TP HCM,SUV,7000,N/A,Xe cũ,Xăng
16/10/2025,2021,Mercedes Benz C class C300 AMG,Nhập khẩu,N/A,Sedan,3800,N/A,Xe cũ,Xăng
16/10/2025,2019,Ford EcoSport Titanium 1.5L AT,Lắp ráp trong nước,Hà Nội,SUV,80000,N/A,Xe cũ,Xăng
16/10/2025,2025,Hyundai Tucson 1.6 AT Turbo HTRAC Đặc biệt,Lắp ráp trong nước,Hà Nội,Crossover,N/A,N/A,Xe mới,Xăng
16/10/2025,2023,VinFast VF9 Plus,Lắp ráp trong nước,Hà Nội,SUV,25000,N/A,Xe cũ,Điện
16/10/2025,2021,Mazda CX3 Luxury 1.5 AT,Nhập khẩu,TP HCM,Crossover,69000,N/A,Xe cũ,Xăng
16/10/2025,2015,Mercedes Benz C class C300 AMG,Lắp ráp trong nước,TP HCM,Sedan,82000,N/A,Xe cũ,Xăng
16/10/2025,2025,VinFast Limo Green AT,Lắp ráp trong nước,Hà Nội,SUV,N/A,N/A,Xe mới,Điện
16/10/2025,2015,LandRover Range Rover HSE 3.0,Nhập khẩu,Hà Nội,SUV,110000,N/A,Xe cũ,Xăng
16/10/2025,2020,Mazda 3 1.5L Sport Premium,Lắp ráp trong nước,Hà Nội,Hatchback,20000,N/A,Xe cũ,Xăng
16/10/2025,2023,Volkswagen Viloran Luxury,Nhập khẩu,Đà Nẵng,Van/Minivan,16000,N/A,Xe cũ,Xăng
16/10/2025,2020,Hyundai i10 Grand 1.2 AT,Lắp ráp trong nước,Hà Nội,Sedan,68000,N/A,Xe cũ,Xăng
16/10/2025,2010,Nissan Micra 1.2 AT,Nhập khẩu,Hà Nội,Hatchback,58000,N/A,Xe cũ,Xăng
16/10/2025,2019,Suzuki Swift Special 1.2 AT,Nhập khẩu,N/A,Hatchback,50000,N/A,Xe cũ,Xăng
16/10/2025,2011,Rolls Royce Ghost EWB 6.6 V12,Nhập khẩu,TP HCM,Sedan,49000,N/A,Xe cũ,Xăng
16/10/2025,2022,Mazda 6 Premium 2.0 AT,Lắp ráp trong nước,TP HCM,Sedan,30000,N/A,Xe cũ,Xăng
16/10/2025,2025,BMW X3 xDrive20i,Lắp ráp trong nước,TP HCM,SUV,2500,N/A,Xe cũ,Hybrid
16/10/2025,2020,Toyota Innova 2.0E,Lắp ráp trong nước,Hà Nội,Crossover,110000,N/A,Xe cũ,Xăng
16/10/2025,2022,Hyundai SantaFe Tiêu chuẩn 2.5L,Lắp ráp trong nước,TP HCM,SUV,36000,N/A,Xe cũ,Xăng
16/10/2025,2022,Toyota Corolla altis 1.8V,Nhập khẩu,Hà Nội,Sedan,45000,N/A,Xe cũ,Xăng
16/10/2025,2020,Mazda 3 1.5L Luxury,Lắp ráp trong nước,TP HCM,Sedan,71000,N/A,Xe cũ,Xăng
16/10/2025,2012,Mercedes Benz C class C200,Lắp ráp trong nước,Hà Nội,Sedan,120000,N/A,Xe cũ,Xăng
16/10/2025,2023,Volkswagen Viloran Premium,Nhập khẩu,N/A,Van/Minivan,32000,N/A,Xe cũ,Xăng
16/10/2025,2017,Mercedes Benz GLC 300 4Matic,Lắp ráp trong nước,Hà Nội,SUV,88000,N/A,Xe cũ,Xăng
16/10/2025,2022,Mercedes Benz S class S450 Luxury,Nhập khẩu,TP HCM,Sedan,24000,N/A,Xe cũ,Xăng
16/10/2025,2022,Ford Ranger XLS 2.2L 4x2 AT,Lắp ráp trong nước,N/A,Bán tải / Pickup,48000,N/A,Xe cũ,Dầu
16/10/2025,2025,Volkswagen Viloran Luxury,Nhập khẩu,N/A,Van/Minivan,N/A,N/A,Xe mới,Xăng
16/10/2025,2018,Toyota Innova 2.0 Venturer,Lắp ráp trong nước,Hà Nội,Crossover,120000,N/A,Xe cũ,Xăng
16/10/2025,2019,Hyundai SantaFe Premium 2.4L HTRAC,Lắp ráp trong nước,Hà Nội,SUV,90000,N/A,Xe cũ,Xăng
16/10/2025,2023,LandRover Range Rover Autobiography LWB 3.0 I6 AWD,Nhập khẩu,Hà Nội,SUV,10000,N/A,Xe cũ,Xăng
16/10/2025,2022,Porsche Cayenne GTS Coupe,Nhập khẩu,TP HCM,SUV,6000,N/A,Xe cũ,Xăng
16/10/2025,2025,Isuzu MU-X Premium 1.9 4X4 AT,Nhập khẩu,Hà Nội,SUV,N/A,N/A,Xe mới,Dầu
16/10/2025,2020,Mazda 3 1.5L Luxury,Lắp ráp trong nước,Hà Nội,Sedan,32000,N/A,Xe cũ,Xăng
16/10/2025,2014,Toyota Innova 2.0E,Lắp ráp trong nước,N/A,Crossover,130000,N/A,Xe cũ,Xăng
16/10/2025,2019,Ford Ranger Wildtrak 2.0L 4x4 AT,Nhập khẩu,TP HCM,Bán tải / Pickup,89000,N/A,Xe cũ,Dầu
16/10/2025,2023,Volvo XC40 Ultimate B5 AWD,Nhập khẩu,TP HCM,SUV,17890,N/A,Xe cũ,Xăng
16/10/2025,2022,Kia Sportage Signature X-Line 2.0G,Lắp ráp trong nước,TP,Crossover,60000,N/A,Xe cũ,Xăng
16/10/2025,2022,Toyota Corolla altis 1.8V,Nhập khẩu,Hà Nội,Sedan,45000,N/A,Xe cũ,Xăng
16/10/2025,2023,Toyota Veloz Cross Top 1.5 CVT,Lắp ráp trong nước,N/A,SUV,62000,N/A,Xe cũ,Xăng
16/10/2025,2017,Mazda 3 1.5 AT,Lắp ráp trong nước,Hà Nội,Hatchback,60000,N/A,Xe cũ,Xăng
16/10/2025,2018,Mazda CX5 2.0 AT,Lắp ráp trong nước,N/A,SUV,93000,N/A,Xe cũ,Xăng
16/10/2025,2025,MG HS 1.5T DEL,Nhập khẩu,Hà Nội,Crossover,N/A,N/A,Xe mới,Xăng
16/10/2025,2025,Toyota Wigo G 1.2 AT,Nhập khẩu,Hà Nội,Hatchback,300,N/A,Xe cũ,Xăng
16/10/2025,2020,Hyundai Elantra 1.6 AT,Lắp ráp trong nước,TP,Sedan,51000,N/A,Xe cũ,Xăng
16/10/2025,2019,Mercedes Benz E class E300 AMG,Lắp ráp trong nước,TP HCM,Sedan,80000,N/A,Xe cũ,Xăng
16/10/2025,2021,Toyota Fortuner 2.4G 4x2 AT,Lắp ráp trong nước,Hà Nội,SUV,89000,N/A,Xe cũ,Dầu
16/10/2025,2022,Mini Cooper Countryman S,Nhập khẩu,Hà Nội,Hatchback,10000,N/A,Xe cũ,Xăng
16/10/2025,2022,Kia Carnival Luxury 2.2D,Lắp ráp trong nước,Hà Nội,Van/Minivan,58000,N/A,Xe cũ,Dầu
16/10/2025,2024,Mitsubishi Xpander Cross 1.5 AT,Nhập khẩu,Hà Nội,SUV,3000,N/A,Xe cũ,Xăng
16/10/2025,2019,Toyota Innova 2.0V,Lắp ráp trong nước,TP HCM,Crossover,62000,N/A,Xe cũ,Xăng
16/10/2025,2016,Mercedes Benz V class V250 Avantgarde,Nhập khẩu,TP HCM,Van/Minivan,68000,N/A,Xe cũ,Xăng
16/10/2025,2016,Toyota Land Cruiser VX 4.6 V8,Nhập khẩu,Hà Nội,SUV,80000,N/A,Xe cũ,Xăng
16/10/2025,2025,Toyota Land Cruiser 3.5 V6,Nhập khẩu,Hà Nội,SUV,N/A,N/A,Xe mới,Xăng
16/10/2025,2019,Lexus LX 570 Super Sport,Nhập khẩu,Hà Nội,SUV,130000,N/A,Xe cũ,Xăng
16/10/2025,2019,Mitsubishi Outlander 2.0 CVT,Lắp ráp trong nước,Hà Nội,SUV,68000,N/A,Xe cũ,Xăng
16/10/2025,2020,Kia Cerato 2.0 AT Premium,Lắp ráp trong nước,Hà Nội,Sedan,63000,N/A,Xe cũ,Xăng
16/10/2025,2025,Ford Everest Sport 2.0L 4x2 AT,Nhập khẩu,TP HCM,SUV,N/A,N/A,Xe mới,Dầu
16/10/2025,2023,VinFast VF8 Eco,Lắp ráp trong nước,N/A,SUV,26000,N/A,Xe cũ,Điện
16/10/2025,2013,Toyota Prado TXL 2.7L,Nhập khẩu,Hà Nội,SUV,160000,N/A,Xe cũ,Xăng
16/10/2025,2025,Isuzu Dmax Prestige 1.9L 4x2 MT,Nhập khẩu,Hà Nội,Bán tải / Pickup,N/A,N/A,Xe mới,Dầu
16/10/2025,2021,VinFast Fadil 1.4 AT Plus,Lắp ráp trong nước,TP,Hatchback,40000,N/A,Xe cũ,Xăng
16/10/2025,2023,Kia Carnival Signature 2.2D,Lắp ráp trong nước,Hà Nội,Van/Minivan,33000,N/A,Xe cũ,Dầu
16/10/2025,2025,Isuzu Dmax Prestige 1.9L 4x2 MT,Nhập khẩu,Hà Nội,Bán tải / Pickup,N/A,N/A,Xe mới,Dầu
16/10/2025,2017,Lexus RX 350,Nhập khẩu,N/A,SUV,150000,N/A,Xe cũ,Xăng
16/10/2025,2015,Mitsubishi Outlander Sport 2.0 CVT Premium,Nhập khẩu,TP HCM,SUV,89000,N/A,Xe cũ,Xăng
16/10/2025,2025,Mercedes Benz S class S450 4Matic Luxury,Nhập khẩu,Hà Nội,Sedan,N/A,N/A,Xe mới,Xăng
16/10/2025,2021,Mercedes Benz C class C300 AMG,Lắp ráp trong nước,TP HCM,Sedan,48888,N/A,Xe cũ,Xăng
16/10/2025,2019,Mitsubishi Outlander 2.0 CVT Special Edition,Lắp ráp trong nước,Hà Nội,SUV,80000,N/A,Xe cũ,Xăng
16/10/2025,2025,Isuzu Dmax Prestige 1.9L 4x2 MT,Nhập khẩu,Hà Nội,Bán tải / Pickup,N/A,N/A,Xe mới,Dầu
16/10/2025,2024,Toyota Fortuner 2.4L 4x2 AT,Lắp ráp trong nước,Hà Nội,SUV,38000,N/A,Xe cũ,Dầu
16/10/2025,2024,VinFast VF3 Plus,Lắp ráp trong nước,Hà Nội,Hatchback,10000,N/A,Xe cũ,Điện
16/10/2025,2018,Hyundai i10 Grand 1.2 AT,Lắp ráp trong nước,Hà Nội,Hatchback,110000,N/A,Xe cũ,Xăng
16/10/2025,2015,Kia Carens EXMT,Lắp ráp trong nước,Cần Thơ,Crossover,0,N/A,Xe cũ,Xăng
16/10/2025,2020,Mazda CX5 2.0 Deluxe,Lắp ráp trong nước,N/A,SUV,100000,N/A,Xe cũ,Xăng
16/10/2025,2021,VinFast Fadil 1.4 AT Plus,Lắp ráp trong nước,TP,Hatchback,40000,N/A,Xe cũ,Xăng
16/10/2025,2021,Kia K3 Luxury 1.6 AT,Lắp ráp trong nước,N/A,Sedan,0,N/A,Xe cũ,Xăng
16/10/2025,2009,Chevrolet Captiva LTZ 2.4 AT,Lắp ráp trong nước,N/A,SUV,0,N/A,Xe cũ,Xăng
16/10/2025,2024,Mazda CX5 Premium Sport 2.0 AT,Lắp ráp trong nước,N/A,SUV,38000,N/A,Xe cũ,Xăng
16/10/2025,2025,Isuzu Dmax Prestige 1.9L 4x2 AT,Nhập khẩu,Hà Nội,Bán tải / Pickup,N/A,N/A,Xe mới,Dầu
16/10/2025,2025,Mitsubishi Xforce Ultimate,Nhập khẩu,Hà Nội,SUV,N/A,N/A,Xe mới,Xăng
16/10/2025,2025,Toyota Veloz Cross 1.5 CVT,Lắp ráp trong nước,N/A,SUV,N/A,N/A,Xe mới,Xăng
16/10/2025,2017,Lexus RX 350,Nhập khẩu,N/A,SUV,150000,N/A,Xe cũ,Xăng
16/10/2025,2019,Mazda 3 1.5L Luxury,Lắp ráp trong nước,Hà Nội,Sedan,75000,N/A,Xe cũ,Xăng
16/10/2025,2025,Ford Everest Titanium 2.0L 4x2 AT,Nhập khẩu,Hà Nội,SUV,N/A,N/A,Xe mới,Dầu
16/10/2025,2021,Hyundai Accent 1.4 AT,Lắp ráp trong nước,Hà Nội,Sedan,51000,N/A,Xe cũ,Xăng
16/10/2025,2022,Hyundai SantaFe Cao cấp 2.2L HTRAC,Lắp ráp trong nước,TP,SUV,60000,N/A,Xe cũ,Dầu
16/10/2025,2025,Ford Territory Titanium X 1.5 AT,Lắp ráp trong nước,TP HCM,SUV,N/A,N/A,Xe mới,Xăng
16/10/2025,2016,Toyota Prado TXL 2.7L,Nhập khẩu,Hà Nội,SUV,89000,N/A,Xe cũ,Xăng
16/10/2025,2024,VinFast VF3 Plus,Lắp ráp trong nước,Hà Nội,Hatchback,10000,N/A,Xe cũ,Điện
16/10/2025,2025,Lexus RX 350h Premium,Nhập khẩu,Hà Nội,SUV,N/A,N/A,Xe mới,Hybrid
16/10/2025,2019,Kia Cerato 1.6 AT Luxury,Lắp ráp trong nước,Hà Nội,Sedan,60000,N/A,Xe cũ,Xăng
16/10/2025,2025,Toyota Land Cruiser 3.5 V6,Nhập khẩu,Hà Nội,SUV,N/A,N/A,Xe mới,Xăng
16/10/2025,2022,Kia Sorento Signature 2.5 AT AWD,Lắp ráp trong nước,Hà Nội,SUV,59000,N/A,Xe cũ,Xăng
16/10/2025,2020,Mazda CX5 2.0 Deluxe,Lắp ráp trong nước,N/A,SUV,100000,N/A,Xe cũ,Xăng
16/10/2025,2020,Ford Ranger Raptor 2.0L 4x4 AT,Nhập khẩu,Hà Nội,Bán tải / Pickup,9200,N/A,Xe cũ,Dầu
16/10/2025,2014,Audi A8 L V6 3.0 TFSI,Nhập khẩu,Hà Nội,Sedan,0,N/A,Xe cũ,Xăng
16/10/2025,2021,Kia K3 Luxury 1.6 AT,Lắp ráp trong nước,N/A,Sedan,0,N/A,Xe cũ,Xăng
16/10/2025,2025,Toyota Veloz Cross 1.5 CVT,Lắp ráp trong nước,TP HCM,SUV,N/A,N/A,Xe mới,Xăng
16/10/2025,2009,Chevrolet Captiva LTZ 2.4 AT,Lắp ráp trong nước,N/A,SUV,0,N/A,Xe cũ,Xăng
16/10/2025,2025,Isuzu Dmax Prestige 1.9L 4x2 AT,Nhập khẩu,Hà Nội,Bán tải / Pickup,N/A,N/A,Xe mới,Dầu
16/10/2025,2021,Ford Explorer Limited 2.3L EcoBoost,Nhập khẩu,TP HCM,SUV,76000,N/A,Xe cũ,Xăng
16/10/2025,2021,Hyundai Accent 1.4 AT,Lắp ráp trong nước,Hà Nội,Sedan,51000,N/A,Xe cũ,Xăng
16/10/2025,2025,Suzuki Carry Pro Thùng Lửng,Nhập khẩu,Hà Nội,Truck,N/A,N/A,Xe mới,Xăng
16/10/2025,2022,Hyundai SantaFe Cao cấp 2.2L HTRAC,Lắp ráp trong nước,TP,SUV,60000,N/A,Xe cũ,Dầu
16/10/2025,2025,Ford Territory Titanium X 1.5 AT,Lắp ráp trong nước,TP HCM,SUV,N/A,N/A,Xe mới,Xăng
16/10/2025,2016,Toyota Prado TXL 2.7L,Nhập khẩu,Hà Nội,SUV,89000,N/A,Xe cũ,Xăng
16/10/2025,2016,Mercedes Benz C class C200,Lắp ráp trong nước,TP HCM,Sedan,0,N/A,Xe cũ,Xăng
16/10/2025,2021,Toyota Vios E CVT,Lắp ráp trong nước,N/A,Sedan,67139,N/A,Xe cũ,Xăng
16/10/2025,2022,Toyota Raize G 1.0 CVT,Nhập khẩu,Hà Nội,SUV,23000,N/A,Xe cũ,Xăng
16/10/2025,2024,Toyota Land Cruiser 3.5 V6,Nhập khẩu,Hà Nội,SUV,20000,N/A,Xe cũ,Xăng
16/10/2025,2019,Kia Cerato 1.6 AT Luxury,Lắp ráp trong nước,Hà Nội,Sedan,60000,N/A,Xe cũ,Xăng
16/10/2025,2019,Mazda CX5 2.0 AT,Lắp ráp trong nước,Hà Nội,SUV,60000,N/A,Xe cũ,Xăng
16/10/2025,2022,Kia Sorento Signature 2.5 AT AWD,Lắp ráp trong nước,Hà Nội,SUV,59000,N/A,Xe cũ,Xăng
16/10/2025,2025,Isuzu Dmax Prestige 1.9L 4x2 AT,Nhập khẩu,Hà Nội,Bán tải / Pickup,N/A,N/A,Xe mới,Dầu
16/10/2025,2024,Mercedes Benz Maybach GLS 480 4Matic,Nhập khẩu,Hà Nội,SUV,N/A,N/A,Xe mới,Xăng
16/10/2025,2025,Mazda CX3 Premium 1.5 AT,Lắp ráp trong nước,TP HCM,Crossover,N/A,N/A,Xe mới,Xăng
16/10/2025,2025,Isuzu Dmax Hi Lander 1.9L 4x2 AT,Nhập khẩu,Hà Nội,Bán tải / Pickup,N/A,N/A,Xe mới,Dầu
16/10/2025,2023,Mercedes Benz S class S450 4Matic Luxury,Nhập khẩu,N/A,Sedan,17000,N/A,Xe cũ,Xăng
16/10/2025,2017,Mazda CX5 2.5 AT 2WD,Lắp ráp trong nước,Hà Nội,SUV,50000,N/A,Xe cũ,Xăng
16/10/2025,2023,BMW 5 Series 520i,Lắp ráp trong nước,TP HCM,Sedan,N/A,N/A,Xe mới,Xăng
16/10/2025,2023,Mercedes Benz C class C200 Avantgarde Plus,Lắp ráp trong nước,TP HCM,Sedan,17,N/A,Xe cũ,Xăng
16/10/2025,2025,Kia Morning GT-Line,Lắp ráp trong nước,Hà Nội,Hatchback,N/A,N/A,Xe mới,Xăng
16/10/2025,2020,Nissan X trail 2.5 SV Premium,Lắp ráp trong nước,Hà Nội,SUV,62000,N/A,Xe cũ,Xăng
16/10/2025,2023,Hyundai Accent 1.4 AT,Lắp ráp trong nước,Hà Nội,Sedan,47000,N/A,Xe cũ,Xăng
16/10/2025,2011,Toyota Prado TXL 2.7L,Nhập khẩu,N/A,SUV,150000,N/A,Xe cũ,Xăng
16/10/2025,2025,Isuzu Dmax Prestige 1.9L 4x2 AT,Nhập khẩu,Hà Nội,Bán tải / Pickup,N/A,N/A,Xe mới,Dầu
16/10/2025,2022,Hyundai Tucson 2.0 AT CRDi Đặc biệt,Lắp ráp trong nước,Hà Nội,Crossover,0,N/A,Xe cũ,Dầu
16/10/2025,2020,Ford Ranger Wildtrak 2.0L 4x4 AT,Nhập khẩu,TP,Bán tải / Pickup,78000,N/A,Xe cũ,Dầu
16/10/2025,2018,Porsche Panamera 3.0 V6,Nhập khẩu,Hà Nội,Sedan,96000,N/A,Xe cũ,Xăng
16/10/2025,2024,Toyota Land Cruiser 3.5 V6,Nhập khẩu,Hà Nội,SUV,20000,N/A,Xe cũ,Xăng
16/10/2025,2017,Mercedes Benz S class S450L Luxury,Lắp ráp trong nước,Hà Nội,Sedan,50000,N/A,Xe cũ,Xăng
16/10/2025,2025,Isuzu Dmax Prestige 1.9L 4x2 AT,Nhập khẩu,Hà Nội,Bán tải / Pickup,N/A,N/A,Xe mới,Dầu
16/10/2025,2025,Isuzu Dmax Prestige 1.9L 4x2 AT,Nhập khẩu,Hà Nội,Bán tải / Pickup,N/A,N/A,Xe mới,Dầu
16/10/2025,2025,Isuzu Dmax Prestige 1.9L 4x2 AT,Nhập khẩu,Hà Nội,Bán tải / Pickup,N/A,N/A,Xe mới,Dầu
16/10/2025,2022,Mercedes Benz E class E300 AMG,Lắp ráp trong nước,TP HCM,Sedan,33333,N/A,Xe cũ,Hybrid
16/10/2025,2024,Toyota Land Cruiser 3.5 V6,Nhập khẩu,Hà Nội,SUV,20000,N/A,Xe cũ,Xăng
16/10/2025,2018,Honda CRV L,Nhập khẩu,Hà Nội,SUV,64000,N/A,Xe cũ,Xăng
16/10/2025,2025,Ford Everest Titanium 2.0L 4x2 AT,Nhập khẩu,Hà Nội,SUV,N/A,N/A,Xe mới,Dầu
16/10/2025,2020,Mitsubishi Attrage 1.2 CVT,Nhập khẩu,Hà Nội,Sedan,70000,N/A,Xe cũ,Xăng
16/10/2025,2025,BMW 5 Series 530i M Sport,Lắp ráp trong nước,TP HCM,Sedan,N/A,N/A,Xe mới,Xăng
16/10/2025,2025,MG HS 1.5T LUX,Nhập khẩu,Hà Nội,Crossover,N/A,N/A,Xe mới,Xăng
16/10/2025,2022,VinFast Lux A 2.0 Tiêu chuẩn,Lắp ráp trong nước,N/A,Sedan,75000,N/A,Xe cũ,Xăng
16/10/2025,2024,Hyundai Custin Cao Cấp 2.0T,Lắp ráp trong nước,Hà Nội,Van/Minivan,48000,N/A,Xe cũ,Xăng
16/10/2025,2024,BMW 3 Series 330i M Sport,Lắp ráp trong nước,TP HCM,Sedan,N/A,N/A,Xe mới,Xăng
16/10/2025,2025,Ford Everest Titanium Plus 2.0L 4x4 AT,Nhập khẩu,Hà Nội,SUV,N/A,N/A,Xe mới,Dầu
16/10/2025,2023,Lexus ES 250 F Sport,Nhập khẩu,TP HCM,Sedan,14500,N/A,Xe cũ,Xăng
16/10/2025,2025,BMW X3 xDrive20i M Sport,Lắp ráp trong nước,TP HCM,SUV,N/A,N/A,Xe mới,Xăng
16/10/2025,2020,Kia Soluto 1.4 MT Deluxe,Lắp ráp trong nước,N/A,Sedan,53000,N/A,Xe cũ,Xăng
16/10/2025,2024,Lexus ES 250,Nhập khẩu,TP HCM,Sedan,9000,N/A,Xe cũ,Xăng
16/10/2025,2022,BMW X3 sDrive20i,Lắp ráp trong nước,Hà Nội,SUV,15000,N/A,Xe cũ,Xăng
16/10/2025,2025,Toyota Veloz Cross Top 1.5 CVT,Lắp ráp trong nước,TP HCM,SUV,N/A,N/A,Xe mới,Xăng
16/10/2025,2022,Mercedes Benz E class E200 Exclusive,Lắp ráp trong nước,Hà Nội,Sedan,15000,N/A,Xe cũ,Hybrid
16/10/2025,2025,Toyota Land Cruiser 3.5 V6,Nhập khẩu,Hà Nội,SUV,N/A,N/A,Xe mới,Xăng
16/10/2025,2021,Mercedes Benz G class G63 AMG,Nhập khẩu,Hà Nội,SUV,39000,N/A,Xe cũ,Xăng
16/10/2025,2025,Volkswagen Teramont X Platinum 2.0 AT,Nhập khẩu,TP HCM,SUV,N/A,N/A,Xe mới,Xăng
16/10/2025,2024,Toyota Corolla Cross 1.8V,Nhập khẩu,TP HCM,SUV,13461,N/A,Xe cũ,Xăng
16/10/2025,2025,Honda CRV L,Lắp ráp trong nước,N/A,SUV,N/A,N/A,Xe mới,Xăng
16/10/2025,2022,Hyundai SantaFe Cao cấp 2.2L HTRAC,Lắp ráp trong nước,Hà Nội,SUV,70008,N/A,Xe cũ,Dầu
16/10/2025,2024,Toyota Vios E CVT,Lắp ráp trong nước,Hà Nội,Sedan,26000,N/A,Xe cũ,Xăng
16/10/2025,2014,LandRover Range Rover Evoque Dynamic,Nhập khẩu,TP HCM,SUV,72000,N/A,Xe cũ,Xăng
16/10/2025,2016,Kia Cerato 2.0 AT,Lắp ráp trong nước,Hà Nội,Sedan,62000,N/A,Xe cũ,Xăng
16/10/2025,2020,Volvo XC60 T6 AWD Inscription,Nhập khẩu,Hà Nội,SUV,34000,N/A,Xe cũ,Xăng
16/10/2025,2022,Peugeot 3008 AL,Lắp ráp trong nước,Hà Nội,Crossover,50000,N/A,Xe cũ,Xăng
16/10/2025,2010,Toyota Prado TXL 2.7L,Nhập khẩu,Hà Nội,SUV,0,N/A,Xe cũ,Xăng
16/10/2025,2022,BMW X3 sDrive20i,Lắp ráp trong nước,Hà Nội,SUV,15000,N/A,Xe cũ,Xăng
16/10/2025,2025,Ford Transit Van,Lắp ráp trong nước,TP HCM,Van/Minivan,N/A,N/A,Xe mới,Dầu
16/10/2025,2022,Kia Seltos Luxury 1.4 AT,Lắp ráp trong nước,Hà Nội,Crossover,30000,N/A,Xe cũ,Xăng
16/10/2025,2025,Honda City L 1.5 AT,Lắp ráp trong nước,Hà Nội,Sedan,N/A,N/A,Xe mới,Xăng
16/10/2025,2025,Toyota Vios G 1.5 CVT,Lắp ráp trong nước,TP HCM,Sedan,N/A,N/A,Xe mới,Xăng
16/10/2025,2019,Suzuki Ciaz 1.4 AT,Nhập khẩu,N/A,Sedan,72000,N/A,Xe cũ,Xăng
16/10/2025,2021,Ford Ranger Wildtrak 2.0L 4x4 AT,Nhập khẩu,Hà Nội,Bán tải / Pickup,90000,N/A,Xe cũ,Dầu
16/10/2025,2025,Toyota Land Cruiser 3.5 V6,Nhập khẩu,Hà Nội,SUV,N/A,N/A,Xe mới,Xăng
16/10/2025,2016,Kia Morning 1.0 AT,Nhập khẩu,N/A,Hatchback,0,N/A,Xe cũ,Xăng
16/10/2025,2023,Ford Everest Titanium 2.0L 4x2 AT,Nhập khẩu,N/A,SUV,0,N/A,Xe cũ,Dầu
16/10/2025,2025,Volkswagen Teramont X Platinum 2.0 AT,Nhập khẩu,TP HCM,SUV,N/A,N/A,Xe mới,Xăng
16/10/2025,2025,Honda CRV L,Lắp ráp trong nước,N/A,SUV,N/A,N/A,Xe mới,Xăng
16/10/2025,2024,Toyota Vios E CVT,Lắp ráp trong nước,Hà Nội,Sedan,26000,N/A,Xe cũ,Xăng
16/10/2025,2022,Hyundai SantaFe Cao cấp 2.5L HTRAC,Lắp ráp trong nước,Hà Nội,SUV,60000,N/A,Xe cũ,Xăng
16/10/2025,2025,Toyota Innova Cross 2.0 CVT,Nhập khẩu,Hà Nội,Crossover,N/A,N/A,Xe mới,Xăng
16/10/2025,2017,Porsche Macan 2.0,Nhập khẩu,Hà Nội,SUV,60000,N/A,Xe cũ,Xăng
16/10/2025,2023,Toyota Land Cruiser 3.5 V6,Nhập khẩu,Hà Nội,SUV,26000,N/A,Xe cũ,Xăng
16/10/2025,2025,Toyota Land Cruiser 3.5 V6,Nhập khẩu,Hà Nội,SUV,N/A,N/A,Xe mới,Xăng
16/10/2025,2024,BYD Seal Advanced,Nhập khẩu,TP HCM,Sedan,N/A,N/A,Xe mới,Điện
16/10/2025,2022,Mercedes Benz GLC 200,Lắp ráp trong nước,TP HCM,SUV,39000,N/A,Xe cũ,Xăng
16/10/2025,2019,Ford Tourneo Titanium 2.0 AT,Lắp ráp trong nước,TP HCM,Van/Minivan,36000,N/A,Xe cũ,Xăng
16/10/2025,2025,Honda City L 1.5 AT,Lắp ráp trong nước,Hà Nội,Sedan,N/A,N/A,Xe mới,Xăng
16/10/2025,2013,Toyota Sienna Limited 3.5 AWD,Nhập khẩu,Đà Nẵng,Van/Minivan,140000,N/A,Xe cũ,Xăng
16/10/2025,2025,Ford Everest Ambiente 2.0L 4x2 AT,Nhập khẩu,TP HCM,SUV,N/A,N/A,Xe mới,Dầu
16/10/2025,2015,Toyota Innova 2.0G,Lắp ráp trong nước,N/A,Crossover,80000,N/A,Xe cũ,Xăng
16/10/2025,2011,Chevrolet Spark Van 1.0 AT,Nhập khẩu,N/A,Van/Minivan,0,N/A,Xe cũ,Xăng
16/10/2025,2016,Kia Morning 1.0 AT,Nhập khẩu,N/A,Hatchback,0,N/A,Xe cũ,Xăng
16/10/2025,2013,Mazda CX9 3.7 AT AWD,Nhập khẩu,Hà Nội,SUV,100000,N/A,Xe cũ,Xăng
16/10/2025,2025,Mitsubishi Xpander Cross 1.5 AT,Nhập khẩu,Hà Nội,SUV,N/A,N/A,Xe mới,Xăng
16/10/2025,2023,Ford Everest Titanium 2.0L 4x2 AT,Nhập khẩu,N/A,SUV,0,N/A,Xe cũ,Dầu
16/10/2025,2024,Mercedes Benz Maybach GLS 480 4Matic,Nhập khẩu,TP HCM,SUV,N/A,N/A,Xe mới,Xăng
16/10/2025,2017,Toyota Prado TXL 2.7L,Nhập khẩu,N/A,SUV,150000,N/A,Xe cũ,Xăng
16/10/2025,2025,VinFast VF7 Plus,Lắp ráp trong nước,TP HCM,SUV,N/A,N/A,Xe mới,Điện
16/10/2025,2023,VinFast VF9 Plus,Lắp ráp trong nước,Hà Nội,SUV,50000,N/A,Xe cũ,Điện
16/10/2025,2024,Toyota Corolla Cross 1.8HEV,Nhập khẩu,Hà Nội,SUV,21000,N/A,Xe cũ,Hybrid
16/10/2025,2019,Mercedes Benz S class S450L Luxury,Lắp ráp trong nước,Hà Nội,Sedan,45000,N/A,Xe cũ,Xăng
16/10/2025,2016,Infiniti QX 60 3.5 AWD,Nhập khẩu,TP HCM,SUV,103000,N/A,Xe cũ,Xăng
16/10/2025,2025,Hyundai Creta Đặc biệt 1.5 AT,Lắp ráp trong nước,Cần Thơ,SUV,N/A,N/A,Xe mới,Xăng
16/10/2025,2020,Lexus RX 350,Nhập khẩu,Hà Nội,SUV,50000,N/A,Xe cũ,Xăng
16/10/2025,2025,Mitsubishi Xpander Premium 1.5 AT,Nhập khẩu,Hà Nội,SUV,N/A,N/A,Xe mới,Xăng
16/10/2025,2020,Ford EcoSport Titanium 1.5 AT,Lắp ráp trong nước,N/A,SUV,33000,N/A,Xe cũ,Xăng
16/10/2025,2017,Toyota Prado TXL 2.7L,Nhập khẩu,Hà Nội,SUV,150000,N/A,Xe cũ,Xăng
16/10/2025,2014,BMW 3 Series 320i,Nhập khẩu,Hà Nội,Sedan,100000,N/A,Xe cũ,Xăng
16/10/2025,2014,Chevrolet Aveo LTZ 1.5 AT,Lắp ráp trong nước,Hà Nội,Sedan,80000,N/A,Xe cũ,Xăng
16/10/2025,2020,Hyundai Tucson 2.0 AT CRDi,Lắp ráp trong nước,Hà Nội,Crossover,68000,N/A,Xe cũ,Dầu
16/10/2025,2017,Mazda CX5 2.5 AT 2WD,Lắp ráp trong nước,Hà Nội,SUV,110000,N/A,Xe cũ,Xăng
16/10/2025,2022,Peugeot 2008 GT Line 1.2 AT,Lắp ráp trong nước,TP HCM,Crossover,50000,N/A,Xe cũ,Xăng
16/10/2025,2022,Kia Sorento Signature 2.2 AT AWD,Lắp ráp trong nước,Hà Nội,SUV,44000,N/A,Xe cũ,Dầu
16/10/2025,2024,Hyundai SantaFe Prestige 2.5L HTRAC,Lắp ráp trong nước,Hà Nội,SUV,10000,N/A,Xe cũ,Xăng
16/10/2025,2022,Mazda 3 1.5L Luxury,Lắp ráp trong nước,Hà Nội,Sedan,68000,N/A,Xe cũ,Xăng
16/10/2025,2015,Mercedes Benz C class C300 AMG,Lắp ráp trong nước,N/A,Sedan,71000,N/A,Xe cũ,Xăng
16/10/2025,2017,Toyota Prado TXL 2.7L,Nhập khẩu,N/A,SUV,150000,N/A,Xe cũ,Xăng
16/10/2025,2024,Toyota Corolla Cross 1.8HEV,Nhập khẩu,Hà Nội,SUV,21000,N/A,Xe cũ,Hybrid
16/10/2025,2023,Hyundai Palisade Prestige 2.2 AT HTRAC,Lắp ráp trong nước,Hà Nội,SUV,15000,N/A,Xe cũ,Dầu
16/10/2025,2025,Honda CRV L,Lắp ráp trong nước,Hà Nội,SUV,N/A,N/A,Xe mới,Xăng
16/10/2025,2024,Subaru Forester 2.0i-S EyeSight,Nhập khẩu,TP HCM,SUV,N/A,N/A,Xe mới,Xăng
16/10/2025,2019,Mercedes Benz S class S450L Luxury,Lắp ráp trong nước,Hà Nội,Sedan,45000,N/A,Xe cũ,Xăng
16/10/2025,2016,Infiniti QX 60 3.5 AWD,Nhập khẩu,TP HCM,SUV,103000,N/A,Xe cũ,Xăng
16/10/2025,2021,Hyundai Kona 2.0 ATH,Lắp ráp trong nước,Hà Nội,Crossover,35000,N/A,Xe cũ,Xăng
16/10/2025,2025,VinFast VF9 Plus,Lắp ráp trong nước,Hà Nội,SUV,N/A,N/A,Xe mới,Điện
16/10/2025,2020,Lexus RX 350,Nhập khẩu,Hà Nội,SUV,50000,N/A,Xe cũ,Xăng
16/10/2025,2019,Hyundai i10 Grand 1.2 AT,Lắp ráp trong nước,Hà Nội,Sedan,87000,N/A,Xe cũ,Xăng
16/10/2025,2020,Ford EcoSport Titanium 1.5 AT,Lắp ráp trong nước,N/A,SUV,33000,N/A,Xe cũ,Xăng
16/10/2025,2014,BMW 3 Series 320i,Nhập khẩu,Hà Nội,Sedan,100000,N/A,Xe cũ,Xăng
16/10/2025,2014,Chevrolet Aveo LTZ 1.5 AT,Lắp ráp trong nước,Hà Nội,Sedan,80000,N/A,Xe cũ,Xăng
16/10/2025,2020,Hyundai Tucson 2.0 AT CRDi,Lắp ráp trong nước,Hà Nội,Crossover,68000,N/A,Xe cũ,Dầu
16/10/2025,2022,Peugeot 2008 GT Line 1.2 AT,Lắp ráp trong nước,TP HCM,Crossover,50000,N/A,Xe cũ,Xăng
16/10/2025,2022,Kia Sorento Signature 2.2 AT AWD,Lắp ráp trong nước,Hà Nội,SUV,44000,N/A,Xe cũ,Dầu
16/10/2025,2003,Mazda 6 2.0 MT,Lắp ráp trong nước,Hà Nội,Sedan,0,N/A,Xe cũ,Xăng
16/10/2025,2022,Mazda 3 1.5L Luxury,Lắp ráp trong nước,Hà Nội,Sedan,68000,N/A,Xe cũ,Xăng
16/10/2025,2015,Mercedes Benz C class C300 AMG,Lắp ráp trong nước,N/A,Sedan,71000,N/A,Xe cũ,Xăng
16/10/2025,2014,Audi Q7 3.0 AT,Nhập khẩu,TP HCM,SUV,0,N/A,Xe cũ,Xăng
16/10/2025,2018,Lexus LX 570 Super Sport,Nhập khẩu,Hà Nội,SUV,70000,N/A,Xe cũ,Xăng
16/10/2025,2025,Isuzu MU-X Premium 1.9 4X4 AT,Nhập khẩu,Hà Nội,SUV,N/A,N/A,Xe mới,Dầu
16/10/2025,2023,Hyundai Palisade Prestige 2.2 AT HTRAC,Lắp ráp trong nước,Hà Nội,SUV,15000,N/A,Xe cũ,Dầu
16/10/2025,2025,Honda CRV L,Lắp ráp trong nước,Hà Nội,SUV,N/A,N/A,Xe mới,Xăng
16/10/2025,2024,Subaru Forester 2.0i-S EyeSight,Nhập khẩu,TP HCM,SUV,N/A,N/A,Xe mới,Xăng
16/10/2025,2020,Toyota Corolla altis 1.8E AT,Lắp ráp trong nước,Hà Nội,Sedan,86000,N/A,Xe cũ,Xăng
16/10/2025,2021,Toyota Vios 1.5E CVT,Lắp ráp trong nước,Hà Nội,Sedan,80000,N/A,Xe cũ,Xăng
16/10/2025,2021,Hyundai Kona 2.0 ATH,Lắp ráp trong nước,Hà Nội,Crossover,35000,N/A,Xe cũ,Xăng
16/10/2025,2025,VinFast VF9 Plus,Lắp ráp trong nước,Hà Nội,SUV,N/A,N/A,Xe mới,Điện
16/10/2025,2022,Mercedes Benz EQS 580 4Matic,Nhập khẩu,N/A,Sedan,16000,N/A,Xe cũ,Điện
16/10/2025,2016,Mercedes Benz C class C250 Exclusive,Lắp ráp trong nước,Hà Nội,Sedan,82000,N/A,Xe cũ,Xăng
16/10/2025,2019,Hyundai i10 Grand 1.2 AT,Lắp ráp trong nước,Hà Nội,Sedan,87000,N/A,Xe cũ,Xăng
16/10/2025,2025,Isuzu Dmax Prestige 1.9L 4x2 AT,Nhập khẩu,Hà Nội,Bán tải / Pickup,N/A,N/A,Xe mới,Dầu
16/10/2025,2022,Mercedes Benz GLE Class GLE 53 4Matic+ Coupe AMG,Nhập khẩu,TP HCM,SUV,18000,N/A,Xe cũ,Hybrid
16/10/2025,2016,Mazda CX5 2.5 AT,Lắp ráp trong nước,N/A,SUV,100000,N/A,Xe cũ,Xăng
16/10/2025,2020,Mitsubishi Xpander 1.5 AT,Nhập khẩu,N/A,SUV,75000,N/A,Xe cũ,Xăng
16/10/2025,2017,Ford Ranger Wildtrak 3.2L 4x4 AT,Nhập khẩu,Hà Nội,Bán tải / Pickup,120000,N/A,Xe cũ,Dầu
16/10/2025,2003,Mazda 6 2.0 MT,Lắp ráp trong nước,Hà Nội,Sedan,0,N/A,Xe cũ,Xăng
16/10/2025,2025,Honda HRV G,Nhập khẩu,Hà Nội,Crossover,N/A,N/A,Xe mới,Xăng
16/10/2025,2024,Ford Everest Titanium Plus 2.0L 4x4 AT,Nhập khẩu,Hà Nội,SUV,25000,N/A,Xe cũ,Dầu
16/10/2025,2025,Lexus LM 500h,Nhập khẩu,Hà Nội,Van/Minivan,N/A,N/A,Xe mới,Hybrid
16/10/2025,2021,Mercedes Benz C class C300 AMG,Lắp ráp trong nước,Hà Nội,Sedan,38000,N/A,Xe cũ,Xăng
16/10/2025,2025,Toyota Fortuner Legender 2.4L 4x2 AT,Lắp ráp trong nước,TP HCM,SUV,N/A,N/A,Xe mới,Dầu
16/10/2025,2022,Porsche Macan 2.0,Nhập khẩu,Hà Nội,SUV,35000,N/A,Xe cũ,Xăng
16/10/2025,2025,Ford Territory Titanium X 1.5 AT,Lắp ráp trong nước,Hà Nội,SUV,N/A,N/A,Xe mới,Xăng
16/10/2025,2025,MG G50 1.5 MT Com,Nhập khẩu,N/A,Van/Minivan,N/A,N/A,Xe mới,Xăng
16/10/2025,2018,Chevrolet Trailblazer LTZ 2.5L VGT 4x4 AT,Nhập khẩu,Hà Nội,SUV,86000,N/A,Xe cũ,Dầu
16/10/2025,2022,Mercedes Benz S class S450 4Matic Luxury,Nhập khẩu,TP HCM,Sedan,23456,N/A,Xe cũ,Xăng
16/10/2025,2022,Mercedes Benz S class S450 4Matic,Nhập khẩu,Hà Nội,Sedan,23000,N/A,Xe cũ,Xăng
16/10/2025,2024,Mitsubishi Xpander Premium 1.5 AT,Nhập khẩu,Hà Nội,SUV,20000,N/A,Xe cũ,Xăng
16/10/2025,2022,Hyundai Stargazer Đặc biệt 1.5 AT,Nhập khẩu,Hà Nội,Van/Minivan,50000,N/A,Xe cũ,Xăng
16/10/2025,2021,Toyota Fortuner 2.4G 4x2 AT,Lắp ráp trong nước,Hà Nội,SUV,103000,N/A,Xe cũ,Dầu
16/10/2025,2023,Mercedes Benz C class C200 Avantgarde,Lắp ráp trong nước,N/A,Sedan,3300,N/A,Xe cũ,Xăng
16/10/2025,2022,Toyota Prado VX 2.7L,Nhập khẩu,Hà Nội,SUV,40000,N/A,Xe cũ,Xăng
16/10/2025,2025,Lexus LX 600 Urban,Nhập khẩu,Hà Nội,SUV,N/A,N/A,Xe mới,Xăng
16/10/2025,2018,Lexus NX 300,Nhập khẩu,Hà Nội,SUV,94000,N/A,Xe cũ,Xăng
16/10/2025,2020,Mitsubishi Xpander 1.5 AT,Nhập khẩu,N/A,SUV,75000,N/A,Xe cũ,Xăng
16/10/2025,2023,LandRover Defender 110 P400 3.0 AT,Nhập khẩu,TP HCM,SUV,12000,N/A,Xe cũ,Xăng
16/10/2025,2016,Toyota Prado TXL 2.7L,Nhập khẩu,N/A,SUV,150000,N/A,Xe cũ,Xăng
16/10/2025,2020,Mercedes Benz GLC 200 4Matic,Lắp ráp trong nước,Hà Nội,SUV,52000,N/A,Xe cũ,Xăng
16/10/2025,2019,Kia Sedona 3.3 GAT Premium,Lắp ráp trong nước,TP HCM,Van/Minivan,60000,N/A,Xe cũ,Xăng
16/10/2025,2025,Toyota Fortuner Legender 2.4L 4x2 AT,Lắp ráp trong nước,TP HCM,SUV,N/A,N/A,Xe mới,Dầu
16/10/2025,2022,Porsche Macan 2.0,Nhập khẩu,Hà Nội,SUV,35000,N/A,Xe cũ,Xăng
16/10/2025,2016,Mazda 3 1.5 AT,Lắp ráp trong nước,N/A,Sedan,71000,N/A,Xe cũ,Xăng
16/10/2025,2025,MG G50 1.5 MT Com,Nhập khẩu,N/A,Van/Minivan,N/A,N/A,Xe mới,Xăng
16/10/2025,2018,Chevrolet Trailblazer LTZ 2.5L VGT 4x4 AT,Nhập khẩu,Hà Nội,SUV,86000,N/A,Xe cũ,Dầu
16/10/2025,2022,Mercedes Benz S class S450 4Matic,Nhập khẩu,Hà Nội,Sedan,23000,N/A,Xe cũ,Xăng
16/10/2025,2019,Kia Sedona 3.3 GAT Premium,Lắp ráp trong nước,TP HCM,Van/Minivan,60000,N/A,Xe cũ,Xăng
16/10/2025,2024,Mitsubishi Xpander Premium 1.5 AT,Nhập khẩu,Hà Nội,SUV,20000,N/A,Xe cũ,Xăng
16/10/2025,2025,Toyota Veloz Cross Top 1.5 CVT,Lắp ráp trong nước,Hà Nội,SUV,N/A,N/A,Xe mới,Xăng
16/10/2025,2025,Ford Ranger Wildtrak 2.0L 4x4 AT,Lắp ráp trong nước,Hà Nội,Bán tải / Pickup,N/A,N/A,Xe mới,Dầu
16/10/2025,2023,Mercedes Benz C class C200 Avantgarde,Lắp ráp trong nước,N/A,Sedan,3300,N/A,Xe cũ,Xăng
16/10/2025,2025,Toyota Land Cruiser 3.5 V6,Nhập khẩu,Hà Nội,SUV,N/A,N/A,Xe mới,Xăng
16/10/2025,2025,Hyundai Palisade Prestige 2.2 AT HTRAC,Lắp ráp trong nước,Hà Nội,SUV,N/A,N/A,Xe mới,Dầu
16/10/2025,2024,Hyundai Elantra 1.6 AT Tiêu chuẩn,Lắp ráp trong nước,TP HCM,Sedan,N/A,N/A,Xe mới,Xăng
16/10/2025,2023,Mazda CX8 Premium,Lắp ráp trong nước,TP HCM,SUV,10000,N/A,Xe cũ,Xăng
16/10/2025,2025,Toyota Land Cruiser 3.5 V6,Nhập khẩu,Hà Nội,SUV,N/A,N/A,Xe mới,Xăng
16/10/2025,2021,Lexus RX 300,Nhập khẩu,Hà Nội,SUV,92000,N/A,Xe cũ,Xăng
16/10/2025,2025,Ford Territory Titanium X 1.5 AT,Lắp ráp trong nước,Hà Nội,SUV,13000,N/A,Xe cũ,Xăng
16/10/2025,2022,Kia K3 Premium 2.0 AT,Lắp ráp trong nước,Hà Nội,Sedan,45000,N/A,Xe cũ,Xăng
16/10/2025,2021,Mercedes Benz E class E180,Lắp ráp trong nước,Hà Nội,Sedan,0,N/A,Xe cũ,Xăng
16/10/2025,2009,LandRover Discovery 4 HSE 5.0 V8,Nhập khẩu,TP HCM,SUV,0,N/A,Xe cũ,Xăng
16/10/2025,2019,Mercedes Benz GLC 200,Lắp ráp trong nước,Hà Nội,SUV,67000,N/A,Xe cũ,Xăng
16/10/2025,2025,Toyota Land Cruiser 3.5 V6,Nhập khẩu,Hà Nội,SUV,N/A,N/A,Xe mới,Xăng
16/10/2025,2023,Honda CRV L AWD,Lắp ráp trong nước,N/A,SUV,20000,N/A,Xe cũ,Xăng
16/10/2025,2023,Ford Everest Ambiente 2.0L 4x2 AT,Nhập khẩu,TP HCM,SUV,26000,N/A,Xe cũ,Dầu
16/10/2025,2025,VinFast VF3 Plus,Lắp ráp trong nước,Hà Nội,Hatchback,0,N/A,Xe cũ,Điện
16/10/2025,2025,Ford Everest Titanium 2.0L 4x2 AT,Nhập khẩu,Hà Nội,SUV,N/A,N/A,Xe mới,Dầu
16/10/2025,2025,Toyota Land Cruiser 3.5 V6,Nhập khẩu,Hà Nội,SUV,N/A,N/A,Xe mới,Xăng
16/10/2025,2021,Mitsubishi Triton 4x4 AT Mivec Premium,Nhập khẩu,Hà Nội,Bán tải / Pickup,80000,N/A,Xe cũ,Dầu
16/10/2025,2025,Hyundai Palisade Prestige 2.2 AT HTRAC,Lắp ráp trong nước,Hà Nội,SUV,N/A,N/A,Xe mới,Dầu
16/10/2025,2023,Honda HRV RS,Nhập khẩu,TP HCM,Crossover,12000,N/A,Xe cũ,Xăng
16/10/2025,2018,Porsche Panamera 3.0 V6,Nhập khẩu,Hà Nội,Sedan,96000,N/A,Xe cũ,Xăng
16/10/2025,2025,Ford Everest Sport 2.0L 4x2 AT,Nhập khẩu,Hà Nội,SUV,N/A,N/A,Xe mới,Dầu
16/10/2025,2024,Mercedes Benz AMG GT 53 4Matic,Nhập khẩu,TP,Coupe,N/A,N/A,Xe mới,Xăng
16/10/2025,2025,VinFast VF7 Eco,Lắp ráp trong nước,TP HCM,SUV,N/A,N/A,Xe mới,Điện
16/10/2025,2023,BMW 4 Series 430i Convertible M Sport,Nhập khẩu,Hà Nội,Convertible/Cabriolet,3250,N/A,Xe cũ,Xăng
16/10/2025,2025,Toyota Land Cruiser 3.5 V6,Nhập khẩu,Hà Nội,SUV,N/A,N/A,Xe mới,Xăng
16/10/2025,2020,Toyota Highlander Limited Hybrid 2.5 AWD,Nhập khẩu,Hà Nội,SUV,17000,N/A,Xe cũ,Hybrid
16/10/2025,2022,Audi A6 45 TFSI,Nhập khẩu,Hà Nội,Sedan,14000,N/A,Xe cũ,Xăng
16/10/2025,2013,LandRover Range Rover Supercharged 5.0,Nhập khẩu,Hà Nội,SUV,80000,N/A,Xe cũ,Xăng
16/10/2025,2023,Mercedes Benz C class C300 AMG,Lắp ráp trong nước,N/A,Sedan,2000,N/A,Xe cũ,Xăng
16/10/2025,2009,LandRover Discovery 4 HSE 5.0 V8,Nhập khẩu,TP HCM,SUV,0,N/A,Xe cũ,Xăng
16/10/2025,2019,Mercedes Benz GLC 200,Lắp ráp trong nước,Hà Nội,SUV,67000,N/A,Xe cũ,Xăng
16/10/2025,2025,Toyota Land Cruiser 3.5 V6,Nhập khẩu,Hà Nội,SUV,N/A,N/A,Xe mới,Xăng
16/10/2025,2024,Toyota Yaris Cross 1.5 D-CVT,Nhập khẩu,Hà Nội,SUV,33000,N/A,Xe cũ,Xăng
16/10/2025,2022,VinFast VF8 Plus AWD,Lắp ráp trong nước,Hà Nội,SUV,190,N/A,Xe cũ,Điện
16/10/2025,2012,Hyundai Avante 1.6 AT,Lắp ráp trong nước,N/A,Sedan,160000,N/A,Xe cũ,Xăng
16/10/2025,2017,Mazda 2 1.5 AT,Lắp ráp trong nước,Hà Nội,Sedan,100000,N/A,Xe cũ,Xăng
16/10/2025,2020,Mercedes Benz GLE Class GLE 450 4Matic,Nhập khẩu,Hà Nội,SUV,28000,N/A,Xe cũ,Xăng
16/10/2025,2021,Mercedes Benz S class S450L Limited Edition,Lắp ráp trong nước,TP HCM,Sedan,39000,N/A,Xe cũ,Xăng
16/10/2025,2023,Honda HRV RS,Nhập khẩu,TP HCM,Crossover,12000,N/A,Xe cũ,Xăng
16/10/2025,2024,Peugeot 3008 Premium,Lắp ráp trong nước,TP,Crossover,15700,N/A,Xe cũ,Xăng
16/10/2025,2018,Ford Ranger XLS 2.2L 4x2 MT,Nhập khẩu,TP HCM,Bán tải / Pickup,78000,N/A,Xe cũ,Dầu
16/10/2025,2025,VinFast VF7 Eco,Lắp ráp trong nước,TP HCM,SUV,N/A,N/A,Xe mới,Điện
16/10/2025,2023,BMW 4 Series 430i Convertible M Sport,Nhập khẩu,Hà Nội,Convertible/Cabriolet,3250,N/A,Xe cũ,Xăng
16/10/2025,2021,Mercedes Benz GLE Class GLE 450 4Matic,Nhập khẩu,Hà Nội,SUV,60000,N/A,Xe cũ,Hybrid
16/10/2025,2025,Toyota Land Cruiser 3.5 V6,Nhập khẩu,Hà Nội,SUV,N/A,N/A,Xe mới,Xăng
16/10/2025,2015,Mercedes Benz V class V220d CDI,Nhập khẩu,Hà Nội,Van/Minivan,140012,N/A,Xe cũ,Dầu
16/10/2025,2022,Toyota Fortuner 2.7L 4x2 AT,Nhập khẩu,N/A,SUV,56000,N/A,Xe cũ,Xăng
16/10/2025,2022,Kia Carnival Premium 2.2D,Lắp ráp trong nước,Hà Nội,Van/Minivan,79000,N/A,Xe cũ,Dầu
16/10/2025,2015,Toyota Corolla altis 1.8G AT,Lắp ráp trong nước,TP HCM,Sedan,90000,N/A,Xe cũ,Xăng
16/10/2025,2021,VinFast Lux SA 2.0 Plus 2.0 AT,Lắp ráp trong nước,N/A,SUV,0,N/A,Xe cũ,Xăng
16/10/2025,2022,Toyota Prado VX 2.7L,Nhập khẩu,Hà Nội,SUV,60000,N/A,Xe cũ,Xăng
16/10/2025,2025,Toyota Land Cruiser 3.5 V6,Nhập khẩu,Hà Nội,SUV,N/A,N/A,Xe mới,Xăng
16/10/2025,2025,Mitsubishi Xforce GLX,Nhập khẩu,TP HCM,SUV,N/A,N/A,Xe mới,Xăng
16/10/2025,2024,BMW X3 sDrive20i M Sport,Lắp ráp trong nước,Hà Nội,SUV,29000,N/A,Xe cũ,Xăng
16/10/2025,2012,Hyundai Avante 1.6 AT,Lắp ráp trong nước,N/A,Sedan,160000,N/A,Xe cũ,Xăng
16/10/2025,2022,Mercedes Benz GLS 450 4Matic,Nhập khẩu,Hà Nội,SUV,40000,N/A,Xe cũ,Xăng
16/10/2025,2009,Hyundai SantaFe MLX 2.0L,Nhập khẩu,Hà Nội,SUV,120000,N/A,Xe cũ,Dầu
16/10/2025,2025,Ford Territory Titanium X 1.5 AT,Lắp ráp trong nước,Hà Nội,SUV,N/A,N/A,Xe mới,Xăng
16/10/2025,2025,MG HS 1.5T LUX,Nhập khẩu,Hà Nội,Crossover,N/A,N/A,Xe mới,Xăng
16/10/2025,2007,Lexus RX 350,Nhập khẩu,Hà Nội,SUV,40000,N/A,Xe cũ,Xăng
16/10/2025,2019,Mercedes Benz E class E200,Lắp ráp trong nước,Hà Nội,Sedan,90000,N/A,Xe cũ,Xăng
16/10/2025,2021,Mazda 3 1.5L Deluxe,Lắp ráp trong nước,N/A,Sedan,38000,N/A,Xe cũ,Xăng
16/10/2025,2022,Mercedes Benz C class C200 Avantgarde Plus,Lắp ráp trong nước,TP HCM,Sedan,48000,N/A,Xe cũ,Xăng
16/10/2025,2019,Ford Everest Titanium 2.0L 4x4 AT,Nhập khẩu,Hà Nội,SUV,76000,N/A,Xe cũ,Dầu
16/10/2025,2016,Lexus GX 460,Nhập khẩu,TP HCM,SUV,68000,N/A,Xe cũ,Xăng
16/10/2025,2025,Kia Carnival Signature 2.2D,Lắp ráp trong nước,Hà Nội,Van/Minivan,4800,N/A,Xe cũ,Dầu
16/10/2025,2020,Mercedes Benz S class S450L,Lắp ráp trong nước,Hà Nội,Sedan,30000,N/A,Xe cũ,Xăng
16/10/2025,2023,BMW 4 Series 430i Convertible M Sport,Nhập khẩu,TP HCM,Convertible/Cabriolet,22222,N/A,Xe cũ,Xăng
16/10/2025,2022,Mercedes Benz GLC 200 4Matic,Lắp ráp trong nước,TP HCM,SUV,13580,N/A,Xe cũ,Xăng
16/10/2025,2022,Kia Carnival Premium 2.2D,Lắp ráp trong nước,Hà Nội,Van/Minivan,79000,N/A,Xe cũ,Dầu
16/10/2025,2019,Hyundai Tucson 2.0 ATH,Lắp ráp trong nước,Hà Nội,Crossover,10000,N/A,Xe cũ,Xăng
16/10/2025,2022,Toyota Prado VX 2.7L,Nhập khẩu,Hà Nội,SUV,60000,N/A,Xe cũ,Xăng
16/10/2025,2018,BMW 5 Series 520i,Nhập khẩu,Hà Nội,Sedan,47000,N/A,Xe cũ,Xăng
16/10/2025,2025,Lexus RX 350h Premium,Nhập khẩu,Hà Nội,SUV,N/A,N/A,Xe mới,Hybrid
16/10/2025,2025,Volvo XC60 Plug-in Hybrid Ultra T8 AWD,Nhập khẩu,TP HCM,SUV,N/A,N/A,Xe mới,Hybrid
16/10/2025,2016,Toyota Prado TXL 2.7L,Nhập khẩu,Hà Nội,SUV,150000,N/A,Xe cũ,Xăng
16/10/2025,2007,Lexus RX 350,Nhập khẩu,Hà Nội,SUV,40000,N/A,Xe cũ,Xăng
16/10/2025,2025,MG HS 1.5T LUX,Nhập khẩu,Hà Nội,Crossover,N/A,N/A,Xe mới,Xăng
16/10/2025,2015,Mercedes Benz E class E200,Lắp ráp trong nước,Hà Nội,Sedan,177000,N/A,Xe cũ,Xăng
16/10/2025,2025,Mitsubishi Xpander Premium 1.5 AT,Nhập khẩu,TP HCM,SUV,N/A,N/A,Xe mới,Xăng
16/10/2025,2016,Mercedes Benz C class C300 AMG,Lắp ráp trong nước,Hà Nội,Sedan,113000,N/A,Xe cũ,Xăng
16/10/2025,2025,Ford Ranger XLS 2.0L 4x2 AT,Lắp ráp trong nước,Hà Nội,Bán tải / Pickup,N/A,N/A,Xe mới,Dầu
16/10/2025,2019,Mercedes Benz E class E200,Lắp ráp trong nước,Hà Nội,Sedan,90000,N/A,Xe cũ,Xăng
16/10/2025,2016,Mazda CX5 2.0 AT,Lắp ráp trong nước,Hà Nội,SUV,110000,N/A,Xe cũ,Xăng
16/10/2025,2019,Ford Everest Titanium 2.0L 4x4 AT,Nhập khẩu,Hà Nội,SUV,76000,N/A,Xe cũ,Dầu
16/10/2025,2022,Mercedes Benz GLC 200 4Matic,Lắp ráp trong nước,TP HCM,SUV,13580,N/A,Xe cũ,Xăng
16/10/2025,2021,Audi Q5 Sportback Sline 45 TFSI Quattro,Nhập khẩu,Hà Nội,SUV,36000,N/A,Xe cũ,Xăng
16/10/2025,2025,VinFast VF5 Plus,Lắp ráp trong nước,Hà Nội,SUV,N/A,N/A,Xe mới,Điện
16/10/2025,2022,Hyundai SantaFe Cao cấp 2.2L HTRAC,Lắp ráp trong nước,Hà Nội,SUV,70000,N/A,Xe cũ,Dầu
16/10/2025,2008,Ford Everest 2.5L 4x2 MT,Lắp ráp trong nước,N/A,SUV,0,N/A,Xe cũ,Dầu
16/10/2025,2018,Peugeot 5008 1.6 AT,Lắp ráp trong nước,Hà Nội,SUV,80000,N/A,Xe cũ,Xăng
16/10/2025,2022,BMW 5 Series 530i M Sport,Nhập khẩu,Hà Nội,Sedan,0,N/A,Xe cũ,Xăng
16/10/2025,2025,Toyota Vios G 1.5 CVT,Lắp ráp trong nước,TP HCM,Sedan,N/A,N/A,Xe mới,Xăng
16/10/2025,2025,Volvo XC60 Plug-in Hybrid Ultra T8 AWD,Nhập khẩu,TP HCM,SUV,N/A,N/A,Xe mới,Hybrid
16/10/2025,2016,Audi Q5 2.0 AT,Nhập khẩu,Hà Nội,SUV,60000,N/A,Xe cũ,Xăng
16/10/2025,2022,Kia Carnival Signature 2.2D,Lắp ráp trong nước,Hà Nội,Van/Minivan,90000,N/A,Xe cũ,Dầu
16/10/2025,2023,Kia Sonet Premium 1.5 AT,Lắp ráp trong nước,Hà Nội,Crossover,20000,N/A,Xe cũ,Xăng
16/10/2025,2019,Mazda 3 1.5L Luxury,Lắp ráp trong nước,Hà Nội,Sedan,80000,N/A,Xe cũ,Xăng
16/10/2025,2016,Toyota Prado TXL 2.7L,Nhập khẩu,Hà Nội,SUV,150000,N/A,Xe cũ,Xăng
16/10/2025,2022,Toyota Corolla Cross 1.8V,Nhập khẩu,Hà Nội,SUV,40000,N/A,Xe cũ,Xăng
16/10/2025,2019,Honda HRV L,Nhập khẩu,Hà Nội,Crossover,40000,N/A,Xe cũ,Xăng
16/10/2025,2022,Peugeot 2008 GT Line 1.2 AT,Lắp ráp trong nước,Hà Nội,Crossover,50000,N/A,Xe cũ,Xăng
16/10/2025,2016,Mazda CX5 2.0 AT,Lắp ráp trong nước,Hà Nội,SUV,110000,N/A,Xe cũ,Xăng
16/10/2025,2017,Mazda CX5 2.5 AT 2WD,Lắp ráp trong nước,Hà Nội,SUV,110000,N/A,Xe cũ,Xăng
16/10/2025,2015,Mitsubishi Pajero Sport G 4x2 AT,Lắp ráp trong nước,Hà Nội,SUV,90000,N/A,Xe cũ,Xăng
16/10/2025,2008,Honda Accord 2.4 AT,Nhập khẩu,N/A,Sedan,12000,N/A,Xe cũ,Xăng
16/10/2025,2019,Mercedes Benz GLC 300 4Matic,Lắp ráp trong nước,TP HCM,SUV,66000,N/A,Xe cũ,Xăng
16/10/2025,2024,BMW X3 sDrive20i M Sport,Lắp ráp trong nước,TP HCM,SUV,30000,N/A,Xe cũ,Xăng
16/10/2025,2009,Toyota Yaris 1.3 AT,Nhập khẩu,Hà Nội,Hatchback,120000,N/A,Xe cũ,Xăng
16/10/2025,2019,VinFast Fadil 1.4 AT Premium,Lắp ráp trong nước,Hà Nội,Hatchback,88000,N/A,Xe cũ,Xăng
16/10/2025,2022,BMW 5 Series 530i M Sport,Nhập khẩu,Hà Nội,Sedan,0,N/A,Xe cũ,Xăng
16/10/2025,2019,Mazda CX8 Premium,Lắp ráp trong nước,TP HCM,SUV,48000,N/A,Xe cũ,Xăng
16/10/2025,2022,Mercedes Benz G class G63 AMG,Nhập khẩu,TP HCM,SUV,5000,N/A,Xe cũ,Xăng
16/10/2025,2025,Mitsubishi Xforce Ultimate,Nhập khẩu,Hà Nội,SUV,N/A,N/A,Xe mới,Xăng
16/10/2025,2025,VinFast VF3 Plus,Lắp ráp trong nước,TP HCM,Hatchback,14000,N/A,Xe cũ,Điện
16/10/2025,2024,MG HS 1.5T LUX,Nhập khẩu,Hà Nội,Crossover,14000,N/A,Xe cũ,Xăng
16/10/2025,2024,BMW X3 xDrive30i M Sport,Lắp ráp trong nước,TP HCM,SUV,8500,N/A,Xe cũ,Xăng
16/10/2025,2025,Toyota Corolla Cross 1.8HEV,Nhập khẩu,TP HCM,SUV,N/A,N/A,Xe mới,Hybrid
16/10/2025,2022,Kia Carnival Royal 2.2D,Lắp ráp trong nước,Hà Nội,Van/Minivan,40000,N/A,Xe cũ,Dầu
16/10/2025,2021,BMW X5 xDrive40i xLine,Nhập khẩu,TP HCM,SUV,50000,N/A,Xe cũ,Xăng
16/10/2025,2020,Ford Ranger XLS 2.2L 4x2 AT,Nhập khẩu,Hà Nội,Bán tải / Pickup,70000,N/A,Xe cũ,Dầu
16/10/2025,2020,VinFast Lux A 2.0 Base 2.0 AT,Lắp ráp trong nước,Hà Nội,Sedan,61000,N/A,Xe cũ,Xăng
16/10/2025,2015,Mercedes Benz GLE Class GLE 400 4Matic Coupe,Nhập khẩu,TP HCM,Coupe,65000,N/A,Xe cũ,Xăng
16/10/2025,2017,Mazda CX5 2.5 AT 2WD,Lắp ráp trong nước,Hà Nội,SUV,110000,N/A,Xe cũ,Xăng
16/10/2025,2023,Kia Sonet Luxury 1.5 AT,Lắp ráp trong nước,Hà Nội,Crossover,27000,N/A,Xe cũ,Xăng
16/10/2025,2025,Toyota Fortuner 2.7L 4x2 AT,Nhập khẩu,Hà Nội,SUV,N/A,N/A,Xe mới,Xăng
16/10/2025,2025,Ford Everest Sport 2.0L 4x2 AT,Nhập khẩu,Hà Nội,SUV,N/A,N/A,Xe mới,Dầu
16/10/2025,2021,Volvo XC90 Recharge T8 AWD,Nhập khẩu,TP HCM,SUV,39000,N/A,Xe cũ,Hybrid
16/10/2025,2011,Nissan Qashqai LE AWD,Nhập khẩu,Hà Nội,SUV,0,N/A,Xe cũ,Xăng
16/10/2025,2017,Ford Ranger XLS 2.2L 4x2 AT,Nhập khẩu,Hà Nội,Bán tải / Pickup,140000,N/A,Xe cũ,Dầu
16/10/2025,2023,BMW 4 Series 430i Gran Coupe M Sport,Nhập khẩu,Hà Nội,Coupe,N/A,N/A,Xe mới,Xăng
16/10/2025,2025,Mitsubishi Xforce Ultimate,Nhập khẩu,Hà Nội,SUV,N/A,N/A,Xe mới,Xăng
16/10/2025,2018,Mazda 6 2.0L Premium,Lắp ráp trong nước,TP HCM,Sedan,79000,N/A,Xe cũ,Xăng
16/10/2025,2015,Lexus ES 350,Nhập khẩu,TP HCM,Sedan,92000,N/A,Xe cũ,Xăng
16/10/2025,2013,Chevrolet Spark LTZ 1.0 AT,Lắp ráp trong nước,Hà Nội,Hatchback,120000,N/A,Xe cũ,Xăng
16/10/2025,2016,Lexus LS 460L,Nhập khẩu,Hà Nội,Sedan,71000,N/A,Xe cũ,Xăng
16/10/2025,2025,Mazda CX5 Deluxe 2.0 AT,Lắp ráp trong nước,TP HCM,SUV,N/A,N/A,Xe mới,Xăng
16/10/2025,2025,Toyota Corolla Cross 1.8V,Nhập khẩu,N/A,SUV,N/A,N/A,Xe mới,Xăng
16/10/2025,2025,Toyota Prado LC250 2.4L,Nhập khẩu,Hà Nội,SUV,N/A,N/A,Xe mới,Xăng
16/10/2025,2019,Toyota Yaris 1.5G,Nhập khẩu,Hà Nội,Hatchback,50000,N/A,Xe cũ,Xăng
16/10/2025,2012,Audi A7 3.0 TFSI,Nhập khẩu,TP HCM,Sedan,87900,N/A,Xe cũ,Xăng
16/10/2025,2020,Mercedes Benz GLC 200 4Matic,Lắp ráp trong nước,Đà Nẵng,SUV,20000,N/A,Xe cũ,Xăng
16/10/2025,2021,VinFast Lux SA 2.0 Base 2.0 AT,Lắp ráp trong nước,Hà Nội,SUV,55000,N/A,Xe cũ,Xăng
16/10/2025,2023,Lexus ES 250 F Sport,Nhập khẩu,Hà Nội,Sedan,8300,N/A,Xe cũ,Xăng
16/10/2025,2011,Toyota Camry 2.0E,Nhập khẩu,Hà Nội,Sedan,0,N/A,Xe cũ,Xăng
16/10/2025,2009,Toyota Land Cruiser VX 4.7 V8,Nhập khẩu,TP HCM,SUV,100,N/A,Xe cũ,Xăng
16/10/2025,2011,Nissan Qashqai LE AWD,Nhập khẩu,Hà Nội,SUV,0,N/A,Xe cũ,Xăng
16/10/2025,2025,Mitsubishi Xpander 1.5 AT,Lắp ráp trong nước,TP HCM,SUV,N/A,N/A,Xe mới,Xăng
16/10/2025,2025,Ford Everest Titanium Plus 2.0L 4x4 AT,Nhập khẩu,Hà Nội,SUV,N/A,N/A,Xe mới,Dầu
16/10/2025,2021,VinFast Lux A 2.0 Plus 2.0 AT,Lắp ráp trong nước,Hà Nội,Sedan,27000,N/A,Xe cũ,Xăng
16/10/2025,2022,BMW X6 xDrive40i M Sport,Nhập khẩu,Hà Nội,SUV,40000,N/A,Xe cũ,Xăng
16/10/2025,2023,Toyota Alphard Luxury Executive Lounge,Nhập khẩu,Hà Nội,Van/Minivan,10000,N/A,Xe cũ,Xăng
16/10/2025,2019,BMW 5 Series 530i Luxury Line,Nhập khẩu,Hà Nội,Sedan,50000,N/A,Xe cũ,Xăng
16/10/2025,2022,Mercedes Benz S class S450 4Matic Luxury,Nhập khẩu,TP HCM,Sedan,36000,N/A,Xe cũ,Xăng
16/10/2025,2025,Toyota Avanza Premio 1.5 AT,Lắp ráp trong nước,N/A,SUV,N/A,N/A,Xe mới,Xăng
16/10/2025,2025,Isuzu Dmax Type Z 1.9L 4x4 AT,Nhập khẩu,Hà Nội,Bán tải / Pickup,N/A,N/A,Xe mới,Dầu
16/10/2025,2012,Audi A7 3.0 TFSI,Nhập khẩu,TP HCM,Sedan,87900,N/A,Xe cũ,Xăng
16/10/2025,2018,Mercedes Benz S class S450L,Lắp ráp trong nước,Hà Nội,Sedan,63000,N/A,Xe cũ,Xăng
16/10/2025,2024,Hyundai Custin Đặc Biệt 1.5T,Lắp ráp trong nước,TP HCM,Van/Minivan,33000,N/A,Xe cũ,Xăng
16/10/2025,2025,VinFast Herio Green AT,Lắp ráp trong nước,TP HCM,SUV,N/A,N/A,Xe mới,Điện
16/10/2025,2021,Mercedes Benz C class C300 AMG,Lắp ráp trong nước,Hà Nội,Sedan,33000,N/A,Xe cũ,Xăng
16/10/2025,2024,Hyundai Accent Cao cấp 1.5 AT,Lắp ráp trong nước,Hà Nội,Sedan,4000,N/A,Xe cũ,Xăng
16/10/2025,2019,Mercedes Benz GLC 300 4Matic,Lắp ráp trong nước,Hà Nội,SUV,55000,N/A,Xe cũ,Xăng
16/10/2025,2021,Jeep Wrangler Sport 2.0 4x4 AT,Nhập khẩu,Hà Nội,SUV,48000,N/A,Xe cũ,Xăng
16/10/2025,2022,Kia Carnival Signature 3.5G,Lắp ráp trong nước,Hà Nội,Van/Minivan,68000,N/A,Xe cũ,Xăng
16/10/2025,2019,Mazda CX5 2.5 AT 2WD,Lắp ráp trong nước,N/A,SUV,0,N/A,Xe cũ,Xăng
16/10/2025,2021,VinFast Lux A 2.0 Plus 2.0 AT,Lắp ráp trong nước,Hà Nội,Sedan,27000,N/A,Xe cũ,Xăng
16/10/2025,2024,Hyundai i10 1.2 AT,Lắp ráp trong nước,N/A,Hatchback,28000,N/A,Xe cũ,Xăng
16/10/2025,2025,Toyota Avanza Premio 1.5 AT,Lắp ráp trong nước,N/A,SUV,N/A,N/A,Xe mới,Xăng
16/10/2025,2025,Isuzu Dmax Type Z 1.9L 4x4 AT,Nhập khẩu,Hà Nội,Bán tải / Pickup,N/A,N/A,Xe mới,Dầu
16/10/2025,2016,Toyota Fortuner 2.4G 4x2 MT,Nhập khẩu,Hà Nội,SUV,140000,N/A,Xe cũ,Dầu
16/10/2025,2020,Hyundai Accent 1.4 AT Đặc Biệt,Lắp ráp trong nước,Hà Nội,Sedan,73000,N/A,Xe cũ,Xăng
16/10/2025,2022,Toyota Fortuner 2.7L 4x2 AT,Nhập khẩu,Hà Nội,SUV,55000,N/A,Xe cũ,Xăng
16/10/2025,2017,Ford Ranger XLT 2.2L 4x4 MT,Nhập khẩu,Hà Nội,Bán tải / Pickup,130000,N/A,Xe cũ,Dầu
16/10/2025,2015,Bentley Mulsanne Speed,Nhập khẩu,Hà Nội,Sedan,44000,N/A,Xe cũ,Xăng
16/10/2025,2016,Lexus LX 570 Super Sport,Nhập khẩu,Hà Nội,SUV,80000,N/A,Xe cũ,Xăng
16/10/2025,2018,Mercedes Benz S class S450L,Lắp ráp trong nước,Hà Nội,Sedan,63000,N/A,Xe cũ,Xăng
16/10/2025,2025,Gaz Gazelle NN 2.5 MT,Lắp ráp trong nước,TP HCM,Van/Minivan,N/A,N/A,Xe mới,Dầu
16/10/2025,2025,Lexus RX 350h Premium,Nhập khẩu,Hà Nội,SUV,N/A,N/A,Xe mới,Hybrid
16/10/2025,2025,VinFast Herio Green AT,Lắp ráp trong nước,TP HCM,SUV,N/A,N/A,Xe mới,Điện
16/10/2025,2025,VinFast VF6 Eco,Lắp ráp trong nước,Hà Nội,SUV,N/A,N/A,Xe mới,Điện
16/10/2025,2024,Hyundai Accent Cao cấp 1.5 AT,Lắp ráp trong nước,Hà Nội,Sedan,4000,N/A,Xe cũ,Xăng
16/10/2025,2019,Mercedes Benz GLC 300 4Matic,Lắp ráp trong nước,Hà Nội,SUV,55000,N/A,Xe cũ,Xăng
16/10/2025,2021,Jeep Wrangler Sport 2.0 4x4 AT,Nhập khẩu,Hà Nội,SUV,48000,N/A,Xe cũ,Xăng
16/10/2025,2022,Kia Carnival Signature 3.5G,Lắp ráp trong nước,Hà Nội,Van/Minivan,68000,N/A,Xe cũ,Xăng
16/10/2025,2025,Isuzu Dmax Prestige 1.9L 4x2 MT,Nhập khẩu,TP HCM,Bán tải / Pickup,N/A,N/A,Xe mới,Dầu
16/10/2025,2016,Lexus LX 570,Nhập khẩu,TP HCM,SUV,0,N/A,Xe cũ,Xăng
16/10/2025,2025,Bestune Xiaoma,Nhập khẩu,Hà Nội,Hatchback,N/A,N/A,Xe mới,Điện
16/10/2025,2024,Subaru Forester 2.0i-L EyeSight,Nhập khẩu,Hà Nội,SUV,N/A,N/A,Xe mới,Xăng
16/10/2025,2025,Isuzu QKR QMR77HE5A Thùng Bạt,Lắp ráp trong nước,TP HCM,Truck,N/A,N/A,Xe mới,Dầu
16/10/2025,2024,Subaru Forester 2.0i-S EyeSight,Nhập khẩu,Hà Nội,SUV,N/A,N/A,Xe mới,Xăng
16/10/2025,2025,Honda BR V L,Nhập khẩu,Hà Nội,SUV,N/A,N/A,Xe mới,Xăng
16/10/2025,2024,Subaru Forester 2.0i-L,Nhập khẩu,Hà Nội,SUV,N/A,N/A,Xe mới,Xăng
16/10/2025,2022,Mazda 3 1.5L Luxury,Lắp ráp trong nước,TP,Sedan,23000,N/A,Xe cũ,Xăng
16/10/2025,2025,VinFast Limo Green AT,Lắp ráp trong nước,N/A,SUV,N/A,N/A,Xe mới,Điện
16/10/2025,2019,Kia Sedona 2.2 DAT Luxury,Lắp ráp trong nước,TP HCM,Van/Minivan,48000,N/A,Xe cũ,Dầu
16/10/2025,2025,Isuzu Dmax Type Z 1.9L 4x4 AT,Nhập khẩu,TP HCM,Bán tải / Pickup,N/A,N/A,Xe mới,Dầu
16/10/2025,2008,Lexus RX 350,Nhập khẩu,Hà Nội,SUV,224000,N/A,Xe cũ,Xăng
16/10/2025,2020,Mitsubishi Xpander Cross 1.5 AT,Nhập khẩu,TP HCM,SUV,25000,N/A,Xe cũ,Xăng
16/10/2025,1993,Honda Accord 2.0 AT 1993,Nhập khẩu,N/A,Sedan,0,N/A,Xe cũ,Xăng
16/10/2025,2023,Lexus RX 350 Luxury,Nhập khẩu,Hà Nội,SUV,50000,N/A,Xe cũ,Xăng
16/10/2025,2023,Porsche Macan 2.0,Nhập khẩu,Hà Nội,SUV,7000,N/A,Xe cũ,Xăng
16/10/2025,2020,Hyundai SantaFe Premium 2.2L HTRAC,Lắp ráp trong nước,Hà Nội,SUV,77000,N/A,Xe cũ,Dầu
16/10/2025,2016,Volkswagen Tiguan 2.0 AT,Nhập khẩu,Hà Nội,SUV,75000,N/A,Xe cũ,Xăng
16/10/2025,2024,Subaru Forester 2.0i-S EyeSight,Nhập khẩu,Hà Nội,SUV,N/A,N/A,Xe mới,Xăng
16/10/2025,2022,Mazda 3 1.5L Luxury,Lắp ráp trong nước,Hà Nội,Sedan,46000,N/A,Xe cũ,Xăng
16/10/2025,2020,VinFast Lux A 2.0 2.0 AT,Lắp ráp trong nước,Hà Nội,Sedan,106000,N/A,Xe cũ,Xăng
16/10/2025,2013,Lexus RX 350 AWD,Nhập khẩu,TP,SUV,88000,N/A,Xe cũ,Xăng
16/10/2025,2021,Kia Rondo GMT,Lắp ráp trong nước,Hà Nội,SUV,0,N/A,Xe cũ,Xăng
16/10/2025,2024,BMW 3 Series 320i Sport Line,Lắp ráp trong nước,Hà Nội,Sedan,5600,N/A,Xe cũ,Xăng
16/10/2025,2023,Toyota Fortuner 2.7L 4x2 AT,Nhập khẩu,TP HCM,SUV,7000,N/A,Xe cũ,Xăng
16/10/2025,2022,Nissan Almera VL 1.0 CVT Cao cấp,Nhập khẩu,Hà Nội,Sedan,52000,N/A,Xe cũ,Xăng
16/10/2025,2025,Honda BR V L,Nhập khẩu,Hà Nội,SUV,N/A,N/A,Xe mới,Xăng
16/10/2025,2024,Subaru Forester 2.0i-L,Nhập khẩu,Hà Nội,SUV,N/A,N/A,Xe mới,Xăng
16/10/2025,2023,Mitsubishi Outlander Premium 2.0 CVT,Lắp ráp trong nước,N/A,SUV,20000,N/A,Xe cũ,Xăng
16/10/2025,2020,Kia Soluto 1.4 AT Deluxe,Lắp ráp trong nước,TP HCM,Sedan,0,N/A,Xe cũ,Xăng
16/10/2025,2023,Kia Carnival Signature 2.2D,Lắp ráp trong nước,Hà Nội,Van/Minivan,40000,N/A,Xe cũ,Dầu
16/10/2025,2008,Lexus RX 350,Nhập khẩu,Hà Nội,SUV,224000,N/A,Xe cũ,Xăng
16/10/2025,2020,Mitsubishi Xpander Cross 1.5 AT,Nhập khẩu,TP HCM,SUV,25000,N/A,Xe cũ,Xăng
16/10/2025,2025,Subaru BRZ 2.4 AT EyeSight,Nhập khẩu,Hà Nội,Coupe,N/A,N/A,Xe mới,Xăng
16/10/2025,1993,Honda Accord 2.0 AT 1993,Nhập khẩu,N/A,Sedan,0,N/A,Xe cũ,Xăng
16/10/2025,2025,VinFast VF8 Eco,Lắp ráp trong nước,Hà Nội,SUV,N/A,N/A,Xe mới,Điện
16/10/2025,2023,Porsche Macan 2.0,Nhập khẩu,Hà Nội,SUV,7000,N/A,Xe cũ,Xăng
16/10/2025,2025,Subaru BRZ 2.4 AT EyeSight,Nhập khẩu,Hà Nội,Coupe,N/A,N/A,Xe mới,Xăng
16/10/2025,2024,Subaru Forester 2.0i-S EyeSight,Nhập khẩu,Hà Nội,SUV,N/A,N/A,Xe mới,Xăng
16/10/2025,2020,Ford Everest Titanium 2.0L 4x4 AT,Nhập khẩu,TP HCM,SUV,101000,N/A,Xe cũ,Dầu
16/10/2025,2019,Ford EcoSport Titanium 1.5L AT,Lắp ráp trong nước,Hà Nội,SUV,79000,N/A,Xe cũ,Xăng
16/10/2025,2024,Porsche 718 Boxster 2.0 AT,Nhập khẩu,TP HCM,Convertible/Cabriolet,1100,N/A,Xe cũ,Xăng
16/10/2025,2023,Mitsubishi Xpander 1.5 MT,Lắp ráp trong nước,TP,SUV,0,N/A,Xe cũ,Xăng
16/10/2025,2023,Volkswagen Touareg Luxury 2.0 TSI,Nhập khẩu,TP HCM,SUV,N/A,N/A,Xe mới,Xăng
16/10/2025,2017,Ford Ranger XLS 2.2L 4x2 AT,Nhập khẩu,Hà Nội,Bán tải / Pickup,120000,N/A,Xe cũ,Dầu
16/10/2025,2025,Toyota Prado LC250 2.4L,Nhập khẩu,Hà Nội,SUV,N/A,N/A,Xe mới,Xăng
16/10/2025,2022,Toyota Raize G 1.0 CVT,Nhập khẩu,Hà Nội,SUV,35000,N/A,Xe cũ,Xăng
16/10/2025,2020,Honda CRV L,Lắp ráp trong nước,N/A,SUV,70000,N/A,Xe cũ,Xăng
16/10/2025,2020,Kia Soluto 1.4 AT Deluxe,Lắp ráp trong nước,TP HCM,Sedan,0,N/A,Xe cũ,Xăng
16/10/2025,2023,Kia Carnival Signature 2.2D,Lắp ráp trong nước,Hà Nội,Van/Minivan,40000,N/A,Xe cũ,Dầu
16/10/2025,2025,Hyundai Tucson 1.6 AT Turbo HTRAC Đặc biệt,Lắp ráp trong nước,Hà Nội,Crossover,9700,N/A,Xe cũ,Xăng
16/10/2025,2019,Mercedes Benz E class E300 AMG,Lắp ráp trong nước,Hà Nội,Sedan,42000,N/A,Xe cũ,Xăng
16/10/2025,2008,Maserati GranTurismo 4.2 AT,Nhập khẩu,Hà Nội,Coupe,64000,N/A,Xe cũ,Xăng
16/10/2025,2025,Subaru BRZ 2.4 AT EyeSight,Nhập khẩu,Hà Nội,Coupe,N/A,N/A,Xe mới,Xăng
16/10/2025,2024,Kia Carnival Signature 2.2D,Lắp ráp trong nước,Hà Nội,Van/Minivan,20000,N/A,Xe cũ,Dầu
16/10/2025,2020,Mercedes Benz C class C300 AMG,Lắp ráp trong nước,Hà Nội,Sedan,60000,N/A,Xe cũ,Xăng
16/10/2025,2007,Toyota Prado GX 2.7 AT,Nhập khẩu,Hà Nội,SUV,139000,N/A,Xe cũ,Xăng
16/10/2025,2023,Volkswagen Tiguan Allspace,Nhập khẩu,TP HCM,SUV,N/A,N/A,Xe mới,Xăng
16/10/2025,2023,Lexus RX 350 Luxury,Nhập khẩu,Hà Nội,SUV,49000,N/A,Xe cũ,Xăng
16/10/2025,2024,Ford Territory Titanium X 1.5 AT,Lắp ráp trong nước,TP HCM,SUV,22000,N/A,Xe cũ,Xăng
16/10/2025,2019,Toyota Innova 2.0E,Lắp ráp trong nước,TP HCM,Crossover,190687,N/A,Xe cũ,Xăng
16/10/2025,2015,Lexus GX 460,Nhập khẩu,Hà Nội,SUV,150000,N/A,Xe cũ,Xăng
16/10/2025,2020,Hyundai i10 Grand 1.2 MT Base,Lắp ráp trong nước,TP HCM,Hatchback,170000,N/A,Xe cũ,Xăng
16/10/2025,2020,Mercedes Benz C class C200 Exclusive,Lắp ráp trong nước,Hà Nội,Sedan,64000,N/A,Xe cũ,Xăng
16/10/2025,2023,Volkswagen Touareg Elegance 2.0 TSI,Nhập khẩu,TP HCM,SUV,N/A,N/A,Xe mới,Xăng
16/10/2025,2020,Mitsubishi Triton 4x2 AT Mivec,Nhập khẩu,Hà Nội,Bán tải / Pickup,111000,N/A,Xe cũ,Dầu
16/10/2025,2025,MG HS 1.5T DEL,Nhập khẩu,Hà Nội,Crossover,N/A,N/A,Xe mới,Xăng
16/10/2025,2022,Mercedes Benz GLC 300 4Matic,Lắp ráp trong nước,Hà Nội,SUV,26600,N/A,Xe cũ,Xăng
16/10/2025,2023,Jeep Wrangler Rubicon 2.0 4x4 AT,Nhập khẩu,TP HCM,SUV,N/A,N/A,Xe mới,Xăng
16/10/2025,2025,Lexus RX 350h Premium,Nhập khẩu,Đà Nẵng,SUV,N/A,N/A,Xe mới,Hybrid
16/10/2025,2023,Jeep Wrangler Rubicon 2.0 4x4 AT,Nhập khẩu,TP HCM,SUV,N/A,N/A,Xe mới,Xăng
16/10/2025,2022,Toyota Fortuner 2.4L 4x2 AT,Lắp ráp trong nước,Hà Nội,SUV,90000,N/A,Xe cũ,Dầu
16/10/2025,2023,RAM 1500 Longhorn 5.7L 4x4 AT,Nhập khẩu,TP HCM,Bán tải / Pickup,N/A,N/A,Xe mới,Xăng
16/10/2025,2025,Omoda C5 Luxury 1.5 AT,Nhập khẩu,Hà Nội,SUV,N/A,N/A,Xe mới,Xăng
16/10/2025,2023,Ford Ranger Raptor 2.0L 4x4 AT,Nhập khẩu,TP HCM,Bán tải / Pickup,51000,N/A,Xe cũ,Dầu
16/10/2025,2024,Volkswagen Teramont X Platinum 2.0 AT,Nhập khẩu,TP HCM,SUV,N/A,N/A,Xe mới,Xăng
16/10/2025,2017,Mercedes Benz C class C300 AMG,Lắp ráp trong nước,Hà Nội,Sedan,42000,N/A,Xe cũ,Xăng
16/10/2025,2023,Jeep Wrangler Rubicon 2.0 4x4 AT,Nhập khẩu,TP HCM,SUV,N/A,N/A,Xe mới,Xăng
16/10/2025,2014,Toyota Camry 2.5Q,Lắp ráp trong nước,Hà Nội,Sedan,140000,N/A,Xe cũ,Xăng
16/10/2025,2025,Toyota Land Cruiser 3.5 V6,Nhập khẩu,Hà Nội,SUV,N/A,N/A,Xe mới,Xăng
16/10/2025,2023,Jeep Wrangler Sahara Overland 2.0 4x4 AT,Nhập khẩu,TP HCM,SUV,N/A,N/A,Xe mới,Xăng
16/10/2025,2016,BMW X6 xDrive35i,Nhập khẩu,Hà Nội,SUV,120000,N/A,Xe cũ,Xăng
16/10/2025,2025,Lexus LM 500h,Nhập khẩu,Đà Nẵng,Van/Minivan,N/A,N/A,Xe mới,Hybrid
16/10/2025,2018,Toyota Yaris 1.5G,Nhập khẩu,Hà Nội,Hatchback,45000,N/A,Xe cũ,Xăng
16/10/2025,2022,Hyundai Elantra 1.6 AT Đặc biệt,Lắp ráp trong nước,Hà Nội,Sedan,35000,N/A,Xe cũ,Xăng
16/10/2025,2023,Jeep Wrangler Rubicon 2.0 4x4 AT,Nhập khẩu,TP HCM,SUV,N/A,N/A,Xe mới,Xăng
16/10/2025,2023,Mitsubishi Xpander Cross 1.5 AT,Nhập khẩu,Hà Nội,SUV,62000,N/A,Xe cũ,Xăng
16/10/2025,2020,Toyota Fortuner 2.7V 4x2 AT,Nhập khẩu,Hà Nội,SUV,110000,N/A,Xe cũ,Xăng
16/10/2025,2024,Subaru Forester 2.0i-L,Nhập khẩu,Hà Nội,SUV,N/A,N/A,Xe mới,Xăng
16/10/2025,2024,Ford Everest Platinum 2.0L 4x4 AT,Nhập khẩu,Hà Nội,SUV,20000,N/A,Xe cũ,Dầu
16/10/2025,2025,Mitsubishi Attrage Premium 1.2 CVT,Nhập khẩu,TP HCM,Sedan,N/A,N/A,Xe mới,Xăng
16/10/2025,2025,Hyundai Tucson 1.6 AT Turbo HTRAC Đặc biệt,Lắp ráp trong nước,TP HCM,Crossover,N/A,N/A,Xe mới,Xăng
16/10/2025,2025,Mazda 2 Deluxe,Nhập khẩu,TP HCM,Sedan,N/A,N/A,Xe mới,Xăng
16/10/2025,2025,Ford Ranger Raptor 2.0L 4x4 AT,Nhập khẩu,TP HCM,Bán tải / Pickup,N/A,N/A,Xe mới,Dầu
16/10/2025,2023,Lynk & Co 01 Hyper Pro,Nhập khẩu,TP HCM,SUV,27000,N/A,Xe cũ,Xăng
16/10/2025,2013,Toyota Camry 2.5Q,Lắp ráp trong nước,Hà Nội,Sedan,72000,N/A,Xe cũ,Xăng
16/10/2025,2024,Ford Everest Titanium Plus 2.0L 4x4 AT,Nhập khẩu,TP HCM,SUV,31000,N/A,Xe cũ,Dầu
16/10/2025,2020,Hyundai SantaFe Premium 2.4L HTRAC,Lắp ráp trong nước,TP HCM,SUV,51000,N/A,Xe cũ,Xăng
16/10/2025,2014,Toyota Land Cruiser VX 4.6 V8,Nhập khẩu,TP HCM,SUV,145000,N/A,Xe cũ,Xăng
16/10/2025,2016,BMW X6 xDrive35i,Nhập khẩu,Hà Nội,SUV,120000,N/A,Xe cũ,Xăng
16/10/2025,2024,Subaru Forester 2.0i-L,Nhập khẩu,Hà Nội,SUV,N/A,N/A,Xe mới,Xăng
16/10/2025,2018,Toyota Yaris 1.5G,Nhập khẩu,Hà Nội,Hatchback,45000,N/A,Xe cũ,Xăng
16/10/2025,2022,Hyundai Elantra 1.6 AT Đặc biệt,Lắp ráp trong nước,Hà Nội,Sedan,35000,N/A,Xe cũ,Xăng
16/10/2025,2022,Mazda 3 1.5L Sport Premium,Lắp ráp trong nước,Hà Nội,Hatchback,20000,N/A,Xe cũ,Xăng
16/10/2025,2024,Subaru Forester 2.0i-L EyeSight,Nhập khẩu,Hà Nội,SUV,N/A,N/A,Xe mới,Xăng
16/10/2025,2023,VinFast VF8 Eco AWD,Lắp ráp trong nước,Hà Nội,SUV,50000,N/A,Xe cũ,Điện
16/10/2025,2020,Toyota Fortuner 2.7V 4x2 AT,Nhập khẩu,Hà Nội,SUV,110000,N/A,Xe cũ,Xăng
16/10/2025,2025,Lexus LX 600 Urban,Nhập khẩu,Đà Nẵng,SUV,N/A,N/A,Xe mới,Xăng
16/10/2025,2024,Subaru Forester 2.0i-S EyeSight,Nhập khẩu,Hà Nội,SUV,N/A,N/A,Xe mới,Xăng
16/10/2025,2024,Subaru Forester 2.0i-L,Nhập khẩu,Hà Nội,SUV,N/A,N/A,Xe mới,Xăng
16/10/2025,2024,Ford Everest Platinum 2.0L 4x4 AT,Nhập khẩu,Hà Nội,SUV,18000,N/A,Xe cũ,Dầu
16/10/2025,2020,Mercedes Benz GLC 200,Lắp ráp trong nước,Hà Nội,SUV,104000,N/A,Xe cũ,Xăng
16/10/2025,2016,Toyota Fortuner TRD Sportivo 4x2 AT,Lắp ráp trong nước,TP HCM,SUV,72000,N/A,Xe cũ,Xăng
16/10/2025,2017,Mercedes Benz Maybach S400,Nhập khẩu,Hà Nội,Sedan,37000,N/A,Xe cũ,Xăng
16/10/2025,2025,Lexus GX 550 Luxury,Nhập khẩu,Đà Nẵng,SUV,N/A,N/A,Xe mới,Xăng
16/10/2025,2019,Ford Ranger XLS 2.2L 4x2 MT,Nhập khẩu,Hà Nội,Bán tải / Pickup,0,N/A,Xe cũ,Dầu
16/10/2025,2024,Toyota Yaris Cross 1.5 D-CVT,Nhập khẩu,Hà Nội,SUV,32000,N/A,Xe cũ,Xăng
16/10/2025,2020,Hyundai SantaFe Premium 2.2L HTRAC,Lắp ráp trong nước,Hà Nội,SUV,60000,N/A,Xe cũ,Dầu
16/10/2025,2025,MG ZS Standard 1.5 AT 2WD,Nhập khẩu,Hà Nội,Crossover,N/A,N/A,Xe mới,Xăng
16/10/2025,2018,Mazda 3 1.5 AT,Lắp ráp trong nước,N/A,Sedan,76000,N/A,Xe cũ,Xăng
16/10/2025,2010,Lexus RX 350 AWD,Nhập khẩu,Hà Nội,SUV,100000,N/A,Xe cũ,Xăng
16/10/2025,2023,VinFast VF8 Eco AWD,Lắp ráp trong nước,Hà Nội,SUV,50000,N/A,Xe cũ,Điện
16/10/2025,2025,Lexus LX 600 Urban,Nhập khẩu,Đà Nẵng,SUV,N/A,N/A,Xe mới,Xăng
16/10/2025,2024,Subaru Forester 2.0i-S EyeSight,Nhập khẩu,Hà Nội,SUV,N/A,N/A,Xe mới,Xăng
16/10/2025,2025,Honda CRV e:HEV RS,Nhập khẩu,Hà Nội,SUV,N/A,N/A,Xe mới,Hybrid
16/10/2025,2024,Ford Everest Platinum 2.0L 4x4 AT,Nhập khẩu,Hà Nội,SUV,18000,N/A,Xe cũ,Dầu
16/10/2025,2022,Peugeot 5008 AL 1.6 AT,Lắp ráp trong nước,TP HCM,SUV,30000,N/A,Xe cũ,Xăng
16/10/2025,2020,Mercedes Benz GLC 200,Lắp ráp trong nước,Hà Nội,SUV,104000,N/A,Xe cũ,Xăng
16/10/2025,2025,Toyota Camry 2.5 HEV Mid,Nhập khẩu,Hà Nội,Sedan,N/A,N/A,Xe mới,Hybrid
16/10/2025,2016,Toyota Fortuner TRD Sportivo 4x2 AT,Lắp ráp trong nước,TP HCM,SUV,72000,N/A,Xe cũ,Xăng
16/10/2025,2025,Toyota Land Cruiser 3.5 V6,Nhập khẩu,Hà Nội,SUV,N/A,N/A,Xe mới,Xăng
16/10/2025,2021,Lexus RX 350L,Nhập khẩu,Hà Nội,SUV,60000,N/A,Xe cũ,Xăng
16/10/2025,2017,Mercedes Benz GLC 300 4Matic,Lắp ráp trong nước,Hà Nội,SUV,82000,N/A,Xe cũ,Xăng
16/10/2025,2020,Hyundai SantaFe Premium 2.2L HTRAC,Lắp ráp trong nước,Hà Nội,SUV,70000,N/A,Xe cũ,Dầu
16/10/2025,2019,Ford Ranger XLS 2.2L 4x2 MT,Nhập khẩu,Hà Nội,Bán tải / Pickup,0,N/A,Xe cũ,Dầu
16/10/2025,2024,Toyota Yaris Cross 1.5 D-CVT,Nhập khẩu,Hà Nội,SUV,32000,N/A,Xe cũ,Xăng
16/10/2025,2025,MG ZS Standard 1.5 AT 2WD,Nhập khẩu,Hà Nội,Crossover,N/A,N/A,Xe mới,Xăng
16/10/2025,2020,Hyundai SantaFe Premium 2.2L HTRAC,Lắp ráp trong nước,Hà Nội,SUV,60000,N/A,Xe cũ,Dầu
16/10/2025,2021,Hyundai SantaFe Cao cấp 2.2L HTRAC,Lắp ráp trong nước,N/A,SUV,54000,N/A,Xe cũ,Dầu
16/10/2025,2018,Mazda 3 1.5 AT,Lắp ráp trong nước,N/A,Sedan,76000,N/A,Xe cũ,Xăng
16/10/2025,2013,LandRover Range Rover HSE 3.0,Nhập khẩu,Hà Nội,SUV,100000,N/A,Xe cũ,Xăng
16/10/2025,2023,VinFast VF8 Eco AWD,Lắp ráp trong nước,N/A,SUV,52000,N/A,Xe cũ,Điện
16/10/2025,2025,Mercedes Benz E class E200 Avantgarde,Lắp ráp trong nước,TP HCM,Sedan,N/A,N/A,Xe mới,Xăng
16/10/2025,2025,Lexus LX 600 Vip,Nhập khẩu,Đà Nẵng,SUV,N/A,N/A,Xe mới,Xăng
16/10/2025,2025,Hyundai SantaFe Prestige 2.5L HTRAC,Lắp ráp trong nước,Hà Nội,SUV,N/A,N/A,Xe mới,Xăng
16/10/2025,2014,Ford Ranger XLT 2.2L 4x4 MT,Nhập khẩu,Hà Nội,Bán tải / Pickup,141000,N/A,Xe cũ,Dầu
16/10/2025,2021,Mercedes Benz S class S450,Nhập khẩu,Hà Nội,Sedan,40000,N/A,Xe cũ,Xăng
16/10/2025,2021,Toyota Wigo 1.2 AT,Nhập khẩu,Hà Nội,Hatchback,4500,N/A,Xe cũ,Xăng
16/10/2025,2025,Toyota Hilux Adventure 2.8L 4x4 AT,Nhập khẩu,TP HCM,Bán tải / Pickup,N/A,N/A,Xe mới,Dầu
16/10/2025,2024,Volkswagen Viloran Luxury,Nhập khẩu,Hà Nội,Van/Minivan,20000,N/A,Xe cũ,Xăng
16/10/2025,2022,Peugeot 3008 GT,Lắp ráp trong nước,N/A,Crossover,30000,N/A,Xe cũ,Xăng
16/10/2025,2024,Honda City L 1.5 AT,Lắp ráp trong nước,Hà Nội,Sedan,26000,N/A,Xe cũ,Xăng
16/10/2025,2018,Ford EcoSport Titanium 1.5L AT,Lắp ráp trong nước,Hà Nội,SUV,90000,N/A,Xe cũ,Xăng
16/10/2025,2025,Ford Everest Titanium 2.0L 4x2 AT,Nhập khẩu,Hà Nội,SUV,N/A,N/A,Xe mới,Dầu
16/10/2025,2019,Toyota Land Cruiser 4.6 V8,Nhập khẩu,Hà Nội,SUV,64000,N/A,Xe cũ,Xăng
16/10/2025,2017,Toyota Corolla altis 1.8G AT,Lắp ráp trong nước,Hà Nội,Sedan,120000,N/A,Xe cũ,Xăng
16/10/2025,2018,Ford Transit Limousine,Lắp ráp trong nước,Hà Nội,Van/Minivan,110000,N/A,Xe cũ,Dầu
16/10/2025,2024,Kia Carnival Luxury 2.2D,Lắp ráp trong nước,N/A,Van/Minivan,10000,N/A,Xe cũ,Dầu
16/10/2025,2008,Mercedes Benz ML Class ML550,Nhập khẩu,TP HCM,SUV,0,N/A,Xe cũ,Xăng
16/10/2025,2022,VinFast VF8 Plus AWD,Lắp ráp trong nước,Hà Nội,SUV,32000,N/A,Xe cũ,Điện
16/10/2025,2013,LandRover Range Rover HSE 3.0,Nhập khẩu,Hà Nội,SUV,100000,N/A,Xe cũ,Xăng
16/10/2025,2025,Mercedes Benz E class E200 Avantgarde,Lắp ráp trong nước,TP HCM,Sedan,N/A,N/A,Xe mới,Xăng
16/10/2025,2025,Hyundai SantaFe Prestige 2.5L HTRAC,Lắp ráp trong nước,Hà Nội,SUV,N/A,N/A,Xe mới,Xăng
16/10/2025,2021,Kia Sportage Signature 2.0G,Nhập khẩu,Hà Nội,Crossover,16000,N/A,Xe cũ,Xăng
16/10/2025,2022,Volvo V60 Cross Country B5 AWD,Nhập khẩu,Hà Nội,Wagon,20000,N/A,Xe cũ,Xăng
16/10/2025,2018,Ford Everest Titanium 2.0L 4x4 AT,Nhập khẩu,Hà Nội,SUV,100000,N/A,Xe cũ,Dầu
16/10/2025,2017,Lexus RX 350,Nhập khẩu,Hà Nội,SUV,150000,N/A,Xe cũ,Xăng
16/10/2025,2021,Toyota Wigo 1.2 AT,Nhập khẩu,Hà Nội,Hatchback,4500,N/A,Xe cũ,Xăng
16/10/2025,2025,Toyota Hilux Adventure 2.8L 4x4 AT,Nhập khẩu,TP HCM,Bán tải / Pickup,N/A,N/A,Xe mới,Dầu
16/10/2025,2024,Ford Territory Titanium X 1.5 AT,Lắp ráp trong nước,Hà Nội,SUV,15000,N/A,Xe cũ,Xăng
16/10/2025,2024,Honda City L 1.5 AT,Lắp ráp trong nước,Hà Nội,Sedan,26000,N/A,Xe cũ,Xăng
16/10/2025,2021,Mercedes Benz S class S450L Limited Edition,Lắp ráp trong nước,Hà Nội,Sedan,50000,N/A,Xe cũ,Xăng
16/10/2025,2025,Ford Everest Titanium 2.0L 4x2 AT,Nhập khẩu,Hà Nội,SUV,N/A,N/A,Xe mới,Dầu
16/10/2025,2024,Kia Carnival Luxury 2.2D,Lắp ráp trong nước,N/A,Van/Minivan,10000,N/A,Xe cũ,Dầu
16/10/2025,2020,VinFast Fadil 1.4 AT Premium,Lắp ráp trong nước,Hà Nội,Hatchback,70000,N/A,Xe cũ,Xăng
16/10/2025,2018,Ford Transit Limousine,Lắp ráp trong nước,Hà Nội,Van/Minivan,110000,N/A,Xe cũ,Dầu
16/10/2025,2022,Mercedes Benz C class C200 Avantgarde Plus,Lắp ráp trong nước,TP HCM,Sedan,21000,N/A,Xe cũ,Xăng
16/10/2025,2023,VinFast VF8 Eco AWD,Lắp ráp trong nước,N/A,SUV,52000,N/A,Xe cũ,Điện
16/10/2025,2008,Mercedes Benz ML Class ML550,Nhập khẩu,TP HCM,SUV,0,N/A,Xe cũ,Xăng
16/10/2025,2022,Hyundai Elantra 1.6 AT Tiêu chuẩn,Lắp ráp trong nước,TP,Sedan,0,N/A,Xe cũ,Xăng
16/10/2025,2023,Hyundai Accent 1.4 AT Đặc Biệt,Lắp ráp trong nước,Đà Nẵng,Sedan,46000,N/A,Xe cũ,Xăng
16/10/2025,2022,VinFast VF8 Plus AWD,Lắp ráp trong nước,Hà Nội,SUV,32000,N/A,Xe cũ,Điện
16/10/2025,2014,Kia Sorento DMT 2.2L 2WD,Lắp ráp trong nước,TP,SUV,160000,N/A,Xe cũ,Dầu
16/10/2025,2022,Lexus ES 250,Nhập khẩu,Hà Nội,Sedan,28000,N/A,Xe cũ,Xăng
16/10/2025,2022,Toyota Corolla Cross 1.8V,Nhập khẩu,Hà Nội,SUV,45000,N/A,Xe cũ,Xăng
16/10/2025,2024,Mazda CX5 Deluxe 2.0 AT,Lắp ráp trong nước,Hà Nội,SUV,9000,N/A,Xe cũ,Xăng
16/10/2025,2025,Ford Everest Platinum 2.0L 4x4 AT,Nhập khẩu,Hà Nội,SUV,5000,N/A,Xe cũ,Dầu
16/10/2025,2025,Toyota Land Cruiser 3.5 V6,Nhập khẩu,Hà Nội,SUV,N/A,N/A,Xe mới,Xăng
16/10/2025,2017,Mercedes Benz S class S450L Luxury,Lắp ráp trong nước,Hà Nội,Sedan,55000,N/A,Xe cũ,Xăng
16/10/2025,2025,VinFast Herio Green AT,Lắp ráp trong nước,Hà Nội,SUV,N/A,N/A,Xe mới,Điện
16/10/2025,2025,Ford Transit Premium,Lắp ráp trong nước,Hà Nội,Van/Minivan,N/A,N/A,Xe mới,Dầu
16/10/2025,2025,MG HS 1.5T DEL,Nhập khẩu,N/A,Crossover,N/A,N/A,Xe mới,Xăng
16/10/2025,2024,Omoda C5 Premium 1.5 Turbo,Nhập khẩu,Hà Nội,SUV,N/A,N/A,Xe mới,Xăng
16/10/2025,2025,Toyota Land Cruiser 3.5 V6,Nhập khẩu,Hà Nội,SUV,N/A,N/A,Xe mới,Xăng
16/10/2025,2025,Toyota Veloz Cross Top 1.5 CVT,Lắp ráp trong nước,TP HCM,SUV,N/A,N/A,Xe mới,Xăng
16/10/2025,2025,Volkswagen Golf 2.0 TSI R Performance 4Motion,Nhập khẩu,Hà Nội,Hatchback,N/A,N/A,Xe mới,Xăng
16/10/2025,2024,Mercedes Benz GLC 300 4Matic,Lắp ráp trong nước,TP HCM,SUV,N/A,N/A,Xe mới,Xăng
16/10/2025,2025,Ford Everest Titanium Plus 2.0L 4x4 AT,Nhập khẩu,Hà Nội,SUV,N/A,N/A,Xe mới,Dầu
16/10/2025,2015,Toyota Fortuner 2.7V 4x2 AT,Lắp ráp trong nước,N/A,SUV,112000,N/A,Xe cũ,Xăng
16/10/2025,2024,Peugeot 3008 GT,Lắp ráp trong nước,TP,Crossover,18000,N/A,Xe cũ,Xăng
16/10/2025,2020,Ford Ranger XLS 2.2L 4x2 AT,Nhập khẩu,N/A,Bán tải / Pickup,60000,N/A,Xe cũ,Dầu
16/10/2025,2019,Hyundai Kona 1.6 Turbo,Lắp ráp trong nước,Hà Nội,Crossover,76000,N/A,Xe cũ,Xăng
16/10/2025,2022,Kia K3 Premium 2.0 AT,Lắp ráp trong nước,N/A,Sedan,0,N/A,Xe cũ,Xăng
16/10/2025,2021,Mercedes Benz E class E300 AMG,Lắp ráp trong nước,TP HCM,Sedan,38000,N/A,Xe cũ,Xăng
16/10/2025,2022,Mercedes Benz G class G63 AMG,Nhập khẩu,Hà Nội,SUV,17000,N/A,Xe cũ,Xăng
16/10/2025,2016,Lexus ES 250,Nhập khẩu,Hà Nội,Sedan,50000,N/A,Xe cũ,Xăng
16/10/2025,2023,MG RX5 1.5T LUX,Nhập khẩu,Hà Nội,Crossover,30000,N/A,Xe cũ,Xăng
16/10/2025,2021,VinFast Fadil 1.4 AT Plus,Lắp ráp trong nước,N/A,Hatchback,35000,N/A,Xe cũ,Xăng
16/10/2025,2023,Toyota Vios G 1.5 CVT,Lắp ráp trong nước,N/A,Sedan,0,N/A,Xe cũ,Xăng
16/10/2025,2025,Ford Transit Premium+,Lắp ráp trong nước,Hà Nội,Van/Minivan,N/A,N/A,Xe mới,Dầu
16/10/2025,2022,Toyota Veloz Cross Top 1.5 CVT,Nhập khẩu,N/A,SUV,37700,N/A,Xe cũ,Xăng
16/10/2025,2023,Lexus LS 500,Nhập khẩu,TP HCM,Sedan,17000,N/A,Xe cũ,Xăng
16/10/2025,2014,Mazda CX5 2.0 AT,Lắp ráp trong nước,Hà Nội,SUV,92000,N/A,Xe cũ,Xăng
16/10/2025,2020,Isuzu QKR QMR77HE4,Lắp ráp trong nước,TP,Truck,38000,N/A,Xe cũ,Dầu
16/10/2025,2007,Mercedes Benz S class S600,Nhập khẩu,Hà Nội,Sedan,1238,N/A,Xe cũ,Xăng
16/10/2025,2022,Mercedes Benz GLC 200,Lắp ráp trong nước,TP HCM,SUV,59000,N/A,Xe cũ,Xăng
16/10/2025,2020,Toyota Prado VX 2.7L,Nhập khẩu,TP HCM,SUV,61000,N/A,Xe cũ,Xăng
16/10/2025,2024,Honda CRV G,Lắp ráp trong nước,N/A,SUV,N/A,N/A,Xe mới,Xăng
16/10/2025,2020,Kia Soluto 1.4 AT Luxury,Lắp ráp trong nước,Đà Nẵng,Sedan,10000,N/A,Xe cũ,Xăng
16/10/2025,2022,Peugeot 3008 GT,Lắp ráp trong nước,Hà Nội,Crossover,37000,N/A,Xe cũ,Xăng
16/10/2025,2024,Toyota Land Cruiser 3.5 V6,Nhập khẩu,Hà Nội,SUV,17000,N/A,Xe cũ,Xăng
16/10/2025,2023,VinFast VF8 Eco AWD,Lắp ráp trong nước,TP HCM,SUV,34000,N/A,Xe cũ,Điện
16/10/2025,2019,Hyundai Elantra 2.0 AT,Lắp ráp trong nước,N/A,Sedan,67000,N/A,Xe cũ,Xăng
16/10/2025,2010,BMW 5 Series 523i,Nhập khẩu,Hà Nội,Sedan,15000,N/A,Xe cũ,Xăng
16/10/2025,2024,VinFast VF6 Plus,Lắp ráp trong nước,N/A,SUV,23500,N/A,Xe cũ,Điện
16/10/2025,2019,Toyota Innova 2.0E,Lắp ráp trong nước,N/A,Crossover,98000,N/A,Xe cũ,Xăng
16/10/2025,2018,Toyota Innova 2.0E,Lắp ráp trong nước,N/A,Crossover,0,N/A,Xe cũ,Xăng
16/10/2025,2016,Kia Morning Si AT,Lắp ráp trong nước,Hà Nội,Hatchback,86000,N/A,Xe cũ,Xăng
16/10/2025,2022,Mercedes Benz E class E180,Lắp ráp trong nước,N/A,Sedan,16000,N/A,Xe cũ,Xăng
16/10/2025,2022,Toyota Veloz Cross Top 1.5 CVT,Nhập khẩu,N/A,SUV,37700,N/A,Xe cũ,Xăng
16/10/2025,2020,Kia Cerato 1.6 AT Luxury,Lắp ráp trong nước,Hà Nội,Sedan,80000,N/A,Xe cũ,Xăng
16/10/2025,2025,Ford Ranger Raptor 2.0L 4x4 AT,Nhập khẩu,Hà Nội,Bán tải / Pickup,N/A,N/A,Xe mới,Dầu
16/10/2025,2019,BMW X7 xDrive40i,Nhập khẩu,N/A,SUV,30000,N/A,Xe cũ,Xăng
16/10/2025,2023,Mazda 3 1.5L Sport Luxury,Lắp ráp trong nước,Hà Nội,Hatchback,25000,N/A,Xe cũ,Xăng
16/10/2025,2011,Hyundai Sonata 2.0 AT,Nhập khẩu,TP HCM,Sedan,116000,N/A,Xe cũ,Xăng
16/10/2025,2019,Mercedes Benz Maybach S450 4Matic,Nhập khẩu,Hà Nội,Sedan,58000,N/A,Xe cũ,Xăng
16/10/2025,2025,Toyota Camry 2.5 HEV Mid,Nhập khẩu,N/A,Sedan,N/A,N/A,Xe mới,Hybrid
16/10/2025,2025,Omoda C5 Luxury 1.5 AT,Nhập khẩu,N/A,SUV,N/A,N/A,Xe mới,Xăng
16/10/2025,2022,Mitsubishi Triton Athlete 4x4 AT,Nhập khẩu,N/A,Bán tải / Pickup,52368,N/A,Xe cũ,Dầu
16/10/2025,2017,Ford Everest Titanium 2.2L 4x2 AT,Nhập khẩu,Hà Nội,SUV,120000,N/A,Xe cũ,Dầu
16/10/2025,2021,Porsche Panamera Turbo S,Nhập khẩu,TP HCM,Sedan,13000,N/A,Xe cũ,Xăng
16/10/2025,2017,Toyota Fortuner 2.7V 4x2 AT,Nhập khẩu,Hà Nội,SUV,100000,N/A,Xe cũ,Xăng
16/10/2025,2015,Mercedes Benz C class C250 AMG,Lắp ráp trong nước,Hà Nội,Sedan,68000,N/A,Xe cũ,Xăng
16/10/2025,2025,MG HS 1.5T LUX,Nhập khẩu,Hà Nội,Crossover,N/A,N/A,Xe mới,Xăng
16/10/2025,2016,BMW 3 Series 320i,Nhập khẩu,Hà Nội,Sedan,110000,N/A,Xe cũ,Xăng
16/10/2025,2025,Ford Ranger Wildtrak 2.0L 4x4 AT,Lắp ráp trong nước,Hà Nội,Bán tải / Pickup,N/A,N/A,Xe mới,Dầu
16/10/2025,2020,Kia Cerato 1.6 AT Luxury,Lắp ráp trong nước,Hà Nội,Sedan,80000,N/A,Xe cũ,Xăng
16/10/2025,2017,Kia Sedona 2.2L DATH,Lắp ráp trong nước,TP HCM,Van/Minivan,80000,N/A,Xe cũ,Dầu
16/10/2025,2022,Volvo XC60 Ultimate Bright B6 AWD,Nhập khẩu,Hà Nội,SUV,44000,N/A,Xe cũ,Xăng
16/10/2025,2023,Lexus LX 600 F-Sport,Nhập khẩu,Hà Nội,SUV,40000,N/A,Xe cũ,Xăng
16/10/2025,2022,Ford Ranger Wildtrak 2.0L 4x4 AT,Lắp ráp trong nước,N/A,Bán tải / Pickup,0,N/A,Xe cũ,Dầu
16/10/2025,2025,Bestune Xiaoma,Nhập khẩu,Hà Nội,Hatchback,N/A,N/A,Xe mới,Điện
16/10/2025,2021,Bentley Flying Spur First Edition W12,Nhập khẩu,Hà Nội,Sedan,9000,N/A,Xe cũ,Xăng
16/10/2025,2017,Mitsubishi Triton 4x2 AT,Nhập khẩu,Hà Nội,Bán tải / Pickup,100000,N/A,Xe cũ,Dầu
16/10/2025,2014,Kia K3 1.6 AT,Lắp ráp trong nước,Hà Nội,Sedan,90000,N/A,Xe cũ,Xăng
16/10/2025,2025,Toyota Camry 2.5 HEV Mid,Nhập khẩu,N/A,Sedan,N/A,N/A,Xe mới,Hybrid
16/10/2025,2016,Kia Rio 1.4 AT,Nhập khẩu,TP HCM,Sedan,66000,N/A,Xe cũ,Xăng
16/10/2025,2017,Lexus ES 250,Nhập khẩu,TP HCM,Sedan,0,N/A,Xe cũ,Xăng
16/10/2025,2022,Mitsubishi Triton Athlete 4x4 AT,Nhập khẩu,N/A,Bán tải / Pickup,52368,N/A,Xe cũ,Dầu
16/10/2025,2025,Toyota Veloz Cross 1.5 CVT,Lắp ráp trong nước,Hà Nội,SUV,N/A,N/A,Xe mới,Xăng
16/10/2025,2017,Ford Everest Titanium 2.2L 4x2 AT,Nhập khẩu,Hà Nội,SUV,120000,N/A,Xe cũ,Dầu
16/10/2025,2021,Porsche Panamera Turbo S,Nhập khẩu,TP HCM,Sedan,13000,N/A,Xe cũ,Xăng
16/10/2025,2015,BMW i8 1.5L Hybrid,Nhập khẩu,TP HCM,Coupe,55000,N/A,Xe cũ,Hybrid
16/10/2025,2020,Mini Cooper JCW Convertible,Nhập khẩu,Hà Nội,Convertible/Cabriolet,29000,N/A,Xe cũ,Xăng
16/10/2025,2019,Mercedes Benz C class C300 AMG,Lắp ráp trong nước,N/A,Sedan,45000,N/A,Xe cũ,Xăng
16/10/2025,2021,VinFast Lux A 2.0 Plus 2.0 AT,Lắp ráp trong nước,Hà Nội,Sedan,27000,N/A,Xe cũ,Xăng
16/10/2025,2025,Kia Sonet Luxury 1.5 AT,Lắp ráp trong nước,N/A,SUV,N/A,N/A,Xe mới,Xăng
16/10/2025,2017,Toyota Fortuner 2.7V 4x2 AT,Nhập khẩu,Hà Nội,SUV,100000,N/A,Xe cũ,Xăng
16/10/2025,2022,Peugeot 2008 GT Line 1.2 AT,Lắp ráp trong nước,Hà Nội,Crossover,60000,N/A,Xe cũ,Xăng
16/10/2025,2025,Ford Everest Titanium 2.0L 4x2 AT,Nhập khẩu,Hà Nội,SUV,N/A,N/A,Xe mới,Dầu
16/10/2025,2016,BMW 3 Series 320i,Nhập khẩu,Hà Nội,Sedan,110000,N/A,Xe cũ,Xăng
16/10/2025,2017,Kia Sedona 2.2L DATH,Lắp ráp trong nước,TP HCM,Van/Minivan,80000,N/A,Xe cũ,Dầu
16/10/2025,2022,Volvo XC60 Ultimate Bright B6 AWD,Nhập khẩu,Hà Nội,SUV,44000,N/A,Xe cũ,Xăng
16/10/2025,2025,Lexus LM 500h,Nhập khẩu,Hà Nội,Van/Minivan,N/A,N/A,Xe mới,Hybrid
16/10/2025,2025,Bestune Xiaoma,Nhập khẩu,Hà Nội,Hatchback,N/A,N/A,Xe mới,Điện
16/10/2025,2021,Bentley Flying Spur First Edition W12,Nhập khẩu,Hà Nội,Sedan,9000,N/A,Xe cũ,Xăng
16/10/2025,2017,Mitsubishi Triton 4x2 AT,Nhập khẩu,Hà Nội,Bán tải / Pickup,100000,N/A,Xe cũ,Dầu
16/10/2025,2014,Kia K3 1.6 AT,Lắp ráp trong nước,Hà Nội,Sedan,90000,N/A,Xe cũ,Xăng
16/10/2025,2016,Kia Rio 1.4 AT,Nhập khẩu,TP HCM,Sedan,66000,N/A,Xe cũ,Xăng
16/10/2025,2025,Toyota Veloz Cross 1.5 CVT,Lắp ráp trong nước,Hà Nội,SUV,N/A,N/A,Xe mới,Xăng
16/10/2025,2019,Suzuki Swift GL 1.2 AT,Nhập khẩu,Hà Nội,Hatchback,83256,N/A,Xe cũ,Xăng
16/10/2025,2023,Kia Carnival Signature 2.2D,Lắp ráp trong nước,TP,Van/Minivan,34000,N/A,Xe cũ,Dầu
16/10/2025,2025,Honda City RS 1.5 AT,Lắp ráp trong nước,Hà Nội,Sedan,N/A,N/A,Xe mới,Xăng
16/10/2025,2021,VinFast Lux A 2.0 Plus 2.0 AT,Lắp ráp trong nước,Hà Nội,Sedan,27000,N/A,Xe cũ,Xăng
16/10/2025,2025,Mitsubishi Xforce Ultimate,Nhập khẩu,Hà Nội,SUV,N/A,N/A,Xe mới,Xăng
16/10/2025,2022,VinFast Lux SA 2.0 Tiêu chuẩn,Lắp ráp trong nước,Hà Nội,SUV,55000,N/A,Xe cũ,Xăng
16/10/2025,2024,Mitsubishi Xpander Premium 1.5 AT,Nhập khẩu,Hà Nội,SUV,22000,N/A,Xe cũ,Xăng
16/10/2025,2025,Toyota Camry 2.5 HEV Mid,Nhập khẩu,Hà Nội,Sedan,N/A,N/A,Xe mới,Hybrid
16/10/2025,2019,Kia Morning AT,Lắp ráp trong nước,N/A,Hatchback,0,N/A,Xe cũ,Xăng
16/10/2025,2022,Toyota Innova G 2.0 AT,Lắp ráp trong nước,TP HCM,Crossover,47382,N/A,Xe cũ,Xăng
16/10/2025,2024,Toyota Wigo G 1.2 AT,Nhập khẩu,N/A,Hatchback,54000,N/A,Xe cũ,Xăng
16/10/2025,2020,BMW X4 xDrive20i M Sport,Nhập khẩu,Hà Nội,SUV,39000,N/A,Xe cũ,Xăng
16/10/2025,2018,Mercedes Benz C class C250 Exclusive,Lắp ráp trong nước,Hà Nội,Sedan,64000,N/A,Xe cũ,Xăng
16/10/2025,2009,Toyota IQ 1.0 AT,Nhập khẩu,TP HCM,Hatchback,32000,N/A,Xe cũ,Xăng
16/10/2025,2009,Lexus GX 460,Nhập khẩu,Hà Nội,SUV,220000,N/A,Xe cũ,Xăng
16/10/2025,2015,Cadillac Escalade ESV Platinum,Nhập khẩu,Hà Nội,SUV,78000,N/A,Xe cũ,Xăng
16/10/2025,2018,Honda Jazz RS,Nhập khẩu,TP HCM,Hatchback,55000,N/A,Xe cũ,Xăng
16/10/2025,2022,Toyota Vios G 1.5 CVT,Lắp ráp trong nước,TP HCM,Sedan,6096,N/A,Xe cũ,Xăng
16/10/2025,2023,Volkswagen Viloran Luxury,Nhập khẩu,Hà Nội,Van/Minivan,11000,N/A,Xe cũ,Xăng
16/10/2025,2019,Suzuki Swift GL 1.2 AT,Nhập khẩu,Hà Nội,Hatchback,83256,N/A,Xe cũ,Xăng
16/10/2025,2003,Suzuki Grand vitara XL-7,Nhập khẩu,Hà Nội,SUV,190000,N/A,Xe cũ,Xăng
16/10/2025,2023,Kia Carnival Signature 2.2D,Lắp ráp trong nước,TP,Van/Minivan,34000,N/A,Xe cũ,Dầu
16/10/2025,2010,Kia Cerato 1.6 AT,Nhập khẩu,N/A,Sedan,90000,N/A,Xe cũ,Xăng
16/10/2025,2025,Mitsubishi Xforce Ultimate,Nhập khẩu,Hà Nội,SUV,N/A,N/A,Xe mới,Xăng
16/10/2025,2025,Toyota Camry 2.5 HEV Mid,Nhập khẩu,Hà Nội,Sedan,N/A,N/A,Xe mới,Hybrid
16/10/2025,2025,Ford Everest Titanium 2.0L 4x2 AT,Nhập khẩu,Hà Nội,SUV,N/A,N/A,Xe mới,Dầu
16/10/2025,2019,Kia Morning AT,Lắp ráp trong nước,N/A,Hatchback,0,N/A,Xe cũ,Xăng
16/10/2025,2018,Mercedes Benz C class C200,Lắp ráp trong nước,Hà Nội,Sedan,72000,N/A,Xe cũ,Xăng
16/10/2025,2024,Toyota Wigo G 1.2 AT,Nhập khẩu,N/A,Hatchback,54000,N/A,Xe cũ,Xăng
16/10/2025,2009,Lexus GX 460,Nhập khẩu,Hà Nội,SUV,220000,N/A,Xe cũ,Xăng
16/10/2025,2023,Ford Territory Titanium 1.5 AT,Lắp ráp trong nước,N/A,SUV,20000,N/A,Xe cũ,Xăng
16/10/2025,2015,Cadillac Escalade ESV Platinum,Nhập khẩu,Hà Nội,SUV,78000,N/A,Xe cũ,Xăng
16/10/2025,2018,Honda Jazz RS,Nhập khẩu,TP HCM,Hatchback,55000,N/A,Xe cũ,Xăng
16/10/2025,2014,Kia K3 2.0 AT,Lắp ráp trong nước,N/A,Sedan,125000,N/A,Xe cũ,Xăng
16/10/2025,2022,Toyota Vios G 1.5 CVT,Lắp ráp trong nước,TP HCM,Sedan,6096,N/A,Xe cũ,Xăng
16/10/2025,2022,Mitsubishi Attrage Premium 1.2 CVT,Nhập khẩu,Hà Nội,Sedan,62000,N/A,Xe cũ,Xăng
16/10/2025,2023,Volkswagen Viloran Luxury,Nhập khẩu,Hà Nội,Van/Minivan,11000,N/A,Xe cũ,Xăng
16/10/2025,2022,Hyundai SantaFe Cao cấp 2.2L HTRAC,Lắp ráp trong nước,Hà Nội,SUV,70000,N/A,Xe cũ,Dầu
16/10/2025,2019,Ford Ranger XLS 2.2L 4x2 AT,Nhập khẩu,Hà Nội,Bán tải / Pickup,10000,N/A,Xe cũ,Dầu
16/10/2025,2024,Honda BR V L,Nhập khẩu,TP HCM,SUV,16000,N/A,Xe cũ,Xăng
16/10/2025,2021,Toyota Vios G 1.5 CVT,Lắp ráp trong nước,N/A,Sedan,0,N/A,Xe cũ,Xăng
16/10/2025,2024,Mazda 3 1.5L Sport Luxury,Lắp ráp trong nước,N/A,Hatchback,15000,N/A,Xe cũ,Xăng
16/10/2025,2024,Mitsubishi Xforce Premium,Nhập khẩu,TP HCM,SUV,N/A,N/A,Xe mới,Xăng
16/10/2025,2025,Mazda CX8 Luxury 2.5 AT,Lắp ráp trong nước,Hà Nội,SUV,N/A,N/A,Xe mới,Xăng
16/10/2025,2025,Toyota Raize G 1.0 CVT,Nhập khẩu,Hà Nội,SUV,N/A,N/A,Xe mới,Xăng
16/10/2025,2023,Ford Ranger XLS 2.0L 4x2 AT,Lắp ráp trong nước,Hà Nội,Bán tải / Pickup,40000,N/A,Xe cũ,Dầu
16/10/2025,2022,Hyundai Elantra 1.6 AT Tiêu chuẩn,Lắp ráp trong nước,N/A,Sedan,30000,N/A,Xe cũ,Xăng
16/10/2025,2025,Mazda CX3 1.5 AT,Nhập khẩu,TP,Crossover,4000,N/A,Xe cũ,Xăng
16/10/2025,2022,Ford Territory Titanium 1.5 AT,Lắp ráp trong nước,Hà Nội,SUV,70000,N/A,Xe cũ,Xăng
16/10/2025,2017,Toyota Fortuner 2.7V 4x4 AT,Nhập khẩu,Hà Nội,SUV,80000,N/A,Xe cũ,Xăng
16/10/2025,2025,Mercedes Benz GLC 300 4Matic,Lắp ráp trong nước,Hà Nội,SUV,N/A,N/A,Xe mới,Xăng
16/10/2025,2025,Toyota Innova Cross 2.0 CVT,Nhập khẩu,N/A,Crossover,N/A,N/A,Xe mới,Xăng
16/10/2025,2025,Toyota Corolla Cross 1.8V,Nhập khẩu,TP,SUV,N/A,N/A,Xe mới,Xăng
16/10/2025,2019,Mini Cooper S 5Dr,Nhập khẩu,Hà Nội,Hatchback,2600,N/A,Xe cũ,Xăng
16/10/2025,2018,Ford Everest Titanium 2.0L 4x2 AT,Nhập khẩu,Hà Nội,SUV,90000,N/A,Xe cũ,Dầu
16/10/2025,2013,Audi Q5 2.0 AT,Nhập khẩu,Hà Nội,SUV,110000,N/A,Xe cũ,Xăng
16/10/2025,2019,Suzuki Swift GLX 1.2 AT,Nhập khẩu,Hà Nội,Hatchback,39000,N/A,Xe cũ,Xăng
16/10/2025,2021,Hyundai Accent 1.4 AT Đặc Biệt,Lắp ráp trong nước,N/A,Sedan,70000,N/A,Xe cũ,Xăng
16/10/2025,2024,Skoda Kodiaq Ambition 1.4 AT,Nhập khẩu,TP HCM,SUV,N/A,N/A,Xe mới,Xăng
16/10/2025,2022,Toyota Camry 2.5HV,Nhập khẩu,Hà Nội,Sedan,33000,N/A,Xe cũ,Hybrid
16/10/2025,2021,Ford Ranger XLS 2.2L 4x2 AT,Nhập khẩu,TP,Bán tải / Pickup,66000,N/A,Xe cũ,Dầu
16/10/2025,2017,Toyota Fortuner 2.4G 4x2 MT,Nhập khẩu,N/A,SUV,124000,N/A,Xe cũ,Dầu
16/10/2025,2021,Hyundai Tucson 2.0 AT Đặc biệt,Lắp ráp trong nước,N/A,Crossover,50000,N/A,Xe cũ,Xăng
16/10/2025,2023,Mercedes Benz S class S450 4Matic,Nhập khẩu,N/A,Sedan,N/A,N/A,Xe mới,Xăng
16/10/2025,2021,Hyundai SantaFe Cao cấp 2.5L HTRAC,Lắp ráp trong nước,TP,SUV,80000,N/A,Xe cũ,Xăng
16/10/2025,2022,Kia Sonet Luxury 1.5 AT,Lắp ráp trong nước,TP HCM,Crossover,21000,N/A,Xe cũ,Xăng
16/10/2025,2019,Ford Everest Trend 2.0L 4x2 AT,Nhập khẩu,N/A,SUV,0,N/A,Xe cũ,Dầu
16/10/2025,2016,Lexus LX 570,Nhập khẩu,Hà Nội,SUV,60000,N/A,Xe cũ,Xăng
16/10/2025,2014,Toyota Vios 1.5G,Lắp ráp trong nước,N/A,Sedan,140000,N/A,Xe cũ,Xăng
16/10/2025,2020,Mercedes Benz GLC 200 4Matic,Lắp ráp trong nước,Hà Nội,SUV,56000,N/A,Xe cũ,Xăng
16/10/2025,2024,Skoda Kodiaq Style 2.0 AT 4WD,Nhập khẩu,N/A,SUV,N/A,N/A,Xe mới,Xăng
16/10/2025,2016,BMW 3 Series 320i,Nhập khẩu,Hà Nội,Sedan,79000,N/A,Xe cũ,Xăng
16/10/2025,2016,Mazda 3 1.5 AT,Lắp ráp trong nước,N/A,Sedan,93000,N/A,Xe cũ,Xăng
16/10/2025,2022,Toyota Corolla altis 1.8V,Nhập khẩu,N/A,Sedan,100000,N/A,Xe cũ,Xăng
16/10/2025,2019,Mercedes Benz C class C300 AMG,Lắp ráp trong nước,Hà Nội,Sedan,80000,N/A,Xe cũ,Xăng
16/10/2025,2011,Ford Fiesta S 1.6 AT,Lắp ráp trong nước,TP,Hatchback,80000,N/A,Xe cũ,Xăng
16/10/2025,2024,MG 5 Standard 1.5 AT,Nhập khẩu,Hà Nội,Sedan,N/A,N/A,Xe mới,Xăng
16/10/2025,2024,Skoda Kodiaq Ambition 1.4 AT,Nhập khẩu,TP HCM,SUV,N/A,N/A,Xe mới,Xăng
16/10/2025,2023,Toyota Avanza Premio 1.5 MT,Lắp ráp trong nước,TP HCM,SUV,69319,N/A,Xe cũ,Xăng
16/10/2025,2011,Hyundai Universal,Lắp ráp trong nước,TP HCM,Van/Minivan,500000,N/A,Xe cũ,Dầu
16/10/2025,2013,LandRover Range Rover Autobiography 5.0,Nhập khẩu,Hà Nội,SUV,0,N/A,Xe cũ,Xăng
16/10/2025,2021,Kia Sorento Premium 2.2 AT AWD,Lắp ráp trong nước,Hà Nội,SUV,38000,N/A,Xe cũ,Dầu
16/10/2025,2014,Toyota Fortuner 2.7V 4x2 AT,Lắp ráp trong nước,TP HCM,SUV,112949,N/A,Xe cũ,Xăng
16/10/2025,2024,BMW X3 xDrive30i M Sport,Lắp ráp trong nước,Hà Nội,SUV,9500,N/A,Xe cũ,Xăng
16/10/2025,2023,Hyundai SantaFe Cao cấp 2.5L HTRAC,Lắp ráp trong nước,Hà Nội,SUV,10000,N/A,Xe cũ,Xăng
16/10/2025,2015,LandRover Range Rover Evoque Dynamic,Nhập khẩu,N/A,SUV,96000,N/A,Xe cũ,Xăng
16/10/2025,2016,Mercedes Benz GLS 400 4Matic,Nhập khẩu,Hà Nội,SUV,85000,N/A,Xe cũ,Xăng
16/10/2025,2023,Lexus ES 250,Nhập khẩu,Hà Nội,Sedan,26000,N/A,Xe cũ,Xăng
16/10/2025,2021,Ford Ranger Wildtrak 2.0L 4x4 AT,Nhập khẩu,N/A,Bán tải / Pickup,0,N/A,Xe cũ,Dầu
16/10/2025,2012,Chevrolet Aveo 1.5 MT,Lắp ráp trong nước,N/A,Sedan,0,N/A,Xe cũ,Xăng
16/10/2025,2022,Mitsubishi Outlander 2.0 CVT,Lắp ráp trong nước,Hà Nội,SUV,62000,N/A,Xe cũ,Xăng
16/10/2025,2014,Suzuki Swift 1.4 AT,Lắp ráp trong nước,Hà Nội,Hatchback,0,N/A,Xe cũ,Xăng
16/10/2025,2024,Toyota Corolla Cross 1.8V,Nhập khẩu,TP HCM,SUV,13000,N/A,Xe cũ,Xăng
16/10/2025,2025,Mazda CX5 Premium 2.0 AT,Lắp ráp trong nước,Hà Nội,SUV,N/A,N/A,Xe mới,Xăng
16/10/2025,2022,Toyota Corolla Cross 1.8V,Nhập khẩu,TP,SUV,55402,N/A,Xe cũ,Xăng
16/10/2025,2022,Mitsubishi Xpander Premium 1.5 AT,Nhập khẩu,TP HCM,SUV,85000,N/A,Xe cũ,Xăng
16/10/2025,2024,Mini Cooper S 5 Door,Nhập khẩu,Hà Nội,Hatchback,143,N/A,Xe cũ,Xăng
16/10/2025,2015,Hyundai Universe Xpress Luxury 47c,Lắp ráp trong nước,Hà Nội,Van/Minivan,260000,N/A,Xe cũ,Dầu
16/10/2025,2022,Peugeot 5008 GT 1.6 AT,Lắp ráp trong nước,Hà Nội,SUV,42000,N/A,Xe cũ,Xăng
16/10/2025,2012,Toyota Camry 2.5G,Lắp ráp trong nước,N/A,Sedan,121668,N/A,Xe cũ,Xăng
16/10/2025,2014,Toyota Fortuner 2.7V 4x2 AT,Lắp ráp trong nước,TP HCM,SUV,112949,N/A,Xe cũ,Xăng
16/10/2025,2024,BMW X3 xDrive30i M Sport,Lắp ráp trong nước,Hà Nội,SUV,9500,N/A,Xe cũ,Xăng
16/10/2025,2021,VinFast Lux A 2.0 Base 2.0 AT,Lắp ráp trong nước,Hà Nội,Sedan,50000,N/A,Xe cũ,Xăng
16/10/2025,2023,Gaz Gazelle Next Minibus 2.8 MT,Lắp ráp trong nước,N/A,Van/Minivan,0,N/A,Xe cũ,Dầu
16/10/2025,2025,Toyota Fortuner Legender 2.4L 4x2 AT,Lắp ráp trong nước,TP HCM,SUV,N/A,N/A,Xe mới,Dầu
16/10/2025,2017,Toyota Corolla altis 1.8G AT,Lắp ráp trong nước,N/A,Sedan,11000,N/A,Xe cũ,Xăng
16/10/2025,2024,Kia Sonet Premium 1.5 AT,Lắp ráp trong nước,Hà Nội,SUV,7108,N/A,Xe cũ,Xăng
16/10/2025,2018,Toyota Yaris 1.5G,Nhập khẩu,N/A,Hatchback,53364,N/A,Xe cũ,Xăng
16/10/2025,2011,Lexus GX 460,Nhập khẩu,Hà Nội,SUV,130000,N/A,Xe cũ,Xăng
16/10/2025,2023,Porsche Cayenne Coupe Platinum Edition,Nhập khẩu,Hà Nội,SUV,33000,N/A,Xe cũ,Xăng
16/10/2025,2018,LandRover Range Rover HSE 3.0,Nhập khẩu,Hà Nội,SUV,58000,N/A,Xe cũ,Xăng
16/10/2025,2017,Toyota Camry 2.5Q,Lắp ráp trong nước,Hà Nội,Sedan,85000,N/A,Xe cũ,Xăng
16/10/2025,2025,Toyota Camry 2.0Q,Nhập khẩu,Hà Nội,Sedan,N/A,N/A,Xe mới,Xăng
16/10/2025,2020,Mercedes Benz S class S450L Luxury,Lắp ráp trong nước,Hà Nội,Sedan,40000,N/A,Xe cũ,Xăng
16/10/2025,2022,Lexus RX 300,Nhập khẩu,Hà Nội,SUV,30000,N/A,Xe cũ,Xăng
16/10/2025,2020,Mercedes Benz C class C180,Lắp ráp trong nước,N/A,Sedan,50000,N/A,Xe cũ,Xăng
16/10/2025,2014,Mini Cooper 3Dr,Nhập khẩu,Hà Nội,Coupe,7000,N/A,Xe cũ,Xăng
16/10/2025,2020,LandRover Range Rover Autobiography LWB 3.0 I6,Nhập khẩu,Hà Nội,SUV,56000,N/A,Xe cũ,Xăng
16/10/2025,2020,Mercedes Benz GLE Class GLE 450 4Matic,Nhập khẩu,Hà Nội,SUV,60000,N/A,Xe cũ,Hybrid
16/10/2025,2012,Toyota Camry 2.5G,Lắp ráp trong nước,N/A,Sedan,121668,N/A,Xe cũ,Xăng
16/10/2025,2023,Toyota Veloz Cross Top 1.5 CVT,Lắp ráp trong nước,N/A,SUV,70000,N/A,Xe cũ,Xăng
16/10/2025,2025,Toyota Alphard 2.4 AT,Nhập khẩu,Hà Nội,Van/Minivan,N/A,N/A,Xe mới,Xăng
16/10/2025,2025,Toyota Fortuner Legender 2.4L 4x2 AT,Lắp ráp trong nước,TP HCM,SUV,N/A,N/A,Xe mới,Dầu
16/10/2025,2015,Mazda 2 1.5 AT,Lắp ráp trong nước,Hà Nội,Hatchback,59000,N/A,Xe cũ,Xăng
16/10/2025,2024,Kia Sonet Premium 1.5 AT,Lắp ráp trong nước,Hà Nội,SUV,7108,N/A,Xe cũ,Xăng
16/10/2025,2011,Lexus GX 460,Nhập khẩu,Hà Nội,SUV,130000,N/A,Xe cũ,Xăng
16/10/2025,2018,LandRover Range Rover HSE 3.0,Nhập khẩu,Hà Nội,SUV,58000,N/A,Xe cũ,Xăng
16/10/2025,2017,Toyota Camry 2.5Q,Lắp ráp trong nước,Hà Nội,Sedan,85000,N/A,Xe cũ,Xăng
16/10/2025,2019,Kia Cerato 1.6 AT Luxury,Lắp ráp trong nước,N/A,Sedan,68000,N/A,Xe cũ,Xăng
16/10/2025,2025,Toyota Camry 2.0Q,Nhập khẩu,Hà Nội,Sedan,N/A,N/A,Xe mới,Xăng
16/10/2025,2016,Mazda CX5 2.5 AT,Lắp ráp trong nước,N/A,SUV,87000,N/A,Xe cũ,Xăng
16/10/2025,2025,Ford Territory Titanium X 1.5 AT,Lắp ráp trong nước,Hà Nội,SUV,N/A,N/A,Xe mới,Xăng
16/10/2025,2020,Mercedes Benz S class S450L Luxury,Lắp ráp trong nước,Hà Nội,Sedan,40000,N/A,Xe cũ,Xăng
16/10/2025,2025,Hyundai Tucson 2.0 AT Đặc biệt,Lắp ráp trong nước,Hà Nội,Crossover,N/A,N/A,Xe mới,Xăng
16/10/2025,2020,Mercedes Benz C class C180,Lắp ráp trong nước,N/A,Sedan,50000,N/A,Xe cũ,Xăng
16/10/2025,2014,Mini Cooper 3Dr,Nhập khẩu,Hà Nội,Coupe,7000,N/A,Xe cũ,Xăng
16/10/2025,2020,LandRover Range Rover Autobiography LWB 3.0 I6,Nhập khẩu,Hà Nội,SUV,56000,N/A,Xe cũ,Xăng
16/10/2025,2013,Hyundai i10 Grand 1.0 MT,Nhập khẩu,N/A,Hatchback,0,N/A,Xe cũ,Xăng
16/10/2025,2020,Mercedes Benz GLE Class GLE 450 4Matic,Nhập khẩu,Hà Nội,SUV,60000,N/A,Xe cũ,Hybrid
16/10/2025,2024,VinFast VF3 Plus,Lắp ráp trong nước,Hà Nội,Hatchback,15000,N/A,Xe cũ,Điện
16/10/2025,2025,Toyota Yaris Cross 1.5 D-CVT,Nhập khẩu,Hà Nội,SUV,N/A,N/A,Xe mới,Xăng
16/10/2025,2021,Kia Cerato 2.0 AT Premium,Lắp ráp trong nước,N/A,Sedan,78000,N/A,Xe cũ,Xăng
16/10/2025,2018,Honda Jazz VX,Nhập khẩu,Hà Nội,Hatchback,68000,N/A,Xe cũ,Xăng
16/10/2025,2025,Bestune Xiaoma,Nhập khẩu,Hà Nội,Hatchback,N/A,N/A,Xe mới,Điện
16/10/2025,2022,Kia Carnival Signature 3.5G,Lắp ráp trong nước,Hà Nội,Van/Minivan,63000,N/A,Xe cũ,Xăng
16/10/2025,2023,BMW 3 Series 330i M Sport,Lắp ráp trong nước,Hà Nội,Sedan,17000,N/A,Xe cũ,Xăng
16/10/2025,2014,LandRover Range Rover Autobiography LWB 5.0,Nhập khẩu,Hà Nội,SUV,60000,N/A,Xe cũ,Xăng
16/10/2025,2024,VinFast VF5 Plus,Lắp ráp trong nước,N/A,SUV,109706,N/A,Xe cũ,Điện
16/10/2025,2014,Ford Fiesta S 1.0 AT Ecoboost,Lắp ráp trong nước,N/A,Hatchback,38000,N/A,Xe cũ,Xăng
16/10/2025,2011,BMW 5 Series 528i,Nhập khẩu,Hà Nội,Sedan,178000,N/A,Xe cũ,Xăng
16/10/2025,2016,Toyota Prado TXL 2.7L,Nhập khẩu,N/A,SUV,0,N/A,Xe cũ,Xăng
16/10/2025,2023,Ford Ranger Wildtrak 2.0L 4x4 AT,Lắp ráp trong nước,TP HCM,Bán tải / Pickup,16000,N/A,Xe cũ,Dầu
16/10/2025,2025,Lexus LM 500h,Nhập khẩu,Hà Nội,Van/Minivan,N/A,N/A,Xe mới,Hybrid
16/10/2025,2025,Hyundai SantaFe Calligraphy 2.5L Turbo HTRAC,Lắp ráp trong nước,TP HCM,SUV,N/A,N/A,Xe mới,Xăng
16/10/2025,2022,Ford Explorer Limited 2.3L EcoBoost,Nhập khẩu,Hà Nội,SUV,45000,N/A,Xe cũ,Xăng
16/10/2025,2025,Ford Everest Ambiente 2.0L 4x2 AT,Nhập khẩu,TP HCM,SUV,N/A,N/A,Xe mới,Dầu
16/10/2025,2025,Ford Territory Titanium X 1.5 AT,Lắp ráp trong nước,Hà Nội,SUV,N/A,N/A,Xe mới,Xăng
16/10/2025,2021,Mazda CX8 Premium AWD,Lắp ráp trong nước,Hà Nội,SUV,58000,N/A,Xe cũ,Xăng
16/10/2025,2014,Kia Rio 1.4 AT,Nhập khẩu,N/A,Hatchback,10586,N/A,Xe cũ,Xăng
16/10/2025,2025,Toyota Yaris Cross 1.5 D-CVT,Nhập khẩu,Hà Nội,SUV,N/A,N/A,Xe mới,Xăng
16/10/2025,2024,Ford Territory Titanium X 1.5 AT,Lắp ráp trong nước,N/A,SUV,34000,N/A,Xe cũ,Xăng
16/10/2025,2025,Bestune Xiaoma,Nhập khẩu,Hà Nội,Hatchback,N/A,N/A,Xe mới,Điện
16/10/2025,2014,Toyota Camry 2.5Q,Lắp ráp trong nước,Hà Nội,Sedan,140000,N/A,Xe cũ,Xăng
16/10/2025,2022,Kia Carnival Signature 3.5G,Lắp ráp trong nước,Hà Nội,Van/Minivan,63000,N/A,Xe cũ,Xăng
16/10/2025,2023,BMW 3 Series 330i M Sport,Lắp ráp trong nước,Hà Nội,Sedan,17000,N/A,Xe cũ,Xăng
16/10/2025,2014,LandRover Range Rover Autobiography LWB 5.0,Nhập khẩu,Hà Nội,SUV,60000,N/A,Xe cũ,Xăng
16/10/2025,2024,VinFast VF5 Plus,Lắp ráp trong nước,N/A,SUV,109706,N/A,Xe cũ,Điện
16/10/2025,2014,Ford Fiesta S 1.0 AT Ecoboost,Lắp ráp trong nước,N/A,Hatchback,38000,N/A,Xe cũ,Xăng
16/10/2025,2011,BMW 5 Series 528i,Nhập khẩu,Hà Nội,Sedan,178000,N/A,Xe cũ,Xăng
16/10/2025,2021,Peugeot 3008 AL,Lắp ráp trong nước,Hà Nội,Crossover,48000,N/A,Xe cũ,Xăng
16/10/2025,2016,Toyota Prado TXL 2.7L,Nhập khẩu,N/A,SUV,0,N/A,Xe cũ,Xăng
16/10/2025,2023,Ford Ranger Wildtrak 2.0L 4x4 AT,Lắp ráp trong nước,TP HCM,Bán tải / Pickup,16000,N/A,Xe cũ,Dầu
16/10/2025,2022,Ford Ranger XLS 2.2L 4x2 MT,Lắp ráp trong nước,N/A,Bán tải / Pickup,57000,N/A,Xe cũ,Dầu
16/10/2025,2025,Lexus LM 500h,Nhập khẩu,Hà Nội,Van/Minivan,N/A,N/A,Xe mới,Hybrid
16/10/2025,2025,Hyundai SantaFe Calligraphy 2.5L Turbo HTRAC,Lắp ráp trong nước,TP HCM,SUV,N/A,N/A,Xe mới,Xăng
16/10/2025,2022,Ford Explorer Limited 2.3L EcoBoost,Nhập khẩu,Hà Nội,SUV,45000,N/A,Xe cũ,Xăng
16/10/2025,2025,Ford Everest Ambiente 2.0L 4x2 AT,Nhập khẩu,TP HCM,SUV,N/A,N/A,Xe mới,Dầu
16/10/2025,2022,Toyota Vios G 1.5 CVT,Lắp ráp trong nước,TP HCM,Sedan,28000,N/A,Xe cũ,Xăng
16/10/2025,2025,VinFast VF7 Plus,Lắp ráp trong nước,TP HCM,SUV,N/A,N/A,Xe mới,Điện
16/10/2025,2022,Mazda 2 Sport Premium,Nhập khẩu,TP,Hatchback,30000,N/A,Xe cũ,Xăng
16/10/2025,2018,Mercedes Benz GLC 300 4Matic,Lắp ráp trong nước,TP HCM,SUV,80000,N/A,Xe cũ,Xăng
16/10/2025,2025,Ford Territory Titanium X 1.5 AT,Lắp ráp trong nước,TP HCM,SUV,N/A,N/A,Xe mới,Xăng
16/10/2025,2019,Mercedes Benz E class E200,Lắp ráp trong nước,TP HCM,Sedan,65458,N/A,Xe cũ,Xăng
16/10/2025,2021,Kia Carnival Signature 3.5G,Lắp ráp trong nước,TP HCM,Van/Minivan,55000,N/A,Xe cũ,Xăng
16/10/2025,2025,Mitsubishi Xpander Premium 1.5 AT,Nhập khẩu,Hà Nội,SUV,N/A,N/A,Xe mới,Xăng
16/10/2025,2025,Toyota Yaris Cross 1.5 D-CVT,Nhập khẩu,Hà Nội,SUV,N/A,N/A,Xe mới,Xăng
16/10/2025,2016,Lexus LX 570,Nhập khẩu,Hà Nội,SUV,209214,N/A,Xe cũ,Xăng
16/10/2025,2019,Toyota Camry 2.0G,Nhập khẩu,Hà Nội,Sedan,60000,N/A,Xe cũ,Xăng
16/10/2025,2021,Peugeot 3008 AL,Lắp ráp trong nước,Hà Nội,Crossover,48000,N/A,Xe cũ,Xăng
16/10/2025,2024,Skoda Karoq Ambition 1.4 AT,Nhập khẩu,Hà Nội,Crossover,N/A,N/A,Xe mới,Xăng
16/10/2025,2025,Ford Everest Ambiente 2.0L 4x2 AT,Nhập khẩu,TP HCM,SUV,N/A,N/A,Xe mới,Dầu
16/10/2025,2024,MG 5 1.5 MT,Nhập khẩu,Hà Nội,Sedan,8000,N/A,Xe cũ,Xăng
16/10/2025,2025,Hyundai Venue 1.0 T-GDi Đặc Biệt,Lắp ráp trong nước,TP HCM,SUV,N/A,N/A,Xe mới,Xăng
16/10/2025,2022,Toyota Vios G 1.5 CVT,Lắp ráp trong nước,TP HCM,Sedan,28000,N/A,Xe cũ,Xăng
16/10/2025,2015,Hyundai i10 Grand 1.0 MT,Nhập khẩu,N/A,Hatchback,0,N/A,Xe cũ,Xăng
16/10/2025,2016,Mercedes Benz C class C200,Lắp ráp trong nước,TP HCM,Sedan,69173,N/A,Xe cũ,Xăng
16/10/2025,2019,Hyundai SantaFe Premium 2.2L HTRAC,Lắp ráp trong nước,TP,SUV,7100,N/A,Xe cũ,Dầu
16/10/2025,2023,Mercedes Benz E class E200 Exclusive,Lắp ráp trong nước,N/A,Sedan,3000,N/A,Xe cũ,Hybrid
16/10/2025,2016,Kia Morning EX,Lắp ráp trong nước,N/A,Hatchback,0,N/A,Xe cũ,Xăng
16/10/2025,2022,Mercedes Benz GLC 200,Lắp ráp trong nước,TP HCM,SUV,28000,N/A,Xe cũ,Xăng
16/10/2025,2013,Mercedes Benz A class A250 Sport AMG,Nhập khẩu,Hà Nội,Hatchback,0,N/A,Xe cũ,Xăng
16/10/2025,2019,Mercedes Benz E class E200,Lắp ráp trong nước,TP HCM,Sedan,65458,N/A,Xe cũ,Xăng
16/10/2025,2021,Kia Carnival Signature 3.5G,Lắp ráp trong nước,TP HCM,Van/Minivan,55000,N/A,Xe cũ,Xăng
16/10/2025,2017,Honda Accord 2.4 AT,Nhập khẩu,Đà Nẵng,Sedan,76000,N/A,Xe cũ,Xăng
16/10/2025,2020,Kia Sorento Luxury 2.2 AT,Lắp ráp trong nước,TP HCM,SUV,51000,N/A,Xe cũ,Dầu
16/10/2025,2017,Toyota Corolla altis 2.0V Sport,Lắp ráp trong nước,N/A,Sedan,85000,N/A,Xe cũ,Xăng
16/10/2025,2025,VinFast VF5 Plus,Lắp ráp trong nước,Hà Nội,SUV,24000,N/A,Xe cũ,Điện
16/10/2025,2017,Kia Cerato 1.6 AT,Lắp ráp trong nước,N/A,Sedan,0,N/A,Xe cũ,Xăng
16/10/2025,2022,Mazda 3 1.5L Luxury,Lắp ráp trong nước,TP HCM,Sedan,23000,N/A,Xe cũ,Xăng
16/10/2025,2016,Porsche Macan 2.0,Nhập khẩu,Hà Nội,SUV,61000,N/A,Xe cũ,Xăng
16/10/2025,2020,Mitsubishi Xpander 1.5 AT,Nhập khẩu,Hà Nội,SUV,80000,N/A,Xe cũ,Xăng
16/10/2025,2020,Mazda 3 1.5L Luxury,Lắp ráp trong nước,N/A,Sedan,42000,N/A,Xe cũ,Xăng
16/10/2025,2024,MG 5 1.5 MT,Nhập khẩu,Hà Nội,Sedan,8000,N/A,Xe cũ,Xăng
16/10/2025,2022,Mercedes Benz GLC 300 4Matic,Lắp ráp trong nước,TP HCM,SUV,39800,N/A,Xe cũ,Xăng
16/10/2025,2020,Mazda 3 1.5L Luxury,Lắp ráp trong nước,TP,Sedan,41886,N/A,Xe cũ,Xăng
16/10/2025,2025,Mitsubishi Xpander Cross 1.5 AT,Nhập khẩu,Hà Nội,SUV,N/A,N/A,Xe mới,Xăng
16/10/2025,2018,Peugeot 5008 1.6 AT,Lắp ráp trong nước,Hà Nội,SUV,80000,N/A,Xe cũ,Xăng
16/10/2025,2016,Mercedes Benz C class C200,Lắp ráp trong nước,TP HCM,Sedan,102000,N/A,Xe cũ,Xăng
16/10/2025,2018,Hyundai Kona 1.6 Turbo,Lắp ráp trong nước,N/A,Crossover,70000,N/A,Xe cũ,Xăng
16/10/2025,2022,Baic Beijing U5 Plus Luxury,Nhập khẩu,TP,Sedan,22000,N/A,Xe cũ,Xăng
16/10/2025,2011,Ford Escape XLT 2.3L 4x4 AT,Lắp ráp trong nước,N/A,SUV,0,N/A,Xe cũ,Xăng
16/10/2025,2023,Ford Ranger XLS 2.0L 4x2 AT,Lắp ráp trong nước,TP,Bán tải / Pickup,27000,N/A,Xe cũ,Dầu
16/10/2025,2017,Toyota Corolla altis 2.0V Sport,Lắp ráp trong nước,N/A,Sedan,85000,N/A,Xe cũ,Xăng
16/10/2025,2020,Ford Ranger XLS 2.2L 4x2 MT,Nhập khẩu,N/A,Bán tải / Pickup,189000,N/A,Xe cũ,Dầu
16/10/2025,2019,Honda CRV L,Nhập khẩu,TP HCM,SUV,74000,N/A,Xe cũ,Xăng
16/10/2025,2025,Volkswagen Viloran Premium,Nhập khẩu,TP HCM,Van/Minivan,N/A,N/A,Xe mới,Xăng
16/10/2025,2025,Lexus LM 500h,Nhập khẩu,Hà Nội,Van/Minivan,N/A,N/A,Xe mới,Hybrid
16/10/2025,2015,Ford Ranger XLS 2.2L 4x2 AT,Nhập khẩu,Hà Nội,Bán tải / Pickup,0,N/A,Xe cũ,Dầu
16/10/2025,2022,Mitsubishi Outlander 2.0 CVT,Lắp ráp trong nước,Hà Nội,SUV,65000,N/A,Xe cũ,Xăng
16/10/2025,2023,VinFast VF9 Plus,Lắp ráp trong nước,Hà Nội,SUV,96000,N/A,Xe cũ,Điện
16/10/2025,2023,Volkswagen Touareg Luxury 2.0 TSI,Nhập khẩu,N/A,SUV,N/A,N/A,Xe mới,Xăng
16/10/2025,2017,Toyota Innova 2.0E,Lắp ráp trong nước,N/A,Crossover,0,N/A,Xe cũ,Xăng
16/10/2025,2025,Lexus LX 600 Vip,Nhập khẩu,Hà Nội,SUV,N/A,N/A,Xe mới,Xăng
16/10/2025,2018,Nissan X trail 2.5 SV 4WD Premium,Lắp ráp trong nước,Hà Nội,SUV,0,N/A,Xe cũ,Xăng
16/10/2025,2014,Toyota Vios 1.5E,Lắp ráp trong nước,N/A,Sedan,180000,N/A,Xe cũ,Xăng
16/10/2025,2019,Honda City 1.5TOP,Lắp ráp trong nước,TP HCM,Sedan,83000,N/A,Xe cũ,Xăng
16/10/2025,2022,Toyota Corolla altis 1.8V,Nhập khẩu,Hà Nội,Sedan,38000,N/A,Xe cũ,Xăng
16/10/2025,2015,Chevrolet Aveo LTZ 1.5 AT,Lắp ráp trong nước,TP,Sedan,20000,N/A,Xe cũ,Xăng
16/10/2025,2017,Kia Sorento DATH,Lắp ráp trong nước,N/A,SUV,111000,N/A,Xe cũ,Dầu
16/10/2025,2023,Kia Carnival Signature 2.2D,Lắp ráp trong nước,Hà Nội,Van/Minivan,33000,N/A,Xe cũ,Dầu
16/10/2025,2013,Honda CRV 2.4 AT,Lắp ráp trong nước,TP HCM,SUV,38000,N/A,Xe cũ,Xăng
16/10/2025,2010,Lexus GX 460,Nhập khẩu,N/A,SUV,100000,N/A,Xe cũ,Xăng
16/10/2025,2018,Ford Ranger Wildtrak 2.0L 4x4 AT,Nhập khẩu,Hà Nội,Bán tải / Pickup,96000,N/A,Xe cũ,Dầu
16/10/2025,2019,VinFast Lux A 2.0 Base 2.0 AT,Lắp ráp trong nước,Hà Nội,Sedan,115000,N/A,Xe cũ,Xăng
16/10/2025,2025,Kia Carnival Signature 2.2D,Lắp ráp trong nước,Hà Nội,Van/Minivan,3000,N/A,Xe cũ,Dầu
16/10/2025,2025,Mazda CX8 Premium 2.5 AT,Lắp ráp trong nước,Hà Nội,SUV,N/A,N/A,Xe mới,Xăng
16/10/2025,2018,Mazda 3 1.5 AT,Lắp ráp trong nước,N/A,Sedan,12000,N/A,Xe cũ,Xăng
16/10/2025,2024,Mitsubishi Triton Athlete 4WD AT,Nhập khẩu,TP HCM,Bán tải / Pickup,15000,N/A,Xe cũ,Dầu
16/10/2025,2023,Mitsubishi Attrage 1.2 MT,Nhập khẩu,N/A,Sedan,60000,N/A,Xe cũ,Xăng
16/10/2025,2022,Mitsubishi Outlander 2.0 CVT,Lắp ráp trong nước,Hà Nội,SUV,65000,N/A,Xe cũ,Xăng
16/10/2025,2015,Ford Ranger XLS 2.2L 4x2 AT,Nhập khẩu,Hà Nội,Bán tải / Pickup,0,N/A,Xe cũ,Dầu
16/10/2025,2014,LandRover Range Rover HSE 3.0,Nhập khẩu,TP HCM,SUV,56000,N/A,Xe cũ,Xăng
16/10/2025,2024,Volkswagen Viloran Luxury,Nhập khẩu,TP HCM,Van/Minivan,10000,N/A,Xe cũ,Xăng
16/10/2025,2021,Volvo S90 Inscription T6 AWD,Nhập khẩu,Hà Nội,Sedan,0,N/A,Xe cũ,Xăng
16/10/2025,2025,Lexus LX 600 Vip,Nhập khẩu,Hà Nội,SUV,N/A,N/A,Xe mới,Xăng
16/10/2025,2019,Hyundai Elantra Sport 1.6 AT,Lắp ráp trong nước,TP HCM,Sedan,44000,N/A,Xe cũ,Xăng
16/10/2025,2019,Honda City 1.5TOP,Lắp ráp trong nước,TP HCM,Sedan,83000,N/A,Xe cũ,Xăng
16/10/2025,2015,Ford Everest Trend 2.2L 4x2 AT,Nhập khẩu,TP HCM,SUV,92000,N/A,Xe cũ,Dầu
16/10/2025,2017,Kia Sorento DATH,Lắp ráp trong nước,N/A,SUV,111000,N/A,Xe cũ,Dầu
16/10/2025,2020,Mercedes Benz GLC 300 4Matic,Lắp ráp trong nước,Hà Nội,SUV,71000,N/A,Xe cũ,Xăng
16/10/2025,2020,Kia Soluto 1.4 AT Deluxe,Lắp ráp trong nước,Hà Nội,Sedan,56000,N/A,Xe cũ,Xăng
16/10/2025,2014,Jaguar XF 2.0 AT,Nhập khẩu,TP HCM,Sedan,125000,N/A,Xe cũ,Xăng
16/10/2025,2021,Mitsubishi Attrage Premium 1.2 CVT,Nhập khẩu,TP HCM,Sedan,27000,N/A,Xe cũ,Xăng
16/10/2025,2016,BMW 5 Series 520i,Nhập khẩu,Hà Nội,Sedan,128000,N/A,Xe cũ,Xăng
16/10/2025,2018,Toyota Vios 1.5G,Lắp ráp trong nước,Hà Nội,Sedan,62000,N/A,Xe cũ,Xăng
16/10/2025,2025,Kia Carnival Signature 2.2D,Lắp ráp trong nước,Hà Nội,Van/Minivan,3000,N/A,Xe cũ,Dầu
16/10/2025,2025,Mazda CX8 Premium 2.5 AT,Lắp ráp trong nước,Hà Nội,SUV,N/A,N/A,Xe mới,Xăng
16/10/2025,2018,Mazda 3 1.5 AT,Lắp ráp trong nước,N/A,Sedan,12000,N/A,Xe cũ,Xăng
16/10/2025,2016,Toyota Fortuner 2.5G,Lắp ráp trong nước,TP HCM,SUV,178000,N/A,Xe cũ,Dầu
16/10/2025,2015,Ford Ranger Wildtrak 3.2L 4x4 AT,Nhập khẩu,N/A,Bán tải / Pickup,130000,N/A,Xe cũ,Dầu
16/10/2025,2022,Toyota Vios G 1.5 CVT,Lắp ráp trong nước,TP,Sedan,86000,N/A,Xe cũ,Xăng
16/10/2025,2023,Mitsubishi Attrage 1.2 MT,Nhập khẩu,N/A,Sedan,60000,N/A,Xe cũ,Xăng
16/10/2025,2014,LandRover Range Rover HSE 3.0,Nhập khẩu,TP HCM,SUV,56000,N/A,Xe cũ,Xăng
16/10/2025,2021,Hyundai Accent 1.4 AT Đặc Biệt,Lắp ráp trong nước,Hà Nội,Sedan,76000,N/A,Xe cũ,Xăng
16/10/2025,2024,Volkswagen Viloran Luxury,Nhập khẩu,TP HCM,Van/Minivan,10000,N/A,Xe cũ,Xăng
16/10/2025,2019,VinFast Lux SA 2.0 Premium 2.0 AT,Lắp ráp trong nước,Hà Nội,SUV,80000,N/A,Xe cũ,Xăng
16/10/2025,2019,Hyundai Elantra Sport 1.6 AT,Lắp ráp trong nước,TP HCM,Sedan,44000,N/A,Xe cũ,Xăng
16/10/2025,2016,Toyota Fortuner 2.7V 4x2 AT,Nhập khẩu,TP HCM,SUV,96000,N/A,Xe cũ,Xăng
16/10/2025,2015,Ford Everest Trend 2.2L 4x2 AT,Nhập khẩu,TP HCM,SUV,92000,N/A,Xe cũ,Dầu
16/10/2025,2021,Honda Brio RS,Nhập khẩu,N/A,Hatchback,0,N/A,Xe cũ,Xăng
16/10/2025,2025,Hyundai Accent Cao cấp 1.5 AT,Lắp ráp trong nước,N/A,Sedan,N/A,N/A,Xe mới,Xăng
16/10/2025,2016,Honda City 1.5 AT,Lắp ráp trong nước,Hà Nội,Sedan,91000,N/A,Xe cũ,Xăng
16/10/2025,2022,Mitsubishi Outlander 2.0 CVT,Lắp ráp trong nước,TP HCM,SUV,15000,N/A,Xe cũ,Xăng
16/10/2025,2022,Toyota Camry 2.5Q,Nhập khẩu,TP HCM,Sedan,90000,N/A,Xe cũ,Xăng
16/10/2025,2017,Audi A6 1.8 TFSI,Nhập khẩu,Hà Nội,Sedan,110000,N/A,Xe cũ,Xăng
16/10/2025,2018,Toyota Corolla altis 1.8G AT,Lắp ráp trong nước,N/A,Sedan,0,N/A,Xe cũ,Xăng
16/10/2025,2023,Hyundai Accent 1.4 AT,Lắp ráp trong nước,Đà Nẵng,Sedan,41000,N/A,Xe cũ,Xăng
16/10/2025,2019,Hyundai SantaFe Premium 2.4L HTRAC,Lắp ráp trong nước,Hà Nội,SUV,0,N/A,Xe cũ,Xăng
16/10/2025,2016,Mitsubishi Pajero Sport D 4x2 MT,Lắp ráp trong nước,N/A,SUV,320000,N/A,Xe cũ,Dầu
16/10/2025,2019,Honda City 1.5TOP,Lắp ráp trong nước,Hà Nội,Sedan,75000,N/A,Xe cũ,Xăng
16/10/2025,2018,Mazda CX5 2.5 AT 2WD,Lắp ráp trong nước,N/A,SUV,80000,N/A,Xe cũ,Xăng
16/10/2025,2021,Mitsubishi Attrage 1.2 MT,Nhập khẩu,Hà Nội,Sedan,72000,N/A,Xe cũ,Xăng
16/10/2025,2013,Toyota Innova 2.0E,Lắp ráp trong nước,Hà Nội,Crossover,150000,N/A,Xe cũ,Xăng
16/10/2025,2010,Daewoo Lacetti EX,Lắp ráp trong nước,Hà Nội,Sedan,90000,N/A,Xe cũ,Xăng
16/10/2025,2022,Hyundai Tucson 2.0 AT Đặc biệt,Lắp ráp trong nước,TP HCM,Crossover,67000,N/A,Xe cũ,Xăng
16/10/2025,2018,Hyundai Accent 1.4 ATH,Lắp ráp trong nước,Hà Nội,Sedan,91000,N/A,Xe cũ,Xăng
16/10/2025,2018,BMW 7 Series 730Li,Nhập khẩu,Hà Nội,Sedan,64000,N/A,Xe cũ,Xăng
16/10/2025,2021,Kia Sorento 2.4 GAT Premium,Lắp ráp trong nước,TP HCM,SUV,41000,N/A,Xe cũ,Xăng
16/10/2025,2019,Toyota Yaris 1.5G,Nhập khẩu,Hà Nội,Hatchback,75000,N/A,Xe cũ,Xăng
16/10/2025,2021,Honda Brio RS,Nhập khẩu,N/A,Hatchback,0,N/A,Xe cũ,Xăng
16/10/2025,2025,Hyundai Accent Cao cấp 1.5 AT,Lắp ráp trong nước,N/A,Sedan,N/A,N/A,Xe mới,Xăng
16/10/2025,2025,BYD Sealion 6 Dynamic,Nhập khẩu,N/A,Crossover,N/A,N/A,Xe mới,Hybrid
16/10/2025,2016,Honda City 1.5 AT,Lắp ráp trong nước,Hà Nội,Sedan,91000,N/A,Xe cũ,Xăng
16/10/2025,2022,Mitsubishi Outlander 2.0 CVT,Lắp ráp trong nước,TP HCM,SUV,15000,N/A,Xe cũ,Xăng
16/10/2025,2023,Kia Sonet Premium 1.5 AT,Lắp ráp trong nước,N/A,Crossover,30000,N/A,Xe cũ,Xăng
16/10/2025,2007,Lexus GX 470,Nhập khẩu,TP,SUV,0,N/A,Xe cũ,Xăng
16/10/2025,2025,Mitsubishi Triton Premium 2WD AT,Nhập khẩu,Hà Nội,Bán tải / Pickup,N/A,N/A,Xe mới,Dầu
16/10/2025,2018,Toyota Corolla altis 1.8G AT,Lắp ráp trong nước,N/A,Sedan,0,N/A,Xe cũ,Xăng
16/10/2025,2016,Toyota Yaris 1.5G,Nhập khẩu,Hà Nội,Hatchback,90000,N/A,Xe cũ,Xăng
16/10/2025,2018,Ford Everest Titanium 2.0L 4x2 AT,Nhập khẩu,Hà Nội,SUV,100000,N/A,Xe cũ,Dầu
16/10/2025,2023,Hyundai Accent 1.4 AT,Lắp ráp trong nước,Đà Nẵng,Sedan,41000,N/A,Xe cũ,Xăng
16/10/2025,2016,Mitsubishi Pajero Sport D 4x2 MT,Lắp ráp trong nước,N/A,SUV,320000,N/A,Xe cũ,Dầu
16/10/2025,2025,Ford Ranger Wildtrak 2.0L 4x4 AT,Lắp ráp trong nước,TP HCM,Bán tải / Pickup,N/A,N/A,Xe mới,Dầu
16/10/2025,2019,Honda City 1.5TOP,Lắp ráp trong nước,Hà Nội,Sedan,75000,N/A,Xe cũ,Xăng
16/10/2025,2018,Mazda CX5 2.5 AT 2WD,Lắp ráp trong nước,N/A,SUV,80000,N/A,Xe cũ,Xăng
16/10/2025,2010,Daewoo Lacetti EX,Lắp ráp trong nước,Hà Nội,Sedan,90000,N/A,Xe cũ,Xăng
16/10/2025,2025,VinFast VF6 Plus,Lắp ráp trong nước,TP HCM,SUV,N/A,N/A,Xe mới,Điện
16/10/2025,2018,BMW 7 Series 730Li,Nhập khẩu,Hà Nội,Sedan,64000,N/A,Xe cũ,Xăng
16/10/2025,2024,Hyundai Accent 1.4 AT Đặc Biệt,Lắp ráp trong nước,N/A,Sedan,12000,N/A,Xe cũ,Xăng
16/10/2025,2016,Mercedes Benz C class C200,Lắp ráp trong nước,Hà Nội,Sedan,100000,N/A,Xe cũ,Xăng
16/10/2025,2022,Mitsubishi Outlander 2.0 CVT,Lắp ráp trong nước,Hà Nội,SUV,50000,N/A,Xe cũ,Xăng
16/10/2025,2018,Honda City 1.5TOP,Lắp ráp trong nước,Hà Nội,Sedan,65000,N/A,Xe cũ,Xăng
16/10/2025,2020,Toyota Innova 2.0E,Lắp ráp trong nước,TP HCM,Crossover,153000,N/A,Xe cũ,Xăng
16/10/2025,2025,Hyundai Custin Đặc Biệt 1.5T,Lắp ráp trong nước,TP HCM,Van/Minivan,N/A,N/A,Xe mới,Xăng
16/10/2025,2022,Toyota Fortuner 2.4L 4x2 AT,Lắp ráp trong nước,Đà Nẵng,SUV,14000,N/A,Xe cũ,Dầu
16/10/2025,2025,Toyota Vios E CVT,Lắp ráp trong nước,TP HCM,Sedan,13000,N/A,Xe cũ,Xăng
16/10/2025,2025,Toyota Land Cruiser 3.5 V6,Nhập khẩu,Hà Nội,SUV,N/A,N/A,Xe mới,Xăng
16/10/2025,2022,Mitsubishi Outlander 2.0 CVT,Lắp ráp trong nước,Hà Nội,SUV,50000,N/A,Xe cũ,Xăng
16/10/2025,2021,Hyundai i10 Grand 1.2 AT,Lắp ráp trong nước,N/A,Sedan,58000,N/A,Xe cũ,Xăng
16/10/2025,2022,Suzuki Ertiga Hybrid 1.5 AT,Nhập khẩu,Hà Nội,SUV,25000,N/A,Xe cũ,Hybrid
16/10/2025,2025,VinFast VF6 Eco,Lắp ráp trong nước,Hà Nội,SUV,N/A,N/A,Xe mới,Điện
16/10/2025,2019,Hyundai i10 Grand 1.2 AT,Lắp ráp trong nước,Hà Nội,Sedan,45000,N/A,Xe cũ,Xăng
16/10/2025,2010,Mercedes Benz E class E300,Lắp ráp trong nước,TP HCM,Sedan,82000,N/A,Xe cũ,Xăng
16/10/2025,2014,Thaco Towner,Lắp ráp trong nước,N/A,Truck,234567,N/A,Xe cũ,Xăng
16/10/2025,2019,Ford Everest Titanium 2.0L 4x4 AT,Nhập khẩu,Hà Nội,SUV,118000,N/A,Xe cũ,Dầu
16/10/2025,2021,VinFast Lux A 2.0 Premium 2.0 AT,Lắp ráp trong nước,Hà Nội,Sedan,32000,N/A,Xe cũ,Xăng
16/10/2025,2016,Mercedes Benz S class S400L,Lắp ráp trong nước,Hà Nội,Sedan,110000,N/A,Xe cũ,Xăng
16/10/2025,2019,Hyundai Accent 1.4 ATH,Lắp ráp trong nước,Hà Nội,Sedan,91000,N/A,Xe cũ,Xăng
16/10/2025,2025,VinFast VF3 Plus,Lắp ráp trong nước,Hà Nội,Hatchback,N/A,N/A,Xe mới,Điện
16/10/2025,2019,Kia Cerato 1.6 AT Luxury,Lắp ráp trong nước,Hà Nội,Sedan,65000,N/A,Xe cũ,Xăng
16/10/2025,2016,Mazda CX5 2.0 AT,Lắp ráp trong nước,N/A,SUV,0,N/A,Xe cũ,Xăng
16/10/2025,2009,Toyota Prado GX 2.7 AT,Nhập khẩu,Hà Nội,SUV,180000,N/A,Xe cũ,Xăng
16/10/2025,2020,VinFast Fadil 1.4 AT Plus,Lắp ráp trong nước,N/A,Hatchback,55000,N/A,Xe cũ,Xăng
16/10/2025,2015,Hyundai SantaFe 2.2L 4WD,Lắp ráp trong nước,Hà Nội,SUV,100000,N/A,Xe cũ,Dầu
16/10/2025,2024,BMW X3 sDrive20i,Lắp ráp trong nước,Hà Nội,SUV,23000,N/A,Xe cũ,Xăng
16/10/2025,2017,Nissan Sunny XV Premium S,Lắp ráp trong nước,Hà Nội,Sedan,80000,N/A,Xe cũ,Xăng
16/10/2025,2018,Mazda CX5 2.0 AT,Lắp ráp trong nước,TP,SUV,80000,N/A,Xe cũ,Xăng
16/10/2025,2019,Mercedes Benz E class E200 Sport,Lắp ráp trong nước,Hà Nội,Sedan,80000,N/A,Xe cũ,Xăng
16/10/2025,2017,Mercedes Benz GLC 300 4Matic,Lắp ráp trong nước,Hà Nội,SUV,0,N/A,Xe cũ,Xăng
16/10/2025,2012,Ford Everest Limited 2.5L 4x2 AT,Lắp ráp trong nước,Hà Nội,SUV,160000,N/A,Xe cũ,Dầu
16/10/2025,2023,MG ZS Luxury 1.5 AT 2WD,Nhập khẩu,Hà Nội,Crossover,17000,N/A,Xe cũ,Xăng
16/10/2025,2020,Kia Morning AT,Lắp ráp trong nước,Hà Nội,Hatchback,42000,N/A,Xe cũ,Xăng
16/10/2025,2021,Suzuki XL7 1.5 AT,Nhập khẩu,N/A,SUV,91000,N/A,Xe cũ,Xăng
16/10/2025,2021,Toyota Camry 2.0G,Nhập khẩu,Hà Nội,Sedan,85000,N/A,Xe cũ,Xăng
16/10/2025,2023,Ford Ranger Raptor 2.0L 4x4 AT,Nhập khẩu,Hà Nội,Bán tải / Pickup,40000,N/A,Xe cũ,Dầu
16/10/2025,2019,Honda City 1.5TOP,Lắp ráp trong nước,Hà Nội,Sedan,114630,N/A,Xe cũ,Xăng
16/10/2025,2025,MG HS 1.5T DEL,Nhập khẩu,Hà Nội,Crossover,N/A,N/A,Xe mới,Xăng
16/10/2025,2024,MG 5 Standard 1.5 AT,Nhập khẩu,TP HCM,Sedan,15000,N/A,Xe cũ,Xăng
16/10/2025,2021,Toyota Corolla altis 1.8G AT,Lắp ráp trong nước,N/A,Sedan,33000,N/A,Xe cũ,Xăng
16/10/2025,2024,Subaru Crosstrek 2.0 i-S EyeSight,Nhập khẩu,TP HCM,SUV,N/A,N/A,Xe mới,Xăng
16/10/2025,2025,Ford Ranger Wildtrak 2.0L 4x4 AT,Lắp ráp trong nước,Hà Nội,Bán tải / Pickup,N/A,N/A,Xe mới,Dầu
16/10/2025,2018,Ford Ranger Wildtrak 2.0L 4x4 AT,Nhập khẩu,TP HCM,Bán tải / Pickup,93000,N/A,Xe cũ,Dầu
16/10/2025,2022,Kia Carnival Luxury 2.2D,Lắp ráp trong nước,Hà Nội,Van/Minivan,48000,N/A,Xe cũ,Dầu
16/10/2025,2021,Suzuki Swift GLX 1.2 AT,Nhập khẩu,Hà Nội,Hatchback,20000,N/A,Xe cũ,Xăng
16/10/2025,2023,Toyota Avanza Premio 1.5 MT,Lắp ráp trong nước,tỉnh,SUV,80000,N/A,Xe cũ,Xăng
16/10/2025,2020,Porsche Macan 2.0,Nhập khẩu,TP HCM,SUV,56000,N/A,Xe cũ,Xăng
16/10/2025,2016,Hyundai i10 Grand 1.0 MT Base,Nhập khẩu,N/A,Hatchback,1234,N/A,Xe cũ,Xăng
16/10/2025,2018,Nissan Navara EL Premium R,Nhập khẩu,Hà Nội,Bán tải / Pickup,110000,N/A,Xe cũ,Dầu
16/10/2025,2019,Hyundai Kona 2.0 ATH,Lắp ráp trong nước,N/A,Crossover,92000,N/A,Xe cũ,Xăng
16/10/2025,2023,Ford Everest Sport 2.0L 4x2 AT,Nhập khẩu,TP HCM,SUV,38000,N/A,Xe cũ,Dầu
16/10/2025,2023,Honda CRV L,Lắp ráp trong nước,Hà Nội,SUV,20000,N/A,Xe cũ,Xăng
16/10/2025,2010,Toyota Hiace 2.7,Lắp ráp trong nước,Hà Nội,Van/Minivan,188199,N/A,Xe cũ,Xăng
16/10/2025,2025,Honda HRV e:HEV RS,Nhập khẩu,Hà Nội,Crossover,N/A,N/A,Xe mới,Hybrid
16/10/2025,2016,Mazda 6 2.0 AT,Lắp ráp trong nước,Hà Nội,Sedan,58000,N/A,Xe cũ,Xăng
16/10/2025,2020,Ford Ranger XLS 2.2L 4x2 AT,Nhập khẩu,N/A,Bán tải / Pickup,54000,N/A,Xe cũ,Dầu
16/10/2025,2022,Lexus ES 250,Nhập khẩu,Hà Nội,Sedan,40000,N/A,Xe cũ,Xăng
16/10/2025,2019,Mitsubishi Triton 4x2 AT,Nhập khẩu,N/A,Bán tải / Pickup,90000,N/A,Xe cũ,Dầu
16/10/2025,2019,Honda Brio RS,Nhập khẩu,Hà Nội,Hatchback,70000,N/A,Xe cũ,Xăng
16/10/2025,2024,Suzuki Jimny 1.5L 4x4 AT,Nhập khẩu,Hà Nội,SUV,N/A,N/A,Xe mới,Xăng
16/10/2025,2021,VinFast Lux A 2.0 2.0 AT,Lắp ráp trong nước,TP HCM,Sedan,70000,N/A,Xe cũ,Xăng
16/10/2025,2019,Toyota Innova 2.0E,Lắp ráp trong nước,TP HCM,Crossover,0,N/A,Xe cũ,Xăng
16/10/2025,2019,Honda City 1.5TOP,Lắp ráp trong nước,N/A,Sedan,80000,N/A,Xe cũ,Xăng
16/10/2025,2018,Nissan Navara EL Premium R,Nhập khẩu,Hà Nội,Bán tải / Pickup,110000,N/A,Xe cũ,Dầu
16/10/2025,2021,Audi Q5 45 TFSI Quattro,Nhập khẩu,Hà Nội,SUV,14000,N/A,Xe cũ,Xăng
16/10/2025,2022,Hyundai SantaFe Cao cấp 2.2L HTRAC,Lắp ráp trong nước,Hà Nội,SUV,48000,N/A,Xe cũ,Dầu
16/10/2025,2018,Peugeot 3008 1.6 AT,Lắp ráp trong nước,N/A,Crossover,49000,N/A,Xe cũ,Xăng
16/10/2025,2015,Mini Cooper S 5Dr,Nhập khẩu,TP HCM,Hatchback,55000,N/A,Xe cũ,Xăng
16/10/2025,2025,Lexus LX 600 Urban,Nhập khẩu,Hà Nội,SUV,N/A,N/A,Xe mới,Xăng
16/10/2025,2017,Mercedes Benz C class C200,Lắp ráp trong nước,TP HCM,Sedan,71000,N/A,Xe cũ,Xăng
16/10/2025,2025,Ford Everest Ambiente 2.0L 4x2 AT,Nhập khẩu,Hà Nội,SUV,N/A,N/A,Xe mới,Dầu
16/10/2025,2019,Mitsubishi Triton 4x2 AT,Nhập khẩu,N/A,Bán tải / Pickup,90000,N/A,Xe cũ,Dầu
16/10/2025,2022,Toyota Prado VX 2.7L,Nhập khẩu,Hà Nội,SUV,69500,N/A,Xe cũ,Xăng
16/10/2025,2023,VinFast VF8 Eco AWD,Lắp ráp trong nước,Hà Nội,SUV,52000,N/A,Xe cũ,Điện
16/10/2025,2022,Hyundai SantaFe Tiêu chuẩn 2.5L,Lắp ráp trong nước,Hà Nội,SUV,50000,N/A,Xe cũ,Xăng
16/10/2025,2020,Mazda 3 1.5L Luxury,Lắp ráp trong nước,Hà Nội,Sedan,0,N/A,Xe cũ,Xăng
16/10/2025,2025,Ford Ranger Wildtrak 2.0L 4x4 AT,Lắp ráp trong nước,Hà Nội,Bán tải / Pickup,N/A,N/A,Xe mới,Dầu
16/10/2025,2022,Mercedes Benz GLC 300 4Matic,Lắp ráp trong nước,Hà Nội,SUV,18000,N/A,Xe cũ,Xăng
16/10/2025,2022,Mitsubishi Triton Athlete 4x2 AT,Nhập khẩu,Hà Nội,Bán tải / Pickup,55000,N/A,Xe cũ,Dầu
16/10/2025,2025,Ford Ranger XLS 2.0L 4x2 AT,Lắp ráp trong nước,Hà Nội,Bán tải / Pickup,N/A,N/A,Xe mới,Dầu
16/10/2025,2019,Kia Morning Luxury,Lắp ráp trong nước,Hà Nội,Hatchback,60000,N/A,Xe cũ,Xăng
16/10/2025,2025,Ford Ranger Wildtrak 2.0L 4x4 AT,Lắp ráp trong nước,Hà Nội,Bán tải / Pickup,N/A,N/A,Xe mới,Dầu
16/10/2025,2025,Mitsubishi Xpander Cross 1.5 AT,Nhập khẩu,Hà Nội,SUV,N/A,N/A,Xe mới,Xăng
16/10/2025,2025,Ford Ranger XLS 2.0L 4x4 AT,Lắp ráp trong nước,Hà Nội,Bán tải / Pickup,N/A,N/A,Xe mới,Dầu
16/10/2025,2021,Audi Q5 45 TFSI Quattro,Nhập khẩu,Hà Nội,SUV,14000,N/A,Xe cũ,Xăng
16/10/2025,2018,Peugeot 3008 1.6 AT,Lắp ráp trong nước,N/A,Crossover,49000,N/A,Xe cũ,Xăng
16/10/2025,2022,Toyota Corolla Cross 1.8V,Nhập khẩu,Hà Nội,SUV,38000,N/A,Xe cũ,Xăng
16/10/2025,2023,Mazda CX5 Premium Exclusive 2.0 AT,Lắp ráp trong nước,N/A,SUV,40000,N/A,Xe cũ,Xăng
16/10/2025,2024,BMW 3 Series 330i M Sport,Lắp ráp trong nước,TP HCM,Sedan,N/A,N/A,Xe mới,Xăng
16/10/2025,2020,VinFast Lux A 2.0 Base 2.0 AT,Lắp ráp trong nước,Hà Nội,Sedan,90000,N/A,Xe cũ,Xăng
16/10/2025,2025,Ford Everest Ambiente 2.0L 4x2 AT,Nhập khẩu,Hà Nội,SUV,N/A,N/A,Xe mới,Dầu
16/10/2025,2021,LandRover Range Rover SVAutobiography LWB 3.0 I6,Nhập khẩu,Hà Nội,SUV,30000,N/A,Xe cũ,Xăng
16/10/2025,2025,VinFast VF9 Plus,Lắp ráp trong nước,Hà Nội,SUV,N/A,N/A,Xe mới,Điện
16/10/2025,2022,Toyota Prado VX 2.7L,Nhập khẩu,Hà Nội,SUV,69500,N/A,Xe cũ,Xăng
16/10/2025,2022,Hyundai SantaFe Tiêu chuẩn 2.5L,Lắp ráp trong nước,Hà Nội,SUV,50000,N/A,Xe cũ,Xăng
16/10/2025,2022,Mercedes Benz GLC 300 4Matic,Lắp ráp trong nước,Hà Nội,SUV,18000,N/A,Xe cũ,Xăng
16/10/2025,2023,Subaru Outback 2.5i-T EyeSight,Nhập khẩu,TP HCM,SUV,N/A,N/A,Xe mới,Xăng
16/10/2025,2025,Lexus LX 600 Urban,Nhập khẩu,Hà Nội,SUV,N/A,N/A,Xe mới,Xăng
16/10/2025,2025,Ford Ranger XLS 2.0L 4x2 AT,Lắp ráp trong nước,Hà Nội,Bán tải / Pickup,N/A,N/A,Xe mới,Dầu
16/10/2025,2024,Toyota Camry 2.5Q,Nhập khẩu,TP HCM,Sedan,10000,N/A,Xe cũ,Xăng
16/10/2025,2024,VinFast VF8 S,Lắp ráp trong nước,Hà Nội,SUV,0,N/A,Xe cũ,Điện
16/10/2025,2025,Toyota Land Cruiser 3.5 V6,Nhập khẩu,Hà Nội,SUV,N/A,N/A,Xe mới,Xăng
16/10/2025,2023,Kia Carnival Signature 3.5G,Lắp ráp trong nước,N/A,Van/Minivan,22000,N/A,Xe cũ,Xăng
16/10/2025,2025,Mitsubishi Xpander Premium 1.5 AT,Nhập khẩu,Hà Nội,SUV,N/A,N/A,Xe mới,Xăng
16/10/2025,2025,Toyota Alphard HEV 2.5 AT,Nhập khẩu,Hà Nội,Van/Minivan,N/A,N/A,Xe mới,Hybrid
16/10/2025,2025,Hyundai Accent Cao cấp 1.5 AT,Lắp ráp trong nước,Hà Nội,Sedan,0,N/A,Xe cũ,Xăng
16/10/2025,2025,Ford Territory Titanium X 1.5 AT,Lắp ráp trong nước,Hà Nội,SUV,N/A,N/A,Xe mới,Xăng
16/10/2025,2013,Mini Cooper 3Dr,Nhập khẩu,Hà Nội,Coupe,100000,N/A,Xe cũ,Xăng
16/10/2025,2024,Kia Seltos Premium 1.5 AT,Lắp ráp trong nước,Hà Nội,Crossover,4000,N/A,Xe cũ,Xăng
16/10/2025,2023,Kia Carnival Signature 2.2D,Lắp ráp trong nước,Hà Nội,Van/Minivan,28000,N/A,Xe cũ,Dầu
16/10/2025,2024,BMW 3 Series 330i M Sport,Lắp ráp trong nước,TP HCM,Sedan,N/A,N/A,Xe mới,Xăng
16/10/2025,2025,Lexus LX 600 F-Sport,Nhập khẩu,Hà Nội,SUV,N/A,N/A,Xe mới,Xăng
16/10/2025,2024,Toyota Camry 2.0Q,Nhập khẩu,Hà Nội,Sedan,9000,N/A,Xe cũ,Xăng
16/10/2025,2020,Toyota Fortuner 2.7V 4x2 AT,Nhập khẩu,Hà Nội,SUV,11000,N/A,Xe cũ,Xăng
16/10/2025,2021,Mercedes Benz E class E200 Exclusive,Lắp ráp trong nước,Hà Nội,Sedan,60000,N/A,Xe cũ,Xăng
16/10/2025,2025,Audi A6 S Line 40 TFSI,Nhập khẩu,Hà Nội,Sedan,N/A,N/A,Xe mới,Xăng
16/10/2025,2023,Lexus RX 350 Luxury,Nhập khẩu,Hà Nội,SUV,20000,N/A,Xe cũ,Xăng
16/10/2025,2022,Toyota Corolla Cross 1.8V,Nhập khẩu,Hà Nội,SUV,17000,N/A,Xe cũ,Xăng
16/10/2025,2013,Honda CRV 2.4 AT,Lắp ráp trong nước,Hà Nội,SUV,96000,N/A,Xe cũ,Xăng
16/10/2025,2025,Toyota Veloz Cross Top 1.5 CVT,Lắp ráp trong nước,Hà Nội,SUV,N/A,N/A,Xe mới,Xăng
16/10/2025,2023,Ford Transit Tiêu chuẩn,Lắp ráp trong nước,Hà Nội,Van/Minivan,80000,N/A,Xe cũ,Dầu
16/10/2025,2025,Mazda 3 1.5L Luxury,Lắp ráp trong nước,TP HCM,Sedan,N/A,N/A,Xe mới,Xăng
16/10/2025,2020,Kia Sorento Signature 2.2 AT AWD,Lắp ráp trong nước,TP HCM,SUV,78000,N/A,Xe cũ,Dầu
16/10/2025,2019,Hyundai Tucson 2.0 AT CRDi,Lắp ráp trong nước,Hà Nội,Crossover,60000,N/A,Xe cũ,Dầu
16/10/2025,2021,Peugeot 3008 AL,Lắp ráp trong nước,TP,Crossover,64000,N/A,Xe cũ,Xăng
16/10/2025,2024,Honda CRV e:HEV RS,Nhập khẩu,Hà Nội,SUV,35000,N/A,Xe cũ,Hybrid
16/10/2025,2025,Hyundai Accent Cao cấp 1.5 AT,Lắp ráp trong nước,Hà Nội,Sedan,0,N/A,Xe cũ,Xăng
16/10/2025,2025,Hyundai Accent Đặc biệt 1.5 AT,Lắp ráp trong nước,Hà Nội,Sedan,N/A,N/A,Xe mới,Xăng
16/10/2025,2025,Hyundai Creta Tiêu chuẩn 1.5 AT,Lắp ráp trong nước,Hà Nội,SUV,N/A,N/A,Xe mới,Xăng
16/10/2025,2016,Lexus RX 350,Nhập khẩu,Hà Nội,SUV,130000,N/A,Xe cũ,Xăng
16/10/2025,2023,Mercedes Benz S class S450 4Matic Luxury,Nhập khẩu,TP HCM,Sedan,30,N/A,Xe cũ,Xăng
16/10/2025,2022,Kia Carens 1.5G Luxury,Lắp ráp trong nước,TP,SUV,45000,N/A,Xe cũ,Xăng
16/10/2025,2021,Kia Morning X-Line,Lắp ráp trong nước,N/A,Hatchback,480088,N/A,Xe cũ,Xăng
16/10/2025,2023,Mercedes Benz GLC 200 4Matic,Lắp ráp trong nước,Hà Nội,SUV,20000,N/A,Xe cũ,Hybrid
16/10/2025,2025,Mazda 2 1.5 AT,Nhập khẩu,TP HCM,Sedan,N/A,N/A,Xe mới,Xăng
16/10/2025,2025,Ford Everest Titanium 2.0L 4x2 AT,Nhập khẩu,Hà Nội,SUV,N/A,N/A,Xe mới,Dầu
16/10/2025,2024,Kia Soluto 1.4 AT Luxury,Lắp ráp trong nước,N/A,Sedan,18000,N/A,Xe cũ,Xăng
16/10/2025,2025,Ford Everest Platinum 2.0L 4x4 AT,Nhập khẩu,Hà Nội,SUV,5000,N/A,Xe cũ,Dầu
16/10/2025,2011,Kia Carens EXMT,Lắp ráp trong nước,N/A,Crossover,0,N/A,Xe cũ,Xăng
16/10/2025,2023,Mercedes Benz E class E200 Exclusive,Lắp ráp trong nước,Hà Nội,Sedan,1300,N/A,Xe cũ,Hybrid
16/10/2025,2022,Mercedes Benz S class S450 4Matic Luxury,Nhập khẩu,TP HCM,Sedan,36000,N/A,Xe cũ,Xăng
16/10/2025,2025,Suzuki XL7 Hybrid 1.5 AT,Nhập khẩu,Hà Nội,SUV,1900,N/A,Xe cũ,Hybrid
16/10/2025,2015,BMW 5 Series 520i,Nhập khẩu,Hà Nội,Sedan,77000,N/A,Xe cũ,Xăng
16/10/2025,2024,Volkswagen Teramont X Platinum 2.0 AT,Nhập khẩu,TP HCM,SUV,6000,N/A,Xe cũ,Xăng
16/10/2025,2022,Hyundai Tucson 2.0 AT Đặc biệt,Lắp ráp trong nước,Hà Nội,Crossover,60000,N/A,Xe cũ,Xăng
16/10/2025,2024,Mercedes Benz GLC 300 4Matic,Lắp ráp trong nước,Hà Nội,SUV,16000,N/A,Xe cũ,Hybrid
16/10/2025,2008,Mercedes Benz GL 450 4Matic,Nhập khẩu,TP HCM,SUV,89800,N/A,Xe cũ,Xăng
16/10/2025,2016,Chevrolet Trax 1.4 LT,Nhập khẩu,TP HCM,SUV,50000,N/A,Xe cũ,Xăng
16/10/2025,2008,Porsche Cayenne GTS,Nhập khẩu,Hà Nội,SUV,0,N/A,Xe cũ,Xăng
16/10/2025,2023,Mazda 3 1.5L Luxury,Lắp ráp trong nước,N/A,Sedan,12000,N/A,Xe cũ,Xăng
16/10/2025,2019,Hyundai i10 Grand 1.2 MT,Lắp ráp trong nước,Hà Nội,Sedan,100000,N/A,Xe cũ,Xăng
16/10/2025,2024,Mitsubishi Xpander Cross 1.5 AT,Nhập khẩu,Hà Nội,SUV,28000,N/A,Xe cũ,Xăng
16/10/2025,2021,Mercedes Benz GLC 300 4Matic,Lắp ráp trong nước,Hà Nội,SUV,57453,N/A,Xe cũ,Xăng
16/10/2025,2022,Mercedes Benz C class C200 Avantgarde,Lắp ráp trong nước,Hà Nội,Sedan,40000,N/A,Xe cũ,Xăng
16/10/2025,2013,Lexus LX 570,Nhập khẩu,Hà Nội,SUV,10000,N/A,Xe cũ,Xăng
16/10/2025,2015,Mercedes Benz C class C300 AMG,Lắp ráp trong nước,TP HCM,Sedan,80000,N/A,Xe cũ,Xăng
16/10/2025,2016,Mercedes Benz GLC 250 4Matic,Lắp ráp trong nước,Hà Nội,SUV,71000,N/A,Xe cũ,Xăng
16/10/2025,2019,Toyota Prado VX 2.7L,Nhập khẩu,TP HCM,SUV,80000,N/A,Xe cũ,Xăng
16/10/2025,2016,Mitsubishi Pajero Sport D 4x2 MT,Lắp ráp trong nước,TP HCM,SUV,80000,N/A,Xe cũ,Dầu
16/10/2025,2017,Hyundai i10 Grand 1.2 AT,Nhập khẩu,Hà Nội,Hatchback,43000,N/A,Xe cũ,Xăng
16/10/2025,2015,Cadillac Escalade ESV Platinum,Nhập khẩu,Hà Nội,SUV,0,N/A,Xe cũ,Xăng
16/10/2025,2020,Mercedes Benz S class S450L,Lắp ráp trong nước,TP HCM,Sedan,60000,N/A,Xe cũ,Xăng
16/10/2025,2016,Toyota Sienna Limited 3.5,Nhập khẩu,TP HCM,Van/Minivan,0,N/A,Xe cũ,Xăng
16/10/2025,2021,VinFast Lux A 2.0 Base 2.0 AT,Lắp ráp trong nước,N/A,Sedan,81000,N/A,Xe cũ,Xăng
16/10/2025,2019,Isuzu MU-X 1.9 4X2 MT,Nhập khẩu,Hà Nội,SUV,170000,N/A,Xe cũ,Dầu
16/10/2025,2020,Mercedes Benz C class C180,Lắp ráp trong nước,Hà Nội,Sedan,50000,N/A,Xe cũ,Xăng
16/10/2025,2024,Kia Carnival Signature 2.2D,Lắp ráp trong nước,TP HCM,Van/Minivan,29000,N/A,Xe cũ,Dầu
16/10/2025,2022,Mercedes Benz E class E200 Exclusive,Lắp ráp trong nước,Hà Nội,Sedan,26000,N/A,Xe cũ,Hybrid
16/10/2025,2015,Mercedes Benz C class C250 Exclusive,Lắp ráp trong nước,TP HCM,Sedan,1,N/A,Xe cũ,Xăng
16/10/2025,2022,Mitsubishi Outlander 2.0 CVT,Lắp ráp trong nước,Hà Nội,SUV,20000,N/A,Xe cũ,Xăng
16/10/2025,2012,Ford Focus 1.8 AT,Lắp ráp trong nước,TP HCM,Hatchback,60000,N/A,Xe cũ,Xăng
16/10/2025,2023,Ford Everest Titanium Plus 2.0L 4x4 AT,Nhập khẩu,Hà Nội,SUV,37000,N/A,Xe cũ,Dầu
16/10/2025,2021,Kia Seltos Premium 1.4 AT,Lắp ráp trong nước,Hà Nội,Crossover,58000,N/A,Xe cũ,Xăng
16/10/2025,2025,Isuzu Dmax Hi Lander 1.9L 4x2 AT,Nhập khẩu,Hà Nội,Bán tải / Pickup,N/A,N/A,Xe mới,Dầu
16/10/2025,2021,Toyota Vios G 1.5 CVT,Lắp ráp trong nước,TP,Sedan,48140,N/A,Xe cũ,Xăng
16/10/2025,2014,LandRover Range Rover Evoque Dynamic,Nhập khẩu,TP HCM,SUV,78000,N/A,Xe cũ,Xăng
16/10/2025,2025,Toyota Avanza Premio 1.5 AT,Lắp ráp trong nước,N/A,SUV,N/A,N/A,Xe mới,Xăng
16/10/2025,2022,Mercedes Benz GLC 200 4Matic,Lắp ráp trong nước,N/A,SUV,29000,N/A,Xe cũ,Xăng
16/10/2025,2020,Toyota Prado VX 2.7L,Nhập khẩu,TP HCM,SUV,100000,N/A,Xe cũ,Xăng
16/10/2025,2012,Kia Morning Van 1.0 AT,Nhập khẩu,Hà Nội,Van/Minivan,120000,N/A,Xe cũ,Xăng
16/10/2025,2021,Lexus RX 300,Nhập khẩu,Hà Nội,SUV,47000,N/A,Xe cũ,Xăng
16/10/2025,2021,Ford Everest Titanium 2.0L 4x4 AT,Nhập khẩu,Hà Nội,SUV,70000,N/A,Xe cũ,Dầu
16/10/2025,2025,VinFast Herio Green AT,Lắp ráp trong nước,TP HCM,SUV,N/A,N/A,Xe mới,Điện
16/10/2025,2016,Iveco Hongyan,Nhập khẩu,Hà Nội,Truck,0,N/A,Xe cũ,Dầu
16/10/2025,2022,Kia Carnival Premium 2.2D,Lắp ráp trong nước,TP HCM,Van/Minivan,90000,N/A,Xe cũ,Dầu
16/10/2025,2022,Mercedes Benz V class V250 Luxury,Nhập khẩu,TP HCM,Van/Minivan,40000,N/A,Xe cũ,Xăng
16/10/2025,2017,Mercedes Benz C class C300 AMG,Lắp ráp trong nước,N/A,Sedan,0,N/A,Xe cũ,Xăng
16/10/2025,2021,Jeep Wrangler Sport 2.0 4x4 AT,Nhập khẩu,Hà Nội,SUV,48000,N/A,Xe cũ,Xăng
16/10/2025,2025,Lexus LX 600 Urban,Nhập khẩu,Hà Nội,SUV,N/A,N/A,Xe mới,Xăng
16/10/2025,2019,Kenbo Van 650Kg,Lắp ráp trong nước,N/A,Van/Minivan,68000,N/A,Xe cũ,Xăng
16/10/2025,2020,Kia Cerato 1.6 AT Luxury,Lắp ráp trong nước,N/A,Sedan,39000,N/A,Xe cũ,Xăng
16/10/2025,2023,Hyundai SantaFe Cao cấp 2.2L HTRAC,Lắp ráp trong nước,Hà Nội,SUV,41000,N/A,Xe cũ,Dầu
16/10/2025,2021,Mitsubishi Triton 4x2 AT Mivec,Nhập khẩu,Hà Nội,Bán tải / Pickup,98000,N/A,Xe cũ,Dầu
16/10/2025,2025,VinFast VF3 Plus,Lắp ráp trong nước,Hà Nội,Hatchback,N/A,N/A,Xe mới,Điện
16/10/2025,2015,LandRover Range Rover HSE 3.0,Nhập khẩu,Hà Nội,SUV,90000,N/A,Xe cũ,Xăng
16/10/2025,2025,Toyota Avanza Premio 1.5 AT,Lắp ráp trong nước,N/A,SUV,N/A,N/A,Xe mới,Xăng
16/10/2025,2016,Lexus GX 460,Nhập khẩu,TP HCM,SUV,68000,N/A,Xe cũ,Xăng
16/10/2025,2022,VinFast Lux A 2.0 Tiêu chuẩn,Lắp ráp trong nước,Hà Nội,Sedan,60000,N/A,Xe cũ,Xăng
16/10/2025,2018,Lexus LX 570,Nhập khẩu,Hà Nội,SUV,70000,N/A,Xe cũ,Xăng
16/10/2025,2025,Toyota Yaris Cross 1.5 D-CVT,Nhập khẩu,Hà Nội,SUV,N/A,N/A,Xe mới,Xăng
16/10/2025,2019,Honda HRV L,Nhập khẩu,Hà Nội,Crossover,38000,N/A,Xe cũ,Xăng
16/10/2025,2015,Toyota Fortuner 2.7V 4x2 AT,Lắp ráp trong nước,Hà Nội,SUV,13000,N/A,Xe cũ,Xăng
16/10/2025,2021,Toyota Wigo 1.2 AT,Nhập khẩu,Hà Nội,Hatchback,0,N/A,Xe cũ,Xăng
16/10/2025,2022,Kia Carnival Premium 2.2D,Lắp ráp trong nước,Hà Nội,Van/Minivan,76000,N/A,Xe cũ,Dầu
16/10/2025,2018,Mercedes Benz GLC 250 4Matic,Lắp ráp trong nước,Hà Nội,SUV,28000,N/A,Xe cũ,Xăng
16/10/2025,2025,MG HS 1.5T LUX,Nhập khẩu,Hà Nội,Crossover,N/A,N/A,Xe mới,Xăng
16/10/2025,2016,Toyota Fortuner TRD Sportivo 4x2 AT,Lắp ráp trong nước,TP HCM,SUV,73000,N/A,Xe cũ,Xăng
16/10/2025,2018,Mercedes Benz Maybach S450 4Matic,Nhập khẩu,Hà Nội,Sedan,40000,N/A,Xe cũ,Xăng
16/10/2025,2022,Toyota Veloz Cross 1.5 CVT,Nhập khẩu,Cần Thơ,SUV,52000,N/A,Xe cũ,Xăng
16/10/2025,2017,Chevrolet Cruze LT 1.6L,Lắp ráp trong nước,N/A,Sedan,13000,N/A,Xe cũ,Xăng
16/10/2025,2021,Ford Ranger XLS 2.2L 4x2 AT,Nhập khẩu,Hà Nội,Bán tải / Pickup,90000,N/A,Xe cũ,Dầu
16/10/2025,2007,Lexus LS 460L,Nhập khẩu,Hà Nội,Sedan,125000,N/A,Xe cũ,Xăng
16/10/2025,2023,BMW 4 Series 430i Gran Coupe M Sport,Nhập khẩu,Hà Nội,Coupe,N/A,N/A,Xe mới,Xăng
16/10/2025,2023,Kia Carnival Signature 2.2D,Lắp ráp trong nước,Hà Nội,Van/Minivan,46000,N/A,Xe cũ,Dầu
16/10/2025,2025,Hyundai Tucson 2.0 AT Đặc biệt,Lắp ráp trong nước,Hà Nội,Crossover,N/A,N/A,Xe mới,Xăng
16/10/2025,2025,Toyota Land Cruiser 3.5 V6,Nhập khẩu,Hà Nội,SUV,N/A,N/A,Xe mới,Xăng
16/10/2025,2021,Kia Morning GT-Line,Lắp ráp trong nước,N/A,Hatchback,40000,N/A,Xe cũ,Xăng
16/10/2025,2022,VinFast Lux A 2.0 Tiêu chuẩn,Lắp ráp trong nước,Hà Nội,Sedan,60000,N/A,Xe cũ,Xăng
16/10/2025,2017,Volkswagen Tiguan Allspace,Nhập khẩu,Hà Nội,SUV,90000,N/A,Xe cũ,Xăng
16/10/2025,2022,Toyota Prado VX 2.7L,Nhập khẩu,Hà Nội,SUV,70000,N/A,Xe cũ,Xăng
16/10/2025,2015,Toyota Fortuner 2.7V 4x2 AT,Lắp ráp trong nước,Hà Nội,SUV,13000,N/A,Xe cũ,Xăng
16/10/2025,2021,Toyota Wigo 1.2 AT,Nhập khẩu,Hà Nội,Hatchback,0,N/A,Xe cũ,Xăng
16/10/2025,2018,Suzuki Celerio 1.0 MT,Nhập khẩu,TP HCM,Hatchback,90000,N/A,Xe cũ,Xăng
16/10/2025,2018,Mercedes Benz GLC 250 4Matic,Lắp ráp trong nước,Hà Nội,SUV,28000,N/A,Xe cũ,Xăng
16/10/2025,2016,Toyota Fortuner TRD Sportivo 4x2 AT,Lắp ráp trong nước,TP HCM,SUV,73000,N/A,Xe cũ,Xăng
16/10/2025,2022,Toyota Veloz Cross 1.5 CVT,Nhập khẩu,Cần Thơ,SUV,52000,N/A,Xe cũ,Xăng
16/10/2025,2013,Hyundai Grand Starex 2.5 MT,Nhập khẩu,Hà Nội,Van/Minivan,0,N/A,Xe cũ,Dầu
16/10/2025,2023,BMW 4 Series 430i Gran Coupe M Sport,Nhập khẩu,Hà Nội,Coupe,N/A,N/A,Xe mới,Xăng
16/10/2025,2016,Mercedes Benz GLC 300 4Matic,Lắp ráp trong nước,TP HCM,SUV,62000,N/A,Xe cũ,Xăng
16/10/2025,2021,Toyota Fortuner 2.4G 4x2 AT,Lắp ráp trong nước,Hà Nội,SUV,103000,N/A,Xe cũ,Dầu
16/10/2025,2025,Lexus GX 550 Luxury,Nhập khẩu,Hà Nội,SUV,N/A,N/A,Xe mới,Xăng
16/10/2025,2023,Mazda 3 1.5L Sport Premium,Lắp ráp trong nước,Hà Nội,Hatchback,8796,N/A,Xe cũ,Xăng
16/10/2025,2013,Toyota Fortuner 2.7V 4x2 AT,Lắp ráp trong nước,Hà Nội,SUV,130000,N/A,Xe cũ,Xăng
16/10/2025,2025,Hyundai Tucson 2.0 AT Đặc biệt,Lắp ráp trong nước,Hà Nội,Crossover,N/A,N/A,Xe mới,Xăng
16/10/2025,2025,Ford Ranger Raptor 2.0L 4x4 AT,Nhập khẩu,Hà Nội,Bán tải / Pickup,N/A,N/A,Xe mới,Dầu
16/10/2025,2023,Hyundai Elantra 1.6 AT Tiêu chuẩn,Lắp ráp trong nước,N/A,Sedan,16000,N/A,Xe cũ,Xăng
16/10/2025,2021,Kia Morning GT-Line,Lắp ráp trong nước,N/A,Hatchback,40000,N/A,Xe cũ,Xăng
16/10/2025,2017,Volkswagen Tiguan Allspace,Nhập khẩu,Hà Nội,SUV,90000,N/A,Xe cũ,Xăng
16/10/2025,2022,Toyota Prado VX 2.7L,Nhập khẩu,Hà Nội,SUV,70000,N/A,Xe cũ,Xăng
16/10/2025,2023,Ford Everest Titanium 2.0L 4x2 AT,Nhập khẩu,Hà Nội,SUV,45000,N/A,Xe cũ,Dầu
16/10/2025,2025,Hyundai Tucson 2.0 AT Đặc biệt,Lắp ráp trong nước,N/A,Crossover,1000,N/A,Xe cũ,Xăng
16/10/2025,2022,Lexus RX 300,Nhập khẩu,Hà Nội,SUV,2200,N/A,Xe cũ,Xăng
16/10/2025,2025,Ford Everest Titanium Plus 2.0L 4x4 AT,Nhập khẩu,TP HCM,SUV,N/A,N/A,Xe mới,Dầu
16/10/2025,2024,Toyota Prado LC250 2.4L,Nhập khẩu,TP HCM,SUV,N/A,N/A,Xe mới,Xăng
16/10/2025,2024,VinFast VF9 Plus,Lắp ráp trong nước,Hà Nội,SUV,5000,N/A,Xe cũ,Điện
16/10/2025,2010,Porsche Panamera 3.6 V6,Nhập khẩu,TP HCM,Sedan,0,N/A,Xe cũ,Xăng
16/10/2025,2019,Toyota Prado VX 2.7L,Nhập khẩu,Hà Nội,SUV,110000,N/A,Xe cũ,Xăng
16/10/2025,2018,BMW 7 Series 740Li,Nhập khẩu,Hà Nội,Sedan,60000,N/A,Xe cũ,Xăng
16/10/2025,2025,Mazda 2 Sport Luxury,Nhập khẩu,TP,Hatchback,N/A,N/A,Xe mới,Xăng
16/10/2025,2017,Suzuki Swift 1.4 AT,Lắp ráp trong nước,Hà Nội,Hatchback,70000,N/A,Xe cũ,Xăng
16/10/2025,2025,VinFast VF6 Eco,Lắp ráp trong nước,TP HCM,SUV,N/A,N/A,Xe mới,Điện
16/10/2025,2025,BYD Dolphin GLX,Nhập khẩu,Hà Nội,Hatchback,N/A,N/A,Xe mới,Điện
16/10/2025,2020,Mazda BT50 Luxury 2.2L 4x2 AT,Nhập khẩu,Hà Nội,Bán tải / Pickup,70000,N/A,Xe cũ,Dầu
16/10/2025,2012,Porsche Cayenne 3.6 V6,Nhập khẩu,Hà Nội,SUV,100000,N/A,Xe cũ,Xăng
16/10/2025,2025,Hyundai Custin Cao Cấp 2.0T,Lắp ráp trong nước,TP HCM,Van/Minivan,10000,N/A,Xe cũ,Xăng
16/10/2025,2025,Hyundai Creta N Line 1.5 AT,Lắp ráp trong nước,TP HCM,SUV,N/A,N/A,Xe mới,Xăng
16/10/2025,2025,Toyota Vios G 1.5 CVT,Lắp ráp trong nước,TP,Sedan,N/A,N/A,Xe mới,Xăng
16/10/2025,2024,Ford Explorer Limited 2.3L EcoBoost,Nhập khẩu,TP HCM,SUV,N/A,N/A,Xe mới,Xăng
16/10/2025,2012,Honda CRV 2.4 AT,Lắp ráp trong nước,Hà Nội,SUV,100000,N/A,Xe cũ,Xăng
16/10/2025,2020,Bentley Bentayga 4.0 V8,Nhập khẩu,Hà Nội,SUV,1300,N/A,Xe cũ,Xăng
16/10/2025,2023,Lynk & Co 01 Hyper Pro,Nhập khẩu,Hà Nội,SUV,27000,N/A,Xe cũ,Xăng
16/10/2025,2024,Toyota Prado LC250 2.4L,Nhập khẩu,TP HCM,SUV,N/A,N/A,Xe mới,Xăng
16/10/2025,2020,Mercedes Benz S class S450L,Lắp ráp trong nước,Hà Nội,Sedan,50000,N/A,Xe cũ,Xăng
16/10/2025,2024,VinFast VF9 Plus,Lắp ráp trong nước,Hà Nội,SUV,5000,N/A,Xe cũ,Điện
16/10/2025,2025,Honda BR V L,Nhập khẩu,Hà Nội,SUV,N/A,N/A,Xe mới,Xăng
16/10/2025,2023,Hyundai Accent 1.4 AT,Lắp ráp trong nước,N/A,Sedan,51000,N/A,Xe cũ,Xăng
16/10/2025,2019,Toyota Yaris 1.5G,Nhập khẩu,Hà Nội,Hatchback,60000,N/A,Xe cũ,Xăng
16/10/2025,2025,VinFast VF6 Eco,Lắp ráp trong nước,TP HCM,SUV,N/A,N/A,Xe mới,Điện
16/10/2025,2023,VinFast VF8 Plus AWD,Lắp ráp trong nước,N/A,SUV,56000,N/A,Xe cũ,Điện
16/10/2025,2010,Jaguar XJ series XJL 5.0 Supercharged,Nhập khẩu,TP HCM,Sedan,0,N/A,Xe cũ,Xăng
16/10/2025,2012,Porsche Cayenne 3.6 V6,Nhập khẩu,Hà Nội,SUV,100000,N/A,Xe cũ,Xăng
16/10/2025,2025,Hyundai Creta N Line 1.5 AT,Lắp ráp trong nước,TP HCM,SUV,N/A,N/A,Xe mới,Xăng
16/10/2025,2025,Toyota Vios G 1.5 CVT,Lắp ráp trong nước,TP,Sedan,N/A,N/A,Xe mới,Xăng
16/10/2025,2024,Ford Explorer Limited 2.3L EcoBoost,Nhập khẩu,TP HCM,SUV,N/A,N/A,Xe mới,Xăng
16/10/2025,2012,Honda CRV 2.4 AT,Lắp ráp trong nước,Hà Nội,SUV,100000,N/A,Xe cũ,Xăng
16/10/2025,2018,Mercedes Benz E class E200,Lắp ráp trong nước,TP HCM,Sedan,55000,N/A,Xe cũ,Xăng
16/10/2025,2020,Bentley Bentayga 4.0 V8,Nhập khẩu,Hà Nội,SUV,1300,N/A,Xe cũ,Xăng
16/10/2025,2014,Audi A7 3.0 TFSI,Nhập khẩu,Hà Nội,Sedan,138000,N/A,Xe cũ,Xăng
16/10/2025,2022,Lexus ES 250,Nhập khẩu,Hà Nội,Sedan,59000,N/A,Xe cũ,Xăng
16/10/2025,2008,Toyota Highlander 3.5,Nhập khẩu,Hà Nội,SUV,193000,N/A,Xe cũ,Xăng
16/10/2025,2019,Mercedes Benz C class C200,Lắp ráp trong nước,TP HCM,Sedan,50000,N/A,Xe cũ,Xăng
16/10/2025,2024,Mercedes Benz C class C63 S E Performance AMG 4Matic,Nhập khẩu,TP HCM,Sedan,0,N/A,Xe cũ,Xăng
16/10/2025,2022,Lexus RX 300,Nhập khẩu,Hà Nội,SUV,22000,N/A,Xe cũ,Xăng
16/10/2025,2025,Ford Everest Titanium 2.0L 4x2 AT,Nhập khẩu,Hà Nội,SUV,N/A,N/A,Xe mới,Dầu
16/10/2025,2021,Porsche Macan 2.0,Nhập khẩu,TP HCM,SUV,45000,N/A,Xe cũ,Xăng
16/10/2025,2021,Ford Ranger Limited 2.0L 4x4 AT,Lắp ráp trong nước,N/A,Bán tải / Pickup,66000,N/A,Xe cũ,Dầu
16/10/2025,2018,Chevrolet Colorado LTZ 2.8L 4x4 AT,Nhập khẩu,Hà Nội,Bán tải / Pickup,120000,N/A,Xe cũ,Dầu
16/10/2025,2013,Kia Carens EXMT,Lắp ráp trong nước,N/A,Crossover,0,N/A,Xe cũ,Xăng
16/10/2025,2020,Porsche Macan 2.0,Nhập khẩu,TP HCM,SUV,0,N/A,Xe cũ,Xăng
16/10/2025,2022,Hyundai Accent 1.4 AT,Lắp ráp trong nước,Hà Nội,Sedan,13000,N/A,Xe cũ,Xăng
16/10/2025,2018,Mercedes Benz S class S450L,Lắp ráp trong nước,TP HCM,Sedan,0,N/A,Xe cũ,Xăng
16/10/2025,2021,Porsche Macan 2.0,Nhập khẩu,TP HCM,SUV,55000,N/A,Xe cũ,Xăng
16/10/2025,2019,Mercedes Benz E class E300 AMG,Lắp ráp trong nước,TP HCM,Sedan,0,N/A,Xe cũ,Xăng
16/10/2025,2016,Mercedes Benz E class E200,Lắp ráp trong nước,TP HCM,Sedan,80000,N/A,Xe cũ,Xăng
16/10/2025,2025,VinFast VF3 Plus,Lắp ráp trong nước,N/A,Hatchback,N/A,N/A,Xe mới,Điện
16/10/2025,2024,Volvo S90 LWB Ultimate Recharge T8 AWD,Nhập khẩu,TP HCM,Sedan,3500,N/A,Xe cũ,Hybrid
16/10/2025,2024,Volkswagen Teramont President 2.0 AT,Nhập khẩu,Hà Nội,SUV,N/A,N/A,Xe mới,Xăng
16/10/2025,2019,Mercedes Benz E class E200 Sport,Lắp ráp trong nước,TP HCM,Sedan,41000,N/A,Xe cũ,Xăng
16/10/2025,2017,Mercedes Benz S class Maybach S450,Nhập khẩu,TP HCM,Sedan,66000,N/A,Xe cũ,Xăng
16/10/2025,2021,Mercedes Benz GLC 300 4Matic,Lắp ráp trong nước,TP HCM,SUV,50000,N/A,Xe cũ,Xăng
16/10/2025,2019,Mercedes Benz E class E200 Sport,Lắp ráp trong nước,TP HCM,Sedan,68000,N/A,Xe cũ,Xăng
16/10/2025,2013,LandRover Range Rover Autobiography 5.0,Nhập khẩu,Hà Nội,SUV,90000,N/A,Xe cũ,Xăng
16/10/2025,2020,Ford Ranger Wildtrak 2.0L 4x4 AT,Nhập khẩu,N/A,Bán tải / Pickup,100000,N/A,Xe cũ,Dầu
16/10/2025,2025,MG HS 1.5T DEL,Nhập khẩu,N/A,Crossover,N/A,N/A,Xe mới,Xăng
16/10/2025,2024,Lexus LM 500h,Nhập khẩu,Hà Nội,Van/Minivan,11000,N/A,Xe cũ,Hybrid
16/10/2025,2017,Porsche Macan 2.0,Nhập khẩu,Hà Nội,SUV,79000,N/A,Xe cũ,Xăng
16/10/2025,2025,Toyota Yaris Cross 1.5 D-CVT,Nhập khẩu,TP HCM,SUV,N/A,N/A,Xe mới,Xăng
16/10/2025,2021,Jeep Wrangler Sport 2.0 4x4 AT,Nhập khẩu,Hà Nội,SUV,48000,N/A,Xe cũ,Xăng
16/10/2025,2019,Hyundai Kona 2.0 AT,Lắp ráp trong nước,N/A,Crossover,80000,N/A,Xe cũ,Xăng
16/10/2025,2021,Toyota Corolla Cross 1.8G,Nhập khẩu,Hà Nội,SUV,29000,N/A,Xe cũ,Xăng
16/10/2025,2024,Mercedes Benz GLC 300 4Matic,Lắp ráp trong nước,N/A,SUV,15000,N/A,Xe cũ,Hybrid
16/10/2025,2017,Mercedes Benz C class C300 AMG,Lắp ráp trong nước,Hà Nội,Sedan,96000,N/A,Xe cũ,Xăng
16/10/2025,2020,Mercedes Benz S class S450L,Lắp ráp trong nước,TP HCM,Sedan,70000,N/A,Xe cũ,Xăng
16/10/2025,2021,Mitsubishi Xpander Cross 1.5 AT,Nhập khẩu,TP HCM,SUV,48000,N/A,Xe cũ,Xăng
16/10/2025,2016,Mazda 6 2.5 AT,Lắp ráp trong nước,Hà Nội,Sedan,0,N/A,Xe cũ,Xăng
16/10/2025,2019,Lexus RX 350 F Sport,Nhập khẩu,Hà Nội,SUV,98000,N/A,Xe cũ,Xăng
16/10/2025,2010,Honda Pilot 3.5 V6 AWD,Nhập khẩu,Hà Nội,SUV,110000,N/A,Xe cũ,Xăng
16/10/2025,2020,VinFast Lux A 2.0 Premium 2.0 AT,Lắp ráp trong nước,Hà Nội,Sedan,50000,N/A,Xe cũ,Xăng
16/10/2025,2020,Mercedes Benz GLC 300 4Matic,Lắp ráp trong nước,TP HCM,SUV,9000,N/A,Xe cũ,Xăng
16/10/2025,2022,VinFast Lux A 2.0 Tiêu chuẩn,Lắp ráp trong nước,N/A,Sedan,25000,N/A,Xe cũ,Xăng
16/10/2025,2016,Mazda 3 1.5 AT,Lắp ráp trong nước,N/A,Sedan,0,N/A,Xe cũ,Xăng
16/10/2025,2022,VinFast VF e34 AT,Lắp ráp trong nước,TP HCM,Crossover,56000,N/A,Xe cũ,Điện
16/10/2025,2017,Toyota Fortuner 2.7V 4x2 AT,Nhập khẩu,Hà Nội,SUV,130000,N/A,Xe cũ,Xăng
16/10/2025,2018,Kia Cerato 1.6 AT,Lắp ráp trong nước,Hà Nội,Sedan,62000,N/A,Xe cũ,Xăng
16/10/2025,2019,Toyota Fortuner 2.4G 4x2 MT,Nhập khẩu,Hà Nội,SUV,98369,N/A,Xe cũ,Dầu
16/10/2025,2020,Mercedes Benz S class S450L,Lắp ráp trong nước,N/A,Sedan,50000,N/A,Xe cũ,Xăng
16/10/2025,2022,Toyota Innova G 2.0 AT,Lắp ráp trong nước,TP HCM,Crossover,47000,N/A,Xe cũ,Xăng
16/10/2025,2024,Ford Everest Platinum 2.0L 4x4 AT,Nhập khẩu,Hà Nội,SUV,0,N/A,Xe cũ,Dầu
16/10/2025,2021,Lexus ES 250 F Sport,Nhập khẩu,Hà Nội,Sedan,26789,N/A,Xe cũ,Xăng
16/10/2025,2023,Mercedes Benz E class E180,Lắp ráp trong nước,N/A,Sedan,N/A,N/A,Xe mới,Xăng
16/10/2025,2021,Mitsubishi Xpander Cross 1.5 AT,Nhập khẩu,TP HCM,SUV,48000,N/A,Xe cũ,Xăng
16/10/2025,2021,Mercedes Benz GLC 200 4Matic,Lắp ráp trong nước,Hà Nội,SUV,70000,N/A,Xe cũ,Xăng
16/10/2025,2021,Mercedes Benz S class S450L Luxury,Lắp ráp trong nước,Hà Nội,Sedan,40000,N/A,Xe cũ,Xăng
16/10/2025,2022,Toyota Corolla altis 1.8V,Nhập khẩu,N/A,Sedan,100000,N/A,Xe cũ,Xăng
16/10/2025,2025,Ford Territory Titanium X 1.5 AT,Lắp ráp trong nước,Hà Nội,SUV,N/A,N/A,Xe mới,Xăng
16/10/2025,2015,Toyota Innova 2.0G,Lắp ráp trong nước,TP,Crossover,110000,N/A,Xe cũ,Xăng
16/10/2025,2009,Honda Civic 1.8 AT,Lắp ráp trong nước,Hà Nội,Sedan,88000,N/A,Xe cũ,Xăng
16/10/2025,2022,Mazda CX8 Luxury,Lắp ráp trong nước,TP HCM,SUV,38000,N/A,Xe cũ,Xăng
16/10/2025,2022,VinFast Lux A 2.0 Tiêu chuẩn,Lắp ráp trong nước,N/A,Sedan,25000,N/A,Xe cũ,Xăng
16/10/2025,2016,Mazda 3 1.5 AT,Lắp ráp trong nước,N/A,Sedan,0,N/A,Xe cũ,Xăng
16/10/2025,2025,Honda City L 1.5 AT,Lắp ráp trong nước,N/A,Sedan,N/A,N/A,Xe mới,Xăng
16/10/2025,2023,Mercedes Benz GLC 200 4Matic,Lắp ráp trong nước,Hà Nội,SUV,21000,N/A,Xe cũ,Xăng
16/10/2025,2021,BMW X5 xDrive40i xLine Plus,Nhập khẩu,Hà Nội,SUV,0,N/A,Xe cũ,Xăng
16/10/2025,2019,Kia Cerato 2.0 AT Premium,Lắp ráp trong nước,TP,Sedan,30000,N/A,Xe cũ,Xăng
16/10/2025,2023,VinFast VF8 Eco AWD,Lắp ráp trong nước,N/A,SUV,N/A,N/A,Xe mới,Điện
16/10/2025,2019,Suzuki Swift GLX 1.2 AT,Nhập khẩu,Hà Nội,Hatchback,16000,N/A,Xe cũ,Xăng
16/10/2025,2016,Nissan X trail 2.0 SL 2WD,Lắp ráp trong nước,Hà Nội,SUV,10000,N/A,Xe cũ,Xăng
16/10/2025,2025,Ford Everest Titanium 2.0L 4x2 AT,Nhập khẩu,Hà Nội,SUV,3900,N/A,Xe cũ,Dầu
16/10/2025,2025,VinFast VF3 Plus,Lắp ráp trong nước,TP HCM,Hatchback,N/A,N/A,Xe mới,Điện
16/10/2025,2023,Kia Sonet Premium 1.5 AT,Lắp ráp trong nước,TP HCM,Crossover,32900,N/A,Xe cũ,Xăng
16/10/2025,2020,Toyota Camry 2.0G,Nhập khẩu,N/A,Sedan,0,N/A,Xe cũ,Xăng
16/10/2025,2025,Kia Carnival Signature 2.2D,Lắp ráp trong nước,TP HCM,Van/Minivan,N/A,N/A,Xe mới,Dầu
16/10/2025,2016,Mercedes Benz C class C250 Exclusive,Lắp ráp trong nước,Hà Nội,Sedan,63000,N/A,Xe cũ,Xăng
16/10/2025,2015,Toyota Innova 2.0G,Lắp ráp trong nước,TP,Crossover,110000,N/A,Xe cũ,Xăng
16/10/2025,2024,Hyundai Creta Đặc biệt 1.5 AT,Lắp ráp trong nước,TP HCM,SUV,2847,N/A,Xe cũ,Xăng
16/10/2025,2020,VinFast Fadil 1.4 AT Plus,Lắp ráp trong nước,Hà Nội,Hatchback,59000,N/A,Xe cũ,Xăng
16/10/2025,2022,Mercedes Benz GLS 450 4Matic,Nhập khẩu,Hà Nội,SUV,40000,N/A,Xe cũ,Xăng
16/10/2025,2010,Kia Morning SLX 1.0 AT,Nhập khẩu,Hà Nội,Hatchback,140000,N/A,Xe cũ,Xăng
16/10/2025,2025,Toyota Yaris Cross HEV 1.5 CVT,Nhập khẩu,Hà Nội,SUV,N/A,N/A,Xe mới,Hybrid
16/10/2025,2021,Toyota Corolla Cross 1.8V,Nhập khẩu,Hà Nội,SUV,42000,N/A,Xe cũ,Xăng
16/10/2025,2021,BMW X5 xDrive40i xLine Plus,Nhập khẩu,Hà Nội,SUV,0,N/A,Xe cũ,Xăng
16/10/2025,2025,Mitsubishi Xpander Cross 1.5 AT,Nhập khẩu,TP HCM,SUV,21000,N/A,Xe cũ,Xăng
16/10/2025,2014,Ford Ranger Wildtrak 3.2L 4x4 AT,Nhập khẩu,Bến xe cũ thành phố,Bán tải / Pickup,100000,N/A,Xe cũ,Dầu
16/10/2025,2019,Toyota Prado VX 2.7L,Nhập khẩu,Hà Nội,SUV,135000,N/A,Xe cũ,Xăng
16/10/2025,2025,Lexus LX 600 Urban,Nhập khẩu,Hà Nội,SUV,N/A,N/A,Xe mới,Xăng
16/10/2025,2025,Ford Everest Titanium 2.0L 4x2 AT,Nhập khẩu,Hà Nội,SUV,3900,N/A,Xe cũ,Dầu
16/10/2025,2025,Ford Transit Premium,Lắp ráp trong nước,TP HCM,Van/Minivan,N/A,N/A,Xe mới,Dầu
16/10/2025,2025,Ford Territory Titanium X 1.5 AT,Lắp ráp trong nước,N/A,SUV,N/A,N/A,Xe mới,Xăng
16/10/2025,2024,Mercedes Benz EQE 500 4Matic,Nhập khẩu,Hà Nội,SUV,N/A,N/A,Xe mới,Điện
16/10/2025,2022,Kia K3 Premium 2.0 AT,Lắp ráp trong nước,N/A,Sedan,40,N/A,Xe cũ,Xăng
16/10/2025,2025,Toyota Land Cruiser 3.5 V6,Nhập khẩu,Hà Nội,SUV,N/A,N/A,Xe mới,Xăng
16/10/2025,2024,Peugeot 408 GT 1.6 AT,Lắp ráp trong nước,TP,Crossover,5000,N/A,Xe cũ,Xăng
16/10/2025,2025,VinFast VF3 Plus,Lắp ráp trong nước,Hà Nội,Hatchback,N/A,N/A,Xe mới,Điện
16/10/2025,2014,Kia Sportage 2.0 AT,Nhập khẩu,Hà Nội,Crossover,100000,N/A,Xe cũ,Xăng
16/10/2025,2017,Kia Sorento DATH,Lắp ráp trong nước,Hà Nội,SUV,91000,N/A,Xe cũ,Dầu
16/10/2025,2019,Mitsubishi Xpander 1.5 AT,Nhập khẩu,TP HCM,SUV,20000,N/A,Xe cũ,Xăng
16/10/2025,2025,Kia Sportage Signature 2.0G,Lắp ráp trong nước,Hà Nội,Crossover,6000,N/A,Xe cũ,Xăng
16/10/2025,2014,Honda CRV 2.0 AT,Lắp ráp trong nước,Hà Nội,SUV,120000,N/A,Xe cũ,Xăng
16/10/2025,2021,MG ZS Luxury 1.5 AT 2WD,Nhập khẩu,N/A,Crossover,60000,N/A,Xe cũ,Xăng
16/10/2025,2019,VinFast Lux A 2.0 Base 2.0 AT,Lắp ráp trong nước,Hà Nội,Sedan,90000,N/A,Xe cũ,Xăng
16/10/2025,2025,VinFast VF5 Plus,Lắp ráp trong nước,TP HCM,SUV,N/A,N/A,Xe mới,Điện
16/10/2025,2022,Hyundai SantaFe Cao cấp 2.2L HTRAC,Lắp ráp trong nước,Hà Nội,SUV,87000,N/A,Xe cũ,Dầu
16/10/2025,2016,BMW 2 Series 218i Gran Tourer,Nhập khẩu,TP HCM,Crossover,70000,N/A,Xe cũ,Xăng
16/10/2025,2022,Kia Carens 1.5D Premium,Lắp ráp trong nước,Hà Nội,SUV,50000,N/A,Xe cũ,Dầu
16/10/2025,2019,Toyota Prado VX 2.7L,Nhập khẩu,Hà Nội,SUV,135000,N/A,Xe cũ,Xăng
16/10/2025,2022,Toyota Innova G 2.0 AT,Lắp ráp trong nước,Hà Nội,Crossover,85000,N/A,Xe cũ,Xăng
16/10/2025,2025,Ford Everest Sport 2.0L 4x2 AT,Nhập khẩu,N/A,SUV,N/A,N/A,Xe mới,Dầu
16/10/2025,2017,Ford Ranger Wildtrak 3.2L 4x4 AT,Nhập khẩu,Hà Nội,Bán tải / Pickup,90000,N/A,Xe cũ,Dầu
16/10/2025,2016,Lexus LX 570,Nhập khẩu,Hà Nội,SUV,21000,N/A,Xe cũ,Xăng
16/10/2025,2021,Lexus RX 300,Nhập khẩu,Hà Nội,SUV,40000,N/A,Xe cũ,Xăng
16/10/2025,2020,Toyota Corolla Cross 1.8V,Nhập khẩu,Hà Nội,SUV,62000,N/A,Xe cũ,Xăng
16/10/2025,2022,VinFast Lux A 2.0 Tiêu chuẩn,Lắp ráp trong nước,Hà Nội,Sedan,50000,N/A,Xe cũ,Xăng
16/10/2025,2022,Kia K3 Premium 2.0 AT,Lắp ráp trong nước,N/A,Sedan,40,N/A,Xe cũ,Xăng
16/10/2025,2024,Audi Q5 45 TFSI Quattro,Nhập khẩu,TP HCM,SUV,N/A,N/A,Xe mới,Xăng
16/10/2025,2008,Mercedes Benz C class C200 Elegance,Lắp ráp trong nước,TP HCM,Sedan,87975,N/A,Xe cũ,Xăng
16/10/2025,1989,Toyota Land Cruiser BJ70 4.0 MT Trước 1990,Nhập khẩu,TP HCM,SUV,0,N/A,Xe cũ,Xăng
16/10/2025,2020,Mercedes Benz GLE Class GLE 450 4Matic,Nhập khẩu,TP HCM,SUV,60000,N/A,Xe cũ,Hybrid
16/10/2025,2025,Toyota Wigo G 1.2 AT,Nhập khẩu,TP HCM,Hatchback,N/A,N/A,Xe mới,Xăng
16/10/2025,2021,Kia Morning X-Line,Lắp ráp trong nước,TP HCM,Hatchback,59000,N/A,Xe cũ,Xăng
16/10/2025,2016,Toyota Fortuner TRD Sportivo 4x2 AT,Lắp ráp trong nước,Hà Nội,SUV,100000,N/A,Xe cũ,Xăng
16/10/2025,2018,BMW 7 Series 730Li,Nhập khẩu,Hà Nội,Sedan,0,N/A,Xe cũ,Xăng
16/10/2025,2022,Hyundai SantaFe Cao cấp 2.2L HTRAC,Lắp ráp trong nước,Hà Nội,SUV,87000,N/A,Xe cũ,Dầu
16/10/2025,2022,Kia Carens 1.5D Premium,Lắp ráp trong nước,Hà Nội,SUV,50000,N/A,Xe cũ,Dầu
16/10/2025,2015,Toyota Innova 2.0E,Lắp ráp trong nước,TP HCM,Crossover,63000,N/A,Xe cũ,Xăng
16/10/2025,2025,Ford Everest Sport 2.0L 4x2 AT,Nhập khẩu,N/A,SUV,N/A,N/A,Xe mới,Dầu
16/10/2025,2018,Toyota Vios 1.5G,Lắp ráp trong nước,N/A,Sedan,150000,N/A,Xe cũ,Xăng
16/10/2025,2017,Ford Ranger Wildtrak 3.2L 4x4 AT,Nhập khẩu,Hà Nội,Bán tải / Pickup,90000,N/A,Xe cũ,Dầu
16/10/2025,2013,Kia Picanto S 1.25 AT,Lắp ráp trong nước,N/A,Hatchback,0,N/A,Xe cũ,Xăng
16/10/2025,2018,Mercedes Benz C class C200 Exclusive,Lắp ráp trong nước,TP HCM,Sedan,62000,N/A,Xe cũ,Hybrid
16/10/2025,2021,Lexus RX 300,Nhập khẩu,Hà Nội,SUV,40000,N/A,Xe cũ,Xăng
16/10/2025,2024,Audi Q5 45 TFSI Quattro,Nhập khẩu,TP HCM,SUV,N/A,N/A,Xe mới,Xăng
16/10/2025,2017,Toyota Innova 2.0E,Lắp ráp trong nước,N/A,Crossover,0,N/A,Xe cũ,Xăng
16/10/2025,2008,Mercedes Benz C class C200 Elegance,Lắp ráp trong nước,TP HCM,Sedan,87975,N/A,Xe cũ,Xăng
16/10/2025,1989,Toyota Land Cruiser BJ70 4.0 MT Trước 1990,Nhập khẩu,TP HCM,SUV,0,N/A,Xe cũ,Xăng
16/10/2025,2019,Isuzu MU-X 1.9 4X2 AT,Nhập khẩu,N/A,SUV,40000,N/A,Xe cũ,Dầu
16/10/2025,2020,Mercedes Benz GLE Class GLE 450 4Matic,Nhập khẩu,TP HCM,SUV,60000,N/A,Xe cũ,Hybrid
16/10/2025,2011,Toyota Innova G,Lắp ráp trong nước,TP HCM,Crossover,175000,N/A,Xe cũ,Xăng
16/10/2025,2010,Toyota Fortuner 2.5G,Lắp ráp trong nước,Hà Nội,SUV,0,N/A,Xe cũ,Dầu
16/10/2025,2021,Kia Morning X-Line,Lắp ráp trong nước,TP HCM,Hatchback,59000,N/A,Xe cũ,Xăng
16/10/2025,2018,BMW 7 Series 730Li,Nhập khẩu,Hà Nội,Sedan,0,N/A,Xe cũ,Xăng
16/10/2025,2016,Mercedes Benz C class C250 Exclusive,Lắp ráp trong nước,Hà Nội,Sedan,113000,N/A,Xe cũ,Xăng
16/10/2025,2021,Mitsubishi Xpander 1.5 AT,Nhập khẩu,N/A,SUV,39000,N/A,Xe cũ,Xăng
16/10/2025,2022,Mercedes Benz GLA class GLA 45 S AMG 4Matic,Nhập khẩu,TP HCM,SUV,50000,N/A,Xe cũ,Xăng
16/10/2025,2018,Mazda 3 1.5 AT,Lắp ráp trong nước,Hà Nội,Hatchback,0,N/A,Xe cũ,Xăng
16/10/2025,2011,Hyundai Elantra 1.6 MT,Lắp ráp trong nước,N/A,Sedan,100000,N/A,Xe cũ,Xăng
16/10/2025,2023,VinFast VF8 Plus AWD,Lắp ráp trong nước,Hà Nội,SUV,52000,N/A,Xe cũ,Điện
16/10/2025,2013,Kia Picanto S 1.25 AT,Lắp ráp trong nước,N/A,Hatchback,0,N/A,Xe cũ,Xăng
16/10/2025,2015,Kia Rio 1.4 AT,Nhập khẩu,Hà Nội,Sedan,120,N/A,Xe cũ,Xăng
16/10/2025,2020,Ford Ranger XLS 2.2L 4x2 AT,Nhập khẩu,Hà Nội,Bán tải / Pickup,19000,N/A,Xe cũ,Dầu
16/10/2025,2025,Mini Countryman S ALL4,Nhập khẩu,Hà Nội,SUV,0,N/A,Xe cũ,Xăng
16/10/2025,2025,VinFast VF3 Plus,Lắp ráp trong nước,Hà Nội,Hatchback,N/A,N/A,Xe mới,Điện
16/10/2025,2020,BMW 7 Series 740Li,Nhập khẩu,TP HCM,Sedan,19000,N/A,Xe cũ,Xăng
16/10/2025,2020,Mercedes Benz GLC 200 4Matic,Lắp ráp trong nước,Hà Nội,SUV,64373,N/A,Xe cũ,Xăng
16/10/2025,2016,Lexus RX 350,Nhập khẩu,Hà Nội,SUV,86000,N/A,Xe cũ,Xăng
16/10/2025,2025,Kia Seltos Deluxe 1.5 AT,Lắp ráp trong nước,TP HCM,Crossover,N/A,N/A,Xe mới,Xăng
16/10/2025,2022,MG 5 Luxury 1.5 AT,Nhập khẩu,TP HCM,Sedan,39000,N/A,Xe cũ,Xăng
16/10/2025,2019,VinFast Lux SA 2.0 Premium 2.0 AT,Lắp ráp trong nước,N/A,SUV,74000,N/A,Xe cũ,Xăng
16/10/2025,2023,Mazda 3 1.5L Deluxe,Lắp ráp trong nước,N/A,Sedan,30000,N/A,Xe cũ,Xăng
16/10/2025,2025,Toyota Hilux 2.4L 4x2 AT,Nhập khẩu,N/A,Bán tải / Pickup,N/A,N/A,Xe mới,Dầu
16/10/2025,2018,Mazda CX5 2.5 AT 2WD,Lắp ráp trong nước,N/A,SUV,72000,N/A,Xe cũ,Xăng
16/10/2025,2022,Kia Sonet Luxury 1.5 AT,Lắp ráp trong nước,TP HCM,Crossover,21000,N/A,Xe cũ,Xăng
16/10/2025,2025,Lexus RX 350 Premium,Nhập khẩu,Hà Nội,SUV,N/A,N/A,Xe mới,Xăng
16/10/2025,2025,Mitsubishi Xforce Premium,Nhập khẩu,Hà Nội,SUV,N/A,N/A,Xe mới,Xăng
16/10/2025,2025,Mitsubishi Attrage 1.2 MT,Nhập khẩu,TP HCM,Sedan,N/A,N/A,Xe mới,Xăng
16/10/2025,2021,Mazda 2 1.5 AT,Nhập khẩu,N/A,Sedan,0,N/A,Xe cũ,Xăng
16/10/2025,2023,BMW 5 Series 520i,Lắp ráp trong nước,TP HCM,Sedan,N/A,N/A,Xe mới,Xăng
16/10/2025,2025,Mercedes Benz GLC 300 4Matic,Lắp ráp trong nước,TP HCM,SUV,N/A,N/A,Xe mới,Xăng
16/10/2025,2025,Mitsubishi Xpander Premium 1.5 AT,Nhập khẩu,TP HCM,SUV,N/A,N/A,Xe mới,Xăng
16/10/2025,2025,Toyota Prado LC250 2.4L,Nhập khẩu,Hà Nội,SUV,N/A,N/A,Xe mới,Xăng
16/10/2025,2017,Toyota Vios 1.5G,Lắp ráp trong nước,Hà Nội,Sedan,94536,N/A,Xe cũ,Xăng
16/10/2025,2025,Ford Everest Titanium Plus 2.0L 4x4 AT,Nhập khẩu,TP HCM,SUV,N/A,N/A,Xe mới,Dầu
16/10/2025,2022,Mercedes Benz GLE Class GLE 53 4Matic+ Coupe AMG,Nhập khẩu,Hà Nội,SUV,20,N/A,Xe cũ,Xăng
16/10/2025,2025,Ford Everest Titanium 2.0L 4x2 AT,Nhập khẩu,Hà Nội,SUV,N/A,N/A,Xe mới,Dầu
16/10/2025,2015,Renault Megane 1.6 AT,Nhập khẩu,Hà Nội,Hatchback,80000,N/A,Xe cũ,Xăng
16/10/2025,2019,VinFast Lux SA 2.0 Premium 2.0 AT,Lắp ráp trong nước,N/A,SUV,74000,N/A,Xe cũ,Xăng
16/10/2025,2025,Mercedes Benz GLC 300 4Matic,Lắp ráp trong nước,Hà Nội,SUV,N/A,N/A,Xe mới,Hybrid
16/10/2025,2012,Toyota Corolla altis 1.8G AT,Lắp ráp trong nước,N/A,Sedan,125000,N/A,Xe cũ,Xăng
16/10/2025,2025,Toyota Land Cruiser 3.5 V6,Nhập khẩu,Hà Nội,SUV,N/A,N/A,Xe mới,Xăng
16/10/2025,2023,Mitsubishi Attrage 1.2 CVT,Nhập khẩu,TP HCM,Sedan,33000,N/A,Xe cũ,Xăng
16/10/2025,2021,Mercedes Benz GLC 300 4Matic,Lắp ráp trong nước,N/A,SUV,40000,N/A,Xe cũ,Xăng
16/10/2025,2022,Kia Carnival Signature 3.5G,Lắp ráp trong nước,TP HCM,Van/Minivan,35000,N/A,Xe cũ,Xăng
16/10/2025,2025,Hyundai Palisade Prestige 2.2 AT HTRAC,Lắp ráp trong nước,TP HCM,SUV,N/A,N/A,Xe mới,Dầu
16/10/2025,2025,Ford Everest Titanium 2.0L 4x2 AT,Nhập khẩu,TP HCM,SUV,N/A,N/A,Xe mới,Dầu
16/10/2025,2020,Kia Cerato 1.6 AT Luxury,Lắp ráp trong nước,Hà Nội,Sedan,76000,N/A,Xe cũ,Xăng
16/10/2025,2025,Toyota Prado LC250 2.4L,Nhập khẩu,N/A,SUV,N/A,N/A,Xe mới,Xăng
16/10/2025,2025,Toyota Alphard HEV 2.5 AT,Nhập khẩu,TP HCM,Van/Minivan,N/A,N/A,Xe mới,Hybrid
16/10/2025,2024,Hyundai SantaFe Prestige 2.5L HTRAC,Lắp ráp trong nước,Hà Nội,SUV,22000,N/A,Xe cũ,Xăng
16/10/2025,2020,Mazda 3 1.5L Premium,Lắp ráp trong nước,Hà Nội,Sedan,76000,N/A,Xe cũ,Xăng
16/10/2025,2017,Toyota Vios 1.5G,Lắp ráp trong nước,Hà Nội,Sedan,94536,N/A,Xe cũ,Xăng
16/10/2025,2025,Lexus LX 600 Vip,Nhập khẩu,Hà Nội,SUV,N/A,N/A,Xe mới,Xăng
16/10/2025,2025,Ford Transit Trend,Lắp ráp trong nước,Hà Nội,Van/Minivan,N/A,N/A,Xe mới,Dầu
16/10/2025,2025,Ford Everest Sport 2.0L 4x2 AT,Nhập khẩu,TP,SUV,N/A,N/A,Xe mới,Dầu
16/10/2025,2022,Honda City RS 1.5 AT,Lắp ráp trong nước,Hà Nội,Sedan,63000,N/A,Xe cũ,Xăng
16/10/2025,2022,Kia Carnival Luxury 2.2D,Lắp ráp trong nước,Hà Nội,Van/Minivan,45000,N/A,Xe cũ,Dầu
16/10/2025,2024,Audi Q5 45 TFSI Quattro,Nhập khẩu,TP HCM,SUV,N/A,N/A,Xe mới,Xăng
16/10/2025,2025,Toyota Corolla Cross 1.8V,Nhập khẩu,Hà Nội,SUV,N/A,N/A,Xe mới,Xăng
16/10/2025,1995,Toyota Crown Royal Saloon 3.0 AT 1995,Nhập khẩu,TP HCM,Sedan,204000,N/A,Xe cũ,Xăng
16/10/2025,2022,BMW 3 Series 320i Sport Line,Lắp ráp trong nước,TP HCM,Sedan,42000,N/A,Xe cũ,Xăng
16/10/2025,2016,BMW 5 Series 520i,Nhập khẩu,TP HCM,Sedan,41000,N/A,Xe cũ,Xăng
16/10/2025,2025,Kia Sonet Premium 1.5 AT,Lắp ráp trong nước,Hà Nội,SUV,2888,N/A,Xe cũ,Xăng
16/10/2025,2015,BMW 7 Series 730Li,Nhập khẩu,TP HCM,Sedan,66000,N/A,Xe cũ,Xăng
16/10/2025,2022,Mazda CX5 Luxury 2.0 AT,Lắp ráp trong nước,Hà Nội,SUV,41000,N/A,Xe cũ,Xăng
16/10/2025,2020,Toyota Rush 1.5S AT,Nhập khẩu,TP,SUV,46000,N/A,Xe cũ,Xăng
16/10/2025,2025,Ford Everest Titanium Plus 2.0L 4x4 AT,Nhập khẩu,Hà Nội,SUV,N/A,N/A,Xe mới,Dầu
16/10/2025,2025,Mitsubishi Xpander Premium 1.5 AT,Nhập khẩu,Hà Nội,SUV,N/A,N/A,Xe mới,Xăng
16/10/2025,2022,Toyota Veloz Cross Top 1.5 CVT,Nhập khẩu,Hà Nội,SUV,33000,N/A,Xe cũ,Xăng
16/10/2025,2024,Ford Ranger Wildtrak 2.0L 4x4 AT,Lắp ráp trong nước,TP HCM,Bán tải / Pickup,20000,N/A,Xe cũ,Dầu
16/10/2025,2017,Hyundai Grand Starex 2.5 MT,Nhập khẩu,Hà Nội,Van/Minivan,130000,N/A,Xe cũ,Dầu
16/10/2025,2022,Mercedes Benz GLC 200 4Matic,Lắp ráp trong nước,TP HCM,SUV,0,N/A,Xe cũ,Xăng
16/10/2025,2019,Mazda CX5 2.5 Signature Premium 2WD,Lắp ráp trong nước,Hà Nội,SUV,58000,N/A,Xe cũ,Xăng
16/10/2025,2024,Toyota Veloz Cross Top 1.5 CVT,Lắp ráp trong nước,Đà Nẵng,SUV,30000,N/A,Xe cũ,Xăng
16/10/2025,2016,Mazda 2 1.5 AT,Lắp ráp trong nước,N/A,Sedan,0,N/A,Xe cũ,Xăng
16/10/2025,2024,Mercedes Benz V class V250 AMG,Nhập khẩu,Hà Nội,Van/Minivan,N/A,N/A,Xe mới,Xăng
16/10/2025,2019,Suzuki Swift GLX 1.2 AT,Nhập khẩu,Hà Nội,Hatchback,50000,N/A,Xe cũ,Xăng
16/10/2025,2021,Kia Soluto 1.4 AT Deluxe,Lắp ráp trong nước,Hà Nội,Sedan,35000,N/A,Xe cũ,Xăng
16/10/2025,2023,Toyota Raize G 1.0 CVT,Nhập khẩu,Hà Nội,SUV,0,N/A,Xe cũ,Xăng
16/10/2025,2021,LandRover Range Rover Sport HSE 2.0 Si4,Nhập khẩu,TP HCM,SUV,N/A,N/A,Xe mới,Xăng
16/10/2025,2016,Toyota Yaris 1.3G,Nhập khẩu,Hà Nội,Hatchback,80000,N/A,Xe cũ,Xăng
16/10/2025,2018,Suzuki Super Carry Van Blind Van,Lắp ráp trong nước,Hà Nội,Van/Minivan,0,N/A,Xe cũ,Xăng
